suite,query_name,outcome,n_successful_timed_runs,instance_weight,median_ms,min_ms,max_ms,iqr_ms
prodds,query_1,complete,10,1,26.166,23.522,27.841,1.763
prodds,query_10,complete,10,1,322.390,307.301,344.676,12.189
prodds,query_11,complete,10,1,50.763,49.158,59.689,5.520
prodds,query_12,complete,10,1,80.948,77.008,88.485,4.489
prodds,query_13,complete,10,1,46.414,44.313,49.059,2.043
prodds,query_14,complete,10,1,54.259,50.043,62.278,5.382
prodds,query_15,complete,10,1,51.223,47.023,59.576,1.983
prodds,query_16,complete,10,1,281.340,248.112,347.719,39.445
prodds,query_17,complete,10,1,43.459,38.159,67.788,4.477
prodds,query_18,complete,10,1,102.558,88.165,109.960,4.442
prodds,query_19,complete,10,1,130.915,122.609,139.431,13.725
prodds,query_2,complete,10,1,110.102,101.734,131.006,9.672
prodds,query_20,complete,10,1,245.157,236.575,267.223,11.192
prodds,query_21,complete,10,1,705.427,672.476,811.938,28.004
prodds,query_22,complete,10,1,95.262,78.739,142.859,24.949
prodds,query_23,complete,10,1,203.478,195.441,246.633,7.183
prodds,query_24,complete,10,1,60.710,54.724,63.325,6.144
prodds,query_25,complete,10,1,37.967,34.721,40.439,2.980
prodds,query_26,complete,10,1,179.703,170.194,188.660,10.025
prodds,query_27,complete,10,1,89.653,82.236,110.897,3.124
prodds,query_28,complete,10,1,130.615,116.279,146.525,5.883
prodds,query_29,complete,10,1,118.876,112.924,130.133,6.584
prodds,query_3,complete,10,1,474.088,455.546,501.800,21.840
prodds,query_30,complete,10,1,157.668,153.423,164.581,4.614
prodds,query_31,complete,10,1,34.562,30.201,40.699,5.833
prodds,query_32,complete,10,1,119.556,98.458,133.882,20.509
prodds,query_33,complete,10,1,123.941,102.654,139.713,13.057
prodds,query_34,complete,10,1,106.862,96.738,115.161,10.011
prodds,query_35,complete,10,1,325.156,320.961,326.840,2.821
prodds,query_36,complete,10,1,67.958,64.533,71.439,3.139
prodds,query_37,complete,10,1,103.998,97.745,113.501,9.351
prodds,query_38,complete,10,1,102.939,93.567,112.348,12.252
prodds,query_39,complete,10,1,131.950,118.202,167.714,29.547
prodds,query_4,complete,10,1,56.445,51.052,65.993,1.139
prodds,query_40,complete,10,1,18.557,15.959,22.948,2.519
prodds,query_41,complete,10,1,264.403,229.575,286.553,18.885
prodds,query_42,complete,10,1,411.576,390.540,432.539,19.916
prodds,query_43,complete,10,1,234.647,195.544,248.409,34.347
prodds,query_44,complete,10,1,39.691,34.056,42.333,3.095
prodds,query_45,complete,10,1,104.303,89.243,136.620,12.252
prodds,query_46,complete,10,1,20659.992,20453.617,20757.528,124.755
prodds,query_47,complete,10,1,516.146,458.942,602.222,30.263
prodds,query_48,complete,10,1,202.077,189.498,257.840,8.981
prodds,query_49,complete,10,1,69.498,66.418,75.720,1.532
prodds,query_5,complete,10,1,98.818,91.832,105.994,7.544
prodds,query_50,complete,10,1,71.544,65.284,90.858,11.217
prodds,query_51,complete,10,1,425.960,417.136,443.571,14.124
prodds,query_52,complete,10,1,113.282,107.705,118.772,5.704
prodds,query_53,complete,10,1,137.347,126.218,150.075,8.381
prodds,query_54,complete,10,1,116.569,102.343,138.673,6.709
prodds,query_55,complete,10,1,294.762,289.779,303.406,7.473
prodds,query_56,complete,10,1,69.143,66.113,77.956,4.098
prodds,query_57,complete,10,1,74.270,64.445,84.137,11.324
prodds,query_58,complete,10,1,81.025,72.055,87.961,6.258
prodds,query_59,complete,10,1,102.662,84.986,106.508,13.943
prodds,query_6,complete,10,1,106.148,99.139,124.302,6.106
prodds,query_60,complete,10,1,86.311,84.742,107.823,3.805
prodds,query_61,complete,10,1,58.532,55.571,63.607,2.967
prodds,query_62,complete,10,1,31.332,29.785,33.557,0.873
prodds,query_63,complete,10,1,346.489,339.409,395.153,14.742
prodds,query_64,complete,10,1,31.123,26.597,43.023,4.121
prodds,query_65,complete,10,1,28.789,25.921,47.783,1.023
prodds,query_66,complete,10,1,156.946,153.759,171.333,6.628
prodds,query_67,complete,10,1,26.366,25.184,28.331,1.302
prodds,query_68,complete,10,1,134.375,131.681,138.415,1.742
prodds,query_69,complete,10,1,374.819,363.958,406.814,6.334
prodds,query_7,complete,10,1,48.976,45.518,96.607,5.735
prodds,query_70,complete,10,1,181.908,159.781,232.392,6.670
prodds,query_71,complete,10,1,182.787,178.546,199.446,6.123
prodds,query_72,complete,10,1,121.945,110.840,127.835,10.303
prodds,query_73,complete,10,1,65.835,60.725,77.926,4.268
prodds,query_74,complete,10,1,92.191,90.926,102.067,5.299
prodds,query_75,complete,10,1,41.858,37.614,51.944,6.370
prodds,query_76,complete,10,1,151.887,138.815,167.958,10.523
prodds,query_77,complete,10,1,113.251,97.499,127.504,7.609
prodds,query_78,complete,10,1,50.561,47.149,54.566,4.714
prodds,query_79,complete,10,1,43.556,41.434,45.512,1.629
prodds,query_8,complete,10,1,81.960,79.968,85.490,2.967
prodds,query_80,complete,10,1,23.324,21.279,27.058,2.481
prodds,query_81,complete,10,1,105.887,100.023,113.264,4.675
prodds,query_82,complete,10,1,44.310,42.433,50.485,1.807
prodds,query_83,complete,10,1,65.117,61.077,69.482,5.456
prodds,query_84,complete,10,1,92.796,89.904,100.372,4.931
prodds,query_85,complete,10,1,120.037,111.970,150.583,14.800
prodds,query_86,complete,10,1,91.072,87.917,93.686,2.719
prodds,query_87,complete,10,1,309.721,290.223,324.853,10.150
prodds,query_88,complete,10,1,108.037,91.498,118.979,8.779
prodds,query_89,complete,10,1,69.039,63.117,75.616,2.027
prodds,query_9,complete,10,1,174.290,165.885,190.346,8.281
prodds,query_90,complete,10,1,99.768,90.900,110.415,6.401
prodds,query_91,complete,10,1,116.519,93.645,124.156,5.995
prodds,query_92,complete,10,1,94.416,87.087,102.208,4.185
prodds,query_93,complete,10,1,250.401,235.586,257.426,11.852
prodds,query_94,complete,10,1,199.462,132.485,208.590,54.560
prodds,query_95,complete,10,1,60.141,56.845,72.650,2.058
prodds,query_96,complete,10,1,87.942,82.942,108.008,8.558
prodds,query_97,complete,10,1,76.827,73.471,89.037,4.501
prodds,query_98,complete,10,1,98.325,94.854,120.272,16.979
prodds,query_99,complete,10,1,80.930,77.050,90.118,7.927
prodds,query_join_J100,complete,10,1,52729.512,52328.262,53504.419,250.949
prodds,query_join_J200,complete,10,1,94071.136,93807.423,96730.560,389.560
prodds,query_join_J50,complete,10,1,38510.922,38300.864,39306.872,455.832
prodds,query_union_U10,complete,10,1,6898.626,6755.202,6963.196,81.703
prodds,query_union_U2,complete,10,1,901.687,874.506,927.138,27.273
prodds,query_union_U20,complete,10,1,15091.468,14939.924,15313.317,33.585
prodds,query_union_U200,complete,10,1,168519.896,167962.308,170406.163,1082.773
prodds,query_union_U5,complete,10,1,2404.002,2350.769,2456.774,35.447
prodds_templates,query_1,complete,10,1,26.166,23.522,27.841,1.763
prodds_templates,query_10,complete,10,1,322.390,307.301,344.676,12.189
prodds_templates,query_11,complete,10,1,50.763,49.158,59.689,5.520
prodds_templates,query_12,complete,10,1,80.948,77.008,88.485,4.489
prodds_templates,query_13,complete,10,1,46.414,44.313,49.059,2.043
prodds_templates,query_14,complete,10,1,54.259,50.043,62.278,5.382
prodds_templates,query_15,complete,10,1,51.223,47.023,59.576,1.983
prodds_templates,query_16,complete,10,1,281.340,248.112,347.719,39.445
prodds_templates,query_17,complete,10,1,43.459,38.159,67.788,4.477
prodds_templates,query_18,complete,10,1,102.558,88.165,109.960,4.442
prodds_templates,query_19,complete,10,1,130.915,122.609,139.431,13.725
prodds_templates,query_2,complete,10,1,110.102,101.734,131.006,9.672
prodds_templates,query_20,complete,10,1,245.157,236.575,267.223,11.192
prodds_templates,query_21,complete,10,1,705.427,672.476,811.938,28.004
prodds_templates,query_22,complete,10,1,95.262,78.739,142.859,24.949
prodds_templates,query_23,complete,10,1,203.478,195.441,246.633,7.183
prodds_templates,query_24,complete,10,1,60.710,54.724,63.325,6.144
prodds_templates,query_25,complete,10,1,37.967,34.721,40.439,2.980
prodds_templates,query_26,complete,10,1,179.703,170.194,188.660,10.025
prodds_templates,query_27,complete,10,1,89.653,82.236,110.897,3.124
prodds_templates,query_28,complete,10,1,130.615,116.279,146.525,5.883
prodds_templates,query_29,complete,10,1,118.876,112.924,130.133,6.584
prodds_templates,query_3,complete,10,1,474.088,455.546,501.800,21.840
prodds_templates,query_30,complete,10,1,157.668,153.423,164.581,4.614
prodds_templates,query_31,complete,10,1,34.562,30.201,40.699,5.833
prodds_templates,query_32,complete,10,1,119.556,98.458,133.882,20.509
prodds_templates,query_33,complete,10,1,123.941,102.654,139.713,13.057
prodds_templates,query_34,complete,10,1,106.862,96.738,115.161,10.011
prodds_templates,query_35,complete,10,1,325.156,320.961,326.840,2.821
prodds_templates,query_36,complete,10,1,67.958,64.533,71.439,3.139
prodds_templates,query_37,complete,10,1,103.998,97.745,113.501,9.351
prodds_templates,query_38,complete,10,1,102.939,93.567,112.348,12.252
prodds_templates,query_39,complete,10,1,131.950,118.202,167.714,29.547
prodds_templates,query_4,complete,10,1,56.445,51.052,65.993,1.139
prodds_templates,query_40,complete,10,1,18.557,15.959,22.948,2.519
prodds_templates,query_41,complete,10,1,264.403,229.575,286.553,18.885
prodds_templates,query_42,complete,10,1,411.576,390.540,432.539,19.916
prodds_templates,query_43,complete,10,1,234.647,195.544,248.409,34.347
prodds_templates,query_44,complete,10,1,39.691,34.056,42.333,3.095
prodds_templates,query_45,complete,10,1,104.303,89.243,136.620,12.252
prodds_templates,query_46,complete,10,1,20659.992,20453.617,20757.528,124.755
prodds_templates,query_47,complete,10,1,516.146,458.942,602.222,30.263
prodds_templates,query_48,complete,10,1,202.077,189.498,257.840,8.981
prodds_templates,query_49,complete,10,1,69.498,66.418,75.720,1.532
prodds_templates,query_5,complete,10,1,98.818,91.832,105.994,7.544
prodds_templates,query_50,complete,10,1,71.544,65.284,90.858,11.217
prodds_templates,query_51,complete,10,1,425.960,417.136,443.571,14.124
prodds_templates,query_52,complete,10,1,113.282,107.705,118.772,5.704
prodds_templates,query_53,complete,10,1,137.347,126.218,150.075,8.381
prodds_templates,query_54,complete,10,1,116.569,102.343,138.673,6.709
prodds_templates,query_55,complete,10,1,294.762,289.779,303.406,7.473
prodds_templates,query_56,complete,10,1,69.143,66.113,77.956,4.098
prodds_templates,query_57,complete,10,1,74.270,64.445,84.137,11.324
prodds_templates,query_58,complete,10,1,81.025,72.055,87.961,6.258
prodds_templates,query_59,complete,10,1,102.662,84.986,106.508,13.943
prodds_templates,query_6,complete,10,1,106.148,99.139,124.302,6.106
prodds_templates,query_60,complete,10,1,86.311,84.742,107.823,3.805
prodds_templates,query_61,complete,10,1,58.532,55.571,63.607,2.967
prodds_templates,query_62,complete,10,1,31.332,29.785,33.557,0.873
prodds_templates,query_63,complete,10,1,346.489,339.409,395.153,14.742
prodds_templates,query_64,complete,10,1,31.123,26.597,43.023,4.121
prodds_templates,query_65,complete,10,1,28.789,25.921,47.783,1.023
prodds_templates,query_66,complete,10,1,156.946,153.759,171.333,6.628
prodds_templates,query_67,complete,10,1,26.366,25.184,28.331,1.302
prodds_templates,query_68,complete,10,1,134.375,131.681,138.415,1.742
prodds_templates,query_69,complete,10,1,374.819,363.958,406.814,6.334
prodds_templates,query_7,complete,10,1,48.976,45.518,96.607,5.735
prodds_templates,query_70,complete,10,1,181.908,159.781,232.392,6.670
prodds_templates,query_71,complete,10,1,182.787,178.546,199.446,6.123
prodds_templates,query_72,complete,10,1,121.945,110.840,127.835,10.303
prodds_templates,query_73,complete,10,1,65.835,60.725,77.926,4.268
prodds_templates,query_74,complete,10,1,92.191,90.926,102.067,5.299
prodds_templates,query_75,complete,10,1,41.858,37.614,51.944,6.370
prodds_templates,query_76,complete,10,1,151.887,138.815,167.958,10.523
prodds_templates,query_77,complete,10,1,113.251,97.499,127.504,7.609
prodds_templates,query_78,complete,10,1,50.561,47.149,54.566,4.714
prodds_templates,query_79,complete,10,1,43.556,41.434,45.512,1.629
prodds_templates,query_8,complete,10,1,81.960,79.968,85.490,2.967
prodds_templates,query_80,complete,10,1,23.324,21.279,27.058,2.481
prodds_templates,query_81,complete,10,1,105.887,100.023,113.264,4.675
prodds_templates,query_82,complete,10,1,44.310,42.433,50.485,1.807
prodds_templates,query_83,complete,10,1,65.117,61.077,69.482,5.456
prodds_templates,query_84,complete,10,1,92.796,89.904,100.372,4.931
prodds_templates,query_85,complete,10,1,120.037,111.970,150.583,14.800
prodds_templates,query_86,complete,10,1,91.072,87.917,93.686,2.719
prodds_templates,query_87,complete,10,1,309.721,290.223,324.853,10.150
prodds_templates,query_88,complete,10,1,108.037,91.498,118.979,8.779
prodds_templates,query_89,complete,10,1,69.039,63.117,75.616,2.027
prodds_templates,query_9,complete,10,1,174.290,165.885,190.346,8.281
prodds_templates,query_90,complete,10,1,99.768,90.900,110.415,6.401
prodds_templates,query_91,complete,10,1,116.519,93.645,124.156,5.995
prodds_templates,query_92,complete,10,1,94.416,87.087,102.208,4.185
prodds_templates,query_93,complete,10,1,250.401,235.586,257.426,11.852
prodds_templates,query_94,complete,10,1,199.462,132.485,208.590,54.560
prodds_templates,query_95,complete,10,1,60.141,56.845,72.650,2.058
prodds_templates,query_96,complete,10,1,87.942,82.942,108.008,8.558
prodds_templates,query_97,complete,10,1,76.827,73.471,89.037,4.501
prodds_templates,query_98,complete,10,1,98.325,94.854,120.272,16.979
prodds_templates,query_99,complete,10,1,80.930,77.050,90.118,7.927
tpcds,query_1,complete,10,1,13.917,12.544,17.347,1.516
tpcds,query_10,complete,10,1,182.979,176.558,195.990,9.597
tpcds,query_11,complete,10,1,34.373,27.856,46.655,6.133
tpcds,query_12,complete,10,1,40.198,34.408,42.494,4.125
tpcds,query_13,complete,10,1,28.704,23.758,41.759,6.753
tpcds,query_14,complete,10,1,32.912,25.990,41.234,6.104
tpcds,query_15,complete,10,1,31.675,27.803,39.853,6.137
tpcds,query_16,complete,10,1,120.144,98.967,148.259,25.282
tpcds,query_17,complete,10,1,47.403,37.552,72.028,13.147
tpcds,query_18,complete,10,1,109.815,94.416,143.766,22.265
tpcds,query_19,complete,10,1,57.951,49.771,73.885,10.178
tpcds,query_2,complete,10,1,69.396,57.278,73.285,10.668
tpcds,query_20,complete,10,1,196.219,173.773,218.837,8.444
tpcds,query_21,complete,10,1,738.102,712.576,760.999,32.565
tpcds,query_22,complete,10,1,46.285,42.581,64.183,3.774
tpcds,query_23,complete,10,1,201.617,185.419,208.413,11.100
tpcds,query_24,complete,10,1,47.546,43.613,64.936,5.933
tpcds,query_25,complete,10,1,34.043,25.999,87.472,5.904
tpcds,query_26,complete,10,1,85.423,73.713,101.576,11.783
tpcds,query_27,complete,10,1,39.022,32.074,62.145,11.661
tpcds,query_28,complete,10,1,76.081,69.361,113.814,5.571
tpcds,query_29,complete,10,1,55.487,46.403,80.218,16.287
tpcds,query_3,complete,10,1,295.234,263.555,344.215,25.661
tpcds,query_30,complete,10,1,141.374,134.230,154.600,4.434
tpcds,query_31,complete,10,1,89.828,72.607,102.173,8.803
tpcds,query_32,complete,10,1,100.498,90.349,120.573,3.389
tpcds,query_33,complete,10,1,71.828,64.369,80.153,3.385
tpcds,query_34,complete,10,1,69.680,62.993,97.095,5.068
tpcds,query_35,complete,10,1,773.148,741.992,803.553,34.101
tpcds,query_36,complete,10,1,74.602,62.168,82.786,8.906
tpcds,query_37,complete,10,1,116.204,96.819,130.230,17.003
tpcds,query_38,complete,10,1,113.068,105.860,135.035,15.269
tpcds,query_39,complete,10,1,64.675,44.948,78.796,6.971
tpcds,query_4,complete,10,1,43.560,37.819,61.107,9.309
tpcds,query_40,complete,10,1,18.139,13.858,24.825,4.733
tpcds,query_41,complete,10,1,107.233,76.297,130.600,18.550
tpcds,query_42,complete,10,1,282.745,251.199,313.394,18.189
tpcds,query_43,complete,10,1,261.531,227.200,284.499,11.945
tpcds,query_44,complete,10,1,32.013,24.919,38.623,3.660
tpcds,query_45,complete,10,1,22.026,19.721,29.754,4.762
tpcds,query_46,complete,10,1,944.200,852.489,975.937,37.971
tpcds,query_47,complete,10,1,186.488,171.002,206.269,17.666
tpcds,query_48,complete,10,1,64.373,50.079,86.641,13.734
tpcds,query_49,complete,10,1,65.422,59.500,75.667,5.503
tpcds,query_5,complete,10,1,89.940,79.034,114.033,11.453
tpcds,query_50,complete,10,1,79.196,70.975,104.208,7.493
tpcds,query_51,complete,10,1,280.688,239.123,301.358,14.767
tpcds,query_52,complete,10,1,80.076,74.595,98.976,7.425
tpcds,query_53,complete,10,1,59.922,50.378,66.877,5.462
tpcds,query_54,complete,10,1,105.836,91.656,122.087,10.308
tpcds,query_55,complete,10,1,787.260,765.696,804.164,25.114
tpcds,query_56,complete,10,1,50.276,43.853,62.584,8.080
tpcds,query_57,complete,10,1,77.107,72.137,107.038,9.263
tpcds,query_58,complete,10,1,123.458,95.073,162.308,22.404
tpcds,query_59,complete,10,1,54.981,36.981,66.471,11.163
tpcds,query_6,complete,10,1,111.898,94.432,168.074,27.662
tpcds,query_60,complete,10,1,98.144,81.459,131.024,22.001
tpcds,query_61,complete,10,1,52.182,33.707,104.426,18.386
tpcds,query_62,complete,10,1,58.224,33.990,89.812,23.956
tpcds,query_63,complete,10,1,498.627,446.638,543.364,59.440
tpcds,query_64,complete,10,1,171.945,134.975,218.080,32.372
tpcds,query_65,complete,10,1,149.654,109.278,203.932,41.366
tpcds,query_66,complete,10,1,294.415,220.119,345.933,36.470
tpcds,query_67,complete,10,1,110.404,80.143,146.342,22.063
tpcds,query_68,complete,10,1,310.255,291.984,322.240,10.401
tpcds,query_69,complete,10,1,353.321,328.351,373.331,27.479
tpcds,query_7,complete,10,1,28.848,20.809,42.685,7.952
tpcds,query_70,complete,10,1,228.765,181.078,262.399,35.349
tpcds,query_71,complete,10,1,101.038,93.272,110.279,11.346
tpcds,query_72,complete,10,1,82.350,71.200,90.730,10.505
tpcds,query_73,complete,10,1,46.925,42.180,64.534,3.867
tpcds,query_74,complete,10,1,98.441,90.801,107.572,3.446
tpcds,query_75,complete,10,1,102.208,83.164,133.793,16.675
tpcds,query_76,complete,10,1,167.128,159.874,187.573,12.393
tpcds,query_77,complete,10,1,135.185,118.907,148.924,17.809
tpcds,query_78,complete,10,1,37.438,28.164,47.850,7.692
tpcds,query_79,complete,10,1,39.822,35.072,77.011,5.931
tpcds,query_8,complete,10,1,61.528,52.565,96.350,5.870
tpcds,query_80,complete,10,1,38.020,25.848,43.929,6.447
tpcds,query_81,complete,10,1,65.729,60.369,99.235,3.014
tpcds,query_82,complete,10,1,22.759,20.631,31.205,3.489
tpcds,query_83,complete,10,1,48.308,44.275,56.270,5.585
tpcds,query_84,complete,10,1,63.674,57.300,71.826,2.525
tpcds,query_85,complete,10,1,61.767,58.208,74.876,8.069
tpcds,query_86,complete,10,1,42.163,36.423,54.772,9.969
tpcds,query_87,complete,10,1,232.963,221.889,282.516,10.248
tpcds,query_88,complete,10,1,49.065,38.409,60.815,9.087
tpcds,query_89,complete,10,1,76.214,71.305,81.731,1.635
tpcds,query_9,complete,10,1,41.678,37.087,51.144,8.545
tpcds,query_90,complete,10,1,172.094,150.245,195.238,13.764
tpcds,query_91,complete,10,1,98.681,95.552,110.217,6.753
tpcds,query_92,complete,10,1,72.908,60.315,80.174,5.651
tpcds,query_93,complete,10,1,318.591,307.666,342.505,18.096
tpcds,query_94,complete,10,1,71.230,62.245,96.308,19.403
tpcds,query_95,complete,10,1,75.886,68.238,89.597,8.998
tpcds,query_96,complete,10,1,25.979,21.548,31.980,5.383
tpcds,query_97,complete,10,1,75.279,68.548,78.258,3.671
tpcds,query_98,complete,10,1,88.621,72.868,115.382,32.845
tpcds,query_99,complete,10,1,35.981,32.001,42.183,2.406
dsb,agg_queries__s0_q00,complete,10,1,30.425,25.535,34.306,3.459
dsb,agg_queries__s0_q01,complete,10,1,99.470,93.543,115.120,12.356
dsb,agg_queries__s0_q02,complete,10,1,90.414,81.400,107.229,9.562
dsb,agg_queries__s0_q03,complete,10,1,42.248,37.880,48.762,4.409
dsb,agg_queries__s0_q04,complete,10,1,15.352,13.328,17.073,1.548
dsb,agg_queries__s0_q05,complete,10,1,72.454,65.502,76.453,4.185
dsb,agg_queries__s0_q06,complete,10,1,84.246,67.757,94.290,3.712
dsb,agg_queries__s0_q07,complete,10,1,239.875,232.566,301.768,9.763
dsb,agg_queries__s0_q08,complete,10,1,15.652,14.395,19.910,0.718
dsb,agg_queries__s0_q09,complete,10,1,45.361,38.602,51.818,9.910
dsb,agg_queries__s0_q10,complete,10,1,32.520,24.328,49.707,9.120
dsb,agg_queries__s0_q11,complete,10,1,72.106,68.734,96.609,4.462
dsb,agg_queries__s0_q12,complete,10,1,48.372,43.114,57.055,6.141
dsb,agg_queries__s0_q13,complete,10,1,79.406,76.457,97.014,8.000
dsb,agg_queries__s0_q14,complete,10,1,14.999,13.437,19.957,0.639
dsb,agg_queries__s1_q00,complete,10,1,32.617,30.163,41.076,2.867
dsb,agg_queries__s1_q01,complete,10,1,13.165,11.576,16.216,2.214
dsb,agg_queries__s1_q02,complete,10,1,46.438,43.021,52.412,5.492
dsb,agg_queries__s1_q03,complete,10,1,82.556,78.078,94.848,5.241
dsb,agg_queries__s1_q04,complete,10,1,65.501,58.224,72.303,5.327
dsb,agg_queries__s1_q05,complete,10,1,27.622,24.477,39.232,4.256
dsb,agg_queries__s1_q06,complete,10,1,64.847,58.100,75.840,6.053
dsb,agg_queries__s1_q07,complete,10,1,86.641,69.536,91.162,6.485
dsb,agg_queries__s1_q08,complete,10,1,26.591,25.607,40.966,0.492
dsb,agg_queries__s1_q09,complete,10,1,124.297,104.446,137.539,23.983
dsb,agg_queries__s1_q10,complete,10,1,12.142,10.461,19.312,2.449
dsb,agg_queries__s1_q11,complete,10,1,46.127,39.852,54.657,5.303
dsb,agg_queries__s1_q12,complete,10,1,49.636,41.668,57.617,8.913
dsb,agg_queries__s1_q13,complete,10,1,224.944,219.670,247.261,17.048
dsb,agg_queries__s1_q14,complete,10,1,68.466,59.487,73.452,5.427
dsb,multi_block_queries__s0_q00,complete,10,1,24.972,20.194,31.167,3.648
dsb,multi_block_queries__s0_q01,complete,10,1,171.134,129.917,211.399,32.517
dsb,multi_block_queries__s0_q02,complete,10,1,22.008,19.040,24.685,1.639
dsb,multi_block_queries__s0_q03,complete,10,1,35.472,33.641,42.647,3.770
dsb,multi_block_queries__s0_q04,complete,10,1,46.947,37.825,55.058,5.523
dsb,multi_block_queries__s0_q05,complete,10,1,111.349,103.767,128.750,6.824
dsb,multi_block_queries__s0_q06,complete,10,1,156.291,137.370,177.471,15.901
dsb,multi_block_queries__s0_q07,complete,10,1,46.228,43.232,49.675,2.669
dsb,multi_block_queries__s0_q08,complete,10,1,36.386,32.098,55.604,1.875
dsb,multi_block_queries__s0_q09,complete,10,1,24.614,22.095,26.977,1.880
dsb,multi_block_queries__s0_q10,complete,10,1,39.417,37.520,41.579,2.329
dsb,multi_block_queries__s0_q11,complete,10,1,51.343,45.309,71.033,6.441
dsb,multi_block_queries__s0_q12,complete,10,1,19.608,18.363,21.995,0.573
dsb,multi_block_queries__s0_q13,complete,10,1,49.817,45.046,56.514,1.580
dsb,multi_block_queries__s0_q14,complete,10,1,79.471,76.366,113.694,5.843
dsb,multi_block_queries__s0_q15,complete,10,1,115.709,104.031,128.421,10.996
dsb,multi_block_queries__s0_q16,complete,10,1,31.548,28.007,35.585,3.253
dsb,multi_block_queries__s0_q17,complete,10,1,26.974,23.204,34.446,5.088
dsb,multi_block_queries__s0_q18,complete,10,1,80.464,63.595,92.224,10.210
dsb,multi_block_queries__s0_q19,complete,10,1,85.358,76.429,91.342,5.273
dsb,multi_block_queries__s0_q20,complete,10,1,65.443,60.113,68.568,3.212
dsb,multi_block_queries__s0_q21,complete,10,1,53.612,48.980,69.214,10.492
dsb,multi_block_queries__s1_q00,complete,10,1,156.120,124.365,198.146,27.708
dsb,multi_block_queries__s1_q01,complete,10,1,30.486,24.410,58.038,20.377
dsb,multi_block_queries__s1_q02,complete,10,1,22.462,19.538,45.832,2.931
dsb,multi_block_queries__s1_q03,complete,10,1,40.279,35.222,84.792,3.145
dsb,multi_block_queries__s1_q04,complete,10,1,20.657,18.248,27.633,1.923
dsb,multi_block_queries__s1_q05,complete,10,1,26.227,22.539,53.253,9.753
dsb,multi_block_queries__s1_q06,complete,10,1,34.584,28.681,74.496,5.755
dsb,multi_block_queries__s1_q07,complete,10,1,34.472,28.079,86.493,5.452
dsb,multi_block_queries__s1_q08,complete,10,1,41.606,36.970,44.812,4.910
dsb,multi_block_queries__s1_q09,complete,10,1,50.451,37.510,52.429,5.630
dsb,multi_block_queries__s1_q10,complete,10,1,86.651,83.181,91.898,2.563
dsb,multi_block_queries__s1_q11,complete,10,1,60.517,51.686,66.681,9.959
dsb,multi_block_queries__s1_q12,complete,10,1,67.856,61.192,73.072,8.921
dsb,multi_block_queries__s1_q13,complete,10,1,51.846,44.435,54.879,5.865
dsb,multi_block_queries__s1_q14,complete,10,1,144.533,118.861,181.295,11.584
dsb,multi_block_queries__s1_q15,complete,10,1,114.209,106.777,124.130,7.037
dsb,multi_block_queries__s1_q16,complete,10,1,64.815,61.840,81.682,3.124
dsb,multi_block_queries__s1_q17,complete,10,1,107.132,92.502,144.196,21.121
dsb,multi_block_queries__s1_q18,complete,10,1,15.820,14.454,39.951,1.559
dsb,multi_block_queries__s1_q19,complete,10,1,103.257,73.895,131.975,31.409
dsb,multi_block_queries__s1_q20,complete,10,1,38.153,31.938,46.105,5.301
dsb,multi_block_queries__s1_q21,complete,10,1,63.264,57.906,66.241,2.527
dsb,spj_queries__s0_q00,complete,10,1,26.706,24.323,30.371,2.218
dsb,spj_queries__s0_q01,complete,10,1,78.383,62.127,95.087,5.974
dsb,spj_queries__s0_q02,complete,10,1,75.544,70.661,127.017,5.899
dsb,spj_queries__s0_q03,complete,10,1,33.463,30.769,40.742,4.407
dsb,spj_queries__s0_q04,complete,10,1,13.620,12.004,56.409,2.057
dsb,spj_queries__s0_q05,complete,10,1,65.841,60.773,101.001,3.328
dsb,spj_queries__s0_q06,complete,10,1,79.908,72.439,97.504,5.955
dsb,spj_queries__s0_q07,complete,10,1,153.982,124.804,178.661,22.199
dsb,spj_queries__s0_q08,complete,10,1,11.331,9.963,16.533,2.045
dsb,spj_queries__s0_q09,complete,10,1,22.771,21.169,31.456,2.311
dsb,spj_queries__s0_q10,complete,10,1,22.902,18.933,38.541,2.090
dsb,spj_queries__s0_q11,complete,10,1,60.043,47.391,65.698,5.149
dsb,spj_queries__s0_q12,complete,10,1,59.694,46.534,67.540,4.651
dsb,spj_queries__s0_q13,complete,10,1,56.791,54.407,83.635,7.448
dsb,spj_queries__s0_q14,complete,10,1,11.511,10.334,33.586,1.614
dsb,spj_queries__s1_q00,complete,10,1,23.567,18.954,27.278,2.087
dsb,spj_queries__s1_q01,complete,10,1,10.937,8.967,14.206,2.104
dsb,spj_queries__s1_q02,complete,10,1,51.858,48.093,61.631,6.729
dsb,spj_queries__s1_q03,complete,10,1,87.829,82.969,95.631,3.956
dsb,spj_queries__s1_q04,complete,10,1,65.124,55.290,69.284,3.880
dsb,spj_queries__s1_q05,complete,10,1,24.213,21.427,27.800,3.296
dsb,spj_queries__s1_q06,complete,10,1,41.616,38.322,47.166,6.198
dsb,spj_queries__s1_q07,complete,10,1,84.119,64.559,87.827,10.556
dsb,spj_queries__s1_q08,complete,10,1,12.759,10.004,18.912,2.968
dsb,spj_queries__s1_q09,complete,10,1,117.216,86.434,132.758,10.287
dsb,spj_queries__s1_q10,complete,10,1,33.785,30.636,40.376,3.440
dsb,spj_queries__s1_q11,complete,10,1,45.245,43.098,51.467,3.823
dsb,spj_queries__s1_q12,complete,10,1,46.698,43.418,52.416,3.502
dsb,spj_queries__s1_q13,complete,10,1,44.481,39.633,48.684,3.120
dsb,spj_queries__s1_q14,complete,10,1,53.391,50.627,55.758,2.227
job,10a,complete,10,1,44.784,39.709,64.297,3.514
job,10b,complete,10,1,30.130,27.562,38.645,4.617
job,10c,complete,10,1,61.665,58.220,78.884,5.293
job,11a,complete,10,1,21.452,19.158,30.968,1.626
job,11b,complete,10,1,25.564,23.381,31.417,2.916
job,11c,complete,10,1,22.988,20.502,29.371,2.492
job,11d,complete,10,1,23.658,19.284,27.157,2.452
job,12a,complete,10,1,54.090,45.835,73.279,6.983
job,12b,complete,10,1,37.090,30.878,56.658,9.106
job,12c,complete,10,1,57.960,52.769,73.509,7.668
job,13a,complete,10,1,39.597,34.116,45.032,5.345
job,13b,complete,10,1,54.544,36.824,68.914,8.688
job,13c,complete,10,1,42.174,31.580,49.798,6.672
job,13d,complete,10,1,51.697,35.775,71.143,12.091
job,14a,complete,10,1,107.108,85.511,119.561,16.996
job,14b,complete,10,1,51.127,42.357,64.900,6.231
job,14c,complete,10,1,119.933,86.628,140.082,10.257
job,15a,complete,10,1,61.477,46.752,80.032,6.025
job,15b,complete,10,1,39.976,31.041,44.043,3.798
job,15c,complete,10,1,61.752,49.310,67.090,9.189
job,15d,complete,10,1,63.451,49.859,71.918,10.358
job,16a,complete,10,1,32.391,28.770,43.594,3.416
job,16b,complete,10,1,142.437,119.663,165.961,11.925
job,16c,complete,10,1,64.988,56.431,79.973,10.289
job,16d,complete,10,1,58.358,50.197,67.411,3.894
job,17a,complete,10,1,76.776,68.032,92.286,15.600
job,17b,complete,10,1,109.927,87.985,129.657,24.223
job,17c,complete,10,1,105.915,76.516,118.906,14.162
job,17d,complete,10,1,103.974,74.438,132.014,32.750
job,17e,complete,10,1,92.501,58.339,97.851,19.613
job,17f,complete,10,1,97.482,80.227,106.316,11.873
job,18a,complete,10,1,122.103,107.677,139.866,7.340
job,18b,complete,10,1,69.370,60.829,71.555,2.835
job,18c,complete,10,1,113.022,105.784,118.458,3.611
job,19a,complete,10,1,99.218,81.115,114.124,3.611
job,19b,complete,10,1,111.644,101.947,116.540,5.904
job,19c,complete,10,1,77.852,73.310,90.187,6.689
job,19d,complete,10,1,61.917,59.782,69.423,3.365
job,1a,complete,10,1,26.700,25.394,28.231,1.853
job,1b,complete,10,1,16.445,15.940,18.119,0.486
job,1c,complete,10,1,16.639,15.520,19.553,1.369
job,1d,complete,10,1,17.916,16.968,22.588,0.521
job,20a,complete,10,1,171.238,164.172,204.945,8.330
job,20b,complete,10,1,114.649,101.722,141.013,18.344
job,20c,complete,10,1,122.451,116.554,137.621,11.590
job,21a,complete,10,1,37.151,33.267,39.203,3.678
job,21b,complete,10,1,33.025,31.791,37.620,1.679
job,21c,complete,10,1,37.233,32.872,42.190,4.024
job,22a,complete,10,1,114.609,102.636,125.614,8.755
job,22b,complete,10,1,99.389,89.450,107.285,6.988
job,22c,complete,10,1,138.598,111.380,155.013,11.835
job,22d,complete,10,1,127.484,116.035,153.115,15.186
job,23a,complete,10,1,49.567,45.060,57.636,4.669
job,23b,complete,10,1,59.709,52.332,62.747,4.539
job,23c,complete,10,1,53.921,52.278,56.711,1.349
job,24a,complete,10,1,67.508,62.014,72.269,4.710
job,24b,complete,10,1,37.772,34.892,38.882,1.669
job,25a,complete,10,1,128.218,118.536,139.832,10.765
job,25b,complete,10,1,48.156,45.457,54.838,2.611
job,25c,complete,10,1,202.683,192.008,210.267,6.882
job,26a,complete,10,1,114.503,104.539,120.848,12.148
job,26b,complete,10,1,76.130,69.869,81.426,5.242
job,26c,complete,10,1,130.680,118.997,154.919,27.194
job,27a,complete,10,1,31.986,28.684,41.485,1.988
job,27b,complete,10,1,33.319,29.562,38.925,4.805
job,27c,complete,10,1,36.377,34.384,41.029,2.571
job,28a,complete,10,1,148.474,126.719,165.910,15.130
job,28b,complete,10,1,100.670,90.833,106.571,4.596
job,28c,complete,10,1,137.769,120.133,162.259,12.417
job,29a,complete,10,1,52.665,50.252,61.178,3.483
job,29b,complete,10,1,51.397,46.736,54.053,2.304
job,29c,complete,10,1,76.159,65.721,117.647,4.265
job,2a,complete,10,1,32.982,30.148,37.006,3.378
job,2b,complete,10,1,35.409,31.003,39.624,4.119
job,2c,complete,10,1,19.501,16.242,24.123,3.560
job,2d,complete,10,1,38.809,34.736,44.268,5.748
job,30a,complete,10,1,109.224,95.054,117.799,5.301
job,30b,complete,10,1,54.000,47.239,59.822,3.681
job,30c,complete,10,1,161.009,134.673,170.394,7.901
job,31a,complete,10,1,141.022,134.726,151.943,5.997
job,31b,complete,10,1,61.968,61.111,72.810,3.479
job,31c,complete,10,1,187.896,173.670,193.037,14.149
job,32a,complete,10,1,10.013,9.371,13.917,1.373
job,32b,complete,10,1,24.852,19.854,29.126,4.411
job,33a,complete,10,1,21.096,18.981,26.432,3.036
job,33b,complete,10,1,31.187,28.379,33.975,3.286
job,33c,complete,10,1,29.413,26.051,33.066,4.229
job,3a,complete,10,1,49.862,40.551,54.574,4.199
job,3b,complete,10,1,31.678,27.894,36.863,3.742
job,3c,complete,10,1,76.120,66.219,83.124,8.178
job,4a,complete,10,1,74.935,68.991,77.628,2.074
job,4b,complete,10,1,28.922,25.511,31.697,1.403
job,4c,complete,10,1,105.494,99.450,115.484,4.576
job,5a,complete,10,1,44.781,38.817,57.447,4.033
job,5b,complete,10,1,31.979,30.456,34.484,2.210
job,5c,complete,10,1,61.125,56.649,74.464,4.519
job,6a,complete,10,1,51.294,48.919,56.665,3.025
job,6b,complete,10,1,31.915,27.125,36.561,3.057
job,6c,complete,10,1,31.905,30.547,38.379,0.815
job,6d,complete,10,1,55.547,49.301,60.338,2.347
job,6e,complete,10,1,48.779,47.353,53.099,1.637
job,6f,complete,10,1,117.870,104.234,150.395,17.358
job,7a,complete,10,1,53.483,47.462,62.600,4.917
job,7b,complete,10,1,33.456,32.427,36.114,2.149
job,7c,complete,10,1,486.780,448.758,496.238,18.248
job,8a,complete,10,1,53.084,50.475,78.083,7.167
job,8b,complete,10,1,78.524,70.389,88.439,4.050
job,8c,complete,10,1,79.123,73.152,90.714,2.561
job,8d,complete,10,1,61.764,57.935,74.209,6.669
job,9a,complete,10,1,99.404,92.152,106.890,6.395
job,9b,complete,10,1,128.278,119.378,137.981,11.861
job,9c,complete,10,1,103.261,80.600,115.833,12.428
job,9d,complete,10,1,96.431,88.491,120.299,12.896
redbench_krid,rbk_0000_ceb_10a_cd6337ba08f2d17db60e377f65a63a5360f8fe81,complete,10,1,81.301,75.137,86.886,3.217
redbench_krid,rbk_0001_ceb_10a_cdad0b60d27e01f4363b15b0b05b79ba90dd2490,complete,10,1,123.278,108.890,141.015,2.731
redbench_krid,rbk_0002_ceb_10a_ce112491fe92011257ae6b3a3e21251b58cc1033,complete,10,2,79.154,72.282,95.179,7.223
redbench_krid,rbk_0003_ceb_10a_ce995b8d1f5d959cfbef25528c444bf3d70e7dbf,complete,10,2,106.329,97.692,124.145,16.977
redbench_krid,rbk_0004_ceb_10a_cf4603e8a8e99df9810cdae569d3d8f7e1f6f89b,complete,10,3,138.930,118.932,146.052,11.555
redbench_krid,rbk_0005_ceb_10a_cfb0e1fb57c6a521591780b7098734f7e9ca112c,complete,10,1,95.071,86.865,118.459,10.077
redbench_krid,rbk_0006_ceb_10a_cfb35819c6ae95bedd514d18b8b5a09963bc400c,complete,10,4,222.114,200.183,247.681,11.021
redbench_krid,rbk_0007_ceb_10a_cfe7ecfa4ed4c71917d6062d52d564f9a9e1e35e,complete,10,1,142.310,125.337,182.439,9.268
redbench_krid,rbk_0008_ceb_10a_d00b054eae7cd5e84bcd52a13592f16b66d5d34c,complete,10,1,117.620,106.155,130.180,7.456
redbench_krid,rbk_0009_ceb_10a_d080f00a7d556192e7dcd6731adbfb804bc7c647,complete,10,1,162.552,152.665,187.922,10.015
redbench_krid,rbk_0010_ceb_10a_d0907b860eafb390f25ceb6dfd48b7f416058284,complete,10,1,97.629,85.277,103.683,7.929
redbench_krid,rbk_0011_ceb_10a_d1115f97adbada46e0ab8b926ec1b71cd0593671,complete,10,1,79.318,73.882,87.539,9.022
redbench_krid,rbk_0012_ceb_10a_d11d649f83cd7a33aa45bdc63140f37fcf676676,complete,10,1,81.167,74.082,106.334,6.841
redbench_krid,rbk_0013_ceb_10a_d122cf3cac864de2e17a059a82d5465e11a1f41c,complete,10,1,183.137,163.841,214.671,19.734
redbench_krid,rbk_0014_ceb_10a_d127c7bbe6a70dc70fb5052d55ce9ad22eb2f1eb,complete,10,1,87.281,78.007,114.700,7.473
redbench_krid,rbk_0015_ceb_10a_d13598c0bbc4008e51ad6cd9579b8bc26f99dab2,complete,10,1,149.891,136.786,183.201,18.429
redbench_krid,rbk_0016_ceb_10a_d198725f3fe33e5bc55f5d8861dbae3d3c9254fd,complete,10,1,121.874,112.054,131.667,9.408
redbench_krid,rbk_0017_ceb_10a_d19b340883ecf8a48e49439624747566dcdbb23f,complete,10,1,122.653,109.720,168.382,20.816
redbench_krid,rbk_0018_ceb_10a_d1b9cea7e82ebc008a8d06e6147444adfec4c891,complete,10,1,87.888,83.536,107.272,2.091
redbench_krid,rbk_0019_ceb_10a_d1bb5a72ea183fd408d734715b38b90f47c5d4c6,complete,10,1,122.950,110.820,166.777,11.900
redbench_krid,rbk_0020_ceb_10a_d2220f76c1ac87fa5c3069e9316e055cb3209577,complete,10,1,103.113,92.940,110.762,8.629
redbench_krid,rbk_0021_ceb_10a_d2726458dc91477ccdba4fe340595804aa47ca7a,complete,10,1,73.208,69.093,76.997,2.832
redbench_krid,rbk_0022_ceb_10a_d2971d4a7faa3ca194daaf12dea38cbdadbfd46e,complete,10,1,153.135,138.618,160.150,14.323
redbench_krid,rbk_0023_ceb_10a_d2ce6dd934205a8c2c82a393b43b7d353ac2431b,complete,10,1,133.361,128.089,148.545,7.077
redbench_krid,rbk_0024_ceb_10a_d2e1866076dac97bda8fcf995dc4cb85c115f4d1,complete,10,2,132.868,114.862,144.828,12.756
redbench_krid,rbk_0025_ceb_10a_d32ee6f8e4958bb62e41c30e47fdf61ff97cecbb,complete,10,4,85.009,79.697,91.944,6.964
redbench_krid,rbk_0026_ceb_10a_d330628cd33bec8d9a6d11b28255dbb65026d722,complete,10,2,140.594,131.472,152.126,8.501
redbench_krid,rbk_0027_ceb_10a_d3b5d1c9feafa9a0102fb0a8d1ff6710e5b9cf22,complete,10,2,90.162,86.323,94.094,2.808
redbench_krid,rbk_0028_ceb_10a_d41cc537f33df8b6fe6c2ffe5ef30a80685b2745,complete,10,3,86.227,83.328,89.842,4.100
redbench_krid,rbk_0029_ceb_10a_d4731b85015d20058b81e750cbe0bd04c73c0346,complete,10,4,79.606,74.958,83.748,3.786
redbench_krid,rbk_0030_ceb_10a_d49f7e2fff692419b2c9626b4132bfe24b8dea82,complete,10,3,131.974,129.031,147.095,6.117
redbench_krid,rbk_0031_ceb_10a_d4af7c366b4a15288a2569065bc3bda9bcd5023e,complete,10,3,143.053,134.243,161.885,7.130
redbench_krid,rbk_0032_ceb_10a_d4eec8b3940f97bddc1b30930d723b9b1245aee9,complete,10,2,142.531,119.736,157.821,13.744
redbench_krid,rbk_0033_ceb_10a_d562a3ee1cb01dde66b3b86d217893024b8c4d93,complete,10,2,97.139,90.135,111.642,7.162
redbench_krid,rbk_0034_ceb_10a_d56b267f1682e407c9128b8aed277c7dbf5e754a,complete,10,2,118.317,110.847,127.349,4.245
redbench_krid,rbk_0035_ceb_10a_d576d563b85d15e21882009ad21becc1ac75b420,complete,10,2,132.695,125.541,145.988,10.290
redbench_krid,rbk_0036_ceb_10a_d6e2d2ecdbe5781ef6d6004b675b49f635e30bac,complete,10,2,87.021,84.125,98.789,5.544
redbench_krid,rbk_0037_ceb_10a_d6e93e7eeef2f6dad574e10b1cc482492474ba04,complete,10,2,138.121,125.176,142.419,9.776
redbench_krid,rbk_0038_ceb_10a_d6fdb63452fc02880f7c81ad73eee99b98f850da,complete,10,2,91.250,84.835,97.660,5.856
redbench_krid,rbk_0039_ceb_10a_d72fe2de85ec6b418ad094b516216c1362e8a79e,complete,10,4,427.764,411.549,453.475,13.582
redbench_krid,rbk_0040_ceb_10a_d7813adcae79e9749ed286fd974c2605f925541f,complete,10,2,118.933,109.357,191.389,16.701
redbench_krid,rbk_0041_ceb_10a_d7e20756a3aaf0f66a720ad2ee6d39cd332c2865,complete,10,2,161.087,153.334,192.823,3.678
redbench_krid,rbk_0042_ceb_10a_d7f4ab72dd92f0bb91418bcd080e39e82c7f1cdb,complete,10,2,81.977,77.326,85.326,3.656
redbench_krid,rbk_0043_ceb_10a_d8282df8749547ae9842873fc2f9940380f0b6b9,complete,10,6,446.659,417.434,530.969,74.221
redbench_krid,rbk_0044_ceb_10a_d935177bb0908c2e20a63db085b23dae1ee55f4f,complete,10,5,119.439,101.886,168.984,18.860
redbench_krid,rbk_0045_ceb_10a_d93ae3afaa0d44287d36258b9c089dbf632d1e16,complete,10,12,154.079,140.276,176.952,19.157
redbench_krid,rbk_0046_ceb_10a_d93afd705ed115020ccd9b7201386cc20b84e485,complete,10,7,181.897,166.719,193.963,4.662
redbench_krid,rbk_0047_ceb_10a_d95376d2b5da059d29e848b57014b265db81ab98,complete,10,5,163.839,153.711,204.532,19.021
redbench_krid,rbk_0048_ceb_10a_d9df8bb36b0657b6f86994c06d8d05e154e44308,complete,10,10,188.840,176.105,229.745,14.456
redbench_krid,rbk_0049_ceb_10a_daa4024875c3f75fcb573402b3b29689d5513f59,complete,10,5,80.083,74.422,101.263,8.278
redbench_krid,rbk_0050_ceb_10a_db035cd4bd97a45fbccfd61a7d7d11a861d35586,complete,10,7,137.280,129.929,143.401,6.360
redbench_krid,rbk_0051_ceb_10a_db6083ed54c872776b70882695b1718cee5e0e54,complete,10,9,176.310,168.037,192.625,6.996
redbench_krid,rbk_0052_ceb_10a_db87a0fbe2ea6f7f8430b6753a5fbb0d1f8da1c9,complete,10,2,106.468,97.223,119.281,15.692
redbench_krid,rbk_0053_ceb_10a_db90f8e90fd68a46a26615f10724bcae94508420,complete,10,2,152.934,135.974,162.928,7.903
redbench_krid,rbk_0054_ceb_10a_dbec66b93b0389ff3d6304beac586fab044d392b,complete,10,4,230.873,204.853,262.527,21.244
redbench_krid,rbk_0055_ceb_10a_dbf37ff0c0039bd792a3c784b3a9a83562f016bd,complete,10,4,178.070,167.176,223.767,12.382
redbench_krid,rbk_0056_ceb_10a_dc13537254cff617d8bd7e00b5fccc07dfbf9587,complete,10,4,100.689,97.031,132.998,26.382
redbench_krid,rbk_0057_ceb_10a_dc5fa32e1e0119ae59270bc8714400eef25321b9,complete,10,2,132.599,122.732,166.102,12.787
redbench_krid,rbk_0058_ceb_10a_dceebc13572981bf6948ae80d72cfbaef8e93ddd,complete,10,7,113.863,104.606,119.636,4.465
redbench_krid,rbk_0059_ceb_10a_dcf037107e932ab517ceba2c3356dc074cbd7798,complete,10,2,140.382,117.045,164.743,17.454
redbench_krid,rbk_0060_ceb_10a_ddabaf2bf793a488f6e373dc7eda7c4f5b841167,complete,10,5,169.442,160.940,183.679,5.393
redbench_krid,rbk_0061_ceb_10a_ddeb0b945a2a4e79e8c084b1f3e0fad76133a9aa,complete,10,5,121.071,114.921,132.247,6.075
redbench_krid,rbk_0062_ceb_10a_de5f084332788749556b4d540989ec7282fe371e,complete,10,12,91.440,84.735,102.268,6.425
redbench_krid,rbk_0063_ceb_10a_ded2be86c35927fd091c5d33c2ea12e9cc5df741,complete,10,4,129.394,118.701,162.043,5.020
redbench_krid,rbk_0064_ceb_10a_deed9c9452a19ee84fe5ca2fedf7cfa1d1b4912c,complete,10,3,96.138,90.760,104.325,5.741
redbench_krid,rbk_0065_ceb_10a_dfa8fc5f88457bd7234dea15d5c725f7e9f40e99,complete,10,6,100.834,93.850,110.076,8.770
redbench_krid,rbk_0066_ceb_10a_e015ced873c4a6ed2b92dd01dae638216afd0bea,complete,10,3,77.281,72.867,83.719,5.185
redbench_krid,rbk_0067_ceb_10a_e02e0c8d1dbdb2e93aea6ed045c6615b64366f5c,complete,10,5,106.883,95.900,111.337,3.806
redbench_krid,rbk_0068_ceb_10a_e0cb2e8521d49b1ace2a179313bff51d65335e15,complete,10,6,112.992,103.764,123.020,9.584
redbench_krid,rbk_0069_ceb_10a_e1468d92cd762bf7398fe513f1d35ddefeabbf89,complete,10,6,139.584,123.084,167.068,7.093
redbench_krid,rbk_0070_ceb_10a_e165e31b03ce1fc1236e166e2e1a31568b2a3f64,complete,10,15,130.429,127.490,136.217,3.406
redbench_krid,rbk_0071_ceb_10a_e1727727a0bee5faaa2e7540a826c90963137bda,complete,10,5,84.427,79.229,88.533,3.342
redbench_krid,rbk_0072_ceb_10a_e1c447a2b85df53294f04dfff077fc17426b4389,complete,10,9,173.166,164.321,185.239,4.901
redbench_krid,rbk_0073_ceb_10a_e1f0bbaf02c6824dd822f844d1602457c2e5aea8,complete,10,4,92.088,76.678,102.630,6.475
redbench_krid,rbk_0074_ceb_10a_e1ff225e19c592db1f53c466469abf14842ba884,complete,10,8,172.191,142.497,193.369,15.172
redbench_krid,rbk_0075_ceb_10a_e27ba6016166d5b988142e69640d55048ea73080,complete,10,7,174.504,165.613,196.764,14.605
redbench_krid,rbk_0076_ceb_10a_e2ffdddf104c34324bb9fdd09c3896245b3d4154,complete,10,7,123.510,115.744,144.749,3.519
redbench_krid,rbk_0077_ceb_10a_e35344e1220ec3dc1a7a7d4f3def9ec96a347cd6,complete,10,9,155.226,142.681,175.686,8.575
redbench_krid,rbk_0078_ceb_10a_e36a667e71d4d203c73e4c37a28685c5493e635a,complete,10,7,76.733,71.974,80.507,5.172
redbench_krid,rbk_0079_ceb_10a_e40080fdbab507f0f65439f96adabbb7bc36bbbe,complete,10,9,126.177,117.180,145.062,7.740
redbench_krid,rbk_0080_ceb_10a_e4534dc4cc6eb9dd19473222a3229c9ce44176be,complete,10,9,114.752,99.226,127.409,10.413
redbench_krid,rbk_0081_ceb_10a_e4b029344d6b2f84abd794c0f50e7e84fc3091a4,complete,10,4,101.778,95.272,117.207,5.234
redbench_krid,rbk_0082_ceb_10a_e4be2f25031b0373b59d2c5b97579d2f890a2698,complete,10,26,109.300,96.946,117.450,5.109
redbench_krid,rbk_0083_ceb_10a_e5320cd7f4180fb5bb0b8d70ac4a147dd3b5a28d,complete,10,19,167.803,148.885,176.947,11.038
redbench_krid,rbk_0084_ceb_10a_e535e0b63f66e5a938d4e92fb9729d003c499360,complete,10,4,117.099,99.286,131.413,12.921
redbench_krid,rbk_0085_ceb_10a_e5398616af8731751a682417f297cc55ec284225,complete,10,6,120.724,111.392,136.744,11.204
redbench_krid,rbk_0086_ceb_10a_e566f1ce3f088ef9daf9476a898a9367ac7aef4f,complete,10,9,97.878,92.033,105.058,4.475
redbench_krid,rbk_0087_ceb_10a_e5d7acbd5cb1ea063a47791061c233de636a44b5,complete,10,27,82.293,80.218,99.823,3.747
redbench_krid,rbk_0088_ceb_10a_e6018c81592eac2ff1c89bb11c077bc0bc2023f3,complete,10,7,185.976,173.420,218.385,8.918
redbench_krid,rbk_0089_ceb_10a_e6046ace7068b6aef19777cb22406913e4a0ba57,complete,10,7,279.597,258.179,308.351,14.919
redbench_krid,rbk_0090_ceb_10a_e638fc04db1459fbc0f0d3abb5943593f96705f4,complete,10,10,97.630,91.597,102.831,3.867
redbench_krid,rbk_0091_ceb_10a_e65ef6b1c6c96603939017105e6dda9e9b552ef4,complete,10,4,157.565,143.929,173.588,12.044
redbench_krid,rbk_0092_ceb_10a_e6cc350449e89654d1dcddc1dcd4e64870621281,complete,10,15,139.916,131.611,148.220,3.496
redbench_krid,rbk_0093_ceb_10a_e6e949fd55f30705b5a211f5e7d0ce1bbfce93e5,complete,10,19,113.203,106.609,123.410,6.496
redbench_krid,rbk_0094_ceb_10a_e6ed5d6d6e9f49393d6d37a27e911dbe77fea962,complete,10,75,103.750,92.231,117.080,5.147
redbench_krid,rbk_0095_ceb_10a_e728f419a26c4df019387b7cf2fbdfba53a80648,complete,10,18,87.284,83.188,95.651,5.030
redbench_krid,rbk_0096_ceb_10a_e7c0c8531b0bda04c11b16265f1bd5806d6b1316,complete,10,7,86.070,75.989,89.328,5.168
redbench_krid,rbk_0097_ceb_10a_e7c584cd473b72709e0967764942b4c749d8d0e4,complete,10,9,88.316,80.491,104.883,5.578
redbench_krid,rbk_0098_ceb_10a_e7f997ab492524a03fd6f0ff5293ab15294c79fa,complete,10,10,174.611,168.008,178.370,8.485
redbench_krid,rbk_0099_ceb_10a_e810c6ba73fee9f86833321761eb42f1480973e7,complete,10,8,101.285,88.103,105.461,8.066
redbench_krid,rbk_0100_ceb_10a_e81fdff9b46c352098edddda10306b6c5bf2a804,complete,10,23,128.642,116.002,162.607,12.724
redbench_krid,rbk_0101_ceb_10a_e8924043f406d49877c691496469edbcae4e11e9,complete,10,8,100.728,96.665,128.260,5.633
redbench_krid,rbk_0102_ceb_10a_e8942ed2622d9370ad67ddb0d39b33e2446f2bc9,complete,10,13,200.811,197.581,240.714,10.478
redbench_krid,rbk_0103_ceb_10a_e8b0a07d79cd98a96e50ab2d0c859936030fda81,complete,10,16,106.681,96.368,133.830,25.035
redbench_krid,rbk_0104_ceb_10a_e95248e3b6f97239f1f01a883a7a0174ba0f89c8,complete,10,9,174.829,159.688,204.310,15.817
redbench_krid,rbk_0105_ceb_10a_e9ac516bee17a66f3b5f535c07eba57db8919940,complete,10,12,135.583,126.328,163.355,7.679
redbench_krid,rbk_0106_ceb_10a_e9b5e684cc362cb0db36db22dbc02cf7665b63ea,complete,10,14,105.588,97.788,128.465,14.966
redbench_krid,rbk_0107_ceb_10a_ea08ea1abdca614e2940c38c7f2e7ba2ee0b55c3,complete,10,9,89.916,83.237,94.839,3.919
redbench_krid,rbk_0108_ceb_10a_eaad1501c4f94ebaaeaf85c106d8a1553094ac1f,complete,10,10,508.393,486.041,565.145,33.477
redbench_krid,rbk_0109_ceb_10a_eab89aa5e2db03c9d39da9fc62b801a41aa9ec20,complete,10,17,128.536,115.024,167.480,11.420
redbench_krid,rbk_0110_ceb_10a_eae1b96ca45b9780fa4b73861dd13a7ddcabbc1c,complete,10,10,109.864,102.136,136.612,8.148
redbench_krid,rbk_0111_ceb_10a_eb4716f3bbdab77fad65db383765e06f3380544f,complete,10,12,176.773,165.788,188.153,8.446
redbench_krid,rbk_0112_ceb_10a_eb6b3934d0f9ab07714a447836d7d78d95cea3fe,complete,10,11,127.175,121.753,142.915,7.391
redbench_krid,rbk_0113_ceb_10a_eb7e26fd748743c0efc70dc0d78af2d677250ecd,complete,10,11,85.979,76.527,105.964,8.945
redbench_krid,rbk_0114_ceb_10a_eb98158940ead9ba9fdcffe2f3e6e1043e1c5f12,complete,10,10,214.771,197.799,286.278,14.899
redbench_krid,rbk_0115_ceb_10a_ebc0096686849e672f8aa9e370790fd6300171a5,complete,10,15,94.692,75.525,122.015,30.527
redbench_krid,rbk_0116_ceb_10a_ebd6c0345763e1e63dbd86cd6643c047973ac117,complete,10,21,123.346,117.041,129.810,8.186
redbench_krid,rbk_0117_ceb_10a_ec081931755de620e383f166feadae99a6116124,complete,10,15,111.808,103.038,132.885,7.305
redbench_krid,rbk_0118_ceb_10a_ec42ff939910e0b6eb6b4ed2c076ad6f0f436f69,complete,10,28,178.868,169.347,194.893,6.985
redbench_krid,rbk_0119_ceb_10a_ecdd4978e9d24b4c8499eda005d513625da5fbc4,complete,10,14,141.969,132.496,172.549,13.445
redbench_krid,rbk_0120_ceb_10a_ed149305c687ec1822653d609e8a24817cd5c230,complete,10,34,96.018,87.403,136.750,7.592
redbench_krid,rbk_0121_ceb_10a_ed14acd0f2174d63add65344e8a467f447baa85f,complete,10,10,89.097,81.845,117.242,8.106
redbench_krid,rbk_0122_ceb_10a_ed3c629368ef38b0d115f8a5f80a4c90deee8709,complete,10,10,79.210,76.210,105.312,3.454
redbench_krid,rbk_0123_ceb_10a_ed4a0bc0f284af9f1a3aa3325e1add4782492ef7,complete,10,44,88.008,83.583,93.954,5.227
redbench_krid,rbk_0124_ceb_10a_edd332d4930c0f02422546ac2c9d01547de5f922,complete,10,14,125.402,111.035,150.359,11.877
redbench_krid,rbk_0125_ceb_10a_edd68bd929938e0cc8ac744fcc23eb4fafb7c058,complete,10,28,136.661,122.731,147.089,8.505
redbench_krid,rbk_0126_ceb_10a_ee423a8d6faede22d31f2aab78dc79ae4506e820,complete,10,52,74.623,71.953,79.091,1.635
redbench_krid,rbk_0127_ceb_10a_ee46877d0663a810ad9b22e83fd05ad02863eb0d,complete,10,157,108.529,101.454,118.948,4.420
redbench_krid,rbk_0128_ceb_10a_ee489237fd2d594d0118bb06205e71eb077ed3d7,complete,10,14,72.595,69.876,76.174,2.126
redbench_krid,rbk_0129_ceb_10a_ee5608d013aac6fcf50c2c7ae16c6b6a50afde53,complete,10,15,178.059,164.058,185.582,6.988
redbench_krid,rbk_0130_ceb_10a_ee5f4f2e4e7d47179981b1a2e72ed3d1ac507f9a,complete,10,15,120.947,108.195,134.361,10.463
redbench_krid,rbk_0131_ceb_10a_eeb273099477dcd7b048f4ef8abf94dffc50f9ac,complete,10,40,117.430,107.942,131.748,6.912
redbench_krid,rbk_0132_ceb_10a_eecc9badd6e377224a6f7b122ef7ec70120c629f,complete,10,12,114.518,107.532,121.335,6.863
redbench_krid,rbk_0133_ceb_10a_ef3476260a728827dd04b802cfd0965f2af88d9a,complete,10,17,79.109,73.675,86.441,7.651
redbench_krid,rbk_0134_ceb_10a_ef4c56613ad818333fdc8a95b6afc78f0fb83ee3,complete,10,13,128.048,120.528,141.214,3.774
redbench_krid,rbk_0135_ceb_10a_ef72cb3f791fca483385961867e5dd6270585c5b,complete,10,30,117.596,110.916,128.869,6.330
redbench_krid,rbk_0136_ceb_10a_ef8d553c6def9ae9e52686030ec861707f76147e,complete,10,84,165.406,154.034,191.491,14.234
redbench_krid,rbk_0137_ceb_10a_ef9ae27aa234cbafa3cde0767006aaaee8cd970c,complete,10,11,183.766,166.318,210.678,21.282
redbench_krid,rbk_0138_ceb_10a_efcf6366c9b9775682ba5620b48627c75d91242b,complete,10,13,124.514,114.647,130.629,4.847
redbench_krid,rbk_0139_ceb_10a_f01b2eb575db47e3c4c5f9622d94b5e988ad78d4,complete,10,20,78.583,69.268,86.492,10.485
redbench_krid,rbk_0140_ceb_10a_f0bad71831be9b9433539dbfa9e5db3e2b5c18cb,complete,10,16,183.255,173.548,190.371,11.510
redbench_krid,rbk_0141_ceb_10a_f0dcb01f769647a072a93c3b4fcd22910442da26,complete,10,33,81.983,77.741,107.467,6.141
redbench_krid,rbk_0142_ceb_10a_f0fbb474a6fb9c857e3983bf21ffb6a7798ab617,complete,10,177,263.951,250.675,282.243,18.812
redbench_krid,rbk_0143_ceb_10a_f1858a80cec40459faae312ecf18caa8b02e2928,complete,10,17,98.177,93.240,115.485,9.787
redbench_krid,rbk_0144_ceb_10a_f193f0a7c97a00ea8d55103b0f73d9f890d03832,complete,10,16,155.204,146.662,160.031,8.838
redbench_krid,rbk_0145_ceb_10a_f1abdecb7328db05a465d42d406a8132a36de9ab,complete,10,44,137.421,124.809,148.171,17.198
redbench_krid,rbk_0146_ceb_10a_f1e9a05a339c6b7362ed3561ebf66cd7954a2c86,complete,10,11,91.217,84.113,107.957,7.004
redbench_krid,rbk_0147_ceb_10a_f1fca4bb9857f5fd44f291472d651985df18d2b0,complete,10,12,109.291,99.962,120.131,2.125
redbench_krid,rbk_0148_ceb_10a_f2064923351388e03d492e7de432394e3da92046,complete,10,13,171.204,151.524,187.106,16.869
redbench_krid,rbk_0149_ceb_10a_f2a3d4276497bb81578f5588fabc559a57977ccb,complete,10,19,102.681,96.500,107.266,2.853
redbench_krid,rbk_0150_ceb_10a_f2deef7e2e7222180691d84c6494482b75fdf688,complete,10,32,114.200,106.860,135.307,2.680
redbench_krid,rbk_0151_ceb_10a_f33c42be8454d0e1823e578572022699fb67185d,complete,10,20,154.579,147.143,160.039,5.679
redbench_krid,rbk_0152_ceb_10a_f3539a984a8f057f6ba513c293593bdbb8ec523c,complete,10,25,81.441,74.906,104.032,9.311
redbench_krid,rbk_0153_ceb_10a_f430d8243eb06353fbd716ac9a77eb09a36de5c7,complete,10,14,95.473,89.089,102.142,5.434
redbench_krid,rbk_0154_ceb_10a_f44e11e05312751aed578e99662faaef39704609,complete,10,18,127.762,113.044,142.173,10.943
redbench_krid,rbk_0155_ceb_10a_f460a60054ccdc407d6f43f7ec2e3b68734e9284,complete,10,15,73.398,69.177,79.832,2.881
redbench_krid,rbk_0156_ceb_10a_f5222dee1c1935921b046729a4440c588ae07ee5,complete,10,15,83.800,80.547,89.931,3.039
redbench_krid,rbk_0157_ceb_10a_f52ac3c7e71c470fc620ac74f4f6b98546930c44,complete,10,15,136.709,127.321,149.020,11.071
redbench_krid,rbk_0158_ceb_10a_f54faa893e4996e7208c627e55e8d2bdaa460e50,complete,10,13,155.185,144.502,161.200,7.673
redbench_krid,rbk_0159_ceb_10a_f55d37e667a4c3bd71cd84a11646e9640d198d75,complete,10,20,117.425,101.763,140.121,15.054
redbench_krid,rbk_0160_ceb_10a_f56ff35ed8e1a6a9cf58b839da47916f0530d6cc,complete,10,12,167.166,152.982,181.877,13.559
redbench_krid,rbk_0161_ceb_10a_f58ff1412a938bbdbf7970be4b4272a94d778a5f,complete,10,12,122.790,115.857,150.271,8.219
redbench_krid,rbk_0162_ceb_10a_f599ce082cdb192974438e659a158cfa6646d4c8,complete,10,12,161.913,138.179,182.490,6.143
redbench_krid,rbk_0163_ceb_10a_f62850911fa2239d86d6f0edeeb371d9b8f77431,complete,10,14,116.543,96.358,142.650,8.241
redbench_krid,rbk_0164_ceb_10a_f62b50fe30cf38b1656df742f919c18a7b2bd922,complete,10,14,100.172,91.938,120.042,6.826
redbench_krid,rbk_0165_ceb_10a_f636bf40b0c0b57bf8c6b4fcbbf278d189df19d3,complete,10,17,117.166,101.161,168.192,5.148
redbench_krid,rbk_0166_ceb_10a_f6830f5b3e0132a538039ea0e2fe693b9d281265,complete,10,11,115.689,105.114,125.938,8.905
redbench_krid,rbk_0167_ceb_10a_f6a29c2f08f9b0fd4b77006a7c2953d589825b21,complete,10,21,154.236,142.058,199.556,12.226
redbench_krid,rbk_0168_ceb_10a_f6beba9049546c04119c56b3ebc830b17e1cf4bc,complete,10,16,171.734,162.355,182.791,11.636
redbench_krid,rbk_0169_ceb_10a_f72a93edb877626a029820332a1864e88f3fa014,complete,10,17,105.595,97.340,148.747,10.317
redbench_krid,rbk_0170_ceb_10a_f7fb7e491d3aa362194045f0a8dd6408ad98ade0,complete,10,17,146.916,138.373,167.474,11.246
redbench_krid,rbk_0171_ceb_10a_f7fec7e3a6fc8e92b29c7222dcd1919ef3a348af,complete,10,15,74.181,70.698,78.277,3.624
redbench_krid,rbk_0172_ceb_10a_f84bcebe7bcddb94129666031473a9d3d30014e0,complete,10,23,161.518,147.805,165.671,10.812
redbench_krid,rbk_0173_ceb_10a_f8bc3ee18b967d17a31f74e33b0a6e4942f90250,complete,10,17,103.448,89.473,121.022,13.621
redbench_krid,rbk_0174_ceb_10a_f940aa79e650ae4167d9194891d16ff0a53bdcd9,complete,10,23,82.494,79.141,94.897,5.693
redbench_krid,rbk_0175_ceb_10a_f957488dffe52b327c1beabc8cfff94d0243ce47,complete,10,38,160.641,151.903,177.250,9.393
redbench_krid,rbk_0176_ceb_10a_fb0913174b4e0f6b782a510736a2c65a9636ed12,complete,10,21,103.892,94.262,130.124,7.202
redbench_krid,rbk_0177_ceb_10a_fbe7221b2bc751d53062208b3ae25604d04fbdb9,complete,10,23,80.756,77.480,85.165,2.981
redbench_krid,rbk_0178_ceb_10a_fc64416adca80a8f03d6e1e19d8088d3d27373c8,complete,10,21,88.654,85.249,93.119,2.676
redbench_krid,rbk_0179_ceb_10a_fcb7816e4d5887e8a5fd27142974c02491c09833,complete,10,22,88.592,83.502,96.058,5.091
redbench_krid,rbk_0180_ceb_10a_fcc1ca542628add1264f6a1afcfbe6f7d6bc5b5f,complete,10,18,76.600,74.530,84.507,2.252
redbench_krid,rbk_0181_ceb_10a_fcc58742b98426ab3b0c39979914c615637a2207,complete,10,19,107.734,105.040,115.815,2.721
redbench_krid,rbk_0182_ceb_10a_fce1432c9028f8e313a579905fb3eba9b785179d,complete,10,32,96.558,86.326,106.086,7.043
redbench_krid,rbk_0183_ceb_10a_fd0058725babf4fba5445b0226a9030da31f9aa8,complete,10,36,141.856,124.280,159.207,13.114
redbench_krid,rbk_0184_ceb_10a_fd26fe6762a3823baca81ef3c51ead7cf3c5e955,complete,10,26,129.070,122.054,138.226,9.513
redbench_krid,rbk_0185_ceb_10a_fd4595b17e8893f1919f57c23633b6707a56ee56,complete,10,31,85.775,79.387,94.144,5.016
redbench_krid,rbk_0186_ceb_10a_fd4b8a0b054d271c165b33f400cbe960df4eaeaf,complete,10,25,90.939,83.849,106.277,5.537
redbench_krid,rbk_0187_ceb_10a_fde055219af175b5eb19a7dc52449920e4abac50,complete,10,28,81.042,78.410,85.159,2.753
redbench_krid,rbk_0188_ceb_10a_fe2eb3a8d76a12f5a5487e0a328bd294353322ca,complete,10,25,108.748,97.377,121.817,7.695
redbench_krid,rbk_0189_ceb_10a_fe466f77ec0cd3dca2c428d45227925db297555a,complete,10,27,101.173,95.101,107.161,5.932
redbench_krid,rbk_0190_ceb_10a_fe908e2b6537a8d6acfd277573458dce0e168e28,complete,10,28,83.974,81.500,94.404,4.147
redbench_krid,rbk_0191_ceb_10a_feab1842e30c452abd391c3326d9e4ff34c6dc11,complete,10,31,77.587,70.320,83.683,6.586
redbench_krid,rbk_0192_ceb_10a_feb4a84432cbf3c03659dec9f994e45c20117dce,complete,10,36,85.450,80.528,90.330,3.913
redbench_krid,rbk_0193_ceb_10a_ff28e87026770d06e47c8133bde907e8f62af5f2,complete,10,74,138.231,127.040,142.092,9.081
redbench_krid,rbk_0194_ceb_10a_ff5392412c047db440be1c25a9368dca0af322a6,complete,10,38,87.846,84.561,91.585,3.359
redbench_krid,rbk_0195_ceb_10a_ff7e187ff73ce227ca49c7b4791037f242cdbde6,complete,10,601,189.231,185.533,195.219,4.191
redbench_krid,rbk_0196_ceb_10a_ffa89001847857aea332203f58817579edf17efa,complete,10,259,85.460,77.220,95.733,6.782
redbench_krid,rbk_0197_ceb_11a_eb243794685f8f9b2ef65553aebda230f460eb6d,complete,10,2,76.709,69.808,92.735,8.075
redbench_krid,rbk_0198_ceb_11a_ebb284fc44c1141e839de4198532df335288f73b,complete,10,2,40.163,37.616,43.325,1.884
redbench_krid,rbk_0199_ceb_11a_ec4667cb1394755b47c378781ad48e7743a75753,complete,10,2,60.258,54.330,71.873,13.040
redbench_krid,rbk_0200_ceb_11a_ec98265a4374f597343cb021db337ca23364e8f7,complete,10,2,44.882,40.910,53.677,6.459
redbench_krid,rbk_0201_ceb_11a_ed04455949aab1574048fc590f1286e1f79b8e9f,complete,10,2,32.746,29.688,39.963,3.346
redbench_krid,rbk_0202_ceb_11a_ed7a8a43d137155249fee8eb441e91268daf5c4b,complete,10,2,37.686,30.481,43.422,4.298
redbench_krid,rbk_0203_ceb_11a_ed9da39426256fa09894d153b95f336b00efd479,complete,10,2,36.316,32.159,38.287,2.929
redbench_krid,rbk_0204_ceb_11a_f1272c1bd587fb6c65930d68d5de36fe6114d6bc,complete,10,2,126.900,120.103,153.252,19.736
redbench_krid,rbk_0205_ceb_11a_f213acd903a8f78146c4f8994b404421927b9e44,complete,10,4,55.218,47.404,58.454,9.519
redbench_krid,rbk_0206_ceb_11a_f2d5079fdf958e09e1fdc5376760c2744fac8a84,complete,10,7,66.685,55.928,72.889,7.382
redbench_krid,rbk_0207_ceb_11a_f34113554e052e5efc93f99574e5e8d8066aef1f,complete,10,5,29.395,27.707,30.913,1.579
redbench_krid,rbk_0208_ceb_11a_f4f26f479dc6f89c77ea2ed87af5d28a83d65551,complete,10,2,96.165,89.108,111.076,12.286
redbench_krid,rbk_0209_ceb_11a_f6ba0015a5ebc1750281041f71a367e22e487fb7,complete,10,4,21.096,20.254,25.118,2.143
redbench_krid,rbk_0210_ceb_11a_f7b9e7d4a36c8cbb783d3e3d1ecb76c98d6d1bd1,complete,10,4,27.401,26.631,30.704,2.335
redbench_krid,rbk_0211_ceb_11a_f98be05f103f7c2cce3c2dca1c0d0833ec50f0b9,complete,10,4,31.454,30.465,34.313,1.003
redbench_krid,rbk_0212_ceb_11a_f9d4327aa29ac7f5277b79882381641fea12a7f6,complete,10,3,115.990,111.065,127.405,8.558
redbench_krid,rbk_0213_ceb_11a_faafcf46b86562030be4950ef34e81ece39d97ba,complete,10,4,33.344,31.292,44.385,1.580
redbench_krid,rbk_0214_ceb_11a_fbac0d23c5266c1594905f03aad47b367ae6fb15,complete,10,4,56.499,53.544,59.391,1.964
redbench_krid,rbk_0215_ceb_11a_fcd0ecd19dfceed5f87d0f4576bd9ab255c13f2b,complete,10,6,57.573,48.621,66.540,9.180
redbench_krid,rbk_0216_ceb_11a_fdac0e602405ac158554ecf456acfebab3a248c0,complete,10,8,47.367,42.958,52.860,3.764
redbench_krid,rbk_0217_ceb_11a_fe9f99ecc087c8840691c9b100708bfa43569855,complete,10,9,67.220,64.580,72.719,2.906
redbench_krid,rbk_0218_ceb_11b_fa82403fc20c115da7e2792c6a8d1709dc3103c2,complete,10,4,46.922,44.396,51.274,2.911
redbench_krid,rbk_0219_ceb_11b_faa664f95c3616029abcea945f61cbcb161988c3,complete,10,4,72.044,67.292,83.933,7.669
redbench_krid,rbk_0220_ceb_11b_fba89ef98da86c0c43de692587c8e714a014db6b,complete,10,4,109.364,84.342,117.286,13.501
redbench_krid,rbk_0221_ceb_11b_fcb7a4ba993cb02d53b88947e9b9d73964dce26a,complete,10,9,60.687,56.073,66.950,2.112
redbench_krid,rbk_0222_ceb_11b_fce5c5de24dbf6034bb0b4698816bc2b19670dce,complete,10,65,92.621,87.095,107.679,5.984
redbench_krid,rbk_0223_ceb_11b_fff7b3029c1269dafc8a42b3a1cf7cc0e994fd15,complete,10,85,128.100,106.332,138.115,18.958
redbench_krid,rbk_0224_ceb_1a_1a975,complete,10,1,134.274,91.768,137.245,16.510
redbench_krid,rbk_0225_ceb_1a_1a976,complete,10,1,80.004,74.468,85.725,4.853
redbench_krid,rbk_0226_ceb_1a_1a977,complete,10,1,61.211,57.082,75.045,1.314
redbench_krid,rbk_0227_ceb_1a_1a978,complete,10,2,92.066,77.606,102.533,14.573
redbench_krid,rbk_0228_ceb_1a_1a979,complete,10,2,121.902,80.340,133.951,14.321
redbench_krid,rbk_0229_ceb_1a_1a98,complete,10,1,61.209,56.990,67.858,6.532
redbench_krid,rbk_0230_ceb_1a_1a980,complete,10,3,69.600,64.816,73.585,3.601
redbench_krid,rbk_0231_ceb_1a_1a981,complete,10,3,59.331,54.766,67.701,6.032
redbench_krid,rbk_0232_ceb_1a_1a982,complete,10,2,113.912,87.220,128.744,15.421
redbench_krid,rbk_0233_ceb_1a_1a983,complete,10,3,56.782,47.712,63.033,6.953
redbench_krid,rbk_0234_ceb_1a_1a984,complete,10,2,101.551,82.254,112.912,13.393
redbench_krid,rbk_0235_ceb_1a_1a985,complete,10,2,97.427,84.067,103.917,4.989
redbench_krid,rbk_0236_ceb_1a_1a986,complete,10,4,56.096,52.414,67.332,4.502
redbench_krid,rbk_0237_ceb_1a_1a987,complete,10,7,92.501,86.661,104.355,9.760
redbench_krid,rbk_0238_ceb_1a_1a988,complete,10,6,150.775,113.132,168.988,11.394
redbench_krid,rbk_0239_ceb_1a_1a989,complete,10,9,74.116,66.007,78.337,3.466
redbench_krid,rbk_0240_ceb_1a_1a99,complete,10,4,109.323,86.079,120.726,21.603
redbench_krid,rbk_0241_ceb_1a_1a990,complete,10,5,105.642,90.390,122.723,16.622
redbench_krid,rbk_0242_ceb_1a_1a991,complete,10,5,84.728,74.439,97.118,7.647
redbench_krid,rbk_0243_ceb_1a_1a992,complete,10,5,60.210,54.069,72.580,7.015
redbench_krid,rbk_0244_ceb_1a_1a993,complete,10,7,68.599,59.139,80.399,13.674
redbench_krid,rbk_0245_ceb_1a_1a994,complete,10,3,77.941,70.077,95.361,4.342
redbench_krid,rbk_0246_ceb_1a_1a995,complete,10,6,47.002,45.713,53.011,2.170
redbench_krid,rbk_0247_ceb_1a_1a996,complete,10,39,66.779,60.375,78.810,7.134
redbench_krid,rbk_0248_ceb_1a_1a997,complete,10,13,132.862,87.030,169.335,13.465
redbench_krid,rbk_0249_ceb_1a_1a998,complete,10,24,54.175,49.779,57.586,1.481
redbench_krid,rbk_0250_ceb_1a_1a999,complete,10,99,81.858,69.351,95.735,4.579
redbench_krid,rbk_0251_ceb_2a_2a872,complete,10,1,68.722,64.372,76.454,1.769
redbench_krid,rbk_0252_ceb_2a_2a873,complete,10,1,65.850,63.006,71.360,3.605
redbench_krid,rbk_0253_ceb_2a_2a874,complete,10,1,57.848,54.376,73.797,6.043
redbench_krid,rbk_0254_ceb_2a_2a875,complete,10,1,83.750,76.932,89.843,8.429
redbench_krid,rbk_0255_ceb_2a_2a876,complete,10,1,44.037,40.914,46.894,3.589
redbench_krid,rbk_0256_ceb_2a_2a877,complete,10,1,34.137,31.128,35.579,2.648
redbench_krid,rbk_0257_ceb_2a_2a878,complete,10,1,65.128,57.904,75.676,7.804
redbench_krid,rbk_0258_ceb_2a_2a879,complete,10,1,38.204,33.807,44.832,1.879
redbench_krid,rbk_0259_ceb_2a_2a880,complete,10,1,52.916,45.129,63.304,8.475
redbench_krid,rbk_0260_ceb_2a_2a881,complete,10,1,134.017,118.394,153.601,7.169
redbench_krid,rbk_0261_ceb_2a_2a882,complete,10,1,53.666,48.942,56.796,3.555
redbench_krid,rbk_0262_ceb_2a_2a883,complete,10,1,118.035,107.579,137.206,9.041
redbench_krid,rbk_0263_ceb_2a_2a884,complete,10,1,45.686,41.071,52.977,5.706
redbench_krid,rbk_0264_ceb_2a_2a885,complete,10,1,84.993,73.384,94.640,12.552
redbench_krid,rbk_0265_ceb_2a_2a886,complete,10,1,52.241,48.756,55.531,2.091
redbench_krid,rbk_0266_ceb_2a_2a887,complete,10,1,42.604,40.489,46.338,3.952
redbench_krid,rbk_0267_ceb_2a_2a888,complete,10,1,68.810,64.339,72.399,3.153
redbench_krid,rbk_0268_ceb_2a_2a889,complete,10,1,51.469,48.777,52.611,1.154
redbench_krid,rbk_0269_ceb_2a_2a89,complete,10,1,74.292,68.095,76.266,3.532
redbench_krid,rbk_0270_ceb_2a_2a890,complete,10,1,82.770,69.628,89.420,7.861
redbench_krid,rbk_0271_ceb_2a_2a891,complete,10,1,98.720,80.043,110.525,9.942
redbench_krid,rbk_0272_ceb_2a_2a892,complete,10,1,43.384,36.305,44.765,4.799
redbench_krid,rbk_0273_ceb_2a_2a894,complete,10,1,201.007,189.975,241.792,20.005
redbench_krid,rbk_0274_ceb_2a_2a895,complete,10,1,45.980,40.763,49.980,3.618
redbench_krid,rbk_0275_ceb_2a_2a896,complete,10,1,55.695,50.081,63.691,4.612
redbench_krid,rbk_0276_ceb_2a_2a897,complete,10,1,91.506,86.812,99.595,3.977
redbench_krid,rbk_0277_ceb_2a_2a898,complete,10,1,53.553,48.248,57.535,4.955
redbench_krid,rbk_0278_ceb_2a_2a899,complete,10,1,67.180,64.025,73.405,2.768
redbench_krid,rbk_0279_ceb_2a_2a9,complete,10,1,63.665,57.513,70.816,5.938
redbench_krid,rbk_0280_ceb_2a_2a90,complete,10,1,50.119,41.768,53.239,3.615
redbench_krid,rbk_0281_ceb_2a_2a900,complete,10,1,98.013,88.475,114.125,7.297
redbench_krid,rbk_0282_ceb_2a_2a91,complete,10,1,36.602,31.396,41.157,3.424
redbench_krid,rbk_0283_ceb_2a_2a92,complete,10,1,49.938,42.558,57.495,4.739
redbench_krid,rbk_0284_ceb_2a_2a93,complete,10,1,87.064,79.429,99.489,7.564
redbench_krid,rbk_0285_ceb_2a_2a94,complete,10,4,88.970,83.979,107.344,5.243
redbench_krid,rbk_0286_ceb_2a_2a95,complete,10,2,82.022,74.820,92.308,4.506
redbench_krid,rbk_0287_ceb_2a_2a96,complete,10,4,153.734,141.796,165.728,14.295
redbench_krid,rbk_0288_ceb_2a_2a97,complete,10,8,38.882,35.021,41.125,2.321
redbench_krid,rbk_0289_ceb_2a_2a98,complete,10,7,39.694,34.822,41.411,1.271
redbench_krid,rbk_0290_ceb_2a_2a99,complete,10,11,34.924,32.263,38.432,1.135
redbench_krid,rbk_0291_ceb_2b_2b82,complete,10,1,39.270,36.514,40.977,2.068
redbench_krid,rbk_0292_ceb_2b_2b83,complete,10,1,51.951,49.274,59.219,2.127
redbench_krid,rbk_0293_ceb_2b_2b84,complete,10,1,157.363,146.316,179.353,15.840
redbench_krid,rbk_0294_ceb_2b_2b85,complete,10,1,77.680,66.191,83.623,7.762
redbench_krid,rbk_0295_ceb_2b_2b86,complete,10,1,54.237,49.765,57.581,2.687
redbench_krid,rbk_0296_ceb_2b_2b87,complete,10,1,59.737,55.741,62.327,1.251
redbench_krid,rbk_0297_ceb_2b_2b88,complete,10,1,95.377,93.471,102.313,3.574
redbench_krid,rbk_0298_ceb_2b_2b89,complete,10,1,75.528,64.491,89.072,7.972
redbench_krid,rbk_0299_ceb_2b_2b9,complete,10,1,48.856,46.874,54.454,2.888
redbench_krid,rbk_0300_ceb_2b_2b90,complete,10,1,105.719,94.367,125.482,10.868
redbench_krid,rbk_0301_ceb_2b_2b91,complete,10,1,102.392,88.982,115.928,9.251
redbench_krid,rbk_0302_ceb_2b_2b92,complete,10,1,44.905,38.724,54.612,5.730
redbench_krid,rbk_0303_ceb_2b_2b93,complete,10,1,35.850,34.318,46.157,1.533
redbench_krid,rbk_0304_ceb_2b_2b94,complete,10,3,54.923,50.601,58.657,4.104
redbench_krid,rbk_0305_ceb_2b_2b95,complete,10,3,87.583,79.002,110.578,13.367
redbench_krid,rbk_0306_ceb_2b_2b96,complete,10,5,38.419,33.631,46.886,1.463
redbench_krid,rbk_0307_ceb_2b_2b97,complete,10,5,67.323,65.214,70.807,4.575
redbench_krid,rbk_0308_ceb_2b_2b98,complete,10,7,63.992,63.145,76.300,1.757
redbench_krid,rbk_0309_ceb_2b_2b99,complete,10,11,99.501,90.704,104.168,5.837
redbench_krid,rbk_0310_ceb_2c_2c70,complete,10,1,26.566,24.789,28.849,2.449
redbench_krid,rbk_0311_ceb_2c_2c71,complete,10,1,30.261,28.178,34.678,2.407
redbench_krid,rbk_0312_ceb_2c_2c72,complete,10,1,36.877,33.303,38.787,1.757
redbench_krid,rbk_0313_ceb_2c_2c73,complete,10,1,40.030,38.177,44.074,1.169
redbench_krid,rbk_0314_ceb_2c_2c74,complete,10,1,42.719,42.372,45.051,0.879
redbench_krid,rbk_0315_ceb_2c_2c75,complete,10,1,29.645,28.475,34.113,1.319
redbench_krid,rbk_0316_ceb_2c_2c76,complete,10,1,28.041,26.674,31.485,2.466
redbench_krid,rbk_0317_ceb_2c_2c77,complete,10,1,30.117,28.364,32.655,2.025
redbench_krid,rbk_0318_ceb_2c_2c78,complete,10,2,25.822,24.698,26.916,0.858
redbench_krid,rbk_0319_ceb_2c_2c79,complete,10,2,40.637,39.230,56.615,1.449
redbench_krid,rbk_0320_ceb_2c_2c8,complete,10,3,34.015,29.101,35.825,3.214
redbench_krid,rbk_0321_ceb_2c_2c80,complete,10,3,30.464,28.666,34.963,1.649
redbench_krid,rbk_0322_ceb_2c_2c81,complete,10,7,28.282,26.951,30.099,1.239
redbench_krid,rbk_0323_ceb_2c_2c82,complete,10,8,28.154,26.973,30.219,0.953
redbench_krid,rbk_0324_ceb_2c_2c83,complete,10,5,36.643,35.563,37.924,1.245
redbench_krid,rbk_0325_ceb_2c_2c84,complete,10,2,27.026,24.278,27.624,1.030
redbench_krid,rbk_0326_ceb_2c_2c85,complete,10,2,45.588,43.775,52.512,1.938
redbench_krid,rbk_0327_ceb_2c_2c86,complete,10,2,37.169,35.009,38.660,2.697
redbench_krid,rbk_0328_ceb_2c_2c87,complete,10,2,34.984,33.502,36.147,0.410
redbench_krid,rbk_0329_ceb_2c_2c88,complete,10,4,30.540,28.702,33.581,1.271
redbench_krid,rbk_0330_ceb_2c_2c89,complete,10,4,31.773,29.604,32.178,0.694
redbench_krid,rbk_0331_ceb_2c_2c9,complete,10,5,26.885,25.228,27.682,0.865
redbench_krid,rbk_0332_ceb_2c_2c90,complete,10,2,43.475,39.337,46.690,1.695
redbench_krid,rbk_0333_ceb_2c_2c91,complete,10,4,38.305,37.570,42.722,0.889
redbench_krid,rbk_0334_ceb_2c_2c92,complete,10,2,28.478,27.163,29.863,1.975
redbench_krid,rbk_0335_ceb_2c_2c93,complete,10,2,57.980,51.564,58.756,3.212
redbench_krid,rbk_0336_ceb_2c_2c94,complete,10,3,25.493,22.229,26.486,1.573
redbench_krid,rbk_0337_ceb_2c_2c95,complete,10,13,29.517,28.789,31.708,0.434
redbench_krid,rbk_0338_ceb_2c_2c96,complete,10,10,22.906,22.259,24.386,0.941
redbench_krid,rbk_0339_ceb_2c_2c97,complete,10,8,27.581,27.093,28.236,0.394
redbench_krid,rbk_0340_ceb_2c_2c98,complete,10,6,34.398,32.919,35.087,1.465
redbench_krid,rbk_0341_ceb_2c_2c99,complete,10,6,38.477,37.072,40.159,1.526
redbench_krid,rbk_0342_ceb_3a_3a969,complete,10,1,40.316,38.264,43.357,1.541
redbench_krid,rbk_0343_ceb_3a_3a97,complete,10,1,37.838,36.575,42.011,1.026
redbench_krid,rbk_0344_ceb_3a_3a970,complete,10,1,47.519,44.140,53.517,2.370
redbench_krid,rbk_0345_ceb_3a_3a971,complete,10,1,34.028,31.030,35.818,2.093
redbench_krid,rbk_0346_ceb_3a_3a972,complete,10,1,70.761,61.320,75.860,3.913
redbench_krid,rbk_0347_ceb_3a_3a973,complete,10,1,39.934,38.149,42.489,2.113
redbench_krid,rbk_0348_ceb_3a_3a974,complete,10,1,36.905,34.936,42.971,1.238
redbench_krid,rbk_0349_ceb_3a_3a975,complete,10,2,40.367,38.523,41.592,0.395
redbench_krid,rbk_0350_ceb_3a_3a976,complete,10,1,44.026,41.346,47.609,2.331
redbench_krid,rbk_0351_ceb_3a_3a977,complete,10,3,31.099,26.432,33.669,0.687
redbench_krid,rbk_0352_ceb_3a_3a978,complete,10,3,28.675,25.725,29.504,0.652
redbench_krid,rbk_0353_ceb_3a_3a979,complete,10,5,32.084,28.188,35.794,0.981
redbench_krid,rbk_0354_ceb_3a_3a98,complete,10,6,47.115,45.382,62.294,0.666
redbench_krid,rbk_0355_ceb_3a_3a980,complete,10,6,46.358,39.924,50.118,4.031
redbench_krid,rbk_0356_ceb_3a_3a981,complete,10,2,39.914,36.751,43.984,4.342
redbench_krid,rbk_0357_ceb_3a_3a982,complete,10,8,37.309,35.808,38.901,0.894
redbench_krid,rbk_0358_ceb_3a_3a983,complete,10,7,37.648,35.143,41.680,3.973
redbench_krid,rbk_0359_ceb_3a_3a984,complete,10,3,42.230,38.651,44.266,1.744
redbench_krid,rbk_0360_ceb_3a_3a985,complete,10,12,50.898,46.986,55.309,2.086
redbench_krid,rbk_0361_ceb_3a_3a986,complete,10,8,35.257,33.564,38.642,1.418
redbench_krid,rbk_0362_ceb_3a_3a987,complete,10,8,35.539,32.583,36.635,1.682
redbench_krid,rbk_0363_ceb_3a_3a988,complete,10,8,53.129,50.831,57.330,1.366
redbench_krid,rbk_0364_ceb_3a_3a989,complete,10,7,37.559,35.235,43.692,1.994
redbench_krid,rbk_0365_ceb_3a_3a99,complete,10,3,43.161,41.754,51.333,3.745
redbench_krid,rbk_0366_ceb_3a_3a990,complete,10,4,29.688,29.346,31.061,1.047
redbench_krid,rbk_0367_ceb_3a_3a991,complete,10,4,43.706,41.198,51.240,3.660
redbench_krid,rbk_0368_ceb_3a_3a992,complete,10,6,92.456,87.930,104.652,6.866
redbench_krid,rbk_0369_ceb_3a_3a993,complete,10,6,61.710,56.473,70.561,7.358
redbench_krid,rbk_0370_ceb_3a_3a994,complete,10,7,53.399,49.943,56.390,2.990
redbench_krid,rbk_0371_ceb_3a_3a995,complete,10,8,69.772,67.068,74.748,4.090
redbench_krid,rbk_0372_ceb_3a_3a996,complete,10,12,36.659,36.148,44.405,1.880
redbench_krid,rbk_0373_ceb_3a_3a997,complete,10,22,45.129,44.242,48.163,1.191
redbench_krid,rbk_0374_ceb_3a_3a998,complete,10,31,47.971,45.520,50.473,1.455
redbench_krid,rbk_0375_ceb_3a_3a999,complete,10,19,63.013,60.218,68.346,5.824
redbench_krid,rbk_0376_ceb_3b_e59adca312bd6d35e2e139ec1ce22ced26a5dbdc,complete,10,1,74.206,67.541,82.853,3.803
redbench_krid,rbk_0377_ceb_3b_e6b9fdcfc3f87025a316ff7ed981878b9dd458e4,complete,10,3,87.615,80.262,92.334,4.058
redbench_krid,rbk_0378_ceb_3b_e7df59717446feb4b552dafd46eb677464a2be03,complete,10,3,71.441,65.044,74.413,5.770
redbench_krid,rbk_0379_ceb_3b_e8cfae962037af8db58adbfabfe5991f6182672b,complete,10,3,109.310,87.515,119.653,9.003
redbench_krid,rbk_0380_ceb_3b_ead3ecaa953bc3b749c551fd7281ab14bc790f2e,complete,10,3,101.528,100.096,109.146,3.351
redbench_krid,rbk_0381_ceb_3b_eb08f12ab91c3393853ad0759149296ed031caa4,complete,10,5,104.523,99.047,110.002,3.581
redbench_krid,rbk_0382_ceb_3b_ebbea92fdee71475d0a8fbad30943a58addb7a06,complete,10,3,79.166,71.432,89.008,9.113
redbench_krid,rbk_0383_ceb_3b_ec2b4cc710cf44fc3fde234849e15a1ed7acaba3,complete,10,4,110.627,104.420,116.169,3.132
redbench_krid,rbk_0384_ceb_3b_efb0d163b7120b2071034bdfb643141b6881021a,complete,10,6,100.362,96.801,103.273,1.964
redbench_krid,rbk_0385_ceb_3b_f0ab88ea73f80c504d9c1f7b589e23f31afa1711,complete,10,6,84.175,79.754,86.417,5.188
redbench_krid,rbk_0386_ceb_3b_f161cc61f4db0dabb4c83e8326076e65f06ae0b2,complete,10,2,114.004,110.709,120.227,4.213
redbench_krid,rbk_0387_ceb_3b_f22f79bc744b76708a4df0b54667d603e0b3d9ce,complete,10,2,104.811,102.743,110.950,4.145
redbench_krid,rbk_0388_ceb_3b_f3f84c3944f4fb5d1233e5289d7d51cbc9340189,complete,10,3,102.534,82.777,108.831,5.358
redbench_krid,rbk_0389_ceb_3b_f6c6843d0c764b97b771f567c9c583c77643a297,complete,10,2,94.484,88.213,102.154,8.754
redbench_krid,rbk_0390_ceb_3b_f72ae1e9e69a0ac1ec1151bbe0eafd97812bd617,complete,10,7,105.030,102.730,113.240,1.718
redbench_krid,rbk_0391_ceb_3b_f7513857db703140b1d5efcead290c35052d39bc,complete,10,3,89.136,85.462,92.875,2.743
redbench_krid,rbk_0392_ceb_3b_f99e0814bf150936022d6c4ffdea46e5b8954c35,complete,10,8,97.121,76.658,105.090,5.241
redbench_krid,rbk_0393_ceb_3b_faa74ba0386680d13e4895a49ee5f8ccdbb5c2f9,complete,10,7,86.618,82.902,93.281,2.968
redbench_krid,rbk_0394_ceb_3b_fc6056da9af2dfcc071373f82d93dad97111ca5d,complete,10,7,102.888,100.175,106.276,3.234
redbench_krid,rbk_0395_ceb_3b_feeb0bec5b80d5409d1c420e000ea0e8c6cec6ba,complete,10,11,99.541,95.436,105.793,5.523
redbench_krid,rbk_0396_ceb_3b_ff7b376cf38c8e80ec4ed702f956a20b23144109,complete,10,7,116.450,96.754,128.874,8.310
redbench_krid,rbk_0397_ceb_3b_ff942a1052c1a10be7e152823a06322c07a314a3,complete,10,23,100.805,98.628,106.472,2.166
redbench_krid,rbk_0398_ceb_5a_5a959,complete,10,1,89.049,81.940,94.246,6.469
redbench_krid,rbk_0399_ceb_5a_5a96,complete,10,1,58.120,57.006,59.038,0.953
redbench_krid,rbk_0400_ceb_5a_5a960,complete,10,1,96.277,89.969,101.746,2.476
redbench_krid,rbk_0401_ceb_5a_5a961,complete,10,1,100.767,97.253,110.074,4.368
redbench_krid,rbk_0402_ceb_5a_5a962,complete,10,1,98.886,94.815,106.565,3.279
redbench_krid,rbk_0403_ceb_5a_5a963,complete,10,1,93.340,87.989,97.038,6.051
redbench_krid,rbk_0404_ceb_5a_5a964,complete,10,1,62.944,61.958,63.886,1.033
redbench_krid,rbk_0405_ceb_5a_5a965,complete,10,1,104.242,100.809,127.425,4.354
redbench_krid,rbk_0406_ceb_5a_5a966,complete,10,1,105.056,97.012,108.655,3.714
redbench_krid,rbk_0407_ceb_5a_5a967,complete,10,1,80.673,75.744,84.164,0.712
redbench_krid,rbk_0408_ceb_5a_5a968,complete,10,1,100.583,91.122,105.580,3.089
redbench_krid,rbk_0409_ceb_5a_5a969,complete,10,1,79.121,77.656,85.074,2.949
redbench_krid,rbk_0410_ceb_5a_5a97,complete,10,1,135.954,130.200,142.310,5.584
redbench_krid,rbk_0411_ceb_5a_5a970,complete,10,1,94.519,88.362,131.145,6.296
redbench_krid,rbk_0412_ceb_5a_5a971,complete,10,1,115.050,109.932,122.041,1.541
redbench_krid,rbk_0413_ceb_5a_5a972,complete,10,1,72.648,70.419,123.026,2.039
redbench_krid,rbk_0414_ceb_5a_5a973,complete,10,1,86.969,79.386,96.499,4.740
redbench_krid,rbk_0415_ceb_5a_5a974,complete,10,1,69.018,66.533,73.042,4.014
redbench_krid,rbk_0416_ceb_5a_5a975,complete,10,1,90.816,83.569,100.315,5.770
redbench_krid,rbk_0417_ceb_5a_5a976,complete,10,1,110.505,105.551,124.058,5.478
redbench_krid,rbk_0418_ceb_5a_5a977,complete,10,1,81.776,75.079,88.921,3.140
redbench_krid,rbk_0419_ceb_5a_5a978,complete,10,1,70.927,67.836,79.752,1.370
redbench_krid,rbk_0420_ceb_5a_5a979,complete,10,1,76.082,71.757,85.788,3.300
redbench_krid,rbk_0421_ceb_5a_5a98,complete,10,1,92.447,86.424,97.903,3.957
redbench_krid,rbk_0422_ceb_5a_5a980,complete,10,1,94.494,91.378,102.543,1.541
redbench_krid,rbk_0423_ceb_5a_5a981,complete,10,1,83.855,73.584,85.480,4.040
redbench_krid,rbk_0424_ceb_5a_5a982,complete,10,1,100.924,97.094,106.873,3.240
redbench_krid,rbk_0425_ceb_5a_5a983,complete,10,1,84.110,80.557,89.000,3.129
redbench_krid,rbk_0426_ceb_5a_5a984,complete,10,6,98.510,95.033,103.537,3.721
redbench_krid,rbk_0427_ceb_5a_5a985,complete,10,3,81.111,77.304,85.017,4.226
redbench_krid,rbk_0428_ceb_5a_5a986,complete,10,3,38.945,37.287,41.579,1.565
redbench_krid,rbk_0429_ceb_5a_5a987,complete,10,3,82.017,77.047,86.618,1.709
redbench_krid,rbk_0430_ceb_5a_5a988,complete,10,2,103.540,89.689,109.514,4.769
redbench_krid,rbk_0431_ceb_5a_5a989,complete,10,8,85.249,81.137,87.839,2.551
redbench_krid,rbk_0432_ceb_5a_5a99,complete,10,4,89.428,87.080,93.164,2.358
redbench_krid,rbk_0433_ceb_5a_5a990,complete,10,3,107.963,99.745,115.597,5.596
redbench_krid,rbk_0434_ceb_5a_5a991,complete,10,4,72.618,67.000,78.083,1.710
redbench_krid,rbk_0435_ceb_5a_5a992,complete,10,3,105.514,100.100,111.940,3.656
redbench_krid,rbk_0436_ceb_5a_5a993,complete,10,2,98.682,88.234,106.405,1.620
redbench_krid,rbk_0437_ceb_5a_5a994,complete,10,7,116.952,109.299,130.624,3.804
redbench_krid,rbk_0438_ceb_5a_5a995,complete,10,10,120.138,111.100,129.569,7.127
redbench_krid,rbk_0439_ceb_5a_5a996,complete,10,9,88.409,82.924,92.809,4.863
redbench_krid,rbk_0440_ceb_5a_5a997,complete,10,10,97.723,91.578,103.875,3.817
redbench_krid,rbk_0441_ceb_5a_5a998,complete,10,11,79.773,73.144,82.509,2.136
redbench_krid,rbk_0442_ceb_5a_5a999,complete,10,12,69.540,66.236,71.861,1.662
redbench_krid,rbk_0443_ceb_8a_8a441,complete,10,3,37.047,35.787,39.303,1.061
redbench_krid,rbk_0444_ceb_8a_8a442,complete,10,3,80.788,71.776,83.687,5.259
redbench_krid,rbk_0445_ceb_8a_8a443,complete,10,3,58.486,50.859,62.065,1.984
redbench_krid,rbk_0446_ceb_8a_8a444,complete,10,1,146.406,129.530,160.526,12.049
redbench_krid,rbk_0447_ceb_8a_8a445,complete,10,4,172.915,143.350,196.064,21.536
redbench_krid,rbk_0448_ceb_8a_8a446,complete,10,3,70.186,65.734,75.382,4.428
redbench_krid,rbk_0449_ceb_8a_8a447,complete,10,3,24.462,23.096,27.009,1.558
redbench_krid,rbk_0450_ceb_8a_8a448,complete,10,2,97.728,88.934,103.171,6.350
redbench_krid,rbk_0451_ceb_8a_8a449,complete,10,2,28.625,27.504,31.976,1.231
redbench_krid,rbk_0452_ceb_8a_8a45,complete,10,2,33.681,29.827,36.563,3.752
redbench_krid,rbk_0453_ceb_8a_8a450,complete,10,2,55.850,52.877,60.283,4.510
redbench_krid,rbk_0454_ceb_8a_8a451,complete,10,1,48.620,38.490,51.282,1.584
redbench_krid,rbk_0455_ceb_8a_8a452,complete,10,3,143.816,124.561,153.231,11.273
redbench_krid,rbk_0456_ceb_8a_8a453,complete,10,1,33.220,27.901,47.570,6.575
redbench_krid,rbk_0457_ceb_8a_8a454,complete,10,2,76.096,63.442,102.618,13.412
redbench_krid,rbk_0458_ceb_8a_8a455,complete,10,3,183.633,168.888,207.286,18.200
redbench_krid,rbk_0459_ceb_8a_8a456,complete,10,3,34.431,33.111,43.018,3.648
redbench_krid,rbk_0460_ceb_8a_8a457,complete,10,1,22.470,19.485,32.515,6.184
redbench_krid,rbk_0461_ceb_8a_8a458,complete,10,1,128.930,108.107,138.174,8.593
redbench_krid,rbk_0462_ceb_8a_8a459,complete,10,1,88.573,68.936,93.763,16.369
redbench_krid,rbk_0463_ceb_8a_8a46,complete,10,3,145.868,138.009,162.634,13.635
redbench_krid,rbk_0464_ceb_8a_8a460,complete,10,2,151.198,126.395,169.927,16.634
redbench_krid,rbk_0465_ceb_8a_8a461,complete,10,1,48.430,46.474,55.336,3.588
redbench_krid,rbk_0466_ceb_8a_8a462,complete,10,3,17.341,16.599,18.426,0.620
redbench_krid,rbk_0467_ceb_8a_8a463,complete,10,3,82.469,69.309,86.408,7.429
redbench_krid,rbk_0468_ceb_8a_8a464,complete,10,2,40.698,39.649,45.845,2.136
redbench_krid,rbk_0469_ceb_8a_8a465,complete,10,3,87.583,79.952,96.270,1.288
redbench_krid,rbk_0470_ceb_8a_8a466,complete,10,1,21.736,20.510,29.997,0.736
redbench_krid,rbk_0471_ceb_8a_8a467,complete,10,3,46.115,43.798,49.996,2.625
redbench_krid,rbk_0472_ceb_8a_8a468,complete,10,3,34.846,33.325,39.738,1.813
redbench_krid,rbk_0473_ceb_8a_8a469,complete,10,5,74.162,62.563,88.847,14.834
redbench_krid,rbk_0474_ceb_8a_8a47,complete,10,3,231.572,205.806,236.090,9.702
redbench_krid,rbk_0475_ceb_8a_8a470,complete,10,3,160.482,150.093,185.469,13.467
redbench_krid,rbk_0476_ceb_8a_8a471,complete,10,3,27.986,25.450,30.025,2.037
redbench_krid,rbk_0477_ceb_8a_8a472,complete,10,5,101.474,89.555,114.551,9.312
redbench_krid,rbk_0478_ceb_8a_8a473,complete,10,1,92.925,88.109,111.262,9.090
redbench_krid,rbk_0479_ceb_8a_8a474,complete,10,2,24.505,21.639,27.091,2.224
redbench_krid,rbk_0480_ceb_8a_8a475,complete,10,1,37.046,33.492,38.790,3.555
redbench_krid,rbk_0481_ceb_8a_8a476,complete,10,3,140.030,115.581,155.023,21.796
redbench_krid,rbk_0482_ceb_8a_8a477,complete,10,3,81.903,68.598,93.587,10.784
redbench_krid,rbk_0483_ceb_8a_8a478,complete,10,2,395.459,387.039,407.592,3.502
redbench_krid,rbk_0484_ceb_8a_8a479,complete,10,3,69.073,57.684,75.278,9.236
redbench_krid,rbk_0485_ceb_8a_8a48,complete,10,1,39.426,34.447,42.684,2.633
redbench_krid,rbk_0486_ceb_8a_8a480,complete,10,3,309.008,278.392,320.556,25.081
redbench_krid,rbk_0487_ceb_8a_8a481,complete,10,3,115.660,91.131,150.464,12.065
redbench_krid,rbk_0488_ceb_8a_8a482,complete,10,1,28.283,24.221,44.881,3.060
redbench_krid,rbk_0489_ceb_8a_8a483,complete,10,2,30.276,28.879,36.319,1.453
redbench_krid,rbk_0490_ceb_8a_8a484,complete,10,3,82.314,71.406,129.613,5.040
redbench_krid,rbk_0491_ceb_8a_8a485,complete,10,1,69.160,61.249,92.312,5.893
redbench_krid,rbk_0492_ceb_8a_8a486,complete,10,1,128.218,110.209,148.323,21.660
redbench_krid,rbk_0493_ceb_8a_8a487,complete,10,1,61.216,52.210,72.345,10.014
redbench_krid,rbk_0494_ceb_8a_8a488,complete,10,2,41.430,38.898,47.496,1.925
redbench_krid,rbk_0495_ceb_8a_8a489,complete,10,1,39.225,37.493,41.557,1.653
redbench_krid,rbk_0496_ceb_8a_8a49,complete,10,3,43.352,40.610,51.056,1.893
redbench_krid,rbk_0497_ceb_8a_8a490,complete,10,2,88.570,82.902,97.922,7.073
redbench_krid,rbk_0498_ceb_8a_8a491,complete,10,1,43.731,41.491,61.441,2.128
redbench_krid,rbk_0499_ceb_8a_8a492,complete,10,3,52.209,49.452,56.473,2.909
redbench_krid,rbk_0500_ceb_8a_8a493,complete,10,3,34.067,31.890,38.923,1.709
redbench_krid,rbk_0501_ceb_8a_8a494,complete,10,2,31.349,27.918,32.009,0.887
redbench_krid,rbk_0502_ceb_8a_8a495,complete,10,1,33.152,29.600,39.945,2.616
redbench_krid,rbk_0503_ceb_8a_8a496,complete,10,2,120.252,100.754,138.587,7.891
redbench_krid,rbk_0504_ceb_8a_8a497,complete,10,1,34.168,30.832,36.797,4.411
redbench_krid,rbk_0505_ceb_8a_8a498,complete,10,3,114.512,92.856,124.285,10.472
redbench_krid,rbk_0506_ceb_8a_8a499,complete,10,3,39.287,34.866,42.330,2.502
redbench_krid,rbk_0507_ceb_8a_8a5,complete,10,4,60.169,57.855,73.701,4.386
redbench_krid,rbk_0508_ceb_8a_8a50,complete,10,1,38.080,36.301,40.111,2.028
redbench_krid,rbk_0509_ceb_8a_8a500,complete,10,2,44.014,40.809,48.869,2.410
redbench_krid,rbk_0510_ceb_8a_8a501,complete,10,1,34.277,32.448,36.729,1.166
redbench_krid,rbk_0511_ceb_8a_8a502,complete,10,2,29.194,26.703,31.864,2.477
redbench_krid,rbk_0512_ceb_8a_8a503,complete,10,4,58.627,55.573,64.457,3.551
redbench_krid,rbk_0513_ceb_8a_8a504,complete,10,5,239.966,202.032,260.769,15.924
redbench_krid,rbk_0514_ceb_8a_8a505,complete,10,3,28.215,23.945,52.674,11.973
redbench_krid,rbk_0515_ceb_8a_8a506,complete,10,3,28.905,22.924,30.394,1.758
redbench_krid,rbk_0516_ceb_8a_8a507,complete,10,1,33.617,31.834,62.423,12.704
redbench_krid,rbk_0517_ceb_8a_8a508,complete,10,3,79.294,72.988,98.218,12.861
redbench_krid,rbk_0518_ceb_8a_8a509,complete,10,2,180.040,144.274,185.574,34.204
redbench_krid,rbk_0519_ceb_8a_8a51,complete,10,3,24.598,22.735,26.622,1.709
redbench_krid,rbk_0520_ceb_8a_8a510,complete,10,3,18.713,17.409,20.506,1.352
redbench_krid,rbk_0521_ceb_8a_8a511,complete,10,1,29.968,28.210,33.405,2.343
redbench_krid,rbk_0522_ceb_8a_8a512,complete,10,2,36.322,32.617,39.571,1.000
redbench_krid,rbk_0523_ceb_8a_8a513,complete,10,2,210.868,198.144,232.503,24.053
redbench_krid,rbk_0524_ceb_8a_8a514,complete,10,2,50.671,44.507,62.176,7.815
redbench_krid,rbk_0525_ceb_8a_8a515,complete,10,2,29.603,24.443,55.644,4.373
redbench_krid,rbk_0526_ceb_8a_8a52,complete,10,3,32.068,29.979,48.904,3.249
redbench_krid,rbk_0527_ceb_8a_8a53,complete,10,3,29.222,23.743,30.516,1.873
redbench_krid,rbk_0528_ceb_8a_8a54,complete,10,1,40.986,39.078,48.762,1.597
redbench_krid,rbk_0529_ceb_8a_8a55,complete,10,3,58.669,53.559,77.631,2.846
redbench_krid,rbk_0530_ceb_8a_8a56,complete,10,5,69.676,67.491,73.908,2.446
redbench_krid,rbk_0531_ceb_8a_8a57,complete,10,4,45.883,42.741,52.903,2.878
redbench_krid,rbk_0532_ceb_8a_8a58,complete,10,3,26.140,25.160,27.687,1.077
redbench_krid,rbk_0533_ceb_8a_8a59,complete,10,3,249.619,215.702,280.889,17.760
redbench_krid,rbk_0534_ceb_8a_8a6,complete,10,3,32.214,31.684,42.492,1.367
redbench_krid,rbk_0535_ceb_8a_8a60,complete,10,4,28.625,26.487,41.256,1.886
redbench_krid,rbk_0536_ceb_8a_8a61,complete,10,3,30.191,22.503,40.559,3.343
redbench_krid,rbk_0537_ceb_8a_8a62,complete,10,2,24.793,22.695,28.679,1.316
redbench_krid,rbk_0538_ceb_8a_8a63,complete,10,4,20.391,19.367,28.743,2.415
redbench_krid,rbk_0539_ceb_8a_8a64,complete,10,2,88.147,77.280,116.717,10.150
redbench_krid,rbk_0540_ceb_8a_8a65,complete,10,5,69.411,65.150,75.786,4.724
redbench_krid,rbk_0541_ceb_8a_8a66,complete,10,4,32.472,31.204,33.658,1.152
redbench_krid,rbk_0542_ceb_8a_8a67,complete,10,2,22.777,21.017,39.685,1.729
redbench_krid,rbk_0543_ceb_8a_8a68,complete,10,4,36.330,32.844,40.218,4.700
redbench_krid,rbk_0544_ceb_8a_8a69,complete,10,4,130.815,120.272,156.088,14.473
redbench_krid,rbk_0545_ceb_8a_8a7,complete,10,3,84.600,76.694,103.715,3.996
redbench_krid,rbk_0546_ceb_8a_8a70,complete,10,4,34.062,32.825,37.370,1.348
redbench_krid,rbk_0547_ceb_8a_8a71,complete,10,5,33.013,30.117,36.271,2.916
redbench_krid,rbk_0548_ceb_8a_8a72,complete,10,4,22.566,20.845,25.451,1.811
redbench_krid,rbk_0549_ceb_8a_8a73,complete,10,4,22.401,21.658,25.945,1.850
redbench_krid,rbk_0550_ceb_8a_8a74,complete,10,3,97.626,89.674,107.533,5.431
redbench_krid,rbk_0551_ceb_8a_8a75,complete,10,4,70.587,60.958,78.562,8.064
redbench_krid,rbk_0552_ceb_8a_8a76,complete,10,2,51.502,47.405,55.175,3.228
redbench_krid,rbk_0553_ceb_8a_8a77,complete,10,3,99.394,88.271,107.310,10.054
redbench_krid,rbk_0554_ceb_8a_8a78,complete,10,2,54.620,46.984,65.665,7.901
redbench_krid,rbk_0555_ceb_8a_8a79,complete,10,4,52.176,46.629,56.804,4.451
redbench_krid,rbk_0556_ceb_8a_8a8,complete,10,4,41.412,40.222,43.038,1.769
redbench_krid,rbk_0557_ceb_8a_8a80,complete,10,3,41.332,39.261,44.194,1.631
redbench_krid,rbk_0558_ceb_8a_8a81,complete,10,4,85.928,75.679,92.655,6.712
redbench_krid,rbk_0559_ceb_8a_8a82,complete,10,2,68.512,56.556,77.315,2.341
redbench_krid,rbk_0560_ceb_8a_8a83,complete,10,3,47.709,45.723,50.158,1.900
redbench_krid,rbk_0561_ceb_8a_8a84,complete,10,2,38.332,37.470,41.023,1.595
redbench_krid,rbk_0562_ceb_8a_8a85,complete,10,4,89.117,64.789,97.086,6.022
redbench_krid,rbk_0563_ceb_8a_8a86,complete,10,3,35.097,28.056,36.848,4.262
redbench_krid,rbk_0564_ceb_8a_8a87,complete,10,2,96.762,93.182,98.209,2.457
redbench_krid,rbk_0565_ceb_8a_8a88,complete,10,5,523.046,489.827,559.244,26.145
redbench_krid,rbk_0566_ceb_8a_8a89,complete,10,3,47.160,41.337,78.659,4.015
redbench_krid,rbk_0567_ceb_8a_8a9,complete,10,5,34.953,30.301,62.131,10.273
redbench_krid,rbk_0568_ceb_8a_8a90,complete,10,5,361.952,353.125,403.792,7.286
redbench_krid,rbk_0569_ceb_8a_8a91,complete,10,5,39.027,34.251,78.540,4.772
redbench_krid,rbk_0570_ceb_8a_8a92,complete,10,8,182.007,163.383,204.964,8.787
redbench_krid,rbk_0571_ceb_8a_8a93,complete,10,10,48.937,46.411,63.951,8.239
redbench_krid,rbk_0572_ceb_8a_8a94,complete,10,6,34.600,28.464,38.131,2.963
redbench_krid,rbk_0573_ceb_8a_8a95,complete,10,10,108.546,97.051,142.965,5.239
redbench_krid,rbk_0574_ceb_8a_8a96,complete,10,12,243.209,164.860,249.004,3.253
redbench_krid,rbk_0575_ceb_8a_8a97,complete,10,20,32.945,29.900,48.192,5.146
redbench_krid,rbk_0576_ceb_8a_8a98,complete,10,85,28.919,27.471,40.708,1.920
redbench_krid,rbk_0577_ceb_8a_8a99,complete,10,143,23.901,20.950,31.115,2.353
redbench_krid,rbk_0578_ceb_9a_f7b841d0f4130dc7a1db7891f33ae0c6c4ec8755,complete,10,1,103.131,99.792,125.213,3.044
redbench_krid,rbk_0579_ceb_9a_f7d39b34be0a67affb81ef6aa49e254dbcde722a,complete,10,1,149.097,123.407,170.669,25.113
redbench_krid,rbk_0580_ceb_9a_f7d7a33cbb64e41fe7c277a15cd9f9a7b88b348b,complete,10,1,110.808,107.076,116.945,3.902
redbench_krid,rbk_0581_ceb_9a_f7e56ca6aa5de986e4d0dc34c8d3c723c634bb17,complete,10,1,135.774,123.068,159.230,12.196
redbench_krid,rbk_0582_ceb_9a_f807f7366607ea3338e1fde9c7b6d3f01e241870,complete,10,1,43.014,39.685,55.197,2.076
redbench_krid,rbk_0583_ceb_9a_f833f8043f6813e939e5d0bac94ea221066d0331,complete,10,1,121.008,119.170,127.944,6.041
redbench_krid,rbk_0584_ceb_9a_f859fe66498e48abaf70061b64a920b94b3476fb,complete,10,1,111.439,108.071,116.461,1.875
redbench_krid,rbk_0585_ceb_9a_f8d93770fb3f16770f93e742c2b8bf1c7c7dfaf7,complete,10,1,104.302,93.506,108.403,3.862
redbench_krid,rbk_0586_ceb_9a_f9112bc24f1bb6c6db61062b631fa0d5e680e550,complete,10,1,63.169,58.311,67.941,1.332
redbench_krid,rbk_0587_ceb_9a_f93274e77af69969a2c79e2f11ef8da6333694fb,complete,10,1,114.767,111.079,117.333,2.971
redbench_krid,rbk_0588_ceb_9a_f9363afe26234c4582e3bccc7404956d8b0b5e13,complete,10,1,134.485,115.511,139.204,9.544
redbench_krid,rbk_0589_ceb_9a_f9400dfe6cd096c82fac47c3b781894015b5806c,complete,10,1,125.279,102.477,135.769,8.879
redbench_krid,rbk_0590_ceb_9a_f94d9ade984fdc52ccf2f43942a763ff00990448,complete,10,1,53.075,48.761,56.802,4.101
redbench_krid,rbk_0591_ceb_9a_f95b029d33fcf21ba0f6fbaf9484e00cd9d6e7f7,complete,10,1,63.107,60.968,65.574,1.489
redbench_krid,rbk_0592_ceb_9a_f9653a5bc2c3d5259ccadd665da42702fafff7a5,complete,10,1,155.254,134.764,177.487,35.950
redbench_krid,rbk_0593_ceb_9a_f983558ee057bf46df52348a6794d161fe704fc0,complete,10,1,89.084,66.583,93.895,13.797
redbench_krid,rbk_0594_ceb_9a_f9b084096143c66bb2c21f577e97215add32b31e,complete,10,1,139.089,119.592,145.288,12.592
redbench_krid,rbk_0595_ceb_9a_f9b7de561d5f6ae852b87b949acab5e748b9aedb,complete,10,1,127.941,121.081,133.804,4.941
redbench_krid,rbk_0596_ceb_9a_f9d31d461f5a29423f58aa587543c1f55943cf25,complete,10,1,62.332,59.765,70.837,2.475
redbench_krid,rbk_0597_ceb_9a_f9dc886dbd4d8663690b4a93ef36d78d6349f446,complete,10,2,105.308,103.211,110.456,4.672
redbench_krid,rbk_0598_ceb_9a_f9e346b6da94c77330c5b05ad4f047ef3178f0cc,complete,10,2,131.276,121.353,136.957,2.956
redbench_krid,rbk_0599_ceb_9a_f9e7699ba5db49571c5a8ae628f38fea6fa6e51f,complete,10,2,58.426,55.220,68.612,2.065
redbench_krid,rbk_0600_ceb_9a_f9e8f97c87624270d14996277af8a965cdf26b37,complete,10,1,81.302,75.732,90.425,10.266
redbench_krid,rbk_0601_ceb_9a_fa38c5593991960131c6272202e9d1c13dadaecc,complete,10,1,105.475,94.536,109.400,3.282
redbench_krid,rbk_0602_ceb_9a_fa44a6f2631a7b14924e01488bb49e111d075e91,complete,10,1,97.545,86.118,102.164,4.492
redbench_krid,rbk_0603_ceb_9a_fa5c4f3d9bc10f24d2f0f9a91b58468452717414,complete,10,2,47.561,37.348,57.809,6.527
redbench_krid,rbk_0604_ceb_9a_fa723988252f4d8f3efd3252bda27aeb09109be6,complete,10,1,85.427,83.375,92.691,3.808
redbench_krid,rbk_0605_ceb_9a_fa9fb7ea60ac4701a558f76458eca16d1bab1881,complete,10,4,31.869,27.476,41.412,8.652
redbench_krid,rbk_0606_ceb_9a_fab7d71dd33d2b51b1c6de27cded01fb0e3f682a,complete,10,2,115.015,109.840,122.111,3.136
redbench_krid,rbk_0607_ceb_9a_faf77457c325fa2cc8d826fe83351e94e4cc2ecd,complete,10,2,109.498,106.947,113.464,3.477
redbench_krid,rbk_0608_ceb_9a_fb1c5918d6bb22ded10fc303399195eb8d31fbc1,complete,10,2,102.071,85.082,106.186,12.115
redbench_krid,rbk_0609_ceb_9a_fb4487ce022db037b861bf655b531c08de23b42b,complete,10,2,66.501,60.888,69.076,1.028
redbench_krid,rbk_0610_ceb_9a_fb49ca288dfa026f1787db87b1bc50b3bd7558eb,complete,10,1,108.898,107.050,110.930,1.374
redbench_krid,rbk_0611_ceb_9a_fb51ce6c40c70fde32475af58f80a8de29d12c0b,complete,10,1,180.207,161.664,188.901,5.995
redbench_krid,rbk_0612_ceb_9a_fbb68a8386312131c982d7ced65d1e6ae82cca46,complete,10,1,189.715,164.665,194.471,6.031
redbench_krid,rbk_0613_ceb_9a_fbb9739bce55f70203b11ecbf75fae91611ee97e,complete,10,1,103.519,88.879,106.796,3.475
redbench_krid,rbk_0614_ceb_9a_fbfaefbb3ab4be419308e11a8f3a4dee018a10f7,complete,10,1,28.293,26.556,30.801,1.352
redbench_krid,rbk_0615_ceb_9a_fc44a9f1e112b80e10fe5c1e486334c0c38c8b81,complete,10,1,110.840,98.565,114.345,2.129
redbench_krid,rbk_0616_ceb_9a_fc957f9746c49aba52bcd24d120b8b039e23f926,complete,10,3,68.567,64.738,86.117,4.246
redbench_krid,rbk_0617_ceb_9a_fc9bdab22a3fb58f04db950977ef2adda9e1a379,complete,10,2,50.775,45.348,53.644,6.645
redbench_krid,rbk_0618_ceb_9a_fcc0cac83d994fc55b0b99f703249d75ae7d293d,complete,10,1,67.237,63.149,72.506,2.496
redbench_krid,rbk_0619_ceb_9a_fcd655ea4e67f49cefab4f5d148e5d6c836571bd,complete,10,2,69.748,66.764,74.176,2.978
redbench_krid,rbk_0620_ceb_9a_fce9db29d07def6e31000fb2fe65bb63fb233237,complete,10,1,101.037,87.140,113.063,13.631
redbench_krid,rbk_0621_ceb_9a_fcee27980b473a12e94b506bfc2b29bfd00a96cc,complete,10,3,113.874,98.412,119.841,10.882
redbench_krid,rbk_0622_ceb_9a_fd0dd272b5ad8752f89bc4eed8032cbf14a7865b,complete,10,5,63.783,60.322,72.370,4.162
redbench_krid,rbk_0623_ceb_9a_fd21343133a43d2ed7c52de6b2ef9b72543d38b9,complete,10,4,49.794,42.660,52.766,4.758
redbench_krid,rbk_0624_ceb_9a_fd5471171162b8e1a496bbae5ba13b6f6a598aab,complete,10,3,57.519,45.690,61.928,4.568
redbench_krid,rbk_0625_ceb_9a_fd81c0957402e843e66ea4b83f0572eee64906c8,complete,10,5,146.157,110.768,155.956,13.484
redbench_krid,rbk_0626_ceb_9a_fd94ac5aa992701480fe5d35714423993a0e46d2,complete,10,4,103.916,87.893,108.630,5.714
redbench_krid,rbk_0627_ceb_9a_fdb4aac1c5a5a92a398608e49d1033ccc680ee14,complete,10,3,58.838,49.669,61.741,4.137
redbench_krid,rbk_0628_ceb_9a_fe2061c286f812669776791ab0db0731d5a9c571,complete,10,3,93.276,88.565,95.847,2.666
redbench_krid,rbk_0629_ceb_9a_fe94b0cae530a2acb96e1993cf293e7808125089,complete,10,4,64.847,54.896,91.853,13.114
redbench_krid,rbk_0630_ceb_9a_fe9ed70e29644e1c472f5d31a3bf9b9da3d93a1a,complete,10,8,61.271,53.244,108.374,4.671
redbench_krid,rbk_0631_ceb_9a_feb733a6bfe8d9b840c24b101c323f7e4a63002f,complete,10,5,71.453,50.016,78.921,15.246
redbench_krid,rbk_0632_ceb_9a_fec1ac0fddcea673029bc1c3d729ad0736b50c66,complete,10,5,62.861,55.375,69.197,5.921
redbench_krid,rbk_0633_ceb_9a_fee8ef30658409876bb44d1f2708cdb73368f21b,complete,10,5,110.394,96.742,178.380,5.368
redbench_krid,rbk_0634_ceb_9a_ff58ed4b89b64c3f16e2ff9e3f498643e314c3a6,complete,10,6,46.290,42.141,51.780,2.092
redbench_krid,rbk_0635_ceb_9a_ff60ca3ef858b9c9ea8c3301ff7f2a76a8870acc,complete,10,7,118.709,112.658,125.749,3.081
redbench_krid,rbk_0636_ceb_9a_ff7634f4c6ce256e1c40f35467cba9b349bd0c59,complete,10,12,64.715,57.246,75.220,8.649
redbench_krid,rbk_0637_ceb_9a_ff823a84e1f223a23c4c2a0ef194c7058254a6ba,complete,10,14,38.418,36.309,41.804,0.930
redbench_krid,rbk_0638_ceb_9a_ffad0e794ec5512eba615344b2a1e40529bb66bf,complete,10,11,99.062,82.199,108.432,7.473
redbench_krid,rbk_0639_ceb_9a_ffe8b911dff2616a3cde71e8ed914e363da07b70,complete,10,12,116.189,98.761,127.715,11.023
redbench_krid,rbk_0640_ceb_9a_fff673d500e25c73a6e054e9a4e60a31e633ba47,complete,10,13,56.432,48.122,61.845,4.242
redbench_krid,rbk_0641_ceb_9b_e77d1605ac17ceea0eb04a24312a141d581c5768,complete,10,1,105.053,101.684,110.262,3.238
redbench_krid,rbk_0642_ceb_9b_e7ecea568fe7bde6e5e2a313abfc2ee4f6e086a5,complete,10,1,74.296,70.328,75.983,2.264
redbench_krid,rbk_0643_ceb_9b_e80d4928c499fea2ce178e33718708966c068781,complete,10,1,102.042,98.549,106.310,3.689
redbench_krid,rbk_0644_ceb_9b_e8901510260d94539e446a375dd090bf2c6e8b3a,complete,10,1,93.198,88.982,98.695,3.286
redbench_krid,rbk_0645_ceb_9b_e8c1806d3f6d16369058ed9c40cc6b4e2e56676e,complete,10,1,106.631,99.941,115.466,5.172
redbench_krid,rbk_0646_ceb_9b_e97966d51c047cf257ec11dcd0fa476607b9bec4,complete,10,1,80.485,77.108,82.639,1.609
redbench_krid,rbk_0647_ceb_9b_e98910fe4f9ddecf46391f513f0c32b3ba83f6d8,complete,10,1,124.706,120.749,131.980,5.052
redbench_krid,rbk_0648_ceb_9b_ea21c8023228f71ad83eefacec5951e8b3da62a4,complete,10,1,78.349,74.744,82.035,2.128
redbench_krid,rbk_0649_ceb_9b_ea29252b51fa1f6565963acdf52c52725c865b63,complete,10,1,89.132,85.601,95.562,2.886
redbench_krid,rbk_0650_ceb_9b_eab5d2d6e9d27b93f34ab4f60e0ba6f133442e72,complete,10,1,98.915,94.240,107.403,3.647
redbench_krid,rbk_0651_ceb_9b_eb0030cf6b96c20a240cd2a9c961a68841e0f0eb,complete,10,1,119.039,108.883,121.041,3.851
redbench_krid,rbk_0652_ceb_9b_ec6661560315119707ae4783f96846c2e652e3a8,complete,10,1,97.778,91.361,114.901,5.612
redbench_krid,rbk_0653_ceb_9b_ecb7c3df7adb30dcd8f83e726797f5c025a8bd08,complete,10,1,85.965,82.395,91.723,3.010
redbench_krid,rbk_0654_ceb_9b_edc4018b6f07df5af8ab9c20a5f2a9909160ab05,complete,10,2,94.929,86.991,98.625,2.491
redbench_krid,rbk_0655_ceb_9b_ee67cf6bdb2344ca38b8001d1c1a5996a035d82a,complete,10,2,120.877,108.345,147.191,7.932
redbench_krid,rbk_0656_ceb_9b_eeb8f4c0eb01eb40f9254130f543223a983fd96a,complete,10,3,75.070,72.782,77.238,2.537
redbench_krid,rbk_0657_ceb_9b_eef5c57750651de3b54ed0cf9f937f2d6ddb8fff,complete,10,3,98.888,92.253,103.627,5.303
redbench_krid,rbk_0658_ceb_9b_ef59f823fc5287e13425fc503ff76f8980ad0a32,complete,10,2,106.702,101.613,115.962,4.459
redbench_krid,rbk_0659_ceb_9b_efd287155568e63b37368986b44949e1c814a96b,complete,10,2,128.243,115.621,137.607,13.670
redbench_krid,rbk_0660_ceb_9b_f0ad18a27e70eb5df64cd849de732d864c5b3860,complete,10,2,103.620,97.675,107.617,2.959
redbench_krid,rbk_0661_ceb_9b_f0d26b3eaa05bc4a56501495d0bf94913a34cb36,complete,10,2,99.451,96.415,111.431,8.242
redbench_krid,rbk_0662_ceb_9b_f17d43bfb93c0d205d90037722b8a28885118d86,complete,10,2,106.755,100.468,114.486,6.704
redbench_krid,rbk_0663_ceb_9b_f211f7e12255db20f2c38583c3ea5470c6873ad5,complete,10,3,92.877,89.759,96.754,2.628
redbench_krid,rbk_0664_ceb_9b_f2572db6f5085fddfe3efe96f280f629e95ad337,complete,10,2,95.072,89.831,104.756,6.693
redbench_krid,rbk_0665_ceb_9b_f2a63fed947e434e031442dc70390e4e40fc1a64,complete,10,2,369.728,333.858,418.720,16.222
redbench_krid,rbk_0666_ceb_9b_f3caa5dc0a4b9d9ebaed36fce00aa06dee6a99ba,complete,10,4,118.281,110.703,142.539,7.055
redbench_krid,rbk_0667_ceb_9b_f468dc9e19c3ccf304ff62c5ad47d5ce25ed1fea,complete,10,3,73.160,70.106,87.635,2.015
redbench_krid,rbk_0668_ceb_9b_f5f527a01da4d75874e3413b3bafc9fc4a1e09f3,complete,10,8,117.772,103.893,130.171,4.883
redbench_krid,rbk_0669_ceb_9b_f608f808894cdaaa70c0bf0dec2781a72273d0f7,complete,10,7,90.099,86.089,93.408,1.498
redbench_krid,rbk_0670_ceb_9b_f77f0e56d64983d3f54b12c4254eeb3b748153f4,complete,10,2,177.238,168.906,191.068,4.835
redbench_krid,rbk_0671_ceb_9b_f7fea596f74d0a649e2bbd9e2011441fcc014773,complete,10,2,121.064,109.931,130.229,17.974
redbench_krid,rbk_0672_ceb_9b_f87d6e44dc2f8826f73448d88eb19229194f283b,complete,10,2,116.317,97.316,131.123,14.517
redbench_krid,rbk_0673_ceb_9b_f8e4187a687b598307730d75ecf5761b7f051734,complete,10,4,99.268,95.977,103.670,3.519
redbench_krid,rbk_0674_ceb_9b_f91154a6ba85eed1432bdb073f70864844e9815b,complete,10,3,126.569,117.784,133.625,5.658
redbench_krid,rbk_0675_ceb_9b_f91a0255319facedf6b8a146f8f794bd24d295c4,complete,10,4,99.680,95.044,105.439,3.545
redbench_krid,rbk_0676_ceb_9b_f9feafae35f78cb9e4afdb89ee2c480cef5df1cb,complete,10,2,85.297,82.431,92.358,1.547
redbench_krid,rbk_0677_ceb_9b_fa46de03bf272339037184c9e950f1470490693b,complete,10,2,108.724,100.918,112.072,2.802
redbench_krid,rbk_0678_ceb_9b_fb33283bb6ecc42275dd6c9a14d975f39bfee7e1,complete,10,2,104.755,98.003,119.859,4.314
redbench_krid,rbk_0679_ceb_9b_fc59330168084ff4623cd70ad2a6313543916d07,complete,10,2,83.725,78.391,93.237,3.333
redbench_krid,rbk_0680_ceb_9b_fc90b95f2947d0cc5ea5d1d90d4d714756e643e8,complete,10,4,103.630,98.212,109.015,3.782
redbench_krid,rbk_0681_ceb_9b_fdb0c1a2ed84e17d7ad62335b50e8bffa7355beb,complete,10,4,87.362,85.133,97.677,2.090
redbench_krid,rbk_0682_ceb_9b_fe51bda37a07adb595a641b9ab822be9fa24a07e,complete,10,7,94.698,89.136,105.039,5.371
redbench_krid,rbk_0683_ceb_9b_fe90798b764e94d76a80a8426b0621a9e29a418a,complete,10,8,124.006,111.726,168.404,9.309
redbench_krid,rbk_0684_ceb_9b_feae2fd4e41ac4a2d94f9d77bf9d0106a7397871,complete,10,8,147.407,132.794,165.182,7.972
redbench_krid,rbk_0685_job_10a,complete,10,38,39.303,37.025,42.398,2.731
redbench_krid,rbk_0686_job_10b,complete,10,25,25.837,24.410,27.475,1.166
redbench_krid,rbk_0687_job_10c,complete,10,75,61.803,60.410,64.321,1.344
redbench_krid,rbk_0688_job_11a,complete,10,93,20.782,19.336,26.160,1.282
redbench_krid,rbk_0689_job_11b,complete,10,58,24.604,24.198,25.068,0.367
redbench_krid,rbk_0690_job_11c,complete,10,155,24.837,20.735,27.887,3.474
redbench_krid,rbk_0691_job_11d,complete,10,103,21.980,19.313,26.257,1.097
redbench_krid,rbk_0692_job_12a,complete,10,50,51.170,46.648,52.202,2.684
redbench_krid,rbk_0693_job_12b,complete,10,70,32.083,30.786,36.385,1.483
redbench_krid,rbk_0694_job_12c,complete,10,86,53.256,49.652,55.611,2.956
redbench_krid,rbk_0695_job_13a,complete,10,5,36.329,32.192,37.063,3.351
redbench_krid,rbk_0696_job_13b,complete,10,6,49.606,47.479,52.845,2.486
redbench_krid,rbk_0697_job_13c,complete,10,11,40.117,38.257,42.463,1.328
redbench_krid,rbk_0698_job_13d,complete,10,8,41.103,35.965,48.283,3.877
redbench_krid,rbk_0699_job_14a,complete,10,75,95.466,85.584,114.053,14.132
redbench_krid,rbk_0700_job_14b,complete,10,80,50.313,43.250,53.832,2.370
redbench_krid,rbk_0701_job_14c,complete,10,97,108.511,95.823,126.627,17.834
redbench_krid,rbk_0702_job_15a,complete,10,2,63.693,58.027,69.583,5.002
redbench_krid,rbk_0703_job_15b,complete,10,2,38.061,36.691,39.501,0.658
redbench_krid,rbk_0704_job_15c,complete,10,4,54.106,51.758,60.480,2.498
redbench_krid,rbk_0705_job_15d,complete,10,20,55.693,47.299,61.298,5.992
redbench_krid,rbk_0706_job_16a,complete,10,60,32.297,28.485,40.555,6.035
redbench_krid,rbk_0707_job_16b,complete,10,35,134.964,115.946,157.750,15.755
redbench_krid,rbk_0708_job_16c,complete,10,65,59.361,55.003,66.953,5.462
redbench_krid,rbk_0709_job_16d,complete,10,62,56.813,53.027,74.590,4.556
redbench_krid,rbk_0710_job_17a,complete,10,62,78.888,63.688,90.597,9.129
redbench_krid,rbk_0711_job_17b,complete,10,47,100.452,74.941,117.090,22.660
redbench_krid,rbk_0712_job_17c,complete,10,69,102.686,79.536,108.492,18.162
redbench_krid,rbk_0713_job_17d,complete,10,26,104.356,77.791,114.288,8.888
redbench_krid,rbk_0714_job_17e,complete,10,24,89.017,65.513,94.536,21.940
redbench_krid,rbk_0715_job_17f,complete,10,127,104.574,79.641,114.848,18.764
redbench_krid,rbk_0716_job_18a,complete,10,34,120.903,101.808,131.225,8.245
redbench_krid,rbk_0717_job_18b,complete,10,121,70.695,66.040,78.095,4.513
redbench_krid,rbk_0718_job_18c,complete,10,39,110.062,100.407,116.712,7.941
redbench_krid,rbk_0719_job_19a,complete,10,6,96.233,84.769,102.834,8.057
redbench_krid,rbk_0720_job_19b,complete,10,14,110.566,104.101,116.388,8.232
redbench_krid,rbk_0721_job_19c,complete,10,5,77.864,73.884,93.229,9.288
redbench_krid,rbk_0722_job_19d,complete,10,6,58.968,55.825,69.647,1.759
redbench_krid,rbk_0723_job_20a,complete,10,4,176.522,159.654,203.008,16.929
redbench_krid,rbk_0724_job_20b,complete,10,5,114.918,98.000,133.911,6.129
redbench_krid,rbk_0725_job_20c,complete,10,5,126.459,109.889,177.080,10.894
redbench_krid,rbk_0726_job_21a,complete,10,7,35.799,29.836,44.970,3.736
redbench_krid,rbk_0727_job_21b,complete,10,3,35.528,31.047,39.871,4.113
redbench_krid,rbk_0728_job_21c,complete,10,5,37.322,31.158,40.543,1.213
redbench_krid,rbk_0729_job_22a,complete,10,2,112.347,99.374,124.196,5.344
redbench_krid,rbk_0730_job_22b,complete,10,2,102.134,97.274,111.100,7.933
redbench_krid,rbk_0731_job_22c,complete,10,5,153.257,118.164,159.087,8.454
redbench_krid,rbk_0732_job_22d,complete,10,12,135.783,122.414,153.711,10.502
redbench_krid,rbk_0733_job_23a,complete,10,4,51.609,45.574,54.322,5.108
redbench_krid,rbk_0734_job_23b,complete,10,4,59.766,54.123,67.885,4.265
redbench_krid,rbk_0735_job_23c,complete,10,12,55.496,53.035,59.391,2.482
redbench_krid,rbk_0736_job_24a,complete,10,2,68.476,58.940,70.795,4.260
redbench_krid,rbk_0737_job_24b,complete,10,8,36.799,35.704,40.159,1.037
redbench_krid,rbk_0738_job_25a,complete,10,10,130.543,126.763,144.518,6.757
redbench_krid,rbk_0739_job_25b,complete,10,7,48.106,46.452,54.586,1.239
redbench_krid,rbk_0740_job_25c,complete,10,7,204.292,194.548,214.051,7.888
redbench_krid,rbk_0741_job_26a,complete,10,1,112.707,102.468,119.356,5.618
redbench_krid,rbk_0742_job_26b,complete,10,55,78.029,73.590,82.718,4.544
redbench_krid,rbk_0743_job_26c,complete,10,71,126.666,113.691,141.826,9.420
redbench_krid,rbk_0744_job_27b,complete,10,2,30.273,29.179,40.190,5.086
redbench_krid,rbk_0745_job_27c,complete,10,5,37.942,29.375,52.727,6.149
redbench_krid,rbk_0746_job_30a,complete,10,2,108.412,95.998,117.700,6.076
redbench_krid,rbk_0747_job_30b,complete,10,4,55.444,52.958,59.636,3.427
redbench_krid,rbk_0748_job_30c,complete,10,7,168.150,149.182,174.538,11.159
redbench_krid,rbk_0749_job_31a,complete,10,2,139.108,133.177,146.088,5.798
redbench_krid,rbk_0750_job_31b,complete,10,3,62.593,61.493,74.062,1.340
redbench_krid,rbk_0751_job_31c,complete,10,6,188.998,163.112,193.607,5.978
redbench_krid,rbk_0752_job_7a,complete,10,56,51.157,45.993,52.902,1.435
redbench_krid,rbk_0753_job_7b,complete,10,55,37.272,34.379,38.425,2.213
redbench_krid,rbk_0754_job_7c,complete,10,52,492.205,467.999,516.219,27.966
redbench_krid,rbk_0755_job_8a,complete,10,24,61.196,50.720,80.491,9.857
redbench_krid,rbk_0756_job_8b,complete,10,41,81.094,71.698,89.448,8.436
redbench_krid,rbk_0757_job_8c,complete,10,35,77.607,68.857,95.112,7.759
redbench_krid,rbk_0758_job_8d,complete,10,168,62.627,56.611,74.770,4.190
redbench_krid,rbk_0759_job_9a,complete,10,79,101.939,88.373,126.174,6.796
redbench_krid,rbk_0760_job_9b,complete,10,111,125.739,119.650,141.438,6.852
redbench_krid,rbk_0761_job_9c,complete,10,46,101.790,89.560,114.483,14.695
redbench_krid,rbk_0762_job_9d,complete,10,85,97.491,86.264,139.253,13.892
sqlbarber,sb_00422,complete,10,1,4.569,3.663,5.136,0.696
sqlbarber,sb_00437,complete,10,1,6.561,5.488,7.930,0.757
sqlbarber,sb_00814,complete,10,1,2.103,1.981,2.551,0.141
sqlbarber,sb_01330,complete,10,1,2.860,2.550,3.723,0.455
sqlbarber,sb_01360,complete,10,1,2.546,2.308,4.093,0.268
sqlbarber,sb_01670,complete,10,1,28.489,26.967,29.682,0.805
sqlbarber,sb_01836,complete,10,1,3.571,3.414,3.770,0.175
sqlbarber,sb_01849,complete,10,1,7.271,4.959,9.859,1.951
sqlbarber,sb_01863,complete,10,1,5.406,5.072,6.360,0.251
sqlbarber,sb_01867,complete,10,1,15.446,14.935,19.862,0.483
sqlbarber,sb_01871,complete,10,1,7.538,6.816,8.270,0.632
sqlbarber,sb_01900,complete,10,1,6.316,5.968,7.346,0.375
sqlbarber,sb_01902,complete,10,1,6.062,5.549,10.306,0.531
sqlbarber,sb_01905,complete,10,1,16.009,14.945,16.296,0.429
sqlbarber,sb_01944,complete,10,1,6.417,6.008,6.736,0.253
sqlbarber,sb_01964,complete,10,1,5.921,5.577,6.994,0.471
sqlbarber,sb_01969,complete,10,1,6.551,5.653,7.719,1.254
sqlbarber,sb_01977,complete,10,1,6.893,5.276,8.308,0.873
sqlbarber,sb_02030,complete,10,1,6.813,6.280,7.333,0.265
sqlbarber,sb_02036,complete,10,1,6.622,6.153,7.633,0.721
sqlbarber,sb_02044,complete,10,1,6.559,5.965,6.862,0.345
sqlbarber,sb_02083,complete,10,1,6.780,6.531,7.880,0.215
sqlbarber,sb_02085,complete,10,1,6.556,6.258,6.957,0.447
sqlbarber,sb_02119,complete,10,1,6.602,6.237,8.138,0.510
sqlbarber,sb_02124,complete,10,1,6.474,5.880,7.345,0.359
sqlbarber,sb_02132,complete,10,1,6.556,6.039,7.654,0.413
sqlbarber,sb_02143,complete,10,1,6.617,6.302,9.513,0.179
sqlbarber,sb_02146,complete,10,1,6.441,6.070,6.710,0.268
sqlbarber,sb_02147,complete,10,1,6.537,5.826,7.142,0.257
sqlbarber,sb_02153,complete,10,1,6.492,5.635,6.747,0.330
sqlbarber,sb_02155,complete,10,1,6.386,6.114,6.975,0.132
sqlbarber,sb_02203,complete,10,1,19.504,18.172,20.625,0.609
sqlbarber,sb_02233,complete,10,1,8.807,5.126,9.907,1.368
sqlbarber,sb_02341,complete,10,1,16.768,14.465,20.214,2.892
sqlbarber,sb_02351,complete,10,1,27.788,13.370,40.219,20.048
sqlbarber,sb_02359,complete,10,1,17.449,12.901,29.570,7.414
sqlbarber,sb_02373,complete,10,1,9.093,6.804,10.476,2.281
sqlbarber,sb_02374,complete,10,1,6.665,5.559,12.216,2.247
sqlbarber,sb_02377,complete,10,1,13.817,11.826,24.458,3.752
sqlbarber,sb_02388,complete,10,1,14.040,13.151,33.310,5.330
sqlbarber,sb_02454,complete,10,1,2.750,2.548,3.176,0.483
sqlbarber,sb_02473,complete,10,1,1.852,1.698,1.978,0.163
sqlbarber,sb_02513,complete,10,1,1.911,1.724,2.105,0.127
sqlbarber,sb_02514,complete,10,1,1.780,1.673,2.495,0.163
sqlbarber,sb_02546,complete,10,1,1.780,1.680,1.877,0.065
sqlbarber,sb_02547,complete,10,1,1.789,1.647,2.447,0.455
sqlbarber,sb_02571,complete,10,1,1.744,1.610,1.876,0.104
sqlbarber,sb_02601,complete,10,1,1.772,1.641,2.559,0.471
sqlbarber,sb_02610,complete,10,1,1.700,1.591,2.578,0.249
sqlbarber,sb_02619,complete,10,1,1.716,1.550,2.479,0.459
sqlbarber,sb_02638,complete,10,1,1.778,1.633,2.411,0.441
sqlbarber,sb_02652,complete,10,1,1.771,1.597,2.871,0.511
sqlbarber,sb_02672,complete,10,1,1.716,1.593,2.384,0.153
sqlbarber,sb_02680,complete,10,1,1.722,1.634,2.401,0.274
sqlbarber,sb_02712,complete,10,1,1.745,1.642,2.455,0.095
sqlbarber,sb_02719,complete,10,1,1.768,1.679,2.336,0.459
sqlbarber,sb_02744,complete,10,1,1.615,1.563,2.042,0.166
sqlbarber,sb_02775,complete,10,1,1.735,1.590,3.199,0.647
sqlbarber,sb_02776,complete,10,1,1.748,1.599,2.211,0.496
sqlbarber,sb_02793,complete,10,1,1.649,1.494,2.191,0.170
sqlbarber,sb_02801,complete,10,1,1.661,1.603,2.461,0.525
sqlbarber,sb_02816,complete,10,1,1.679,1.572,2.333,0.081
sqlbarber,sb_02826,complete,10,1,1.816,1.520,2.407,0.210
sqlbarber,sb_02829,complete,10,1,1.784,1.664,2.418,0.501
sqlbarber,sb_02851,complete,10,1,1.845,1.649,2.369,0.672
sqlbarber,sb_02902,complete,10,1,1.703,1.499,2.198,0.427
sqlbarber,sb_02912,complete,10,1,1.760,1.443,2.258,0.627
sqlbarber,sb_02938,complete,10,1,3.450,2.796,4.205,0.547
sqlbarber,sb_02960,complete,10,1,1.632,1.529,2.219,0.205
sqlbarber,sb_02999,complete,10,1,3.284,2.721,3.989,0.620
sqlbarber,sb_03011,complete,10,1,1.878,1.627,3.386,0.526
sqlbarber,sb_03025,complete,10,1,1.635,1.524,2.325,0.488
sqlbarber,sb_03040,complete,10,1,1.873,1.621,2.436,0.630
sqlbarber,sb_03042,complete,10,1,1.817,1.450,2.209,0.570
sqlbarber,sb_03053,complete,10,1,1.771,1.625,2.396,0.571
sqlbarber,sb_03065,complete,10,1,1.742,1.598,1.980,0.106
sqlbarber,sb_03067,complete,10,1,1.696,1.588,2.376,0.156
sqlbarber,sb_03068,complete,10,1,1.878,1.676,2.502,0.469
sqlbarber,sb_03080,complete,10,1,1.717,1.494,2.238,0.450
sqlbarber,sb_03090,complete,10,1,1.629,1.491,2.072,0.117
sqlbarber,sb_03143,complete,10,1,1.683,1.596,2.408,0.397
sqlbarber,sb_03144,complete,10,1,1.696,1.525,2.597,0.372
sqlbarber,sb_03178,complete,10,1,1.789,1.542,2.303,0.141
sqlbarber,sb_03201,complete,10,1,1.715,1.605,2.465,0.564
sqlbarber,sb_03229,complete,10,1,2.203,1.724,2.762,0.479
sqlbarber,sb_03231,complete,10,1,1.841,1.595,2.740,0.656
sqlbarber,sb_03253,complete,10,1,2.270,1.579,2.522,0.589
sqlbarber,sb_03303,complete,10,1,3.282,2.556,3.674,0.406
sqlbarber,sb_03308,complete,10,1,19.965,17.500,22.278,0.762
sqlbarber,sb_03321,complete,10,1,16.034,13.309,33.255,3.860
sqlbarber,sb_03326,complete,10,1,4.061,2.916,4.335,0.465
sqlbarber,sb_03371,complete,10,1,3.054,2.868,3.343,0.129
sqlbarber,sb_03378,complete,10,1,14.009,11.997,17.760,2.119
sqlbarber,sb_03381,complete,10,1,4.021,3.339,4.516,0.272
sqlbarber,sb_03385,complete,10,1,3.226,2.916,3.629,0.461
sqlbarber,sb_03389,complete,10,1,12.407,11.696,29.299,5.108
sqlbarber,sb_03391,complete,10,1,20.380,19.168,21.700,1.444
sqlbarber,sb_03393,complete,10,1,14.287,12.888,34.537,1.352
sqlbarber,sb_03394,complete,10,1,13.738,12.633,22.345,0.985
sqlbarber,sb_03396,complete,10,1,3.955,3.500,5.074,0.756
sqlbarber,sb_03397,complete,10,1,9.306,7.463,10.123,0.606
sqlbarber,sb_03398,complete,10,1,19.946,18.143,21.969,1.378
sqlbarber,sb_03399,complete,10,1,3.083,2.881,3.840,0.444
sqlbarber,sb_03402,complete,10,1,19.001,17.625,23.261,1.205
sqlbarber,sb_03403,complete,10,1,3.039,2.879,4.652,0.207
sqlbarber,sb_03408,complete,10,1,2.905,2.724,3.994,0.409
sqlbarber,sb_03410,complete,10,1,2.788,2.653,3.714,0.318
sqlbarber,sb_03427,complete,10,1,3.634,3.394,4.926,0.452
sqlbarber,sb_03428,complete,10,1,3.727,3.585,3.938,0.130
sqlbarber,sb_03439,complete,10,1,3.681,3.429,4.180,0.150
sqlbarber,sb_03440,complete,10,1,3.665,3.540,4.332,0.097
sqlbarber,sb_03442,complete,10,1,3.619,3.354,3.859,0.240
sqlbarber,sb_03449,complete,10,1,3.579,3.415,3.877,0.175
sqlbarber,sb_03455,complete,10,1,3.583,3.425,3.992,0.269
sqlbarber,sb_03457,complete,10,1,3.428,3.058,4.405,0.267
sqlbarber,sb_03460,complete,10,1,3.494,3.247,3.934,0.166
sqlbarber,sb_03461,complete,10,1,3.495,3.320,3.759,0.258
sqlbarber,sb_03463,complete,10,1,3.511,3.224,3.932,0.248
sqlbarber,sb_03464,complete,10,1,3.441,3.155,3.940,0.243
sqlbarber,sb_03469,complete,10,1,4.812,4.194,6.123,1.455
sqlbarber,sb_03473,complete,10,1,3.158,2.977,3.861,0.523
sqlbarber,sb_03474,complete,10,1,3.214,2.736,3.865,0.329
sqlbarber,sb_03475,complete,10,1,18.348,17.091,20.085,1.229
sqlbarber,sb_03481,complete,10,1,3.240,2.816,4.009,0.514
sqlbarber,sb_03485,complete,10,1,18.965,18.118,21.512,0.337
sqlbarber,sb_03486,complete,10,1,7.000,6.012,8.019,0.978
sqlbarber,sb_03490,complete,10,1,16.415,14.587,29.093,1.477
sqlbarber,sb_03493,complete,10,1,4.285,2.967,5.019,0.961
sqlbarber,sb_03494,complete,10,1,6.294,5.815,6.661,0.299
sqlbarber,sb_03496,complete,10,1,17.379,12.966,36.794,6.676
sqlbarber,sb_03502,complete,10,1,7.266,6.576,8.589,0.870
sqlbarber,sb_03504,complete,10,1,21.657,21.096,22.287,0.484
sqlbarber,sb_03506,complete,10,1,3.154,2.730,4.168,0.377
sqlbarber,sb_03509,complete,10,1,5.812,5.356,6.383,0.759
sqlbarber,sb_03510,complete,10,1,3.246,2.715,3.498,0.408
sqlbarber,sb_03518,complete,10,1,2.729,2.578,3.798,0.140
sqlbarber,sb_03521,complete,10,1,2.943,2.579,3.270,0.387
sqlbarber,sb_03522,complete,10,1,2.636,2.417,3.150,0.315
sqlbarber,sb_03527,complete,10,1,5.130,4.581,5.647,0.348
sqlbarber,sb_03530,complete,10,1,13.572,11.486,19.765,3.144
sqlbarber,sb_03531,complete,10,1,6.106,4.961,6.904,0.648
sqlbarber,sb_03533,complete,10,1,18.274,17.357,19.778,0.539
sqlbarber,sb_03537,complete,10,1,13.471,11.723,20.718,1.892
sqlbarber,sb_03540,complete,10,1,3.695,3.347,4.625,0.448
sqlbarber,sb_03543,complete,10,1,14.367,12.185,34.835,8.274
sqlbarber,sb_03551,complete,10,1,3.928,3.045,4.634,0.437
sqlbarber,sb_03559,complete,10,1,7.160,5.067,9.337,2.372
sqlbarber,sb_03560,complete,10,1,3.264,2.859,4.818,0.449
sqlbarber,sb_03562,complete,10,1,3.077,2.647,3.638,0.315
sqlbarber,sb_03567,complete,10,1,16.904,12.025,32.348,4.204
sqlbarber,sb_03568,complete,10,1,7.300,6.590,8.532,0.506
sqlbarber,sb_03583,complete,10,1,13.463,12.267,22.223,2.058
sqlbarber,sb_03586,complete,10,1,4.101,3.573,5.078,0.428
sqlbarber,sb_03589,complete,10,1,3.461,2.775,4.287,0.457
sqlbarber,sb_03590,complete,10,1,19.397,18.072,23.467,1.627
sqlbarber,sb_03591,complete,10,1,6.777,5.989,8.019,0.769
sqlbarber,sb_03593,complete,10,1,20.730,19.751,23.409,1.138
sqlbarber,sb_03601,complete,10,1,5.200,4.534,6.882,0.878
sqlbarber,sb_03607,complete,10,1,3.304,2.804,4.508,0.711
sqlbarber,sb_03608,complete,10,1,6.079,5.413,7.180,0.775
sqlbarber,sb_03612,complete,10,1,3.200,2.879,3.526,0.367
sqlbarber,sb_03614,complete,10,1,14.601,12.056,23.704,1.770
sqlbarber,sb_03615,complete,10,1,3.984,3.321,4.502,0.453
sqlbarber,sb_03619,complete,10,1,6.535,6.054,7.469,0.754
sqlbarber,sb_03620,complete,10,1,3.106,2.779,4.400,0.341
sqlbarber,sb_03621,complete,10,1,21.029,18.617,22.794,1.873
sqlbarber,sb_03626,complete,10,1,14.893,12.513,18.763,3.063
sqlbarber,sb_03627,complete,10,1,20.820,19.764,22.868,0.772
sqlbarber,sb_03629,complete,10,1,6.857,4.984,8.131,1.558
sqlbarber,sb_03630,complete,10,1,5.604,4.339,8.625,2.843
sqlbarber,sb_03636,complete,10,1,2.880,2.742,3.313,0.089
sqlbarber,sb_03643,complete,10,1,2.587,2.356,3.185,0.395
sqlbarber,sb_03647,complete,10,1,15.663,14.572,17.606,0.712
sqlbarber,sb_03650,complete,10,1,2.987,2.477,4.293,0.436
sqlbarber,sb_03652,complete,10,1,5.133,4.287,5.565,0.609
sqlbarber,sb_03653,complete,10,1,15.531,14.815,16.685,0.735
sqlbarber,sb_03655,complete,10,1,3.205,2.783,3.793,0.431
sqlbarber,sb_03656,complete,10,1,15.425,14.474,17.100,0.929
sqlbarber,sb_03658,complete,10,1,5.616,4.685,8.878,2.229
sqlbarber,sb_03661,complete,10,1,7.696,4.814,9.622,1.177
sqlbarber,sb_03664,complete,10,1,5.755,4.766,6.622,0.304
sqlbarber,sb_03667,complete,10,1,18.770,18.353,19.810,0.558
sqlbarber,sb_03678,complete,10,1,4.978,4.391,5.599,0.582
sqlbarber,sb_03679,complete,10,1,21.535,20.586,22.941,0.926
sqlbarber,sb_03681,complete,10,1,8.074,5.690,8.982,2.191
sqlbarber,sb_03683,complete,10,1,21.319,20.258,34.920,1.060
sqlbarber,sb_03685,complete,10,1,6.106,5.783,6.770,0.251
sqlbarber,sb_03686,complete,10,1,3.204,2.907,5.545,0.945
sqlbarber,sb_03689,complete,10,1,2.983,2.665,3.411,0.205
sqlbarber,sb_03691,complete,10,1,3.080,2.595,3.455,0.335
sqlbarber,sb_03693,complete,10,1,2.996,2.535,3.843,0.421
sqlbarber,sb_03698,complete,10,1,8.297,5.386,9.034,0.506
sqlbarber,sb_03699,complete,10,1,15.151,12.981,22.990,1.726
sqlbarber,sb_03703,complete,10,1,20.084,18.961,21.712,0.436
sqlbarber,sb_03705,complete,10,1,3.320,3.099,3.989,0.288
sqlbarber,sb_03706,complete,10,1,6.418,4.921,7.064,0.564
sqlbarber,sb_03711,complete,10,1,13.301,12.517,24.107,4.958
sqlbarber,sb_03714,complete,10,1,18.053,13.022,34.726,17.227
sqlbarber,sb_03716,complete,10,1,7.266,6.240,8.281,0.615
sqlbarber,sb_03722,complete,10,1,4.069,3.230,4.890,0.904
sqlbarber,sb_03725,complete,10,1,3.151,2.793,3.793,0.586
sqlbarber,sb_03730,complete,10,1,20.185,19.243,21.627,1.534
sqlbarber,sb_03733,complete,10,1,14.608,13.733,35.199,1.383
sqlbarber,sb_03737,complete,10,1,7.204,6.610,8.275,0.646
sqlbarber,sb_03740,complete,10,1,3.651,3.086,4.665,0.523
sqlbarber,sb_03746,complete,10,1,3.357,2.768,3.720,0.163
sqlbarber,sb_03747,complete,10,1,20.880,19.025,23.295,1.771
sqlbarber,sb_03749,complete,10,1,22.767,21.016,29.016,2.072
sqlbarber,sb_03750,complete,10,1,6.076,5.662,7.829,0.575
sqlbarber,sb_03756,complete,10,1,3.594,3.064,3.977,0.454
sqlbarber,sb_03757,complete,10,1,2.982,2.764,3.639,0.173
sqlbarber,sb_03759,complete,10,1,20.089,18.935,21.465,1.335
sqlbarber,sb_03764,complete,10,1,6.564,5.864,7.862,0.460
sqlbarber,sb_03766,complete,10,1,15.577,12.802,18.547,1.955
sqlbarber,sb_03768,complete,10,1,21.633,14.006,35.911,10.143
sqlbarber,sb_03774,complete,10,1,19.389,18.580,21.239,0.588
sqlbarber,sb_03778,complete,10,1,3.317,3.045,5.785,0.327
sqlbarber,sb_03781,complete,10,1,14.492,12.796,22.429,3.382
sqlbarber,sb_03785,complete,10,1,4.104,3.596,4.896,0.492
sqlbarber,sb_03786,complete,10,1,3.233,2.894,3.499,0.279
sqlbarber,sb_03787,complete,10,1,15.014,12.179,32.974,1.854
sqlbarber,sb_03791,complete,10,1,10.256,7.740,11.628,1.539
sqlbarber,sb_03793,complete,10,1,3.430,3.050,4.460,0.406
sqlbarber,sb_03804,complete,10,1,3.060,2.678,3.846,0.294
sqlbarber,sb_03808,complete,10,1,3.313,2.724,3.959,0.511
sqlbarber,sb_03810,complete,10,1,15.237,12.594,34.448,4.289
sqlbarber,sb_03813,complete,10,1,3.850,3.340,4.751,0.735
sqlbarber,sb_03814,complete,10,1,3.212,2.568,3.716,0.396
sqlbarber,sb_03822,complete,10,1,15.744,12.518,34.773,8.595
sqlbarber,sb_03826,complete,10,1,7.707,6.899,8.998,1.020
sqlbarber,sb_03827,complete,10,1,14.889,11.931,29.332,3.012
sqlbarber,sb_03828,complete,10,1,13.398,12.393,16.436,0.913
sqlbarber,sb_03833,complete,10,1,22.727,22.198,26.202,0.967
sqlbarber,sb_03835,complete,10,1,6.155,5.543,6.456,0.492
sqlbarber,sb_03836,complete,10,1,16.476,14.951,19.229,1.424
sqlbarber,sb_03841,complete,10,1,15.448,14.743,18.067,1.148
sqlbarber,sb_03844,complete,10,1,5.425,4.886,6.269,0.923
sqlbarber,sb_03846,complete,10,1,4.968,4.372,6.205,0.463
sqlbarber,sb_03848,complete,10,1,3.178,2.827,3.581,0.375
sqlbarber,sb_03854,complete,10,1,12.350,11.205,30.229,5.509
sqlbarber,sb_03855,complete,10,1,17.319,15.678,20.546,2.373
sqlbarber,sb_03857,complete,10,1,6.060,5.142,7.312,1.062
sqlbarber,sb_03858,complete,10,1,6.053,5.272,7.278,1.073
sqlbarber,sb_03864,complete,10,1,18.334,17.925,23.104,0.703
sqlbarber,sb_03871,complete,10,1,6.197,5.768,8.178,0.529
sqlbarber,sb_03873,complete,10,1,5.675,4.764,6.508,0.571
sqlbarber,sb_03886,complete,10,1,5.657,5.156,6.437,0.351
sqlbarber,sb_03891,complete,10,1,15.118,13.080,18.263,1.676
sqlbarber,sb_03898,complete,10,1,20.335,19.465,21.207,1.084
sqlbarber,sb_03900,complete,10,1,19.169,17.567,20.618,1.186
sqlbarber,sb_03906,complete,10,1,15.075,13.505,24.044,4.784
sqlbarber,sb_03913,complete,10,1,6.910,6.601,7.919,0.843
sqlbarber,sb_03933,complete,10,1,13.613,12.591,16.753,2.356
sqlbarber,sb_03936,complete,10,1,7.520,6.778,8.126,0.239
sqlbarber,sb_03938,complete,10,1,6.548,5.873,7.525,0.437
sqlbarber,sb_03949,complete,10,1,19.064,18.303,20.498,0.948
sqlbarber,sb_03951,complete,10,1,6.411,5.549,7.223,0.399
sqlbarber,sb_03954,complete,10,1,13.335,11.979,19.798,2.590
sqlbarber,sb_03955,complete,10,1,7.452,6.287,8.044,0.502
sqlbarber,sb_03963,complete,10,1,6.465,5.897,7.268,0.434
sqlbarber,sb_03966,complete,10,1,3.705,3.334,4.234,0.470
sqlbarber,sb_03983,complete,10,1,5.828,5.118,6.300,0.317
sqlbarber,sb_04012,complete,10,1,5.867,5.080,7.362,0.856
sqlbarber,sb_04022,complete,10,1,18.962,17.840,19.461,0.371
sqlbarber,sb_04026,complete,10,1,6.534,5.759,9.277,0.935
sqlbarber,sb_04031,complete,10,1,5.527,5.432,6.149,0.371
sqlbarber,sb_04038,complete,10,1,5.788,5.105,6.533,0.514
sqlbarber,sb_04042,complete,10,1,5.551,4.978,6.643,0.496
sqlbarber,sb_04047,complete,10,1,18.477,17.015,19.421,0.969
sqlbarber,sb_04048,complete,10,1,3.138,2.890,3.964,0.151
sqlbarber,sb_04066,complete,10,1,5.300,5.111,6.171,0.577
sqlbarber,sb_04094,complete,10,1,5.467,5.032,8.876,0.459
sqlbarber,sb_04106,complete,10,1,15.165,13.048,28.454,2.525
sqlbarber,sb_04112,complete,10,1,7.107,6.602,11.936,0.292
sqlbarber,sb_04128,complete,10,1,3.922,3.176,4.388,0.504
sqlbarber,sb_04132,complete,10,1,3.155,2.947,3.818,0.432
sqlbarber,sb_04138,complete,10,1,6.002,5.446,6.852,0.433
sqlbarber,sb_04141,complete,10,1,18.755,17.582,20.611,0.257
sqlbarber,sb_04166,complete,10,1,16.920,13.735,28.879,3.582
sqlbarber,sb_04179,complete,10,1,8.385,6.464,9.655,2.503
sqlbarber,sb_04187,complete,10,1,6.475,5.458,7.275,0.572
sqlbarber,sb_04188,complete,10,1,5.931,5.564,6.441,0.591
sqlbarber,sb_04198,complete,10,1,6.267,5.343,8.516,0.773
sqlbarber,sb_04217,complete,10,1,3.402,3.174,5.650,0.658
sqlbarber,sb_04238,complete,10,1,7.719,5.335,8.357,1.933
sqlbarber,sb_04240,complete,10,1,15.380,12.841,32.507,2.009
sqlbarber,sb_04252,complete,10,1,4.111,3.519,5.309,0.651
sqlbarber,sb_04273,complete,10,1,14.675,12.474,28.904,3.381
sqlbarber,sb_04292,complete,10,1,4.573,4.381,5.677,0.168
sqlbarber,sb_04301,complete,10,1,10.697,5.927,11.485,4.057
sqlbarber,sb_04305,complete,10,1,3.852,3.596,4.379,0.512
sqlbarber,sb_04316,complete,10,1,3.867,3.685,4.202,0.247
sqlbarber,sb_04319,complete,10,1,3.809,3.444,4.242,0.341
sqlbarber,sb_04331,complete,10,1,3.716,3.471,4.629,0.194
sqlbarber,sb_04347,complete,10,1,3.538,3.104,4.601,0.255
sqlbarber,sb_04377,complete,10,1,3.591,3.413,4.430,0.150
sqlbarber,sb_04380,complete,10,1,3.420,3.246,3.826,0.199
sqlbarber,sb_04383,complete,10,1,4.053,3.781,5.077,0.608
sqlbarber,sb_04393,complete,10,1,3.487,3.152,3.967,0.303
sqlbarber,sb_04400,complete,10,1,3.554,3.151,3.948,0.292
sqlbarber,sb_04402,complete,10,1,21.687,19.832,22.843,0.891
sqlbarber,sb_04414,complete,10,1,4.111,3.762,4.929,0.278
sqlbarber,sb_04435,complete,10,1,3.559,3.210,4.388,0.378
sqlbarber,sb_04441,complete,10,1,3.933,3.412,4.337,0.375
sqlbarber,sb_04454,complete,10,1,3.494,3.263,3.957,0.378
sqlbarber,sb_04458,complete,10,1,8.275,5.001,9.433,2.493
sqlbarber,sb_04461,complete,10,1,14.881,12.598,36.381,5.194
sqlbarber,sb_04474,complete,10,1,4.690,4.337,5.406,0.207
sqlbarber,sb_04477,complete,10,1,3.838,3.504,4.015,0.217
sqlbarber,sb_04480,complete,10,1,3.651,3.533,4.357,0.238
sqlbarber,sb_04485,complete,10,1,3.632,3.058,4.039,0.405
sqlbarber,sb_04510,complete,10,1,3.590,3.318,5.659,0.173
sqlbarber,sb_04514,complete,10,1,14.587,12.162,29.852,2.546
sqlbarber,sb_04522,complete,10,1,4.343,3.683,5.339,0.562
sqlbarber,sb_04530,complete,10,1,9.070,6.186,10.444,2.170
sqlbarber,sb_04541,complete,10,1,22.452,20.666,24.112,1.556
sqlbarber,sb_04543,complete,10,1,3.397,2.855,4.506,0.577
sqlbarber,sb_04545,complete,10,1,7.966,5.041,10.186,2.577
sqlbarber,sb_04547,complete,10,1,8.163,5.329,9.293,2.868
sqlbarber,sb_04556,complete,10,1,7.977,5.384,14.242,2.518
sqlbarber,sb_04561,complete,10,1,20.784,16.195,22.139,0.928
sqlbarber,sb_04591,complete,10,1,18.755,14.479,19.809,0.359
sqlbarber,sb_04593,complete,10,1,18.828,15.200,19.517,0.639
sqlbarber,sb_04601,complete,10,1,7.748,6.789,9.277,0.434
sqlbarber,sb_04612,complete,10,1,15.367,13.327,26.766,1.978
sqlbarber,sb_04615,complete,10,1,4.425,3.602,5.460,0.324
sqlbarber,sb_04619,complete,10,1,3.447,2.659,4.145,0.201
sqlbarber,sb_04629,complete,10,1,6.854,5.160,8.349,2.195
sqlbarber,sb_04639,complete,10,1,6.098,5.255,9.370,2.535
sqlbarber,sb_04651,complete,10,1,19.419,17.806,20.597,0.981
sqlbarber,sb_04661,complete,10,1,3.470,2.864,3.775,0.428
sqlbarber,sb_04662,complete,10,1,2.874,2.736,3.607,0.591
sqlbarber,sb_04663,complete,10,1,16.457,12.972,32.540,6.195
sqlbarber,sb_04666,complete,10,1,8.492,6.644,8.928,1.777
sqlbarber,sb_04668,complete,10,1,17.196,16.209,17.927,0.711
sqlbarber,sb_04669,complete,10,1,15.168,12.655,16.583,2.469
sqlbarber,sb_04672,complete,10,1,23.372,21.662,25.089,0.836
sqlbarber,sb_04678,complete,10,1,8.124,5.745,9.349,1.599
sqlbarber,sb_04686,complete,10,1,19.687,18.896,21.010,1.453
sqlbarber,sb_04708,complete,10,1,3.320,3.082,5.630,0.214
sqlbarber,sb_04711,complete,10,1,15.701,12.249,19.960,4.739
sqlbarber,sb_04719,complete,10,1,18.386,14.131,35.592,6.093
sqlbarber,sb_04721,complete,10,1,18.501,12.782,35.498,8.673
sqlbarber,sb_04734,complete,10,1,22.725,21.739,24.379,0.419
sqlbarber,sb_04751,complete,10,1,7.582,6.183,13.396,2.336
sqlbarber,sb_04753,complete,10,1,21.885,20.976,34.999,1.749
sqlbarber,sb_04766,complete,10,1,3.449,3.128,3.885,0.244
sqlbarber,sb_04788,complete,10,1,3.050,2.595,3.461,0.418
sqlbarber,sb_04791,complete,10,1,3.148,2.794,4.788,0.417
sqlbarber,sb_04793,complete,10,1,18.748,17.101,20.504,1.375
sqlbarber,sb_04799,complete,10,1,20.276,18.850,22.609,1.310
sqlbarber,sb_04802,complete,10,1,4.997,4.183,5.632,0.355
sqlbarber,sb_04805,complete,10,1,19.157,14.398,22.142,1.428
sqlbarber,sb_04818,complete,10,1,14.564,13.602,16.765,1.214
sqlbarber,sb_04828,complete,10,1,14.553,12.026,31.373,6.438
sqlbarber,sb_04850,complete,10,1,8.247,6.309,13.074,1.405
sqlbarber,sb_04867,complete,10,1,3.952,3.143,4.508,0.518
sqlbarber,sb_04868,complete,10,1,3.217,2.864,3.590,0.319
sqlbarber,sb_04872,complete,10,1,3.108,2.781,3.609,0.529
sqlbarber,sb_04895,complete,10,1,3.112,2.468,3.799,0.271
sqlbarber,sb_04900,complete,10,1,3.519,2.662,4.284,0.867
sqlbarber,sb_04903,complete,10,1,6.179,4.975,7.664,0.415
sqlbarber,sb_04911,complete,10,1,19.563,16.192,21.294,1.261
sqlbarber,sb_04923,complete,10,1,14.284,12.816,18.980,2.288
sqlbarber,sb_04924,complete,10,1,21.773,20.266,22.513,1.428
sqlbarber,sb_04925,complete,10,1,15.281,12.892,22.460,2.599
sqlbarber,sb_04939,complete,10,1,20.353,18.638,23.000,1.694
sqlbarber,sb_04946,complete,10,1,3.258,2.953,4.326,0.315
sqlbarber,sb_04947,complete,10,1,2.955,2.727,3.939,0.326
sqlbarber,sb_04950,complete,10,1,3.224,2.803,4.279,0.574
sqlbarber,sb_04956,complete,10,1,16.672,15.496,18.674,0.954
sqlbarber,sb_04965,complete,10,1,18.749,17.457,24.726,0.800
sqlbarber,sb_04970,complete,10,1,20.777,18.599,25.287,0.570
sqlbarber,sb_04972,complete,10,1,18.358,17.819,21.011,0.640
sqlbarber,sb_04989,complete,10,1,8.951,5.984,9.669,1.335
sqlbarber,sb_05000,complete,10,1,18.611,17.237,21.566,0.800
sqlbarber,sb_05020,complete,10,1,15.531,13.145,21.019,2.859
sqlbarber,sb_05025,complete,10,1,4.212,3.183,5.296,0.187
sqlbarber,sb_05037,complete,10,1,19.257,12.694,34.284,9.124
sqlbarber,sb_05040,complete,10,1,18.145,13.903,41.066,13.527
sqlbarber,sb_05055,complete,10,1,4.059,3.204,4.736,0.374
sqlbarber,sb_05077,complete,10,1,3.253,2.970,4.207,0.677
sqlbarber,sb_05078,complete,10,1,3.207,2.951,4.318,0.632
sqlbarber,sb_05080,complete,10,1,3.249,2.795,4.981,0.578
sqlbarber,sb_05084,complete,10,1,2.903,2.620,4.423,0.365
sqlbarber,sb_05088,complete,10,1,2.885,2.624,7.801,0.368
sqlbarber,sb_05107,complete,10,1,18.829,17.982,23.887,1.560
sqlbarber,sb_05129,complete,10,1,6.966,6.210,8.027,0.877
sqlbarber,sb_05147,complete,10,1,19.101,17.912,25.837,0.667
sqlbarber,sb_05149,complete,10,1,15.130,13.128,19.605,2.621
sqlbarber,sb_05152,complete,10,1,7.902,7.659,13.296,0.618
sqlbarber,sb_05153,complete,10,1,3.758,3.187,4.459,0.285
sqlbarber,sb_05162,complete,10,1,3.162,2.774,4.739,0.343
sqlbarber,sb_05166,complete,10,1,3.070,2.794,4.191,0.573
sqlbarber,sb_05182,complete,10,1,18.995,17.702,20.309,0.772
sqlbarber,sb_05193,complete,10,1,6.551,6.338,8.365,0.607
sqlbarber,sb_05217,complete,10,1,3.404,2.765,6.154,0.394
sqlbarber,sb_05221,complete,10,1,2.968,2.596,3.614,0.492
sqlbarber,sb_05230,complete,10,1,15.120,11.930,32.431,1.343
sqlbarber,sb_05232,complete,10,1,22.359,20.907,24.603,0.735
sqlbarber,sb_05244,complete,10,1,3.518,3.019,5.386,0.409
sqlbarber,sb_05263,complete,10,1,19.005,17.788,20.911,1.203
sqlbarber,sb_05273,complete,10,1,15.533,12.582,22.412,4.661
sqlbarber,sb_05278,complete,10,1,20.876,18.093,23.095,0.882
sqlbarber,sb_05283,complete,10,1,19.038,17.486,20.273,1.090
sqlbarber,sb_05292,complete,10,1,16.913,13.209,35.409,7.513
sqlbarber,sb_05303,complete,10,1,4.030,3.324,4.527,0.383
sqlbarber,sb_05306,complete,10,1,15.496,13.236,33.786,11.948
sqlbarber,sb_05320,complete,10,1,21.502,19.645,23.188,2.274
sqlbarber,sb_05323,complete,10,1,22.654,20.207,23.635,1.569
sqlbarber,sb_05349,complete,10,1,3.375,3.107,3.864,0.384
sqlbarber,sb_05361,complete,10,1,15.186,12.861,20.005,3.960
sqlbarber,sb_05370,complete,10,1,3.931,3.302,5.118,0.571
sqlbarber,sb_05385,complete,10,1,3.059,2.701,3.899,0.424
sqlbarber,sb_05393,complete,10,1,16.678,13.132,34.982,7.758
sqlbarber,sb_05395,complete,10,1,4.021,2.907,5.225,0.813
sqlbarber,sb_05396,complete,10,1,3.264,2.744,4.123,0.681
sqlbarber,sb_05404,complete,10,1,14.778,11.380,28.672,3.537
sqlbarber,sb_05428,complete,10,1,15.255,13.131,35.676,3.969
sqlbarber,sb_05431,complete,10,1,8.643,6.098,9.698,0.705
sqlbarber,sb_05436,complete,10,1,13.185,12.600,32.636,1.616
sqlbarber,sb_05445,complete,10,1,22.342,19.836,24.160,1.635
sqlbarber,sb_05475,complete,10,1,22.803,20.270,27.440,2.017
sqlbarber,sb_05480,complete,10,1,15.421,11.958,21.521,2.448
sqlbarber,sb_05482,complete,10,1,21.363,18.543,25.037,1.454
sqlbarber,sb_05483,complete,10,1,16.447,11.582,23.238,5.636
sqlbarber,sb_05496,complete,10,1,4.204,3.135,4.671,0.562
sqlbarber,sb_05499,complete,10,1,3.141,2.721,3.583,0.419
sqlbarber,sb_05500,complete,10,1,3.259,2.806,3.911,0.474
sqlbarber,sb_05503,complete,10,1,17.199,15.243,27.062,5.976
sqlbarber,sb_05512,complete,10,1,3.153,2.709,4.402,0.246
sqlbarber,sb_05525,complete,10,1,2.887,2.718,3.750,0.309
sqlbarber,sb_05529,complete,10,1,2.821,2.452,3.596,0.436
sqlbarber,sb_05542,complete,10,1,3.288,2.567,4.015,0.312
sqlbarber,sb_05553,complete,10,1,2.892,2.522,3.821,0.619
sqlbarber,sb_05559,complete,10,1,5.845,4.753,6.676,0.853
sqlbarber,sb_05587,complete,10,1,3.002,2.613,4.169,0.368
sqlbarber,sb_05594,complete,10,1,19.133,16.166,23.016,2.771
sqlbarber,sb_05601,complete,10,1,21.530,17.988,22.788,2.346
sqlbarber,sb_05604,complete,10,1,17.394,15.037,18.909,2.603
sqlbarber,sb_05605,complete,10,1,15.543,12.945,20.826,1.017
sqlbarber,sb_05618,complete,10,1,18.647,13.951,28.327,5.512
sqlbarber,sb_05619,complete,10,1,17.949,12.447,23.371,5.553
sqlbarber,sb_05629,complete,10,1,21.488,19.283,27.557,1.873
sqlbarber,sb_05633,complete,10,1,18.335,11.787,25.214,6.141
sqlbarber,sb_05641,complete,10,1,3.796,2.791,4.623,0.884
sqlbarber,sb_05643,complete,10,1,3.002,2.552,4.128,0.554
sqlbarber,sb_05650,complete,10,1,19.693,17.308,23.178,3.191
sqlbarber,sb_05663,complete,10,1,18.222,17.454,28.842,0.514
sqlbarber,sb_05673,complete,10,1,3.236,2.876,3.928,0.223
sqlbarber,sb_05692,complete,10,1,17.869,17.033,22.019,0.823
sqlbarber,sb_05697,complete,10,1,17.143,12.099,23.624,5.176
sqlbarber,sb_05699,complete,10,1,15.407,11.806,28.647,3.405
sqlbarber,sb_05700,complete,10,1,19.528,12.394,35.225,7.238
sqlbarber,sb_05718,complete,10,1,21.189,19.518,24.599,0.814
sqlbarber,sb_05719,complete,10,1,18.502,16.616,23.492,3.329
sqlbarber,sb_05742,complete,10,1,14.439,11.893,23.829,3.007
sqlbarber,sb_05743,complete,10,1,14.941,12.679,18.874,5.159
sqlbarber,sb_05757,complete,10,1,15.521,12.752,34.293,7.688
sqlbarber,sb_05769,complete,10,1,15.804,12.282,19.161,3.508
sqlbarber,sb_05784,complete,10,1,15.012,12.633,19.741,3.054
sqlbarber,sb_05788,complete,10,1,14.328,12.969,21.886,2.397
sqlbarber,sb_05796,complete,10,1,15.599,13.981,21.807,3.871
sqlbarber,sb_05799,complete,10,1,22.509,19.450,23.977,1.457
sqlbarber,sb_05801,complete,10,1,13.996,12.779,30.663,2.996
sqlbarber,sb_05823,complete,10,1,15.339,13.492,19.320,1.931
sqlbarber,sb_05835,complete,10,1,22.140,21.030,24.559,1.796
sqlbarber,sb_05841,complete,10,1,18.499,17.362,21.666,1.575
sqlbarber,sb_05846,complete,10,1,18.607,16.856,21.684,1.274
sqlbarber,sb_05851,complete,10,1,18.348,16.723,21.668,0.854
sqlbarber,sb_05857,complete,10,1,18.453,17.174,23.570,0.814
sqlbarber,sb_05858,complete,10,1,20.463,17.447,28.991,3.301
sqlbarber,sb_05859,complete,10,1,17.642,16.831,29.187,1.772
sqlbarber,sb_05874,complete,10,1,19.558,13.792,29.735,4.479
sqlbarber,sb_05889,complete,10,1,23.095,13.560,35.966,18.345
sqlbarber,sb_05892,complete,10,1,17.123,13.706,23.410,3.748
sqlbarber,sb_05894,complete,10,1,21.953,20.017,23.367,1.073
sqlbarber,sb_05897,complete,10,1,15.506,12.094,19.324,2.764
sqlbarber,sb_05898,complete,10,1,15.242,12.970,31.139,1.391
sqlbarber,sb_05900,complete,10,1,12.924,12.165,16.426,1.014
sqlbarber,sb_05901,complete,10,1,13.693,11.278,28.081,5.174
sqlbarber,sb_05902,complete,10,1,12.925,11.117,34.967,4.616
sqlbarber,sb_05903,complete,10,1,15.659,11.859,21.663,4.400
sqlbarber,sb_05905,complete,10,1,15.488,14.066,18.797,3.929
sqlbarber,sb_05907,complete,10,1,14.373,13.521,23.863,4.039
sqlbarber,sb_05908,complete,10,1,14.415,13.007,16.725,1.574
sqlbarber,sb_05909,complete,10,1,13.886,12.401,17.749,1.101
sqlbarber,sb_05911,complete,10,1,13.911,12.906,14.953,1.110
sqlbarber,sb_05912,complete,10,1,14.424,13.152,15.404,0.830
sqlbarber,sb_05913,complete,10,1,15.098,13.426,20.343,2.294
sqlbarber,sb_05914,complete,10,1,14.136,12.864,20.279,2.639
sqlbarber,sb_05915,complete,10,1,14.585,12.692,18.141,1.752
sqlbarber,sb_05917,complete,10,1,4.433,3.836,6.138,0.832
sqlbarber,sb_05918,complete,10,1,13.226,12.166,18.853,1.428
sqlbarber,sb_05919,complete,10,1,15.408,13.016,18.098,2.153
sqlbarber,sb_05922,complete,10,1,13.457,12.538,29.483,2.109
sqlbarber,sb_05923,complete,10,1,13.813,12.814,33.962,3.563
sqlbarber,sb_05924,complete,10,1,13.968,13.316,17.961,2.020
sqlbarber,sb_05925,complete,10,1,14.591,13.901,17.313,1.133
sqlbarber,sb_05927,complete,10,1,14.581,12.947,21.918,3.069
sqlbarber,sb_05928,complete,10,1,14.124,12.844,20.788,3.780
sqlbarber,sb_05929,complete,10,1,23.480,21.308,28.373,2.138
sqlbarber,sb_05930,complete,10,1,18.822,17.368,19.854,0.728
sqlbarber,sb_05931,complete,10,1,18.418,17.233,19.100,1.100
sqlbarber,sb_05932,complete,10,1,18.152,16.992,19.003,0.931
sqlbarber,sb_05933,complete,10,1,15.001,12.120,22.288,2.523
sqlbarber,sb_05934,complete,10,1,15.623,13.755,22.008,3.723
sqlbarber,sb_05935,complete,10,1,16.255,13.608,24.955,6.150
sqlbarber,sb_05936,complete,10,1,15.791,13.337,33.731,3.047
sqlbarber,sb_05937,complete,10,1,14.033,12.944,20.817,2.605
sqlbarber,sb_05938,complete,10,1,14.909,13.499,35.526,1.976
sqlbarber,sb_05939,complete,10,1,15.611,14.156,24.399,4.145
sqlbarber,sb_05940,complete,10,1,14.453,13.436,21.137,0.973
sqlbarber,sb_05941,complete,10,1,15.088,13.508,23.321,2.550
sqlbarber,sb_05945,complete,10,1,16.026,13.249,22.209,3.728
sqlbarber,sb_05947,complete,10,1,15.090,12.708,20.486,1.508
sqlbarber,sb_05948,complete,10,1,15.067,13.007,18.757,4.735
sqlbarber,sb_05950,complete,10,1,14.601,13.155,36.926,2.476
sqlbarber,sb_05954,complete,10,1,14.335,12.877,16.283,1.492
sqlbarber,sb_05958,complete,10,1,15.102,12.765,24.212,2.182
sqlbarber,sb_05961,complete,10,1,14.027,13.116,27.555,1.782
sqlbarber,sb_05964,complete,10,1,14.012,12.821,18.847,2.895
sqlbarber,sb_05966,complete,10,1,22.076,16.841,26.453,2.825
sqlbarber,sb_05967,complete,10,1,3.471,2.920,4.328,0.989
sqlbarber,sb_05968,complete,10,1,3.180,2.729,3.725,0.503
sqlbarber,sb_05969,complete,10,1,3.395,2.514,5.824,0.875
sqlbarber,sb_05972,complete,10,1,15.840,12.471,32.716,0.733
sqlbarber,sb_05973,complete,10,1,15.892,13.900,34.743,3.892
sqlbarber,sb_05976,complete,10,1,18.405,13.125,36.042,12.133
sqlbarber,sb_05977,complete,10,1,13.759,13.059,19.737,1.312
sqlbarber,sb_05978,complete,10,1,14.282,13.080,18.127,1.569
sqlbarber,sb_05980,complete,10,1,4.091,3.830,5.760,0.803
sqlbarber,sb_05981,complete,10,1,14.302,12.329,27.716,4.410
sqlbarber,sb_05982,complete,10,1,21.558,20.469,23.971,0.936
sqlbarber,sb_05983,complete,10,1,22.829,19.535,26.243,0.893
sqlbarber,sb_05985,complete,10,1,18.767,17.636,22.316,1.078
sqlbarber,sb_05987,complete,10,1,18.290,16.764,22.476,1.270
sqlbarber,sb_05988,complete,10,1,18.083,17.391,22.245,0.948
sqlbarber,sb_05989,complete,10,1,18.450,17.565,22.038,0.923
sqlbarber,sb_05991,complete,10,1,17.670,13.423,20.858,5.405
sqlbarber,sb_05993,complete,10,1,4.098,2.993,6.409,0.728
sqlbarber,sb_05995,complete,10,1,18.151,12.727,33.818,7.661
sqlbarber,sb_05997,complete,10,1,3.857,3.253,5.099,0.558
sqlbarber,sb_05998,complete,10,1,3.235,2.853,3.750,0.369
sqlbarber,sb_05999,complete,10,1,16.641,12.954,27.126,6.742
sqlbarber,sb_06000,complete,10,1,21.855,20.605,22.976,0.645
sqlbarber,sb_06001,complete,10,1,3.614,2.948,4.656,0.419
sqlbarber,sb_06002,complete,10,1,2.950,2.724,3.992,0.206
sqlbarber,sb_06003,complete,10,1,2.933,2.690,4.679,0.436
sqlbarber,sb_06004,complete,10,1,2.819,2.463,3.360,0.255
sqlbarber,sb_06007,complete,10,1,17.316,12.646,28.774,5.888
sqlbarber,sb_06011,complete,10,1,18.148,14.113,32.187,4.289
sqlbarber,sb_06015,complete,10,1,20.662,18.749,21.654,1.433
sqlbarber,sb_06018,complete,10,1,15.971,13.626,30.966,3.259
sqlbarber,sb_06019,complete,10,1,15.025,13.197,28.488,3.540
sqlbarber,sb_06021,complete,10,1,15.483,13.687,36.848,3.518
sqlbarber,sb_06022,complete,10,1,13.982,13.007,17.739,1.171
sqlbarber,sb_06024,complete,10,1,15.585,12.562,34.799,2.950
sqlbarber,sb_06026,complete,10,1,13.945,13.417,20.476,1.785
sqlbarber,sb_06028,complete,10,1,15.498,13.461,21.098,1.954
sqlbarber,sb_06030,complete,10,1,15.947,13.926,28.416,3.687
sqlbarber,sb_06031,complete,10,1,15.430,12.810,19.638,2.545
sqlbarber,sb_06032,complete,10,1,15.058,13.261,20.299,2.447
sqlbarber,sb_06034,complete,10,1,14.133,12.960,19.014,1.661
sqlbarber,sb_06037,complete,10,1,14.357,12.978,16.152,1.668
sqlbarber,sb_06038,complete,10,1,15.163,13.421,20.083,2.790
sqlbarber,sb_06039,complete,10,1,15.401,13.077,22.144,2.132
sqlbarber,sb_06040,complete,10,1,15.148,13.248,21.725,2.031
sqlbarber,sb_06042,complete,10,1,14.563,13.324,28.303,1.730
sqlbarber,sb_06043,complete,10,1,24.185,21.472,26.645,1.914
sqlbarber,sb_06044,complete,10,1,14.122,12.107,29.964,5.142
sqlbarber,sb_06045,complete,10,1,15.043,12.814,19.679,3.152
sqlbarber,sb_06048,complete,10,1,14.611,12.567,18.130,1.987
sqlbarber,sb_06049,complete,10,1,16.052,12.776,29.727,4.779
sqlbarber,sb_06050,complete,10,1,13.761,12.371,17.899,4.221
sqlbarber,sb_06051,complete,10,1,14.422,11.797,30.835,3.126
sqlbarber,sb_06053,complete,10,1,14.367,13.070,21.661,2.269
sqlbarber,sb_06054,complete,10,1,13.956,13.055,17.417,1.870
sqlbarber,sb_06057,complete,10,1,15.965,13.140,21.609,4.770
sqlbarber,sb_06060,complete,10,1,14.824,13.120,24.868,3.691
sqlbarber,sb_06062,complete,10,1,14.133,13.021,32.998,9.677
sqlbarber,sb_06064,complete,10,1,14.664,13.539,24.429,2.259
sqlbarber,sb_06065,complete,10,1,14.753,13.780,17.540,2.536
sqlbarber,sb_06067,complete,10,1,15.329,14.187,24.349,2.853
sqlbarber,sb_06068,complete,10,1,15.221,13.914,21.610,3.180
sqlbarber,sb_06069,complete,10,1,14.481,13.229,18.930,2.850
sqlbarber,sb_06070,complete,10,1,14.694,12.724,26.528,2.210
sqlbarber,sb_06071,complete,10,1,15.562,13.461,19.324,1.673
sqlbarber,sb_06073,complete,10,1,15.188,14.034,19.546,3.087
sqlbarber,sb_06074,complete,10,1,15.406,13.782,18.478,1.990
sqlbarber,sb_06075,complete,10,1,4.062,3.694,4.636,0.302
sqlbarber,sb_06076,complete,10,1,13.152,12.701,16.775,1.161
sqlbarber,sb_06077,complete,10,1,13.972,13.307,31.328,1.207
sqlbarber,sb_06079,complete,10,1,14.633,13.874,21.398,1.417
sqlbarber,sb_06080,complete,10,1,14.863,13.439,36.910,2.133
sqlbarber,sb_06081,complete,10,1,15.297,13.152,19.540,3.348
sqlbarber,sb_06086,complete,10,1,14.101,13.342,17.229,1.562
sqlbarber,sb_06087,complete,10,1,14.960,13.476,37.746,1.757
sqlbarber,sb_06088,complete,10,1,14.941,13.725,22.490,2.469
sqlbarber,sb_06089,complete,10,1,14.085,13.474,17.596,0.238
sqlbarber,sb_06091,complete,10,1,14.439,13.875,16.139,0.835
sqlbarber,sb_06092,complete,10,1,4.543,3.893,5.041,0.379
sqlbarber,sb_06097,complete,10,1,13.462,12.942,18.086,0.952
sqlbarber,sb_06099,complete,10,1,15.005,13.227,19.420,3.138
sqlbarber,sb_06101,complete,10,1,14.997,13.495,18.053,1.349
sqlbarber,sb_06103,complete,10,1,4.289,3.521,6.850,1.309
sqlbarber,sb_06104,complete,10,1,25.605,23.619,28.625,1.352
sqlbarber,sb_06106,complete,10,1,14.914,13.697,25.580,3.479
sqlbarber,sb_06107,complete,10,1,14.485,13.369,21.605,2.288
sqlbarber,sb_06108,complete,10,1,15.608,12.998,19.997,2.936
sqlbarber,sb_06110,complete,10,1,14.436,13.763,17.646,1.670
sqlbarber,sb_06112,complete,10,1,5.199,4.644,8.247,1.442
sqlbarber,sb_06113,complete,10,1,4.295,3.897,6.149,0.524
sqlbarber,sb_06115,complete,10,1,4.046,3.456,6.717,0.431
sqlbarber,sb_06116,complete,10,1,4.793,4.095,5.732,0.494
sqlbarber,sb_06118,complete,10,1,4.857,4.292,5.283,0.433
sqlbarber,sb_06120,complete,10,1,4.159,3.638,5.236,1.052
sqlbarber,sb_06121,complete,10,1,3.910,3.401,4.598,0.530
sqlbarber,sb_06123,complete,10,1,4.403,4.143,5.218,0.602
sqlbarber,sb_06124,complete,10,1,3.833,3.207,4.366,0.302
sqlbarber,sb_06126,complete,10,1,3.929,3.469,4.616,0.341
sqlbarber,sb_06128,complete,10,1,3.646,3.269,3.925,0.228
sqlbarber,sb_06129,complete,10,1,4.872,4.269,5.303,0.757
sqlbarber,sb_06131,complete,10,1,4.301,3.358,5.033,1.132
sqlbarber,sb_06132,complete,10,1,4.649,3.809,7.556,1.349
sqlbarber,sb_06134,complete,10,1,4.485,3.991,6.448,0.641
sqlbarber,sb_06135,complete,10,1,3.615,3.311,8.804,1.164
sqlbarber,sb_06136,complete,10,1,3.643,3.260,4.863,0.253
sqlbarber,sb_06138,complete,10,1,4.001,3.336,4.847,0.712
sqlbarber,sb_06139,complete,10,1,3.503,3.286,4.067,0.494
sqlbarber,sb_06141,complete,10,1,3.513,3.336,4.441,0.389
sqlbarber,sb_06143,complete,10,1,3.543,3.297,4.178,0.217
sqlbarber,sb_06145,complete,10,1,3.559,3.217,5.357,0.439
sqlbarber,sb_06146,complete,10,1,15.502,13.984,25.283,2.378
sqlbarber,sb_06148,complete,10,1,4.396,3.828,5.884,0.962
sqlbarber,sb_06149,complete,10,1,3.918,3.669,4.430,0.316
sqlbarber,sb_06151,complete,10,1,15.921,13.793,31.267,2.254
sqlbarber,sb_06152,complete,10,1,20.645,19.142,23.255,1.902
sqlbarber,sb_06153,complete,10,1,3.631,3.253,4.978,0.934
sqlbarber,sb_06155,complete,10,1,19.840,17.951,21.098,1.707
sqlbarber,sb_06157,complete,10,1,3.295,2.947,4.457,0.319
sqlbarber,sb_06158,complete,10,1,3.301,2.751,3.945,0.536
sqlbarber,sb_06160,complete,10,1,19.273,17.480,23.248,3.288
sqlbarber,sb_06161,complete,10,1,3.011,2.877,5.161,0.123
sqlbarber,sb_06164,complete,10,1,3.101,2.603,3.732,0.472
sqlbarber,sb_06165,complete,10,1,18.158,16.842,25.672,1.488
sqlbarber,sb_06166,complete,10,1,18.208,17.799,21.040,1.313
sqlbarber,sb_06169,complete,10,1,20.565,19.638,32.026,1.669
sqlbarber,sb_06170,complete,10,1,3.721,3.004,4.498,0.319
sqlbarber,sb_06172,complete,10,1,3.203,2.741,3.941,0.308
sqlbarber,sb_06174,complete,10,1,21.160,19.792,24.741,1.067
sqlbarber,sb_06175,complete,10,1,3.495,2.743,3.729,0.523
sqlbarber,sb_06178,complete,10,1,19.621,18.552,20.672,1.166
sqlbarber,sb_06179,complete,10,1,3.109,2.809,3.750,0.358
sqlbarber,sb_06180,complete,10,1,3.279,2.692,4.200,0.446
sqlbarber,sb_06181,complete,10,1,3.162,2.513,3.641,0.571
sqlbarber,sb_06182,complete,10,1,3.144,2.600,4.152,0.351
sqlbarber,sb_06183,complete,10,1,13.470,12.837,14.163,0.720
sqlbarber,sb_06184,complete,10,1,2.755,2.493,3.762,0.515
sqlbarber,sb_06186,complete,10,1,2.917,2.838,3.054,0.072
sqlbarber,sb_06187,complete,10,1,2.829,2.593,3.204,0.380
sqlbarber,sb_06188,complete,10,1,2.683,2.409,3.271,0.280
sqlbarber,sb_06189,complete,10,1,3.028,2.541,4.190,0.594
sqlbarber,sb_06191,complete,10,1,16.221,14.755,17.881,1.183
sqlbarber,sb_06194,complete,10,1,17.294,16.128,19.468,0.850
sqlbarber,sb_06195,complete,10,1,15.430,14.757,17.712,0.967
sqlbarber,sb_06197,complete,10,1,16.806,14.870,21.596,2.501
sqlbarber,sb_06198,complete,10,1,3.093,2.854,3.744,0.419
sqlbarber,sb_06199,complete,10,1,3.328,2.632,3.670,0.489
sqlbarber,sb_06200,complete,10,1,2.954,2.792,4.233,0.204
sqlbarber,sb_06201,complete,10,1,19.039,17.221,20.928,1.233
sqlbarber,sb_06202,complete,10,1,17.956,16.082,20.701,1.523
sqlbarber,sb_06203,complete,10,1,3.178,2.815,3.867,0.508
sqlbarber,sb_06204,complete,10,1,2.921,2.740,4.687,0.876
sqlbarber,sb_06205,complete,10,1,2.992,2.475,3.408,0.509
sqlbarber,sb_06206,complete,10,1,3.119,2.704,3.532,0.393
sqlbarber,sb_06208,complete,10,1,18.172,14.936,19.906,1.258
sqlbarber,sb_06211,complete,10,1,18.832,15.449,21.529,1.800
sqlbarber,sb_06213,complete,10,1,16.109,13.413,19.000,1.303
sqlbarber,sb_06214,complete,10,1,18.803,14.090,21.541,1.143
sqlbarber,sb_06215,complete,10,1,17.687,17.071,22.732,0.580
sqlbarber,sb_06218,complete,10,1,15.503,14.175,18.212,1.123
sqlbarber,sb_06219,complete,10,1,15.440,14.689,17.759,0.741
sqlbarber,sb_06221,complete,10,1,18.130,16.012,18.950,1.552
sqlbarber,sb_06222,complete,10,1,3.244,2.895,4.742,0.475
sqlbarber,sb_06223,complete,10,1,2.916,2.738,3.727,0.371
sqlbarber,sb_06224,complete,10,1,13.302,12.600,14.423,0.860
sqlbarber,sb_06225,complete,10,1,2.650,2.580,3.209,0.369
sqlbarber,sb_06227,complete,10,1,2.804,2.678,4.034,0.727
sqlbarber,sb_06228,complete,10,1,18.978,15.916,21.012,0.434
sqlbarber,sb_06230,complete,10,1,20.502,17.025,23.893,0.875
sqlbarber,sb_06231,complete,10,1,20.249,16.665,22.505,0.857
sqlbarber,sb_06232,complete,10,1,20.560,18.599,22.780,1.537
sqlbarber,sb_06234,complete,10,1,18.248,15.916,20.952,1.080
sqlbarber,sb_06235,complete,10,1,18.953,16.863,22.342,0.753
sqlbarber,sb_06237,complete,10,1,3.306,2.823,4.519,0.339
sqlbarber,sb_06238,complete,10,1,3.207,2.543,3.546,0.489
sqlbarber,sb_06239,complete,10,1,3.503,3.141,3.883,0.484
sqlbarber,sb_06243,complete,10,1,2.751,2.562,3.903,0.359
sqlbarber,sb_06245,complete,10,1,3.158,2.746,3.806,0.382
sqlbarber,sb_06246,complete,10,1,2.921,2.688,4.518,0.374
sqlbarber,sb_06247,complete,10,1,3.058,2.607,3.860,0.379
sqlbarber,sb_06252,complete,10,1,2.998,2.481,3.204,0.155
sqlbarber,sb_06254,complete,10,1,18.477,17.351,21.242,1.559
sqlbarber,sb_06256,complete,10,1,21.139,20.016,25.273,0.437
sqlbarber,sb_06258,complete,10,1,18.902,17.887,22.027,0.963
sqlbarber,sb_06259,complete,10,1,15.864,15.227,18.204,0.537
sqlbarber,sb_06260,complete,10,1,21.502,20.440,23.500,1.061
sqlbarber,sb_06261,complete,10,1,13.997,12.997,17.196,0.818
sqlbarber,sb_06263,complete,10,1,3.039,2.673,3.436,0.416
sqlbarber,sb_06267,complete,10,1,2.927,2.725,4.381,0.429
sqlbarber,sb_06268,complete,10,1,2.967,2.494,3.599,0.389
sqlbarber,sb_06269,complete,10,1,2.989,2.491,3.585,0.502
sqlbarber,sb_06270,complete,10,1,2.830,2.538,3.514,0.362
sqlbarber,sb_06271,complete,10,1,15.255,14.220,21.215,0.648
sqlbarber,sb_06272,complete,10,1,16.648,15.835,18.084,0.603
sqlbarber,sb_06274,complete,10,1,14.392,14.075,16.350,0.697
sqlbarber,sb_06275,complete,10,1,16.498,15.866,17.079,0.454
sqlbarber,sb_06276,complete,10,1,17.155,13.830,17.786,0.439
sqlbarber,sb_06277,complete,10,1,19.576,16.249,20.918,0.546
sqlbarber,sb_06278,complete,10,1,16.480,13.357,20.101,0.618
sqlbarber,sb_06279,complete,10,1,3.356,2.806,4.409,0.190
sqlbarber,sb_06280,complete,10,1,16.430,15.608,18.136,1.142
sqlbarber,sb_06281,complete,10,1,20.530,19.842,31.942,1.869
sqlbarber,sb_06282,complete,10,1,21.944,20.738,46.351,1.083
sqlbarber,sb_06283,complete,10,1,20.386,19.703,22.976,0.441
sqlbarber,sb_06285,complete,10,1,4.227,4.002,4.529,0.266
sqlbarber,sb_06286,complete,10,1,3.760,3.329,3.883,0.128
sqlbarber,sb_06288,complete,10,1,4.492,4.191,5.537,0.476
sqlbarber,sb_06289,complete,10,1,4.719,4.344,5.652,0.705
sqlbarber,sb_06290,complete,10,1,4.377,4.069,5.384,0.292
sqlbarber,sb_06291,complete,10,1,3.612,3.456,3.872,0.200
sqlbarber,sb_06292,complete,10,1,4.387,4.010,5.165,0.679
sqlbarber,sb_06293,complete,10,1,4.328,4.033,4.982,0.331
sqlbarber,sb_06295,complete,10,1,3.539,3.170,4.428,0.156
sqlbarber,sb_06296,complete,10,1,5.634,4.951,6.436,0.472
sqlbarber,sb_06297,complete,10,1,5.165,4.041,5.774,0.240
sqlbarber,sb_06298,complete,10,1,4.242,3.957,5.509,0.124
sqlbarber,sb_06299,complete,10,1,3.635,3.310,4.311,0.244
sqlbarber,sb_06300,complete,10,1,20.162,19.570,24.029,0.690
sqlbarber,sb_06301,complete,10,1,4.576,4.482,4.728,0.055
sqlbarber,sb_06303,complete,10,1,3.058,2.916,3.388,0.109
sqlbarber,sb_06304,complete,10,1,2.974,2.697,3.836,0.504
sqlbarber,sb_06305,complete,10,1,2.981,2.608,3.633,0.497
sqlbarber,sb_06306,complete,10,1,3.239,2.568,3.636,0.542
sqlbarber,sb_06309,complete,10,1,20.187,18.897,22.281,1.145
sqlbarber,sb_06310,complete,10,1,18.539,18.053,19.926,0.779
sqlbarber,sb_06311,complete,10,1,15.960,15.470,17.511,0.435
sqlbarber,sb_06312,complete,10,1,3.111,2.848,3.631,0.148
sqlbarber,sb_06313,complete,10,1,16.384,15.580,17.504,0.805
sqlbarber,sb_06314,complete,10,1,21.829,20.695,22.194,0.930
sqlbarber,sb_06315,complete,10,1,3.198,2.755,3.602,0.351
sqlbarber,sb_06316,complete,10,1,16.047,15.245,16.896,0.587
sqlbarber,sb_06317,complete,10,1,15.508,14.992,15.946,0.597
sqlbarber,sb_06318,complete,10,1,17.184,16.329,18.316,0.871
sqlbarber,sb_06319,complete,10,1,16.013,15.201,19.378,0.494
sqlbarber,sb_06320,complete,10,1,15.638,14.785,17.169,0.662
sqlbarber,sb_06321,complete,10,1,18.678,17.803,20.108,0.402
sqlbarber,sb_06322,complete,10,1,18.422,17.660,19.207,0.826
sqlbarber,sb_06323,complete,10,1,18.639,17.831,19.547,0.567
sqlbarber,sb_06324,complete,10,1,3.356,2.791,3.939,0.491
sqlbarber,sb_06325,complete,10,1,18.110,17.546,19.205,0.764
sqlbarber,sb_06326,complete,10,1,21.351,20.346,22.286,0.766
sqlbarber,sb_06327,complete,10,1,20.546,19.111,21.551,0.554
sqlbarber,sb_06328,complete,10,1,3.581,3.048,4.073,0.516
sqlbarber,sb_06329,complete,10,1,18.261,17.697,19.060,0.757
sqlbarber,sb_06330,complete,10,1,16.752,13.075,18.144,1.373
sqlbarber,sb_06332,complete,10,1,20.389,15.430,21.691,0.545
sqlbarber,sb_06333,complete,10,1,21.111,15.252,22.354,1.528
sqlbarber,sb_06334,complete,10,1,27.726,20.698,31.569,1.399
sqlbarber,sb_06337,complete,10,1,16.236,14.753,17.425,0.569
sqlbarber,sb_06338,complete,10,1,17.291,16.589,18.132,0.760
sqlbarber,sb_06339,complete,10,1,15.498,15.014,17.950,0.599
sqlbarber,sb_06340,complete,10,1,15.853,14.595,18.208,1.043
sqlbarber,sb_06341,complete,10,1,17.778,17.082,20.062,0.739
sqlbarber,sb_06343,complete,10,1,18.971,17.601,20.025,1.244
sqlbarber,sb_06344,complete,10,1,19.008,17.215,19.620,0.614
sqlbarber,sb_06345,complete,10,1,18.780,17.720,21.132,0.354
sqlbarber,sb_06346,complete,10,1,20.940,19.242,21.606,0.641
sqlbarber,sb_06347,complete,10,1,16.450,15.872,17.573,0.741
sqlbarber,sb_06348,complete,10,1,15.696,15.320,16.734,0.574
sqlbarber,sb_06349,complete,10,1,18.334,17.553,20.619,0.724
sqlbarber,sb_06350,complete,10,1,3.314,3.107,4.336,0.284
sqlbarber,sb_06351,complete,10,1,3.057,2.546,3.545,0.539
sqlbarber,sb_06353,complete,10,1,18.443,17.492,19.852,0.810
sqlbarber,sb_06355,complete,10,1,20.309,19.697,22.652,1.098
sqlbarber,sb_06356,complete,10,1,19.933,18.707,20.854,0.800
sqlbarber,sb_06357,complete,10,1,17.607,16.789,18.333,0.895
sqlbarber,sb_06358,complete,10,1,17.748,16.690,18.483,0.517
sqlbarber,sb_06359,complete,10,1,16.334,15.562,17.698,0.716
sqlbarber,sb_06360,complete,10,1,3.013,2.804,3.831,0.473
sqlbarber,sb_06361,complete,10,1,17.267,16.886,17.786,0.352
sqlbarber,sb_06362,complete,10,1,3.952,3.739,4.240,0.189
sqlbarber,sb_06363,complete,10,1,5.144,4.906,5.625,0.323
sqlbarber,sb_06364,complete,10,1,5.934,4.899,6.183,0.815
sqlbarber,sb_06365,complete,10,1,4.625,3.815,5.408,0.727
sqlbarber,sb_06366,complete,10,1,4.176,3.330,9.449,1.250
sqlbarber,sb_06367,complete,10,1,4.835,4.016,5.314,0.328
sqlbarber,sb_06368,complete,10,1,4.784,4.164,5.168,0.612
sqlbarber,sb_06369,complete,10,1,3.800,3.463,4.945,0.368
sqlbarber,sb_06370,complete,10,1,3.688,3.484,3.950,0.245
sqlbarber,sb_06371,complete,10,1,3.709,3.589,4.098,0.201
sqlbarber,sb_06372,complete,10,1,4.449,3.929,5.743,0.591
sqlbarber,sb_06373,complete,10,1,4.412,4.144,5.407,0.658
sqlbarber,sb_06374,complete,10,1,3.617,3.420,3.916,0.210
sqlbarber,sb_06375,complete,10,1,4.403,3.964,5.780,0.469
sqlbarber,sb_06376,complete,10,1,3.506,3.331,4.304,0.120
sqlbarber,sb_06377,complete,10,1,3.694,3.271,4.134,0.295
sqlbarber,sb_06378,complete,10,1,4.381,4.072,5.363,0.132
sqlbarber,sb_06379,complete,10,1,3.633,3.218,3.798,0.205
sqlbarber,sb_06383,complete,10,1,3.569,3.504,3.986,0.179
sqlbarber,sb_06384,complete,10,1,3.580,3.245,3.816,0.192
sqlbarber,sb_06385,complete,10,1,3.636,3.417,3.883,0.155
sqlbarber,sb_06386,complete,10,1,3.656,3.496,4.054,0.184
sqlbarber,sb_06387,complete,10,1,3.532,3.161,3.774,0.076
sqlbarber,sb_06388,complete,10,1,3.612,3.409,4.206,0.198
sqlbarber,sb_06389,complete,10,1,4.416,4.227,5.759,0.455
sqlbarber,sb_06390,complete,10,1,3.606,3.515,3.834,0.107
sqlbarber,sb_06391,complete,10,1,3.579,3.428,3.855,0.188
sqlbarber,sb_06392,complete,10,1,3.543,3.324,3.814,0.204
sqlbarber,sb_06394,complete,10,1,3.529,3.284,3.680,0.174
sqlbarber,sb_06396,complete,10,1,3.484,3.331,4.114,0.220
sqlbarber,sb_06397,complete,10,1,4.119,3.747,5.813,0.334
sqlbarber,sb_06398,complete,10,1,4.159,3.949,4.491,0.207
sqlbarber,sb_06399,complete,10,1,3.630,3.373,4.079,0.203
sqlbarber,sb_06400,complete,10,1,3.567,3.285,3.790,0.264
sqlbarber,sb_06401,complete,10,1,3.554,3.287,3.872,0.143
sqlbarber,sb_06402,complete,10,1,3.401,3.204,3.877,0.369
sqlbarber,sb_06403,complete,10,1,3.516,3.330,3.766,0.151
sqlbarber,sb_06404,complete,10,1,5.151,4.895,6.410,0.415
sqlbarber,sb_06405,complete,10,1,5.997,5.146,6.575,0.970
sqlbarber,sb_06408,complete,10,1,3.732,3.465,3.852,0.199
sqlbarber,sb_06410,complete,10,1,3.583,3.449,3.766,0.078
sqlbarber,sb_06413,complete,10,1,5.648,4.758,6.741,1.308
sqlbarber,sb_06416,complete,10,1,6.163,5.455,6.781,0.779
sqlbarber,sb_06417,complete,10,1,3.927,3.597,4.374,0.132
sqlbarber,sb_06418,complete,10,1,3.503,3.356,3.897,0.111
sqlbarber,sb_06419,complete,10,1,3.603,3.210,4.151,0.134
sqlbarber,sb_06421,complete,10,1,5.571,4.672,6.454,1.250
sqlbarber,sb_06422,complete,10,1,6.155,4.524,7.445,0.673
sqlbarber,sb_06423,complete,10,1,3.513,3.124,3.924,0.477
sqlbarber,sb_06424,complete,10,1,21.175,20.384,22.405,0.828
sqlbarber,sb_06426,complete,10,1,14.302,13.861,15.962,0.510
sqlbarber,sb_06427,complete,10,1,3.016,2.760,3.615,0.446
sqlbarber,sb_06428,complete,10,1,2.840,2.669,3.751,0.340
sqlbarber,sb_06429,complete,10,1,16.211,15.293,17.414,0.476
sqlbarber,sb_06432,complete,10,1,17.180,16.781,19.015,1.159
sqlbarber,sb_06433,complete,10,1,17.482,16.753,19.758,0.864
sqlbarber,sb_06434,complete,10,1,15.957,14.994,20.354,1.447
sqlbarber,sb_06435,complete,10,1,20.832,19.846,23.282,0.699
sqlbarber,sb_06436,complete,10,1,19.270,18.843,21.576,0.608
sqlbarber,sb_06437,complete,10,1,18.935,18.433,22.937,0.429
sqlbarber,sb_06438,complete,10,1,20.504,19.913,22.388,0.524
sqlbarber,sb_06439,complete,10,1,5.194,4.581,5.918,0.538
sqlbarber,sb_06440,complete,10,1,19.953,19.680,22.789,0.402
sqlbarber,sb_06441,complete,10,1,20.691,20.020,23.334,0.996
sqlbarber,sb_06442,complete,10,1,3.546,2.935,4.522,0.746
sqlbarber,sb_06443,complete,10,1,2.951,2.682,3.647,0.392
sqlbarber,sb_06444,complete,10,1,3.090,2.632,3.426,0.259
sqlbarber,sb_06445,complete,10,1,2.959,2.630,3.611,0.372
sqlbarber,sb_06446,complete,10,1,2.989,2.661,4.169,0.412
sqlbarber,sb_06447,complete,10,1,2.910,2.512,3.730,0.401
sqlbarber,sb_06448,complete,10,1,2.883,2.482,3.480,0.497
sqlbarber,sb_06449,complete,10,1,3.081,2.659,3.585,0.294
sqlbarber,sb_06450,complete,10,1,2.804,2.612,3.452,0.329
sqlbarber,sb_06451,complete,10,1,2.982,2.658,3.933,0.265
sqlbarber,sb_06452,complete,10,1,2.867,2.410,3.936,0.494
sqlbarber,sb_06453,complete,10,1,2.979,2.559,3.304,0.349
sqlbarber,sb_06454,complete,10,1,2.796,2.431,3.915,0.489
sqlbarber,sb_06455,complete,10,1,20.919,20.267,22.593,0.930
sqlbarber,sb_06456,complete,10,1,17.168,15.533,22.483,0.439
sqlbarber,sb_06457,complete,10,1,13.720,13.312,16.635,0.407
sqlbarber,sb_06458,complete,10,1,17.328,16.131,21.665,1.255
sqlbarber,sb_06459,complete,10,1,15.777,14.804,20.580,0.485
sqlbarber,sb_06461,complete,10,1,18.776,17.479,22.776,1.753
sqlbarber,sb_06462,complete,10,1,21.918,19.255,23.932,1.237
sqlbarber,sb_06463,complete,10,1,18.544,17.631,24.062,0.724
sqlbarber,sb_06465,complete,10,1,3.232,2.776,3.712,0.400
sqlbarber,sb_06466,complete,10,1,2.908,2.532,3.516,0.472
sqlbarber,sb_06470,complete,10,1,17.522,16.972,21.475,1.137
sqlbarber,sb_06472,complete,10,1,15.914,15.013,18.834,0.620
sqlbarber,sb_06473,complete,10,1,13.740,13.145,15.769,0.498
sqlbarber,sb_06474,complete,10,1,17.060,14.958,19.966,1.433
sqlbarber,sb_06479,complete,10,1,5.117,4.371,5.484,0.429
sqlbarber,sb_06480,complete,10,1,4.553,4.165,6.783,0.785
sqlbarber,sb_06481,complete,10,1,3.810,3.498,4.066,0.164
sqlbarber,sb_06484,complete,10,1,3.635,3.483,3.871,0.122
sqlbarber,sb_06485,complete,10,1,4.253,3.857,5.134,0.584
sqlbarber,sb_06486,complete,10,1,4.410,4.015,8.924,0.860
sqlbarber,sb_06487,complete,10,1,4.173,3.870,5.436,0.715
sqlbarber,sb_06488,complete,10,1,4.123,3.812,4.283,0.168
sqlbarber,sb_06490,complete,10,1,4.177,3.911,6.022,0.842
sqlbarber,sb_06491,complete,10,1,5.675,4.638,8.579,0.739
sqlbarber,sb_06495,complete,10,1,16.779,16.033,20.475,0.645
sqlbarber,sb_06496,complete,10,1,19.074,17.775,21.019,1.284
sqlbarber,sb_06497,complete,10,1,3.437,2.972,4.306,0.446
sqlbarber,sb_06498,complete,10,1,18.912,17.237,21.471,1.256
sqlbarber,sb_06499,complete,10,1,15.073,14.406,17.696,0.754
sqlbarber,sb_06500,complete,10,1,17.893,17.393,21.022,0.537
sqlbarber,sb_06503,complete,10,1,16.035,14.904,17.333,0.495
sqlbarber,sb_06504,complete,10,1,3.211,2.930,3.747,0.259
sqlbarber,sb_06505,complete,10,1,21.084,18.526,24.550,0.965
sqlbarber,sb_06506,complete,10,1,22.380,17.451,23.874,1.799
sqlbarber,sb_06507,complete,10,1,17.412,13.808,18.574,3.699
sqlbarber,sb_06508,complete,10,1,18.077,14.919,19.279,2.765
sqlbarber,sb_06509,complete,10,1,3.107,2.606,3.744,0.302
sqlbarber,sb_06511,complete,10,1,16.087,13.297,16.915,3.040
sqlbarber,sb_06512,complete,10,1,17.930,14.551,20.081,3.269
sqlbarber,sb_06514,complete,10,1,21.096,17.857,23.267,1.747
sqlbarber,sb_06517,complete,10,1,15.233,14.063,18.576,2.525
sqlbarber,sb_06518,complete,10,1,16.413,15.313,18.797,2.758
sqlbarber,sb_06519,complete,10,1,3.297,3.019,4.211,0.512
sqlbarber,sb_06520,complete,10,1,3.115,2.566,3.429,0.280
sqlbarber,sb_06521,complete,10,1,3.107,2.649,3.471,0.394
sqlbarber,sb_06522,complete,10,1,2.844,2.519,3.281,0.375
sqlbarber,sb_06523,complete,10,1,18.806,17.312,23.156,3.316
sqlbarber,sb_06524,complete,10,1,16.276,15.511,19.435,2.435
sqlbarber,sb_06525,complete,10,1,21.436,20.312,23.444,0.673
sqlbarber,sb_06526,complete,10,1,18.802,14.930,21.735,3.849
sqlbarber,sb_06529,complete,10,1,3.231,2.797,4.055,0.373
sqlbarber,sb_06530,complete,10,1,17.701,15.679,19.776,2.858
sqlbarber,sb_06531,complete,10,1,16.451,14.525,18.642,3.356
sqlbarber,sb_06532,complete,10,1,18.963,16.122,21.900,3.369
sqlbarber,sb_06533,complete,10,1,20.469,17.733,37.012,2.502
sqlbarber,sb_06534,complete,10,1,15.424,12.681,16.066,2.216
sqlbarber,sb_06536,complete,10,1,14.619,12.747,20.493,1.717
sqlbarber,sb_06537,complete,10,1,14.704,12.944,16.300,2.080
sqlbarber,sb_06538,complete,10,1,13.447,12.108,15.072,2.164
sqlbarber,sb_06541,complete,10,1,4.194,3.482,4.995,0.295
sqlbarber,sb_06542,complete,10,1,4.360,3.932,4.907,0.457
sqlbarber,sb_06543,complete,10,1,4.248,3.557,5.331,0.638
sqlbarber,sb_06544,complete,10,1,4.005,3.590,5.177,0.433
sqlbarber,sb_06545,complete,10,1,3.215,2.776,3.743,0.398
sqlbarber,sb_06546,complete,10,1,3.182,3.041,3.641,0.259
sqlbarber,sb_06547,complete,10,1,3.186,2.910,4.095,0.438
sqlbarber,sb_06549,complete,10,1,3.355,2.904,3.751,0.405
sqlbarber,sb_06550,complete,10,1,4.204,3.611,5.800,0.273
sqlbarber,sb_06551,complete,10,1,3.889,3.376,4.331,0.550
sqlbarber,sb_06552,complete,10,1,3.592,2.974,3.957,0.232
sqlbarber,sb_06554,complete,10,1,3.461,3.071,3.953,0.249
sqlbarber,sb_06555,complete,10,1,3.469,3.184,3.719,0.255
sqlbarber,sb_06556,complete,10,1,4.553,3.910,5.746,0.770
sqlbarber,sb_06558,complete,10,1,4.533,3.748,5.358,0.508
sqlbarber,sb_06559,complete,10,1,3.504,3.309,3.837,0.150
sqlbarber,sb_06563,complete,10,1,3.700,3.371,3.976,0.268
sqlbarber,sb_06564,complete,10,1,4.747,4.522,5.024,0.310
sqlbarber,sb_06565,complete,10,1,3.228,3.018,3.383,0.249
sqlbarber,sb_06566,complete,10,1,3.917,3.524,4.074,0.320
sqlbarber,sb_06567,complete,10,1,3.653,3.458,3.940,0.157
sqlbarber,sb_06568,complete,10,1,4.419,4.028,5.581,0.541
sqlbarber,sb_06569,complete,10,1,3.649,3.361,3.929,0.126
sqlbarber,sb_06571,complete,10,1,3.366,3.155,3.722,0.307
sqlbarber,sb_06572,complete,10,1,3.490,3.209,3.620,0.196
sqlbarber,sb_06573,complete,10,1,3.829,3.233,4.717,0.413
sqlbarber,sb_06574,complete,10,1,3.714,3.467,3.977,0.266
sqlbarber,sb_06575,complete,10,1,4.423,3.993,5.403,0.635
sqlbarber,sb_06576,complete,10,1,3.846,3.499,3.974,0.206
sqlbarber,sb_06577,complete,10,1,4.399,4.128,5.095,0.251
sqlbarber,sb_06578,complete,10,1,4.286,4.098,8.383,0.378
sqlbarber,sb_06579,complete,10,1,4.258,3.875,5.551,0.537
sqlbarber,sb_06580,complete,10,1,4.540,4.034,5.420,0.792
sqlbarber,sb_06582,complete,10,1,4.389,4.031,5.009,0.288
sqlbarber,sb_06583,complete,10,1,4.367,4.054,5.436,0.290
sqlbarber,sb_06584,complete,10,1,4.331,3.953,5.560,1.019
sqlbarber,sb_06585,complete,10,1,3.573,3.372,3.828,0.175
sqlbarber,sb_06589,complete,10,1,3.622,3.176,4.136,0.234
sqlbarber,sb_06591,complete,10,1,15.414,14.602,23.241,1.084
sqlbarber,sb_06592,complete,10,1,3.102,2.912,4.501,0.208
sqlbarber,sb_06593,complete,10,1,3.184,2.867,3.498,0.390
sqlbarber,sb_06647,complete,10,1,3.946,3.455,5.469,0.912
sqlbarber,sb_06663,complete,10,1,22.203,11.825,25.134,5.207
sqlbarber,sb_06685,complete,10,1,3.546,3.141,5.776,0.581
sqlbarber,sb_06690,complete,10,1,3.098,2.605,3.422,0.235
sqlbarber,sb_06704,complete,10,1,2.965,2.575,4.840,0.245
sqlbarber,sb_06881,complete,10,1,3.315,2.848,4.701,0.321
sqlbarber,sb_06914,complete,10,1,3.275,2.812,5.011,0.877
sqlbarber,sb_06938,complete,10,1,3.178,2.863,4.674,0.716
sqlbarber,sb_06977,complete,10,1,2.832,2.498,3.578,0.435
sqlbarber,sb_06985,complete,10,1,2.858,2.578,3.723,0.367
sqlbarber,sb_06990,complete,10,1,2.862,2.413,3.408,0.463
sqlbarber,sb_07008,complete,10,1,14.044,11.860,24.370,8.857
sqlbarber,sb_07041,complete,10,1,28.083,15.111,29.303,1.179
sqlbarber,sb_07099,complete,10,1,23.051,13.213,26.814,10.784
sqlbarber,sb_07121,complete,10,1,4.542,3.557,5.039,0.347
sqlbarber,sb_07129,complete,10,1,24.547,17.515,31.176,12.808
sqlbarber,sb_07178,complete,10,1,31.851,16.283,34.027,9.289
sqlbarber,sb_07204,complete,10,1,5.563,3.908,6.935,0.535
sqlbarber,sb_07260,complete,10,1,20.780,11.802,21.253,6.414
sqlbarber,sb_07309,complete,10,1,31.097,16.251,32.548,13.998
sqlbarber,sb_07352,complete,10,1,30.868,19.910,31.811,0.738
sqlbarber,sb_07363,complete,10,1,30.250,15.781,30.890,3.664
sqlbarber,sb_07376,complete,10,1,27.235,17.165,28.504,0.516
sqlbarber,sb_07436,complete,10,1,21.422,20.213,23.029,0.531
sqlbarber,sb_07440,complete,10,1,12.104,11.024,14.670,1.188
sqlbarber,sb_07446,complete,10,1,17.310,15.451,18.803,0.947
sqlbarber,sb_07453,complete,10,1,3.710,3.361,4.830,0.180
sqlbarber,sb_07482,complete,10,1,3.220,2.998,4.418,0.460
sqlbarber,sb_07488,complete,10,1,15.958,15.321,17.298,1.039
sqlbarber,sb_07493,complete,10,1,15.439,14.290,16.535,1.192
sqlbarber,sb_07516,complete,10,1,3.112,2.902,3.489,0.306
redbench_wehrstein_reads,q0162,complete,10,1,66.230,63.107,84.983,4.443
redbench_wehrstein_reads,q0165,complete,10,1,34.118,30.825,37.958,1.732
redbench_wehrstein_reads,q0166,complete,10,1,69.413,62.360,75.004,5.363
redbench_wehrstein_reads,q0167,complete,10,1,64.721,60.345,72.666,4.952
redbench_wehrstein_reads,q0168,complete,10,1,72.152,66.731,82.444,6.003
redbench_wehrstein_reads,q0169,complete,10,1,69.810,58.870,73.159,4.508
redbench_wehrstein_reads,q0170,complete,10,1,99.345,92.872,106.051,3.957
redbench_wehrstein_reads,q0174,complete,10,1,43.676,40.431,49.713,3.325
redbench_wehrstein_reads,q0179,complete,10,1,30.065,26.493,30.950,3.497
redbench_wehrstein_reads,q0188,complete,10,1,33.084,28.309,36.274,3.961
redbench_wehrstein_reads,q0192,complete,10,1,33.131,28.146,35.060,1.533
redbench_wehrstein_reads,q0198,complete,10,1,32.999,30.749,33.716,0.598
redbench_wehrstein_reads,q0202,complete,10,1,32.499,28.862,33.746,2.351
redbench_wehrstein_reads,q0210,complete,10,1,51.635,44.670,54.458,4.970
redbench_wehrstein_reads,q0215,complete,10,1,30.159,27.023,31.316,1.085
redbench_wehrstein_reads,q0227,complete,10,1,29.745,25.854,35.376,2.855
redbench_wehrstein_reads,q0230,complete,10,1,29.029,25.676,32.750,4.455
redbench_wehrstein_reads,q0244,complete,10,1,77.671,69.010,84.148,5.802
redbench_wehrstein_reads,q0247,complete,10,1,29.967,26.383,33.472,4.785
redbench_wehrstein_reads,q0262,complete,10,1,29.172,26.279,30.520,2.500
redbench_wehrstein_reads,q0278,complete,10,1,30.773,28.864,36.996,2.764
redbench_wehrstein_reads,q0293,complete,10,1,32.651,27.461,36.263,3.978
redbench_wehrstein_reads,q0302,complete,10,1,32.513,27.635,35.690,3.172
redbench_wehrstein_reads,q0308,complete,10,1,32.424,31.013,37.330,2.268
redbench_wehrstein_reads,q0318,complete,10,1,32.749,25.935,36.985,1.580
redbench_wehrstein_reads,q0432,complete,10,1,80.426,66.938,86.312,5.505
redbench_wehrstein_reads,q0620,complete,10,1,41.228,39.889,51.087,1.470
redbench_wehrstein_reads,q0621,complete,10,1,78.387,75.189,89.922,2.326
redbench_wehrstein_reads,q0622,complete,10,1,51.758,47.364,55.749,1.726
redbench_wehrstein_reads,q0623,complete,10,1,46.507,39.896,50.980,3.958
redbench_wehrstein_reads,q0624,complete,10,1,119.042,112.019,126.561,6.081
redbench_wehrstein_reads,q0631,complete,10,1,53.264,47.849,55.370,2.997
redbench_wehrstein_reads,q0636,complete,10,1,68.102,64.936,88.115,5.141
redbench_wehrstein_reads,q0645,complete,10,1,48.701,44.223,55.934,5.640
redbench_wehrstein_reads,q0647,complete,10,1,72.373,64.775,77.809,4.954
redbench_wehrstein_reads,q0655,complete,10,1,31.456,27.782,37.251,4.762
redbench_wehrstein_reads,q0660,complete,10,1,78.493,62.096,85.365,5.805
redbench_wehrstein_reads,q0666,complete,10,1,46.243,42.747,50.828,1.605
redbench_wehrstein_reads,q0668,complete,10,1,75.766,67.437,80.832,5.231
redbench_wehrstein_reads,q0677,complete,10,1,45.515,42.853,46.977,1.312
redbench_wehrstein_reads,q0680,complete,10,1,72.428,65.811,79.189,5.484
redbench_wehrstein_reads,q0686,complete,10,1,65.460,60.874,78.814,5.429
redbench_wehrstein_reads,q0691,complete,10,1,71.912,64.683,83.697,3.056
redbench_wehrstein_reads,q0695,complete,10,1,30.849,27.193,33.112,1.621
redbench_wehrstein_reads,q0699,complete,10,1,75.335,66.107,87.714,5.301
redbench_wehrstein_reads,q0752,complete,10,1,65.457,61.128,75.073,5.085
redbench_wehrstein_reads,q0766,complete,10,1,50.203,42.799,56.860,4.334
redbench_wehrstein_reads,q0767,complete,10,1,71.565,63.347,82.256,12.051
redbench_wehrstein_reads,q0789,complete,10,1,32.578,30.248,36.370,3.176
redbench_wehrstein_reads,q0839,complete,10,1,77.821,67.180,85.972,5.560
redbench_wehrstein_reads,q0840,complete,10,1,45.245,41.106,47.914,3.969
redbench_wehrstein_reads,q0841,complete,10,1,31.577,28.921,34.612,2.386
redbench_wehrstein_reads,q0842,complete,10,1,53.486,40.246,63.271,6.481
redbench_wehrstein_reads,q0843,complete,10,1,67.084,61.507,77.306,7.560
redbench_wehrstein_reads,q0844,complete,10,1,48.302,40.131,53.587,5.423
redbench_wehrstein_reads,q0845,complete,10,1,47.632,45.254,51.351,2.173
redbench_wehrstein_reads,q0846,complete,10,1,70.800,65.542,79.820,7.790
redbench_wehrstein_reads,q0847,complete,10,1,30.999,26.587,33.023,3.418
redbench_wehrstein_reads,q0848,complete,10,1,32.681,26.390,34.463,3.874
redbench_wehrstein_reads,q0849,complete,10,1,33.031,30.931,39.054,1.609
redbench_wehrstein_reads,q0850,complete,10,1,32.611,28.678,34.670,0.718
redbench_wehrstein_reads,q0867,complete,10,1,80.160,65.619,86.725,6.653
redbench_wehrstein_writes,q0000,complete,1,1,4.191,4.191,4.191,0.000
redbench_wehrstein_writes,q0001,complete,1,1,4.266,4.266,4.266,0.000
redbench_wehrstein_writes,q0002,complete,1,1,6.540,6.540,6.540,0.000
redbench_wehrstein_writes,q0003,complete,1,1,2.051,2.051,2.051,0.000
redbench_wehrstein_writes,q0004,complete,1,1,2.872,2.872,2.872,0.000
redbench_wehrstein_writes,q0005,complete,1,1,2.768,2.768,2.768,0.000
redbench_wehrstein_writes,q0006,complete,1,1,3.925,3.925,3.925,0.000
redbench_wehrstein_writes,q0007,complete,1,1,3.734,3.734,3.734,0.000
redbench_wehrstein_writes,q0008,complete,1,1,2.132,2.132,2.132,0.000
redbench_wehrstein_writes,q0009,complete,1,1,5.425,5.425,5.425,0.000
redbench_wehrstein_writes,q0010,complete,1,1,2.627,2.627,2.627,0.000
redbench_wehrstein_writes,q0011,complete,1,1,2.119,2.119,2.119,0.000
redbench_wehrstein_writes,q0012,complete,1,1,3.318,3.318,3.318,0.000
redbench_wehrstein_writes,q0013,complete,1,1,3.680,3.680,3.680,0.000
redbench_wehrstein_writes,q0014,complete,1,1,1.604,1.604,1.604,0.000
redbench_wehrstein_writes,q0015,complete,1,1,4.936,4.936,4.936,0.000
redbench_wehrstein_writes,q0016,complete,1,1,1.456,1.456,1.456,0.000
redbench_wehrstein_writes,q0017,complete,1,1,4.684,4.684,4.684,0.000
redbench_wehrstein_writes,q0018,complete,1,1,4.877,4.877,4.877,0.000
redbench_wehrstein_writes,q0019,complete,1,1,2.629,2.629,2.629,0.000
redbench_wehrstein_writes,q0020,complete,1,1,2.117,2.117,2.117,0.000
redbench_wehrstein_writes,q0021,complete,1,1,6.472,6.472,6.472,0.000
redbench_wehrstein_writes,q0022,complete,1,1,2.036,2.036,2.036,0.000
redbench_wehrstein_writes,q0023,complete,1,1,6.331,6.331,6.331,0.000
redbench_wehrstein_writes,q0024,complete,1,1,1.731,1.731,1.731,0.000
redbench_wehrstein_writes,q0025,complete,1,1,1.504,1.504,1.504,0.000
redbench_wehrstein_writes,q0026,complete,1,1,4.143,4.143,4.143,0.000
redbench_wehrstein_writes,q0027,complete,1,1,8.497,8.497,8.497,0.000
redbench_wehrstein_writes,q0028,complete,1,1,1.527,1.527,1.527,0.000
redbench_wehrstein_writes,q0029,complete,1,1,3.910,3.910,3.910,0.000
redbench_wehrstein_writes,q0030,complete,1,1,4.367,4.367,4.367,0.000
redbench_wehrstein_writes,q0031,complete,1,1,1.537,1.537,1.537,0.000
redbench_wehrstein_writes,q0032,complete,1,1,1.474,1.474,1.474,0.000
redbench_wehrstein_writes,q0033,complete,1,1,1.564,1.564,1.564,0.000
redbench_wehrstein_writes,q0034,complete,1,1,2.680,2.680,2.680,0.000
redbench_wehrstein_writes,q0035,complete,1,1,1.611,1.611,1.611,0.000
redbench_wehrstein_writes,q0036,complete,1,1,2.437,2.437,2.437,0.000
redbench_wehrstein_writes,q0037,complete,1,1,1.974,1.974,1.974,0.000
redbench_wehrstein_writes,q0038,complete,1,1,3.374,3.374,3.374,0.000
redbench_wehrstein_writes,q0039,complete,1,1,2.223,2.223,2.223,0.000
redbench_wehrstein_writes,q0040,complete,1,1,5.299,5.299,5.299,0.000
redbench_wehrstein_writes,q0041,complete,1,1,1.440,1.440,1.440,0.000
redbench_wehrstein_writes,q0042,complete,1,1,1.788,1.788,1.788,0.000
redbench_wehrstein_writes,q0043,complete,1,1,1.593,1.593,1.593,0.000
redbench_wehrstein_writes,q0044,complete,1,1,5.093,5.093,5.093,0.000
redbench_wehrstein_writes,q0045,complete,1,1,2.786,2.786,2.786,0.000
redbench_wehrstein_writes,q0046,complete,1,1,9.092,9.092,9.092,0.000
redbench_wehrstein_writes,q0047,complete,1,1,4.591,4.591,4.591,0.000
redbench_wehrstein_writes,q0048,complete,1,1,1.584,1.584,1.584,0.000
redbench_wehrstein_writes,q0049,complete,1,1,7.195,7.195,7.195,0.000
redbench_wehrstein_writes,q0050,complete,1,1,1.502,1.502,1.502,0.000
redbench_wehrstein_writes,q0051,complete,1,1,1.404,1.404,1.404,0.000
redbench_wehrstein_writes,q0052,complete,1,1,1.402,1.402,1.402,0.000
redbench_wehrstein_writes,q0053,complete,1,1,6.925,6.925,6.925,0.000
redbench_wehrstein_writes,q0054,complete,1,1,1.326,1.326,1.326,0.000
redbench_wehrstein_writes,q0055,complete,1,1,1.987,1.987,1.987,0.000
redbench_wehrstein_writes,q0056,complete,1,1,5.503,5.503,5.503,0.000
redbench_wehrstein_writes,q0057,complete,1,1,2.739,2.739,2.739,0.000
redbench_wehrstein_writes,q0058,complete,1,1,6.819,6.819,6.819,0.000
redbench_wehrstein_writes,q0059,complete,1,1,3.112,3.112,3.112,0.000
redbench_wehrstein_writes,q0060,complete,1,1,6.671,6.671,6.671,0.000
redbench_wehrstein_writes,q0061,complete,1,1,1.952,1.952,1.952,0.000
redbench_wehrstein_writes,q0062,complete,1,1,1.553,1.553,1.553,0.000
redbench_wehrstein_writes,q0063,complete,1,1,1.730,1.730,1.730,0.000
redbench_wehrstein_writes,q0064,complete,1,1,4.494,4.494,4.494,0.000
redbench_wehrstein_writes,q0065,complete,1,1,2.735,2.735,2.735,0.000
redbench_wehrstein_writes,q0066,complete,1,1,6.768,6.768,6.768,0.000
redbench_wehrstein_writes,q0067,complete,1,1,2.630,2.630,2.630,0.000
redbench_wehrstein_writes,q0068,complete,1,1,1.615,1.615,1.615,0.000
redbench_wehrstein_writes,q0069,complete,1,1,1.738,1.738,1.738,0.000
redbench_wehrstein_writes,q0070,complete,1,1,2.399,2.399,2.399,0.000
redbench_wehrstein_writes,q0071,complete,1,1,1.458,1.458,1.458,0.000
redbench_wehrstein_writes,q0072,complete,1,1,8.556,8.556,8.556,0.000
redbench_wehrstein_writes,q0073,complete,1,1,1.394,1.394,1.394,0.000
redbench_wehrstein_writes,q0074,complete,1,1,3.273,3.273,3.273,0.000
redbench_wehrstein_writes,q0075,complete,1,1,3.669,3.669,3.669,0.000
redbench_wehrstein_writes,q0076,complete,1,1,1.995,1.995,1.995,0.000
redbench_wehrstein_writes,q0077,complete,1,1,2.520,2.520,2.520,0.000
redbench_wehrstein_writes,q0078,complete,1,1,7.847,7.847,7.847,0.000
redbench_wehrstein_writes,q0079,complete,1,1,2.256,2.256,2.256,0.000
redbench_wehrstein_writes,q0080,complete,1,1,1.816,1.816,1.816,0.000
redbench_wehrstein_writes,q0081,complete,1,1,1.720,1.720,1.720,0.000
redbench_wehrstein_writes,q0082,complete,1,1,5.850,5.850,5.850,0.000
redbench_wehrstein_writes,q0083,complete,1,1,1.613,1.613,1.613,0.000
redbench_wehrstein_writes,q0084,complete,1,1,3.280,3.280,3.280,0.000
redbench_wehrstein_writes,q0085,complete,1,1,5.125,5.125,5.125,0.000
redbench_wehrstein_writes,q0086,complete,1,1,5.361,5.361,5.361,0.000
redbench_wehrstein_writes,q0087,complete,1,1,2.275,2.275,2.275,0.000
redbench_wehrstein_writes,q0088,complete,1,1,1.737,1.737,1.737,0.000
redbench_wehrstein_writes,q0089,complete,1,1,1.435,1.435,1.435,0.000
redbench_wehrstein_writes,q0090,complete,1,1,1.868,1.868,1.868,0.000
redbench_wehrstein_writes,q0091,complete,1,1,1.420,1.420,1.420,0.000
redbench_wehrstein_writes,q0092,complete,1,1,6.776,6.776,6.776,0.000
redbench_wehrstein_writes,q0093,complete,1,1,10.373,10.373,10.373,0.000
redbench_wehrstein_writes,q0094,complete,1,1,4.657,4.657,4.657,0.000
redbench_wehrstein_writes,q0095,complete,1,1,4.067,4.067,4.067,0.000
redbench_wehrstein_writes,q0096,complete,1,1,2.213,2.213,2.213,0.000
redbench_wehrstein_writes,q0097,complete,1,1,2.038,2.038,2.038,0.000
redbench_wehrstein_writes,q0098,complete,1,1,1.768,1.768,1.768,0.000
redbench_wehrstein_writes,q0099,complete,1,1,1.564,1.564,1.564,0.000
redbench_wehrstein_writes,q0100,complete,1,1,5.193,5.193,5.193,0.000
redbench_wehrstein_writes,q0101,complete,1,1,5.411,5.411,5.411,0.000
redbench_wehrstein_writes,q0102,complete,1,1,4.107,4.107,4.107,0.000
redbench_wehrstein_writes,q0103,complete,1,1,2.977,2.977,2.977,0.000
redbench_wehrstein_writes,q0104,complete,1,1,3.141,3.141,3.141,0.000
redbench_wehrstein_writes,q0105,complete,1,1,1.668,1.668,1.668,0.000
redbench_wehrstein_writes,q0106,complete,1,1,1.530,1.530,1.530,0.000
redbench_wehrstein_writes,q0107,complete,1,1,2.095,2.095,2.095,0.000
redbench_wehrstein_writes,q0108,complete,1,1,4.863,4.863,4.863,0.000
redbench_wehrstein_writes,q0109,complete,1,1,2.793,2.793,2.793,0.000
redbench_wehrstein_writes,q0110,complete,1,1,4.487,4.487,4.487,0.000
redbench_wehrstein_writes,q0111,complete,1,1,2.573,2.573,2.573,0.000
redbench_wehrstein_writes,q0112,complete,1,1,1.667,1.667,1.667,0.000
redbench_wehrstein_writes,q0113,complete,1,1,1.577,1.577,1.577,0.000
redbench_wehrstein_writes,q0114,complete,1,1,3.263,3.263,3.263,0.000
redbench_wehrstein_writes,q0115,complete,1,1,1.516,1.516,1.516,0.000
redbench_wehrstein_writes,q0116,complete,1,1,1.881,1.881,1.881,0.000
redbench_wehrstein_writes,q0117,complete,1,1,1.655,1.655,1.655,0.000
redbench_wehrstein_writes,q0118,complete,1,1,1.597,1.597,1.597,0.000
redbench_wehrstein_writes,q0119,complete,1,1,1.633,1.633,1.633,0.000
redbench_wehrstein_writes,q0120,complete,1,1,2.498,2.498,2.498,0.000
redbench_wehrstein_writes,q0121,complete,1,1,3.576,3.576,3.576,0.000
redbench_wehrstein_writes,q0122,complete,1,1,3.476,3.476,3.476,0.000
redbench_wehrstein_writes,q0123,complete,1,1,2.972,2.972,2.972,0.000
redbench_wehrstein_writes,q0124,complete,1,1,2.724,2.724,2.724,0.000
redbench_wehrstein_writes,q0125,complete,1,1,1.453,1.453,1.453,0.000
redbench_wehrstein_writes,q0126,complete,1,1,1.776,1.776,1.776,0.000
redbench_wehrstein_writes,q0127,complete,1,1,2.078,2.078,2.078,0.000
redbench_wehrstein_writes,q0128,complete,1,1,2.793,2.793,2.793,0.000
redbench_wehrstein_writes,q0129,complete,1,1,1.952,1.952,1.952,0.000
redbench_wehrstein_writes,q0130,complete,1,1,6.595,6.595,6.595,0.000
redbench_wehrstein_writes,q0131,complete,1,1,4.259,4.259,4.259,0.000
redbench_wehrstein_writes,q0132,complete,1,1,1.440,1.440,1.440,0.000
redbench_wehrstein_writes,q0133,complete,1,1,1.599,1.599,1.599,0.000
redbench_wehrstein_writes,q0134,complete,1,1,3.020,3.020,3.020,0.000
redbench_wehrstein_writes,q0135,complete,1,1,2.213,2.213,2.213,0.000
redbench_wehrstein_writes,q0136,complete,1,1,2.696,2.696,2.696,0.000
redbench_wehrstein_writes,q0137,complete,1,1,3.403,3.403,3.403,0.000
redbench_wehrstein_writes,q0138,complete,1,1,3.668,3.668,3.668,0.000
redbench_wehrstein_writes,q0139,complete,1,1,3.023,3.023,3.023,0.000
redbench_wehrstein_writes,q0140,complete,1,1,1.886,1.886,1.886,0.000
redbench_wehrstein_writes,q0141,complete,1,1,1.542,1.542,1.542,0.000
redbench_wehrstein_writes,q0142,complete,1,1,3.612,3.612,3.612,0.000
redbench_wehrstein_writes,q0143,complete,1,1,3.258,3.258,3.258,0.000
redbench_wehrstein_writes,q0144,complete,1,1,1.714,1.714,1.714,0.000
redbench_wehrstein_writes,q0145,complete,1,1,3.147,3.147,3.147,0.000
redbench_wehrstein_writes,q0146,complete,1,1,2.151,2.151,2.151,0.000
redbench_wehrstein_writes,q0147,complete,1,1,5.153,5.153,5.153,0.000
redbench_wehrstein_writes,q0148,complete,1,1,4.639,4.639,4.639,0.000
redbench_wehrstein_writes,q0149,complete,1,1,1.818,1.818,1.818,0.000
redbench_wehrstein_writes,q0150,complete,1,1,1.587,1.587,1.587,0.000
redbench_wehrstein_writes,q0151,complete,1,1,1.869,1.869,1.869,0.000
redbench_wehrstein_writes,q0152,complete,1,1,1.589,1.589,1.589,0.000
redbench_wehrstein_writes,q0153,complete,1,1,3.027,3.027,3.027,0.000
redbench_wehrstein_writes,q0154,complete,1,1,3.277,3.277,3.277,0.000
redbench_wehrstein_writes,q0155,complete,1,1,3.302,3.302,3.302,0.000
redbench_wehrstein_writes,q0156,complete,1,1,1.377,1.377,1.377,0.000
redbench_wehrstein_writes,q0157,complete,1,1,2.001,2.001,2.001,0.000
redbench_wehrstein_writes,q0158,complete,1,1,1.518,1.518,1.518,0.000
redbench_wehrstein_writes,q0159,complete,1,1,2.916,2.916,2.916,0.000
redbench_wehrstein_writes,q0160,complete,1,1,2.480,2.480,2.480,0.000
redbench_wehrstein_writes,q0161,complete,1,1,3.157,3.157,3.157,0.000
redbench_wehrstein_writes,q0163,complete,1,1,2.030,2.030,2.030,0.000
redbench_wehrstein_writes,q0164,complete,1,1,4.870,4.870,4.870,0.000
redbench_wehrstein_writes,q0171,complete,1,1,3.199,3.199,3.199,0.000
redbench_wehrstein_writes,q0172,complete,1,1,4.574,4.574,4.574,0.000
redbench_wehrstein_writes,q0173,complete,1,1,2.258,2.258,2.258,0.000
redbench_wehrstein_writes,q0175,complete,1,1,2.231,2.231,2.231,0.000
redbench_wehrstein_writes,q0176,complete,1,1,4.770,4.770,4.770,0.000
redbench_wehrstein_writes,q0177,complete,1,1,1.843,1.843,1.843,0.000
redbench_wehrstein_writes,q0178,complete,1,1,3.324,3.324,3.324,0.000
redbench_wehrstein_writes,q0180,complete,1,1,8.477,8.477,8.477,0.000
redbench_wehrstein_writes,q0181,complete,1,1,1.759,1.759,1.759,0.000
redbench_wehrstein_writes,q0182,complete,1,1,1.544,1.544,1.544,0.000
redbench_wehrstein_writes,q0183,complete,1,1,3.459,3.459,3.459,0.000
redbench_wehrstein_writes,q0184,complete,1,1,1.696,1.696,1.696,0.000
redbench_wehrstein_writes,q0185,complete,1,1,1.453,1.453,1.453,0.000
redbench_wehrstein_writes,q0186,complete,1,1,4.737,4.737,4.737,0.000
redbench_wehrstein_writes,q0187,complete,1,1,1.648,1.648,1.648,0.000
redbench_wehrstein_writes,q0189,complete,1,1,5.170,5.170,5.170,0.000
redbench_wehrstein_writes,q0190,complete,1,1,2.500,2.500,2.500,0.000
redbench_wehrstein_writes,q0191,complete,1,1,1.496,1.496,1.496,0.000
redbench_wehrstein_writes,q0193,complete,1,1,1.670,1.670,1.670,0.000
redbench_wehrstein_writes,q0194,complete,1,1,1.863,1.863,1.863,0.000
redbench_wehrstein_writes,q0195,complete,1,1,1.571,1.571,1.571,0.000
redbench_wehrstein_writes,q0196,complete,1,1,2.860,2.860,2.860,0.000
redbench_wehrstein_writes,q0197,complete,1,1,1.977,1.977,1.977,0.000
redbench_wehrstein_writes,q0199,complete,1,1,1.653,1.653,1.653,0.000
redbench_wehrstein_writes,q0200,complete,1,1,2.972,2.972,2.972,0.000
redbench_wehrstein_writes,q0201,complete,1,1,2.143,2.143,2.143,0.000
redbench_wehrstein_writes,q0203,complete,1,1,2.103,2.103,2.103,0.000
redbench_wehrstein_writes,q0204,complete,1,1,1.906,1.906,1.906,0.000
redbench_wehrstein_writes,q0205,complete,1,1,1.821,1.821,1.821,0.000
redbench_wehrstein_writes,q0206,complete,1,1,1.559,1.559,1.559,0.000
redbench_wehrstein_writes,q0207,complete,1,1,1.442,1.442,1.442,0.000
redbench_wehrstein_writes,q0208,complete,1,1,1.536,1.536,1.536,0.000
redbench_wehrstein_writes,q0209,complete,1,1,2.006,2.006,2.006,0.000
redbench_wehrstein_writes,q0211,complete,1,1,1.749,1.749,1.749,0.000
redbench_wehrstein_writes,q0212,complete,1,1,2.674,2.674,2.674,0.000
redbench_wehrstein_writes,q0213,complete,1,1,1.957,1.957,1.957,0.000
redbench_wehrstein_writes,q0214,complete,1,1,1.473,1.473,1.473,0.000
redbench_wehrstein_writes,q0216,complete,1,1,1.712,1.712,1.712,0.000
redbench_wehrstein_writes,q0217,complete,1,1,1.609,1.609,1.609,0.000
redbench_wehrstein_writes,q0218,complete,1,1,2.158,2.158,2.158,0.000
redbench_wehrstein_writes,q0219,complete,1,1,4.995,4.995,4.995,0.000
redbench_wehrstein_writes,q0220,complete,1,1,1.423,1.423,1.423,0.000
redbench_wehrstein_writes,q0221,complete,1,1,1.521,1.521,1.521,0.000
redbench_wehrstein_writes,q0222,complete,1,1,1.465,1.465,1.465,0.000
redbench_wehrstein_writes,q0223,complete,1,1,1.594,1.594,1.594,0.000
redbench_wehrstein_writes,q0224,complete,1,1,1.991,1.991,1.991,0.000
redbench_wehrstein_writes,q0225,complete,1,1,1.811,1.811,1.811,0.000
redbench_wehrstein_writes,q0226,complete,1,1,1.598,1.598,1.598,0.000
redbench_wehrstein_writes,q0228,complete,1,1,1.921,1.921,1.921,0.000
redbench_wehrstein_writes,q0229,complete,1,1,1.407,1.407,1.407,0.000
redbench_wehrstein_writes,q0231,complete,1,1,2.343,2.343,2.343,0.000
redbench_wehrstein_writes,q0232,complete,1,1,1.671,1.671,1.671,0.000
redbench_wehrstein_writes,q0233,complete,1,1,1.881,1.881,1.881,0.000
redbench_wehrstein_writes,q0234,complete,1,1,1.706,1.706,1.706,0.000
redbench_wehrstein_writes,q0235,complete,1,1,2.505,2.505,2.505,0.000
redbench_wehrstein_writes,q0236,complete,1,1,1.526,1.526,1.526,0.000
redbench_wehrstein_writes,q0237,complete,1,1,1.498,1.498,1.498,0.000
redbench_wehrstein_writes,q0238,complete,1,1,1.639,1.639,1.639,0.000
redbench_wehrstein_writes,q0239,complete,1,1,1.453,1.453,1.453,0.000
redbench_wehrstein_writes,q0240,complete,1,1,3.015,3.015,3.015,0.000
redbench_wehrstein_writes,q0241,complete,1,1,4.095,4.095,4.095,0.000
redbench_wehrstein_writes,q0242,complete,1,1,1.472,1.472,1.472,0.000
redbench_wehrstein_writes,q0243,complete,1,1,3.884,3.884,3.884,0.000
redbench_wehrstein_writes,q0245,complete,1,1,1.874,1.874,1.874,0.000
redbench_wehrstein_writes,q0246,complete,1,1,2.476,2.476,2.476,0.000
redbench_wehrstein_writes,q0248,complete,1,1,1.492,1.492,1.492,0.000
redbench_wehrstein_writes,q0249,complete,1,1,2.574,2.574,2.574,0.000
redbench_wehrstein_writes,q0250,complete,1,1,1.886,1.886,1.886,0.000
redbench_wehrstein_writes,q0251,complete,1,1,1.714,1.714,1.714,0.000
redbench_wehrstein_writes,q0252,complete,1,1,1.469,1.469,1.469,0.000
redbench_wehrstein_writes,q0253,complete,1,1,5.455,5.455,5.455,0.000
redbench_wehrstein_writes,q0254,complete,1,1,2.430,2.430,2.430,0.000
redbench_wehrstein_writes,q0255,complete,1,1,2.016,2.016,2.016,0.000
redbench_wehrstein_writes,q0256,complete,1,1,2.542,2.542,2.542,0.000
redbench_wehrstein_writes,q0257,complete,1,1,2.928,2.928,2.928,0.000
redbench_wehrstein_writes,q0258,complete,1,1,1.932,1.932,1.932,0.000
redbench_wehrstein_writes,q0259,complete,1,1,2.214,2.214,2.214,0.000
redbench_wehrstein_writes,q0260,complete,1,1,5.805,5.805,5.805,0.000
redbench_wehrstein_writes,q0261,complete,1,1,1.474,1.474,1.474,0.000
redbench_wehrstein_writes,q0263,complete,1,1,2.195,2.195,2.195,0.000
redbench_wehrstein_writes,q0264,complete,1,1,2.722,2.722,2.722,0.000
redbench_wehrstein_writes,q0265,complete,1,1,5.447,5.447,5.447,0.000
redbench_wehrstein_writes,q0266,complete,1,1,1.980,1.980,1.980,0.000
redbench_wehrstein_writes,q0267,complete,1,1,1.577,1.577,1.577,0.000
redbench_wehrstein_writes,q0268,complete,1,1,6.167,6.167,6.167,0.000
redbench_wehrstein_writes,q0269,complete,1,1,7.046,7.046,7.046,0.000
redbench_wehrstein_writes,q0270,complete,1,1,1.489,1.489,1.489,0.000
redbench_wehrstein_writes,q0271,complete,1,1,2.798,2.798,2.798,0.000
redbench_wehrstein_writes,q0272,complete,1,1,1.572,1.572,1.572,0.000
redbench_wehrstein_writes,q0273,complete,1,1,1.495,1.495,1.495,0.000
redbench_wehrstein_writes,q0274,complete,1,1,2.675,2.675,2.675,0.000
redbench_wehrstein_writes,q0275,complete,1,1,2.179,2.179,2.179,0.000
redbench_wehrstein_writes,q0276,complete,1,1,2.418,2.418,2.418,0.000
redbench_wehrstein_writes,q0277,complete,1,1,2.163,2.163,2.163,0.000
redbench_wehrstein_writes,q0279,complete,1,1,1.492,1.492,1.492,0.000
redbench_wehrstein_writes,q0280,complete,1,1,1.638,1.638,1.638,0.000
redbench_wehrstein_writes,q0281,complete,1,1,1.529,1.529,1.529,0.000
redbench_wehrstein_writes,q0282,complete,1,1,1.415,1.415,1.415,0.000
redbench_wehrstein_writes,q0283,complete,1,1,5.257,5.257,5.257,0.000
redbench_wehrstein_writes,q0284,complete,1,1,1.682,1.682,1.682,0.000
redbench_wehrstein_writes,q0285,complete,1,1,1.604,1.604,1.604,0.000
redbench_wehrstein_writes,q0286,complete,1,1,4.705,4.705,4.705,0.000
redbench_wehrstein_writes,q0287,complete,1,1,1.471,1.471,1.471,0.000
redbench_wehrstein_writes,q0288,complete,1,1,1.391,1.391,1.391,0.000
redbench_wehrstein_writes,q0289,complete,1,1,1.641,1.641,1.641,0.000
redbench_wehrstein_writes,q0290,complete,1,1,4.674,4.674,4.674,0.000
redbench_wehrstein_writes,q0291,complete,1,1,1.737,1.737,1.737,0.000
redbench_wehrstein_writes,q0292,complete,1,1,1.529,1.529,1.529,0.000
redbench_wehrstein_writes,q0294,complete,1,1,2.241,2.241,2.241,0.000
redbench_wehrstein_writes,q0295,complete,1,1,6.636,6.636,6.636,0.000
redbench_wehrstein_writes,q0296,complete,1,1,2.802,2.802,2.802,0.000
redbench_wehrstein_writes,q0297,complete,1,1,6.291,6.291,6.291,0.000
redbench_wehrstein_writes,q0298,complete,1,1,3.293,3.293,3.293,0.000
redbench_wehrstein_writes,q0299,complete,1,1,1.661,1.661,1.661,0.000
redbench_wehrstein_writes,q0300,complete,1,1,2.199,2.199,2.199,0.000
redbench_wehrstein_writes,q0301,complete,1,1,3.232,3.232,3.232,0.000
redbench_wehrstein_writes,q0303,complete,1,1,5.708,5.708,5.708,0.000
redbench_wehrstein_writes,q0304,complete,1,1,1.913,1.913,1.913,0.000
redbench_wehrstein_writes,q0305,complete,1,1,1.725,1.725,1.725,0.000
redbench_wehrstein_writes,q0306,complete,1,1,2.585,2.585,2.585,0.000
redbench_wehrstein_writes,q0307,complete,1,1,1.900,1.900,1.900,0.000
redbench_wehrstein_writes,q0309,complete,1,1,1.574,1.574,1.574,0.000
redbench_wehrstein_writes,q0310,complete,1,1,2.301,2.301,2.301,0.000
redbench_wehrstein_writes,q0311,complete,1,1,5.636,5.636,5.636,0.000
redbench_wehrstein_writes,q0312,complete,1,1,4.203,4.203,4.203,0.000
redbench_wehrstein_writes,q0313,complete,1,1,3.488,3.488,3.488,0.000
redbench_wehrstein_writes,q0314,complete,1,1,3.401,3.401,3.401,0.000
redbench_wehrstein_writes,q0315,complete,1,1,1.976,1.976,1.976,0.000
redbench_wehrstein_writes,q0316,complete,1,1,2.659,2.659,2.659,0.000
redbench_wehrstein_writes,q0317,complete,1,1,3.142,3.142,3.142,0.000
redbench_wehrstein_writes,q0319,complete,1,1,1.948,1.948,1.948,0.000
redbench_wehrstein_writes,q0320,complete,1,1,3.208,3.208,3.208,0.000
redbench_wehrstein_writes,q0321,complete,1,1,2.183,2.183,2.183,0.000
redbench_wehrstein_writes,q0322,complete,1,1,1.459,1.459,1.459,0.000
redbench_wehrstein_writes,q0323,complete,1,1,1.589,1.589,1.589,0.000
redbench_wehrstein_writes,q0324,complete,1,1,1.807,1.807,1.807,0.000
redbench_wehrstein_writes,q0325,complete,1,1,2.254,2.254,2.254,0.000
redbench_wehrstein_writes,q0326,complete,1,1,1.994,1.994,1.994,0.000
redbench_wehrstein_writes,q0327,complete,1,1,1.950,1.950,1.950,0.000
redbench_wehrstein_writes,q0328,complete,1,1,2.512,2.512,2.512,0.000
redbench_wehrstein_writes,q0329,complete,1,1,2.181,2.181,2.181,0.000
redbench_wehrstein_writes,q0330,complete,1,1,1.957,1.957,1.957,0.000
redbench_wehrstein_writes,q0331,complete,1,1,1.881,1.881,1.881,0.000
redbench_wehrstein_writes,q0332,complete,1,1,3.931,3.931,3.931,0.000
redbench_wehrstein_writes,q0333,complete,1,1,1.449,1.449,1.449,0.000
redbench_wehrstein_writes,q0334,complete,1,1,1.722,1.722,1.722,0.000
redbench_wehrstein_writes,q0335,complete,1,1,2.598,2.598,2.598,0.000
redbench_wehrstein_writes,q0336,complete,1,1,3.237,3.237,3.237,0.000
redbench_wehrstein_writes,q0337,complete,1,1,1.877,1.877,1.877,0.000
redbench_wehrstein_writes,q0338,complete,1,1,2.538,2.538,2.538,0.000
redbench_wehrstein_writes,q0339,complete,1,1,1.582,1.582,1.582,0.000
redbench_wehrstein_writes,q0340,complete,1,1,1.506,1.506,1.506,0.000
redbench_wehrstein_writes,q0341,complete,1,1,4.162,4.162,4.162,0.000
redbench_wehrstein_writes,q0342,complete,1,1,2.195,2.195,2.195,0.000
redbench_wehrstein_writes,q0343,complete,1,1,1.974,1.974,1.974,0.000
redbench_wehrstein_writes,q0344,complete,1,1,1.502,1.502,1.502,0.000
redbench_wehrstein_writes,q0345,complete,1,1,3.012,3.012,3.012,0.000
redbench_wehrstein_writes,q0346,complete,1,1,1.350,1.350,1.350,0.000
redbench_wehrstein_writes,q0347,complete,1,1,5.687,5.687,5.687,0.000
redbench_wehrstein_writes,q0348,complete,1,1,1.859,1.859,1.859,0.000
redbench_wehrstein_writes,q0349,complete,1,1,2.111,2.111,2.111,0.000
redbench_wehrstein_writes,q0350,complete,1,1,2.394,2.394,2.394,0.000
redbench_wehrstein_writes,q0351,complete,1,1,2.207,2.207,2.207,0.000
redbench_wehrstein_writes,q0352,complete,1,1,1.984,1.984,1.984,0.000
redbench_wehrstein_writes,q0353,complete,1,1,2.005,2.005,2.005,0.000
redbench_wehrstein_writes,q0354,complete,1,1,2.752,2.752,2.752,0.000
redbench_wehrstein_writes,q0355,complete,1,1,2.484,2.484,2.484,0.000
redbench_wehrstein_writes,q0356,complete,1,1,1.537,1.537,1.537,0.000
redbench_wehrstein_writes,q0357,complete,1,1,4.596,4.596,4.596,0.000
redbench_wehrstein_writes,q0358,complete,1,1,2.290,2.290,2.290,0.000
redbench_wehrstein_writes,q0359,complete,1,1,2.083,2.083,2.083,0.000
redbench_wehrstein_writes,q0360,complete,1,1,3.285,3.285,3.285,0.000
redbench_wehrstein_writes,q0361,complete,1,1,5.232,5.232,5.232,0.000
redbench_wehrstein_writes,q0362,complete,1,1,1.700,1.700,1.700,0.000
redbench_wehrstein_writes,q0363,complete,1,1,1.663,1.663,1.663,0.000
redbench_wehrstein_writes,q0364,complete,1,1,1.763,1.763,1.763,0.000
redbench_wehrstein_writes,q0365,complete,1,1,5.056,5.056,5.056,0.000
redbench_wehrstein_writes,q0366,complete,1,1,3.937,3.937,3.937,0.000
redbench_wehrstein_writes,q0367,complete,1,1,3.278,3.278,3.278,0.000
redbench_wehrstein_writes,q0368,complete,1,1,3.206,3.206,3.206,0.000
redbench_wehrstein_writes,q0369,complete,1,1,1.440,1.440,1.440,0.000
redbench_wehrstein_writes,q0370,complete,1,1,4.333,4.333,4.333,0.000
redbench_wehrstein_writes,q0371,complete,1,1,1.746,1.746,1.746,0.000
redbench_wehrstein_writes,q0372,complete,1,1,1.587,1.587,1.587,0.000
redbench_wehrstein_writes,q0373,complete,1,1,1.405,1.405,1.405,0.000
redbench_wehrstein_writes,q0374,complete,1,1,2.257,2.257,2.257,0.000
redbench_wehrstein_writes,q0375,complete,1,1,1.757,1.757,1.757,0.000
redbench_wehrstein_writes,q0376,complete,1,1,1.979,1.979,1.979,0.000
redbench_wehrstein_writes,q0377,complete,1,1,2.699,2.699,2.699,0.000
redbench_wehrstein_writes,q0378,complete,1,1,6.033,6.033,6.033,0.000
redbench_wehrstein_writes,q0379,complete,1,1,2.170,2.170,2.170,0.000
redbench_wehrstein_writes,q0380,complete,1,1,2.880,2.880,2.880,0.000
redbench_wehrstein_writes,q0381,complete,1,1,1.539,1.539,1.539,0.000
redbench_wehrstein_writes,q0382,complete,1,1,1.664,1.664,1.664,0.000
redbench_wehrstein_writes,q0383,complete,1,1,1.703,1.703,1.703,0.000
redbench_wehrstein_writes,q0384,complete,1,1,5.499,5.499,5.499,0.000
redbench_wehrstein_writes,q0385,complete,1,1,6.976,6.976,6.976,0.000
redbench_wehrstein_writes,q0386,complete,1,1,3.654,3.654,3.654,0.000
redbench_wehrstein_writes,q0387,complete,1,1,4.557,4.557,4.557,0.000
redbench_wehrstein_writes,q0388,complete,1,1,1.544,1.544,1.544,0.000
redbench_wehrstein_writes,q0389,complete,1,1,3.521,3.521,3.521,0.000
redbench_wehrstein_writes,q0390,complete,1,1,1.516,1.516,1.516,0.000
redbench_wehrstein_writes,q0391,complete,1,1,1.400,1.400,1.400,0.000
redbench_wehrstein_writes,q0392,complete,1,1,1.396,1.396,1.396,0.000
redbench_wehrstein_writes,q0393,complete,1,1,3.707,3.707,3.707,0.000
redbench_wehrstein_writes,q0394,complete,1,1,1.395,1.395,1.395,0.000
redbench_wehrstein_writes,q0395,complete,1,1,2.004,2.004,2.004,0.000
redbench_wehrstein_writes,q0396,complete,1,1,2.909,2.909,2.909,0.000
redbench_wehrstein_writes,q0397,complete,1,1,3.693,3.693,3.693,0.000
redbench_wehrstein_writes,q0398,complete,1,1,2.753,2.753,2.753,0.000
redbench_wehrstein_writes,q0399,complete,1,1,3.204,3.204,3.204,0.000
redbench_wehrstein_writes,q0400,complete,1,1,1.516,1.516,1.516,0.000
redbench_wehrstein_writes,q0401,complete,1,1,1.869,1.869,1.869,0.000
redbench_wehrstein_writes,q0402,complete,1,1,4.239,4.239,4.239,0.000
redbench_wehrstein_writes,q0403,complete,1,1,2.054,2.054,2.054,0.000
redbench_wehrstein_writes,q0404,complete,1,1,2.954,2.954,2.954,0.000
redbench_wehrstein_writes,q0405,complete,1,1,3.655,3.655,3.655,0.000
redbench_wehrstein_writes,q0406,complete,1,1,2.835,2.835,2.835,0.000
redbench_wehrstein_writes,q0407,complete,1,1,1.599,1.599,1.599,0.000
redbench_wehrstein_writes,q0408,complete,1,1,2.803,2.803,2.803,0.000
redbench_wehrstein_writes,q0409,complete,1,1,1.610,1.610,1.610,0.000
redbench_wehrstein_writes,q0410,complete,1,1,1.437,1.437,1.437,0.000
redbench_wehrstein_writes,q0411,complete,1,1,1.486,1.486,1.486,0.000
redbench_wehrstein_writes,q0412,complete,1,1,3.176,3.176,3.176,0.000
redbench_wehrstein_writes,q0413,complete,1,1,1.294,1.294,1.294,0.000
redbench_wehrstein_writes,q0414,complete,1,1,2.286,2.286,2.286,0.000
redbench_wehrstein_writes,q0415,complete,1,1,2.014,2.014,2.014,0.000
redbench_wehrstein_writes,q0416,complete,1,1,2.147,2.147,2.147,0.000
redbench_wehrstein_writes,q0417,complete,1,1,3.656,3.656,3.656,0.000
redbench_wehrstein_writes,q0418,complete,1,1,2.518,2.518,2.518,0.000
redbench_wehrstein_writes,q0419,complete,1,1,1.518,1.518,1.518,0.000
redbench_wehrstein_writes,q0420,complete,1,1,2.124,2.124,2.124,0.000
redbench_wehrstein_writes,q0421,complete,1,1,1.679,1.679,1.679,0.000
redbench_wehrstein_writes,q0422,complete,1,1,1.687,1.687,1.687,0.000
redbench_wehrstein_writes,q0423,complete,1,1,4.469,4.469,4.469,0.000
redbench_wehrstein_writes,q0424,complete,1,1,4.036,4.036,4.036,0.000
redbench_wehrstein_writes,q0425,complete,1,1,3.701,3.701,3.701,0.000
redbench_wehrstein_writes,q0426,complete,1,1,3.194,3.194,3.194,0.000
redbench_wehrstein_writes,q0427,complete,1,1,1.784,1.784,1.784,0.000
redbench_wehrstein_writes,q0428,complete,1,1,1.474,1.474,1.474,0.000
redbench_wehrstein_writes,q0429,complete,1,1,1.382,1.382,1.382,0.000
redbench_wehrstein_writes,q0430,complete,1,1,1.354,1.354,1.354,0.000
redbench_wehrstein_writes,q0431,complete,1,1,3.313,3.313,3.313,0.000
redbench_wehrstein_writes,q0433,complete,1,1,1.387,1.387,1.387,0.000
redbench_wehrstein_writes,q0434,complete,1,1,2.593,2.593,2.593,0.000
redbench_wehrstein_writes,q0435,complete,1,1,1.901,1.901,1.901,0.000
redbench_wehrstein_writes,q0436,complete,1,1,3.227,3.227,3.227,0.000
redbench_wehrstein_writes,q0437,complete,1,1,5.696,5.696,5.696,0.000
redbench_wehrstein_writes,q0438,complete,1,1,2.208,2.208,2.208,0.000
redbench_wehrstein_writes,q0439,complete,1,1,1.824,1.824,1.824,0.000
redbench_wehrstein_writes,q0440,complete,1,1,1.836,1.836,1.836,0.000
redbench_wehrstein_writes,q0441,complete,1,1,1.496,1.496,1.496,0.000
redbench_wehrstein_writes,q0442,complete,1,1,3.141,3.141,3.141,0.000
redbench_wehrstein_writes,q0443,complete,1,1,3.396,3.396,3.396,0.000
redbench_wehrstein_writes,q0444,complete,1,1,2.619,2.619,2.619,0.000
redbench_wehrstein_writes,q0445,complete,1,1,4.230,4.230,4.230,0.000
redbench_wehrstein_writes,q0446,complete,1,1,3.569,3.569,3.569,0.000
redbench_wehrstein_writes,q0447,complete,1,1,1.533,1.533,1.533,0.000
redbench_wehrstein_writes,q0448,complete,1,1,1.503,1.503,1.503,0.000
redbench_wehrstein_writes,q0449,complete,1,1,1.547,1.547,1.547,0.000
redbench_wehrstein_writes,q0450,complete,1,1,1.703,1.703,1.703,0.000
redbench_wehrstein_writes,q0451,complete,1,1,3.320,3.320,3.320,0.000
redbench_wehrstein_writes,q0452,complete,1,1,1.427,1.427,1.427,0.000
redbench_wehrstein_writes,q0453,complete,1,1,2.169,2.169,2.169,0.000
redbench_wehrstein_writes,q0454,complete,1,1,1.955,1.955,1.955,0.000
redbench_wehrstein_writes,q0455,complete,1,1,2.934,2.934,2.934,0.000
redbench_wehrstein_writes,q0456,complete,1,1,1.790,1.790,1.790,0.000
redbench_wehrstein_writes,q0457,complete,1,1,3.422,3.422,3.422,0.000
redbench_wehrstein_writes,q0458,complete,1,1,1.655,1.655,1.655,0.000
redbench_wehrstein_writes,q0459,complete,1,1,4.306,4.306,4.306,0.000
redbench_wehrstein_writes,q0460,complete,1,1,1.818,1.818,1.818,0.000
redbench_wehrstein_writes,q0461,complete,1,1,1.672,1.672,1.672,0.000
redbench_wehrstein_writes,q0462,complete,1,1,2.995,2.995,2.995,0.000
redbench_wehrstein_writes,q0463,complete,1,1,2.387,2.387,2.387,0.000
redbench_wehrstein_writes,q0464,complete,1,1,3.067,3.067,3.067,0.000
redbench_wehrstein_writes,q0465,complete,1,1,3.686,3.686,3.686,0.000
redbench_wehrstein_writes,q0466,complete,1,1,1.574,1.574,1.574,0.000
redbench_wehrstein_writes,q0467,complete,1,1,1.491,1.491,1.491,0.000
redbench_wehrstein_writes,q0468,complete,1,1,1.811,1.811,1.811,0.000
redbench_wehrstein_writes,q0469,complete,1,1,1.905,1.905,1.905,0.000
redbench_wehrstein_writes,q0470,complete,1,1,2.001,2.001,2.001,0.000
redbench_wehrstein_writes,q0471,complete,1,1,1.750,1.750,1.750,0.000
redbench_wehrstein_writes,q0472,complete,1,1,2.000,2.000,2.000,0.000
redbench_wehrstein_writes,q0473,complete,1,1,1.975,1.975,1.975,0.000
redbench_wehrstein_writes,q0474,complete,1,1,2.477,2.477,2.477,0.000
redbench_wehrstein_writes,q0475,complete,1,1,2.119,2.119,2.119,0.000
redbench_wehrstein_writes,q0476,complete,1,1,4.311,4.311,4.311,0.000
redbench_wehrstein_writes,q0477,complete,1,1,1.645,1.645,1.645,0.000
redbench_wehrstein_writes,q0478,complete,1,1,1.429,1.429,1.429,0.000
redbench_wehrstein_writes,q0479,complete,1,1,1.722,1.722,1.722,0.000
redbench_wehrstein_writes,q0480,complete,1,1,3.401,3.401,3.401,0.000
redbench_wehrstein_writes,q0481,complete,1,1,3.359,3.359,3.359,0.000
redbench_wehrstein_writes,q0482,complete,1,1,2.905,2.905,2.905,0.000
redbench_wehrstein_writes,q0483,complete,1,1,4.142,4.142,4.142,0.000
redbench_wehrstein_writes,q0484,complete,1,1,1.998,1.998,1.998,0.000
redbench_wehrstein_writes,q0485,complete,1,1,1.676,1.676,1.676,0.000
redbench_wehrstein_writes,q0486,complete,1,1,1.784,1.784,1.784,0.000
redbench_wehrstein_writes,q0487,complete,1,1,1.406,1.406,1.406,0.000
redbench_wehrstein_writes,q0488,complete,1,1,1.731,1.731,1.731,0.000
redbench_wehrstein_writes,q0489,complete,1,1,4.126,4.126,4.126,0.000
redbench_wehrstein_writes,q0490,complete,1,1,1.689,1.689,1.689,0.000
redbench_wehrstein_writes,q0491,complete,1,1,4.571,4.571,4.571,0.000
redbench_wehrstein_writes,q0492,complete,1,1,1.975,1.975,1.975,0.000
redbench_wehrstein_writes,q0493,complete,1,1,5.425,5.425,5.425,0.000
redbench_wehrstein_writes,q0494,complete,1,1,2.571,2.571,2.571,0.000
redbench_wehrstein_writes,q0495,complete,1,1,2.015,2.015,2.015,0.000
redbench_wehrstein_writes,q0496,complete,1,1,1.414,1.414,1.414,0.000
redbench_wehrstein_writes,q0497,complete,1,1,1.813,1.813,1.813,0.000
redbench_wehrstein_writes,q0498,complete,1,1,1.696,1.696,1.696,0.000
redbench_wehrstein_writes,q0499,complete,1,1,3.484,3.484,3.484,0.000
redbench_wehrstein_writes,q0500,complete,1,1,2.824,2.824,2.824,0.000
redbench_wehrstein_writes,q0501,complete,1,1,2.544,2.544,2.544,0.000
redbench_wehrstein_writes,q0502,complete,1,1,3.046,3.046,3.046,0.000
redbench_wehrstein_writes,q0503,complete,1,1,3.437,3.437,3.437,0.000
redbench_wehrstein_writes,q0504,complete,1,1,1.541,1.541,1.541,0.000
redbench_wehrstein_writes,q0505,complete,1,1,1.474,1.474,1.474,0.000
redbench_wehrstein_writes,q0506,complete,1,1,1.447,1.447,1.447,0.000
redbench_wehrstein_writes,q0507,complete,1,1,4.147,4.147,4.147,0.000
redbench_wehrstein_writes,q0508,complete,1,1,1.699,1.699,1.699,0.000
redbench_wehrstein_writes,q0509,complete,1,1,1.623,1.623,1.623,0.000
redbench_wehrstein_writes,q0510,complete,1,1,2.034,2.034,2.034,0.000
redbench_wehrstein_writes,q0511,complete,1,1,1.869,1.869,1.869,0.000
redbench_wehrstein_writes,q0512,complete,1,1,2.157,2.157,2.157,0.000
redbench_wehrstein_writes,q0513,complete,1,1,2.410,2.410,2.410,0.000
redbench_wehrstein_writes,q0514,complete,1,1,3.472,3.472,3.472,0.000
redbench_wehrstein_writes,q0515,complete,1,1,1.443,1.443,1.443,0.000
redbench_wehrstein_writes,q0516,complete,1,1,2.551,2.551,2.551,0.000
redbench_wehrstein_writes,q0517,complete,1,1,1.633,1.633,1.633,0.000
redbench_wehrstein_writes,q0518,complete,1,1,2.212,2.212,2.212,0.000
redbench_wehrstein_writes,q0519,complete,1,1,3.446,3.446,3.446,0.000
redbench_wehrstein_writes,q0520,complete,1,1,3.153,3.153,3.153,0.000
redbench_wehrstein_writes,q0521,complete,1,1,1.564,1.564,1.564,0.000
redbench_wehrstein_writes,q0522,complete,1,1,3.681,3.681,3.681,0.000
redbench_wehrstein_writes,q0523,complete,1,1,6.612,6.612,6.612,0.000
redbench_wehrstein_writes,q0524,complete,1,1,1.463,1.463,1.463,0.000
redbench_wehrstein_writes,q0525,complete,1,1,1.421,1.421,1.421,0.000
redbench_wehrstein_writes,q0526,complete,1,1,1.663,1.663,1.663,0.000
redbench_wehrstein_writes,q0527,complete,1,1,3.631,3.631,3.631,0.000
redbench_wehrstein_writes,q0528,complete,1,1,1.305,1.305,1.305,0.000
redbench_wehrstein_writes,q0529,complete,1,1,1.915,1.915,1.915,0.000
redbench_wehrstein_writes,q0530,complete,1,1,2.062,2.062,2.062,0.000
redbench_wehrstein_writes,q0531,complete,1,1,3.227,3.227,3.227,0.000
redbench_wehrstein_writes,q0532,complete,1,1,2.157,2.157,2.157,0.000
redbench_wehrstein_writes,q0533,complete,1,1,3.183,3.183,3.183,0.000
redbench_wehrstein_writes,q0534,complete,1,1,1.531,1.531,1.531,0.000
redbench_wehrstein_writes,q0535,complete,1,1,1.647,1.647,1.647,0.000
redbench_wehrstein_writes,q0536,complete,1,1,1.837,1.837,1.837,0.000
redbench_wehrstein_writes,q0537,complete,1,1,3.842,3.842,3.842,0.000
redbench_wehrstein_writes,q0538,complete,1,1,3.644,3.644,3.644,0.000
redbench_wehrstein_writes,q0539,complete,1,1,3.449,3.449,3.449,0.000
redbench_wehrstein_writes,q0540,complete,1,1,3.951,3.951,3.951,0.000
redbench_wehrstein_writes,q0541,complete,1,1,1.666,1.666,1.666,0.000
redbench_wehrstein_writes,q0542,complete,1,1,3.088,3.088,3.088,0.000
redbench_wehrstein_writes,q0543,complete,1,1,1.419,1.419,1.419,0.000
redbench_wehrstein_writes,q0544,complete,1,1,1.517,1.517,1.517,0.000
redbench_wehrstein_writes,q0545,complete,1,1,1.823,1.823,1.823,0.000
redbench_wehrstein_writes,q0546,complete,1,1,3.566,3.566,3.566,0.000
redbench_wehrstein_writes,q0547,complete,1,1,1.561,1.561,1.561,0.000
redbench_wehrstein_writes,q0548,complete,1,1,2.028,2.028,2.028,0.000
redbench_wehrstein_writes,q0549,complete,1,1,2.048,2.048,2.048,0.000
redbench_wehrstein_writes,q0550,complete,1,1,1.704,1.704,1.704,0.000
redbench_wehrstein_writes,q0551,complete,1,1,1.936,1.936,1.936,0.000
redbench_wehrstein_writes,q0552,complete,1,1,3.034,3.034,3.034,0.000
redbench_wehrstein_writes,q0553,complete,1,1,2.142,2.142,2.142,0.000
redbench_wehrstein_writes,q0554,complete,1,1,2.359,2.359,2.359,0.000
redbench_wehrstein_writes,q0555,complete,1,1,1.744,1.744,1.744,0.000
redbench_wehrstein_writes,q0556,complete,1,1,2.175,2.175,2.175,0.000
redbench_wehrstein_writes,q0557,complete,1,1,1.788,1.788,1.788,0.000
redbench_wehrstein_writes,q0558,complete,1,1,1.810,1.810,1.810,0.000
redbench_wehrstein_writes,q0559,complete,1,1,5.610,5.610,5.610,0.000
redbench_wehrstein_writes,q0560,complete,1,1,1.967,1.967,1.967,0.000
redbench_wehrstein_writes,q0561,complete,1,1,3.750,3.750,3.750,0.000
redbench_wehrstein_writes,q0562,complete,1,1,1.442,1.442,1.442,0.000
redbench_wehrstein_writes,q0563,complete,1,1,1.634,1.634,1.634,0.000
redbench_wehrstein_writes,q0564,complete,1,1,1.914,1.914,1.914,0.000
redbench_wehrstein_writes,q0565,complete,1,1,2.598,2.598,2.598,0.000
redbench_wehrstein_writes,q0566,complete,1,1,2.316,2.316,2.316,0.000
redbench_wehrstein_writes,q0567,complete,1,1,5.942,5.942,5.942,0.000
redbench_wehrstein_writes,q0568,complete,1,1,5.610,5.610,5.610,0.000
redbench_wehrstein_writes,q0569,complete,1,1,3.200,3.200,3.200,0.000
redbench_wehrstein_writes,q0570,complete,1,1,1.589,1.589,1.589,0.000
redbench_wehrstein_writes,q0571,complete,1,1,4.584,4.584,4.584,0.000
redbench_wehrstein_writes,q0572,complete,1,1,2.495,2.495,2.495,0.000
redbench_wehrstein_writes,q0573,complete,1,1,4.351,4.351,4.351,0.000
redbench_wehrstein_writes,q0574,complete,1,1,1.864,1.864,1.864,0.000
redbench_wehrstein_writes,q0575,complete,1,1,2.100,2.100,2.100,0.000
redbench_wehrstein_writes,q0576,complete,1,1,2.105,2.105,2.105,0.000
redbench_wehrstein_writes,q0577,complete,1,1,4.017,4.017,4.017,0.000
redbench_wehrstein_writes,q0578,complete,1,1,3.566,3.566,3.566,0.000
redbench_wehrstein_writes,q0579,complete,1,1,1.512,1.512,1.512,0.000
redbench_wehrstein_writes,q0580,complete,1,1,1.483,1.483,1.483,0.000
redbench_wehrstein_writes,q0581,complete,1,1,1.781,1.781,1.781,0.000
redbench_wehrstein_writes,q0582,complete,1,1,1.825,1.825,1.825,0.000
redbench_wehrstein_writes,q0583,complete,1,1,3.302,3.302,3.302,0.000
redbench_wehrstein_writes,q0584,complete,1,1,1.515,1.515,1.515,0.000
redbench_wehrstein_writes,q0585,complete,1,1,1.993,1.993,1.993,0.000
redbench_wehrstein_writes,q0586,complete,1,1,1.549,1.549,1.549,0.000
redbench_wehrstein_writes,q0587,complete,1,1,1.414,1.414,1.414,0.000
redbench_wehrstein_writes,q0588,complete,1,1,2.400,2.400,2.400,0.000
redbench_wehrstein_writes,q0589,complete,1,1,1.701,1.701,1.701,0.000
redbench_wehrstein_writes,q0590,complete,1,1,1.481,1.481,1.481,0.000
redbench_wehrstein_writes,q0591,complete,1,1,2.821,2.821,2.821,0.000
redbench_wehrstein_writes,q0592,complete,1,1,1.460,1.460,1.460,0.000
redbench_wehrstein_writes,q0593,complete,1,1,2.003,2.003,2.003,0.000
redbench_wehrstein_writes,q0594,complete,1,1,1.500,1.500,1.500,0.000
redbench_wehrstein_writes,q0595,complete,1,1,4.131,4.131,4.131,0.000
redbench_wehrstein_writes,q0596,complete,1,1,1.880,1.880,1.880,0.000
redbench_wehrstein_writes,q0597,complete,1,1,2.337,2.337,2.337,0.000
redbench_wehrstein_writes,q0598,complete,1,1,1.923,1.923,1.923,0.000
redbench_wehrstein_writes,q0599,complete,1,1,4.695,4.695,4.695,0.000
redbench_wehrstein_writes,q0600,complete,1,1,1.511,1.511,1.511,0.000
redbench_wehrstein_writes,q0601,complete,1,1,1.969,1.969,1.969,0.000
redbench_wehrstein_writes,q0602,complete,1,1,2.574,2.574,2.574,0.000
redbench_wehrstein_writes,q0603,complete,1,1,1.614,1.614,1.614,0.000
redbench_wehrstein_writes,q0604,complete,1,1,3.685,3.685,3.685,0.000
redbench_wehrstein_writes,q0605,complete,1,1,2.942,2.942,2.942,0.000
redbench_wehrstein_writes,q0606,complete,1,1,1.441,1.441,1.441,0.000
redbench_wehrstein_writes,q0607,complete,1,1,1.970,1.970,1.970,0.000
redbench_wehrstein_writes,q0608,complete,1,1,2.133,2.133,2.133,0.000
redbench_wehrstein_writes,q0609,complete,1,1,2.398,2.398,2.398,0.000
redbench_wehrstein_writes,q0610,complete,1,1,2.249,2.249,2.249,0.000
redbench_wehrstein_writes,q0611,complete,1,1,3.333,3.333,3.333,0.000
redbench_wehrstein_writes,q0612,complete,1,1,5.239,5.239,5.239,0.000
redbench_wehrstein_writes,q0613,complete,1,1,1.424,1.424,1.424,0.000
redbench_wehrstein_writes,q0614,complete,1,1,3.241,3.241,3.241,0.000
redbench_wehrstein_writes,q0615,complete,1,1,2.479,2.479,2.479,0.000
redbench_wehrstein_writes,q0616,complete,1,1,2.122,2.122,2.122,0.000
redbench_wehrstein_writes,q0617,complete,1,1,1.931,1.931,1.931,0.000
redbench_wehrstein_writes,q0618,complete,1,1,2.222,2.222,2.222,0.000
redbench_wehrstein_writes,q0619,complete,1,1,3.653,3.653,3.653,0.000
redbench_wehrstein_writes,q0625,complete,1,1,1.919,1.919,1.919,0.000
redbench_wehrstein_writes,q0626,complete,1,1,3.214,3.214,3.214,0.000
redbench_wehrstein_writes,q0627,complete,1,1,1.854,1.854,1.854,0.000
redbench_wehrstein_writes,q0628,complete,1,1,1.554,1.554,1.554,0.000
redbench_wehrstein_writes,q0629,complete,1,1,2.003,2.003,2.003,0.000
redbench_wehrstein_writes,q0630,complete,1,1,1.381,1.381,1.381,0.000
redbench_wehrstein_writes,q0632,complete,1,1,1.515,1.515,1.515,0.000
redbench_wehrstein_writes,q0633,complete,1,1,2.119,2.119,2.119,0.000
redbench_wehrstein_writes,q0634,complete,1,1,2.106,2.106,2.106,0.000
redbench_wehrstein_writes,q0635,complete,1,1,2.082,2.082,2.082,0.000
redbench_wehrstein_writes,q0637,complete,1,1,3.485,3.485,3.485,0.000
redbench_wehrstein_writes,q0638,complete,1,1,2.046,2.046,2.046,0.000
redbench_wehrstein_writes,q0639,complete,1,1,2.783,2.783,2.783,0.000
redbench_wehrstein_writes,q0640,complete,1,1,1.687,1.687,1.687,0.000
redbench_wehrstein_writes,q0641,complete,1,1,1.589,1.589,1.589,0.000
redbench_wehrstein_writes,q0642,complete,1,1,1.449,1.449,1.449,0.000
redbench_wehrstein_writes,q0643,complete,1,1,1.885,1.885,1.885,0.000
redbench_wehrstein_writes,q0644,complete,1,1,1.452,1.452,1.452,0.000
redbench_wehrstein_writes,q0646,complete,1,1,6.747,6.747,6.747,0.000
redbench_wehrstein_writes,q0648,complete,1,1,5.116,5.116,5.116,0.000
redbench_wehrstein_writes,q0649,complete,1,1,2.500,2.500,2.500,0.000
redbench_wehrstein_writes,q0650,complete,1,1,1.579,1.579,1.579,0.000
redbench_wehrstein_writes,q0651,complete,1,1,1.427,1.427,1.427,0.000
redbench_wehrstein_writes,q0652,complete,1,1,1.349,1.349,1.349,0.000
redbench_wehrstein_writes,q0653,complete,1,1,1.544,1.544,1.544,0.000
redbench_wehrstein_writes,q0654,complete,1,1,5.318,5.318,5.318,0.000
redbench_wehrstein_writes,q0656,complete,1,1,1.757,1.757,1.757,0.000
redbench_wehrstein_writes,q0657,complete,1,1,1.524,1.524,1.524,0.000
redbench_wehrstein_writes,q0658,complete,1,1,3.172,3.172,3.172,0.000
redbench_wehrstein_writes,q0659,complete,1,1,5.279,5.279,5.279,0.000
redbench_wehrstein_writes,q0661,complete,1,1,2.816,2.816,2.816,0.000
redbench_wehrstein_writes,q0662,complete,1,1,2.149,2.149,2.149,0.000
redbench_wehrstein_writes,q0663,complete,1,1,1.406,1.406,1.406,0.000
redbench_wehrstein_writes,q0664,complete,1,1,1.437,1.437,1.437,0.000
redbench_wehrstein_writes,q0665,complete,1,1,1.952,1.952,1.952,0.000
redbench_wehrstein_writes,q0667,complete,1,1,1.584,1.584,1.584,0.000
redbench_wehrstein_writes,q0669,complete,1,1,1.899,1.899,1.899,0.000
redbench_wehrstein_writes,q0670,complete,1,1,1.969,1.969,1.969,0.000
redbench_wehrstein_writes,q0671,complete,1,1,2.169,2.169,2.169,0.000
redbench_wehrstein_writes,q0672,complete,1,1,2.339,2.339,2.339,0.000
redbench_wehrstein_writes,q0673,complete,1,1,2.323,2.323,2.323,0.000
redbench_wehrstein_writes,q0674,complete,1,1,1.578,1.578,1.578,0.000
redbench_wehrstein_writes,q0675,complete,1,1,1.413,1.413,1.413,0.000
redbench_wehrstein_writes,q0676,complete,1,1,3.882,3.882,3.882,0.000
redbench_wehrstein_writes,q0678,complete,1,1,2.401,2.401,2.401,0.000
redbench_wehrstein_writes,q0679,complete,1,1,1.401,1.401,1.401,0.000
redbench_wehrstein_writes,q0681,complete,1,1,1.967,1.967,1.967,0.000
redbench_wehrstein_writes,q0682,complete,1,1,1.737,1.737,1.737,0.000
redbench_wehrstein_writes,q0683,complete,1,1,2.343,2.343,2.343,0.000
redbench_wehrstein_writes,q0684,complete,1,1,1.924,1.924,1.924,0.000
redbench_wehrstein_writes,q0685,complete,1,1,1.492,1.492,1.492,0.000
redbench_wehrstein_writes,q0687,complete,1,1,1.533,1.533,1.533,0.000
redbench_wehrstein_writes,q0688,complete,1,1,2.031,2.031,2.031,0.000
redbench_wehrstein_writes,q0689,complete,1,1,1.815,1.815,1.815,0.000
redbench_wehrstein_writes,q0690,complete,1,1,1.934,1.934,1.934,0.000
redbench_wehrstein_writes,q0692,complete,1,1,1.412,1.412,1.412,0.000
redbench_wehrstein_writes,q0693,complete,1,1,1.634,1.634,1.634,0.000
redbench_wehrstein_writes,q0694,complete,1,1,2.120,2.120,2.120,0.000
redbench_wehrstein_writes,q0696,complete,1,1,1.567,1.567,1.567,0.000
redbench_wehrstein_writes,q0697,complete,1,1,4.180,4.180,4.180,0.000
redbench_wehrstein_writes,q0698,complete,1,1,1.589,1.589,1.589,0.000
redbench_wehrstein_writes,q0700,complete,1,1,2.026,2.026,2.026,0.000
redbench_wehrstein_writes,q0701,complete,1,1,1.649,1.649,1.649,0.000
redbench_wehrstein_writes,q0702,complete,1,1,1.577,1.577,1.577,0.000
redbench_wehrstein_writes,q0703,complete,1,1,1.760,1.760,1.760,0.000
redbench_wehrstein_writes,q0704,complete,1,1,1.658,1.658,1.658,0.000
redbench_wehrstein_writes,q0705,complete,1,1,1.705,1.705,1.705,0.000
redbench_wehrstein_writes,q0706,complete,1,1,1.566,1.566,1.566,0.000
redbench_wehrstein_writes,q0707,complete,1,1,2.689,2.689,2.689,0.000
redbench_wehrstein_writes,q0708,complete,1,1,2.411,2.411,2.411,0.000
redbench_wehrstein_writes,q0709,complete,1,1,2.065,2.065,2.065,0.000
redbench_wehrstein_writes,q0710,complete,1,1,1.896,1.896,1.896,0.000
redbench_wehrstein_writes,q0711,complete,1,1,1.514,1.514,1.514,0.000
redbench_wehrstein_writes,q0712,complete,1,1,1.385,1.385,1.385,0.000
redbench_wehrstein_writes,q0713,complete,1,1,1.370,1.370,1.370,0.000
redbench_wehrstein_writes,q0714,complete,1,1,1.834,1.834,1.834,0.000
redbench_wehrstein_writes,q0715,complete,1,1,1.894,1.894,1.894,0.000
redbench_wehrstein_writes,q0716,complete,1,1,1.690,1.690,1.690,0.000
redbench_wehrstein_writes,q0717,complete,1,1,1.588,1.588,1.588,0.000
redbench_wehrstein_writes,q0718,complete,1,1,1.538,1.538,1.538,0.000
redbench_wehrstein_writes,q0719,complete,1,1,4.704,4.704,4.704,0.000
redbench_wehrstein_writes,q0720,complete,1,1,2.204,2.204,2.204,0.000
redbench_wehrstein_writes,q0721,complete,1,1,2.819,2.819,2.819,0.000
redbench_wehrstein_writes,q0722,complete,1,1,2.357,2.357,2.357,0.000
redbench_wehrstein_writes,q0723,complete,1,1,2.584,2.584,2.584,0.000
redbench_wehrstein_writes,q0724,complete,1,1,2.834,2.834,2.834,0.000
redbench_wehrstein_writes,q0725,complete,1,1,2.090,2.090,2.090,0.000
redbench_wehrstein_writes,q0726,complete,1,1,2.131,2.131,2.131,0.000
redbench_wehrstein_writes,q0727,complete,1,1,2.014,2.014,2.014,0.000
redbench_wehrstein_writes,q0728,complete,1,1,2.635,2.635,2.635,0.000
redbench_wehrstein_writes,q0729,complete,1,1,2.232,2.232,2.232,0.000
redbench_wehrstein_writes,q0730,complete,1,1,5.232,5.232,5.232,0.000
redbench_wehrstein_writes,q0731,complete,1,1,1.750,1.750,1.750,0.000
redbench_wehrstein_writes,q0732,complete,1,1,1.961,1.961,1.961,0.000
redbench_wehrstein_writes,q0733,complete,1,1,1.419,1.419,1.419,0.000
redbench_wehrstein_writes,q0734,complete,1,1,1.365,1.365,1.365,0.000
redbench_wehrstein_writes,q0735,complete,1,1,1.975,1.975,1.975,0.000
redbench_wehrstein_writes,q0736,complete,1,1,3.026,3.026,3.026,0.000
redbench_wehrstein_writes,q0737,complete,1,1,7.331,7.331,7.331,0.000
redbench_wehrstein_writes,q0738,complete,1,1,3.645,3.645,3.645,0.000
redbench_wehrstein_writes,q0739,complete,1,1,1.522,1.522,1.522,0.000
redbench_wehrstein_writes,q0740,complete,1,1,1.488,1.488,1.488,0.000
redbench_wehrstein_writes,q0741,complete,1,1,2.426,2.426,2.426,0.000
redbench_wehrstein_writes,q0742,complete,1,1,1.599,1.599,1.599,0.000
redbench_wehrstein_writes,q0743,complete,1,1,2.592,2.592,2.592,0.000
redbench_wehrstein_writes,q0744,complete,1,1,2.052,2.052,2.052,0.000
redbench_wehrstein_writes,q0745,complete,1,1,1.425,1.425,1.425,0.000
redbench_wehrstein_writes,q0746,complete,1,1,2.368,2.368,2.368,0.000
redbench_wehrstein_writes,q0747,complete,1,1,1.645,1.645,1.645,0.000
redbench_wehrstein_writes,q0748,complete,1,1,4.942,4.942,4.942,0.000
redbench_wehrstein_writes,q0749,complete,1,1,2.011,2.011,2.011,0.000
redbench_wehrstein_writes,q0750,complete,1,1,1.630,1.630,1.630,0.000
redbench_wehrstein_writes,q0751,complete,1,1,2.073,2.073,2.073,0.000
redbench_wehrstein_writes,q0753,complete,1,1,1.478,1.478,1.478,0.000
redbench_wehrstein_writes,q0754,complete,1,1,1.363,1.363,1.363,0.000
redbench_wehrstein_writes,q0755,complete,1,1,1.555,1.555,1.555,0.000
redbench_wehrstein_writes,q0756,complete,1,1,1.446,1.446,1.446,0.000
redbench_wehrstein_writes,q0757,complete,1,1,1.506,1.506,1.506,0.000
redbench_wehrstein_writes,q0758,complete,1,1,3.393,3.393,3.393,0.000
redbench_wehrstein_writes,q0759,complete,1,1,2.221,2.221,2.221,0.000
redbench_wehrstein_writes,q0760,complete,1,1,1.552,1.552,1.552,0.000
redbench_wehrstein_writes,q0761,complete,1,1,1.465,1.465,1.465,0.000
redbench_wehrstein_writes,q0762,complete,1,1,4.501,4.501,4.501,0.000
redbench_wehrstein_writes,q0763,complete,1,1,1.881,1.881,1.881,0.000
redbench_wehrstein_writes,q0764,complete,1,1,2.406,2.406,2.406,0.000
redbench_wehrstein_writes,q0765,complete,1,1,1.813,1.813,1.813,0.000
redbench_wehrstein_writes,q0768,complete,1,1,5.007,5.007,5.007,0.000
redbench_wehrstein_writes,q0769,complete,1,1,3.077,3.077,3.077,0.000
redbench_wehrstein_writes,q0770,complete,1,1,2.769,2.769,2.769,0.000
redbench_wehrstein_writes,q0771,complete,1,1,1.533,1.533,1.533,0.000
redbench_wehrstein_writes,q0772,complete,1,1,1.806,1.806,1.806,0.000
redbench_wehrstein_writes,q0773,complete,1,1,1.906,1.906,1.906,0.000
redbench_wehrstein_writes,q0774,complete,1,1,3.715,3.715,3.715,0.000
redbench_wehrstein_writes,q0775,complete,1,1,1.946,1.946,1.946,0.000
redbench_wehrstein_writes,q0776,complete,1,1,2.052,2.052,2.052,0.000
redbench_wehrstein_writes,q0777,complete,1,1,2.390,2.390,2.390,0.000
redbench_wehrstein_writes,q0778,complete,1,1,2.008,2.008,2.008,0.000
redbench_wehrstein_writes,q0779,complete,1,1,2.117,2.117,2.117,0.000
redbench_wehrstein_writes,q0780,complete,1,1,2.199,2.199,2.199,0.000
redbench_wehrstein_writes,q0781,complete,1,1,1.955,1.955,1.955,0.000
redbench_wehrstein_writes,q0782,complete,1,1,1.999,1.999,1.999,0.000
redbench_wehrstein_writes,q0783,complete,1,1,1.830,1.830,1.830,0.000
redbench_wehrstein_writes,q0784,complete,1,1,2.054,2.054,2.054,0.000
redbench_wehrstein_writes,q0785,complete,1,1,2.075,2.075,2.075,0.000
redbench_wehrstein_writes,q0786,complete,1,1,2.341,2.341,2.341,0.000
redbench_wehrstein_writes,q0787,complete,1,1,2.004,2.004,2.004,0.000
redbench_wehrstein_writes,q0788,complete,1,1,2.447,2.447,2.447,0.000
redbench_wehrstein_writes,q0790,complete,1,1,2.044,2.044,2.044,0.000
redbench_wehrstein_writes,q0791,complete,1,1,1.918,1.918,1.918,0.000
redbench_wehrstein_writes,q0792,complete,1,1,2.416,2.416,2.416,0.000
redbench_wehrstein_writes,q0793,complete,1,1,1.540,1.540,1.540,0.000
redbench_wehrstein_writes,q0794,complete,1,1,2.022,2.022,2.022,0.000
redbench_wehrstein_writes,q0795,complete,1,1,1.433,1.433,1.433,0.000
redbench_wehrstein_writes,q0796,complete,1,1,1.923,1.923,1.923,0.000
redbench_wehrstein_writes,q0797,complete,1,1,1.918,1.918,1.918,0.000
redbench_wehrstein_writes,q0798,complete,1,1,2.523,2.523,2.523,0.000
redbench_wehrstein_writes,q0799,complete,1,1,2.712,2.712,2.712,0.000
redbench_wehrstein_writes,q0800,complete,1,1,1.977,1.977,1.977,0.000
redbench_wehrstein_writes,q0801,complete,1,1,1.536,1.536,1.536,0.000
redbench_wehrstein_writes,q0802,complete,1,1,3.554,3.554,3.554,0.000
redbench_wehrstein_writes,q0803,complete,1,1,2.326,2.326,2.326,0.000
redbench_wehrstein_writes,q0804,complete,1,1,1.770,1.770,1.770,0.000
redbench_wehrstein_writes,q0805,complete,1,1,6.021,6.021,6.021,0.000
redbench_wehrstein_writes,q0806,complete,1,1,1.787,1.787,1.787,0.000
redbench_wehrstein_writes,q0807,complete,1,1,4.197,4.197,4.197,0.000
redbench_wehrstein_writes,q0808,complete,1,1,1.528,1.528,1.528,0.000
redbench_wehrstein_writes,q0809,complete,1,1,3.984,3.984,3.984,0.000
redbench_wehrstein_writes,q0810,complete,1,1,1.441,1.441,1.441,0.000
redbench_wehrstein_writes,q0811,complete,1,1,3.124,3.124,3.124,0.000
redbench_wehrstein_writes,q0812,complete,1,1,1.484,1.484,1.484,0.000
redbench_wehrstein_writes,q0813,complete,1,1,1.355,1.355,1.355,0.000
redbench_wehrstein_writes,q0814,complete,1,1,2.926,2.926,2.926,0.000
redbench_wehrstein_writes,q0815,complete,1,1,3.824,3.824,3.824,0.000
redbench_wehrstein_writes,q0816,complete,1,1,1.977,1.977,1.977,0.000
redbench_wehrstein_writes,q0817,complete,1,1,1.421,1.421,1.421,0.000
redbench_wehrstein_writes,q0818,complete,1,1,2.062,2.062,2.062,0.000
redbench_wehrstein_writes,q0819,complete,1,1,2.471,2.471,2.471,0.000
redbench_wehrstein_writes,q0820,complete,1,1,1.907,1.907,1.907,0.000
redbench_wehrstein_writes,q0821,complete,1,1,2.926,2.926,2.926,0.000
redbench_wehrstein_writes,q0822,complete,1,1,6.526,6.526,6.526,0.000
redbench_wehrstein_writes,q0823,complete,1,1,1.768,1.768,1.768,0.000
redbench_wehrstein_writes,q0824,complete,1,1,1.466,1.466,1.466,0.000
redbench_wehrstein_writes,q0825,complete,1,1,1.623,1.623,1.623,0.000
redbench_wehrstein_writes,q0826,complete,1,1,2.731,2.731,2.731,0.000
redbench_wehrstein_writes,q0827,complete,1,1,2.904,2.904,2.904,0.000
redbench_wehrstein_writes,q0828,complete,1,1,3.555,3.555,3.555,0.000
redbench_wehrstein_writes,q0829,complete,1,1,3.447,3.447,3.447,0.000
redbench_wehrstein_writes,q0830,complete,1,1,1.525,1.525,1.525,0.000
redbench_wehrstein_writes,q0831,complete,1,1,2.202,2.202,2.202,0.000
redbench_wehrstein_writes,q0832,complete,1,1,1.480,1.480,1.480,0.000
redbench_wehrstein_writes,q0833,complete,1,1,1.926,1.926,1.926,0.000
redbench_wehrstein_writes,q0834,complete,1,1,1.370,1.370,1.370,0.000
redbench_wehrstein_writes,q0835,complete,1,1,4.446,4.446,4.446,0.000
redbench_wehrstein_writes,q0836,complete,1,1,1.434,1.434,1.434,0.000
redbench_wehrstein_writes,q0837,complete,1,1,2.254,2.254,2.254,0.000
redbench_wehrstein_writes,q0838,complete,1,1,2.160,2.160,2.160,0.000
redbench_wehrstein_writes,q0851,complete,1,1,1.963,1.963,1.963,0.000
redbench_wehrstein_writes,q0852,complete,1,1,2.642,2.642,2.642,0.000
redbench_wehrstein_writes,q0853,complete,1,1,2.938,2.938,2.938,0.000
redbench_wehrstein_writes,q0854,complete,1,1,1.652,1.652,1.652,0.000
redbench_wehrstein_writes,q0855,complete,1,1,1.414,1.414,1.414,0.000
redbench_wehrstein_writes,q0856,complete,1,1,4.722,4.722,4.722,0.000
redbench_wehrstein_writes,q0857,complete,1,1,1.709,1.709,1.709,0.000
redbench_wehrstein_writes,q0858,complete,1,1,3.242,3.242,3.242,0.000
redbench_wehrstein_writes,q0859,complete,1,1,3.679,3.679,3.679,0.000
redbench_wehrstein_writes,q0860,complete,1,1,3.473,3.473,3.473,0.000
redbench_wehrstein_writes,q0861,complete,1,1,2.697,2.697,2.697,0.000
redbench_wehrstein_writes,q0862,complete,1,1,1.512,1.512,1.512,0.000
redbench_wehrstein_writes,q0863,complete,1,1,1.523,1.523,1.523,0.000
redbench_wehrstein_writes,q0864,complete,1,1,1.996,1.996,1.996,0.000
redbench_wehrstein_writes,q0865,complete,1,1,3.835,3.835,3.835,0.000
redbench_wehrstein_writes,q0866,complete,1,1,1.395,1.395,1.395,0.000
redbench_wehrstein_writes,q0868,complete,1,1,1.788,1.788,1.788,0.000
redbench_wehrstein_writes,q0869,complete,1,1,2.006,2.006,2.006,0.000
redbench_wehrstein_writes,q0870,complete,1,1,1.845,1.845,1.845,0.000
redbench_wehrstein_writes,q0871,complete,1,1,2.122,2.122,2.122,0.000
redbench_wehrstein_writes,q0872,complete,1,1,2.022,2.022,2.022,0.000
redbench_wehrstein_writes,q0873,complete,1,1,3.816,3.816,3.816,0.000
redbench_wehrstein_writes,q0874,complete,1,1,1.829,1.829,1.829,0.000
redbench_wehrstein_writes,q0875,complete,1,1,1.778,1.778,1.778,0.000
redbench_wehrstein_writes,q0876,complete,1,1,1.354,1.354,1.354,0.000
redbench_wehrstein_writes,q0877,complete,1,1,2.406,2.406,2.406,0.000
redbench_wehrstein_writes,q0878,complete,1,1,3.158,3.158,3.158,0.000
redbench_wehrstein_writes,q0879,complete,1,1,2.135,2.135,2.135,0.000
redbench_wehrstein_writes,q0880,complete,1,1,4.290,4.290,4.290,0.000
redbench_wehrstein_writes,q0881,complete,1,1,3.060,3.060,3.060,0.000
redbench_wehrstein_writes,q0882,complete,1,1,1.663,1.663,1.663,0.000
redbench_wehrstein_writes,q0883,complete,1,1,1.473,1.473,1.473,0.000
redbench_wehrstein_writes,q0884,complete,1,1,1.410,1.410,1.410,0.000
redbench_wehrstein_writes,q0885,complete,1,1,1.353,1.353,1.353,0.000
redbench_wehrstein_writes,q0886,complete,1,1,2.519,2.519,2.519,0.000
redbench_wehrstein_writes,q0887,complete,1,1,1.398,1.398,1.398,0.000
redbench_wehrstein_writes,q0888,complete,1,1,1.905,1.905,1.905,0.000
redbench_wehrstein_writes,q0889,complete,1,1,1.976,1.976,1.976,0.000
redbench_wehrstein_writes,q0890,complete,1,1,2.751,2.751,2.751,0.000
redbench_wehrstein_writes,q0891,complete,1,1,2.507,2.507,2.507,0.000
redbench_wehrstein_writes,q0892,complete,1,1,1.787,1.787,1.787,0.000
redbench_wehrstein_writes,q0893,complete,1,1,1.803,1.803,1.803,0.000
redbench_wehrstein_writes,q0894,complete,1,1,1.777,1.777,1.777,0.000
redbench_wehrstein_writes,q0895,complete,1,1,1.469,1.469,1.469,0.000
redbench_wehrstein_writes,q0896,complete,1,1,2.622,2.622,2.622,0.000
redbench_wehrstein_writes,q0897,complete,1,1,2.100,2.100,2.100,0.000
redbench_wehrstein_writes,q0898,complete,1,1,2.563,2.563,2.563,0.000
redbench_wehrstein_writes,q0899,complete,1,1,2.306,2.306,2.306,0.000
redbench_wehrstein_writes,q0900,complete,1,1,1.438,1.438,1.438,0.000
redbench_wehrstein_writes,q0901,complete,1,1,3.271,3.271,3.271,0.000
redbench_wehrstein_writes,q0902,complete,1,1,1.658,1.658,1.658,0.000
redbench_wehrstein_writes,q0903,complete,1,1,1.406,1.406,1.406,0.000
redbench_wehrstein_writes,q0904,complete,1,1,3.838,3.838,3.838,0.000
redbench_wehrstein_writes,q0905,complete,1,1,1.347,1.347,1.347,0.000
redbench_wehrstein_writes,q0906,complete,1,1,1.652,1.652,1.652,0.000
redbench_wehrstein_writes,q0907,complete,1,1,2.097,2.097,2.097,0.000
redbench_wehrstein_writes,q0908,complete,1,1,2.015,2.015,2.015,0.000
redbench_wehrstein_writes,q0909,complete,1,1,2.046,2.046,2.046,0.000
redbench_wehrstein_writes,q0910,complete,1,1,2.138,2.138,2.138,0.000
redbench_wehrstein_writes,q0911,complete,1,1,5.068,5.068,5.068,0.000
redbench_wehrstein_writes,q0912,complete,1,1,1.647,1.647,1.647,0.000
redbench_wehrstein_writes,q0913,complete,1,1,1.735,1.735,1.735,0.000
redbench_wehrstein_writes,q0914,complete,1,1,2.370,2.370,2.370,0.000
redbench_wehrstein_writes,q0915,complete,1,1,1.847,1.847,1.847,0.000
redbench_wehrstein_writes,q0916,complete,1,1,5.122,5.122,5.122,0.000
redbench_wehrstein_writes,q0917,complete,1,1,2.115,2.115,2.115,0.000
redbench_wehrstein_writes,q0918,complete,1,1,3.485,3.485,3.485,0.000
redbench_wehrstein_writes,q0919,complete,1,1,1.401,1.401,1.401,0.000
redbench_wehrstein_writes,q0920,complete,1,1,4.577,4.577,4.577,0.000
redbench_wehrstein_writes,q0921,complete,1,1,2.304,2.304,2.304,0.000
redbench_wehrstein_writes,q0922,complete,1,1,1.403,1.403,1.403,0.000
redbench_wehrstein_writes,q0923,complete,1,1,1.252,1.252,1.252,0.000
redbench_wehrstein_writes,q0924,complete,1,1,2.045,2.045,2.045,0.000
redbench_wehrstein_writes,q0925,complete,1,1,1.838,1.838,1.838,0.000
redbench_wehrstein_writes,q0926,complete,1,1,2.189,2.189,2.189,0.000
redbench_wehrstein_writes,q0927,complete,1,1,2.106,2.106,2.106,0.000
redbench_wehrstein_writes,q0928,complete,1,1,2.039,2.039,2.039,0.000
redbench_wehrstein_writes,q0929,complete,1,1,1.754,1.754,1.754,0.000
redbench_wehrstein_writes,q0930,complete,1,1,5.471,5.471,5.471,0.000
redbench_wehrstein_writes,q0931,complete,1,1,1.543,1.543,1.543,0.000
redbench_wehrstein_writes,q0932,complete,1,1,3.485,3.485,3.485,0.000
redbench_wehrstein_writes,q0933,complete,1,1,1.391,1.391,1.391,0.000
redbench_wehrstein_writes,q0934,complete,1,1,2.848,2.848,2.848,0.000
redbench_wehrstein_writes,q0935,complete,1,1,1.720,1.720,1.720,0.000
redbench_wehrstein_writes,q0936,complete,1,1,2.176,2.176,2.176,0.000
redbench_wehrstein_writes,q0937,complete,1,1,1.980,1.980,1.980,0.000
redbench_wehrstein_writes,q0938,complete,1,1,3.079,3.079,3.079,0.000
redbench_wehrstein_writes,q0939,complete,1,1,1.435,1.435,1.435,0.000
redbench_wehrstein_writes,q0940,complete,1,1,1.358,1.358,1.358,0.000
redbench_wehrstein_writes,q0941,complete,1,1,1.340,1.340,1.340,0.000
redbench_wehrstein_writes,q0942,complete,1,1,1.335,1.335,1.335,0.000
redbench_wehrstein_writes,q0943,complete,1,1,2.060,2.060,2.060,0.000
redbench_wehrstein_writes,q0944,complete,1,1,1.243,1.243,1.243,0.000
redbench_wehrstein_writes,q0945,complete,1,1,2.028,2.028,2.028,0.000
redbench_wehrstein_writes,q0946,complete,1,1,1.841,1.841,1.841,0.000
redbench_wehrstein_writes,q0947,complete,1,1,2.810,2.810,2.810,0.000
redbench_wehrstein_writes,q0948,complete,1,1,3.948,3.948,3.948,0.000
redbench_wehrstein_writes,q0949,complete,1,1,1.967,1.967,1.967,0.000
redbench_wehrstein_writes,q0950,complete,1,1,1.824,1.824,1.824,0.000
redbench_wehrstein_writes,q0951,complete,1,1,3.560,3.560,3.560,0.000
redbench_wehrstein_writes,q0952,complete,1,1,1.813,1.813,1.813,0.000
redbench_wehrstein_writes,q0953,complete,1,1,1.688,1.688,1.688,0.000
redbench_wehrstein_writes,q0954,complete,1,1,2.112,2.112,2.112,0.000
redbench_wehrstein_writes,q0955,complete,1,1,1.953,1.953,1.953,0.000
redbench_wehrstein_writes,q0956,complete,1,1,2.780,2.780,2.780,0.000
redbench_wehrstein_writes,q0957,complete,1,1,1.268,1.268,1.268,0.000
redbench_wehrstein_writes,q0958,complete,1,1,1.888,1.888,1.888,0.000
redbench_wehrstein_writes,q0959,complete,1,1,1.353,1.353,1.353,0.000
redbench_wehrstein_writes,q0960,complete,1,1,1.371,1.371,1.371,0.000
redbench_wehrstein_writes,q0961,complete,1,1,1.743,1.743,1.743,0.000
redbench_wehrstein_writes,q0962,complete,1,1,4.409,4.409,4.409,0.000
redbench_wehrstein_writes,q0963,complete,1,1,1.364,1.364,1.364,0.000
redbench_wehrstein_writes,q0964,complete,1,1,1.960,1.960,1.960,0.000
redbench_wehrstein_writes,q0965,complete,1,1,2.175,2.175,2.175,0.000
redbench_wehrstein_writes,q0966,complete,1,1,2.473,2.473,2.473,0.000
redbench_wehrstein_writes,q0967,complete,1,1,5.904,5.904,5.904,0.000
redbench_wehrstein_writes,q0968,complete,1,1,3.373,3.373,3.373,0.000
redbench_wehrstein_writes,q0969,complete,1,1,3.213,3.213,3.213,0.000
redbench_wehrstein_writes,q0970,complete,1,1,1.405,1.405,1.405,0.000
redbench_wehrstein_writes,q0971,complete,1,1,1.687,1.687,1.687,0.000
redbench_wehrstein_writes,q0972,complete,1,1,2.901,2.901,2.901,0.000
redbench_wehrstein_writes,q0973,complete,1,1,1.825,1.825,1.825,0.000
redbench_wehrstein_writes,q0974,complete,1,1,2.042,2.042,2.042,0.000
redbench_wehrstein_writes,q0975,complete,1,1,2.774,2.774,2.774,0.000
redbench_wehrstein_writes,q0976,complete,1,1,3.153,3.153,3.153,0.000
redbench_wehrstein_writes,q0977,complete,1,1,1.391,1.391,1.391,0.000
redbench_wehrstein_writes,q0978,complete,1,1,1.595,1.595,1.595,0.000
redbench_wehrstein_writes,q0979,complete,1,1,1.381,1.381,1.381,0.000
redbench_wehrstein_writes,q0980,complete,1,1,1.289,1.289,1.289,0.000
redbench_wehrstein_writes,q0981,complete,1,1,2.870,2.870,2.870,0.000
redbench_wehrstein_writes,q0982,complete,1,1,1.464,1.464,1.464,0.000
redbench_wehrstein_writes,q0983,complete,1,1,1.910,1.910,1.910,0.000
redbench_wehrstein_writes,q0984,complete,1,1,1.970,1.970,1.970,0.000
redbench_wehrstein_writes,q0985,complete,1,1,2.419,2.419,2.419,0.000
redbench_wehrstein_writes,q0986,complete,1,1,2.191,2.191,2.191,0.000
redbench_wehrstein_writes,q0987,complete,1,1,5.605,5.605,5.605,0.000
redbench_wehrstein_writes,q0988,complete,1,1,1.579,1.579,1.579,0.000
redbench_wehrstein_writes,q0989,complete,1,1,2.148,2.148,2.148,0.000
redbench_wehrstein_writes,q0990,complete,1,1,1.702,1.702,1.702,0.000
redbench_wehrstein_writes,q0991,complete,1,1,1.537,1.537,1.537,0.000
redbench_wehrstein_writes,q0992,complete,1,1,2.038,2.038,2.038,0.000
redbench_wehrstein_writes,q0993,complete,1,1,2.769,2.769,2.769,0.000
redbench_wehrstein_writes,q0994,complete,1,1,3.339,3.339,3.339,0.000
redbench_wehrstein_writes,q0995,complete,1,1,1.407,1.407,1.407,0.000
redbench_wehrstein_writes,q0996,complete,1,1,1.478,1.478,1.478,0.000
redbench_wehrstein_writes,q0997,complete,1,1,3.213,3.213,3.213,0.000
redbench_wehrstein_writes,q0998,complete,1,1,1.340,1.340,1.340,0.000
redbench_wehrstein_writes,q0999,complete,1,1,1.712,1.712,1.712,0.000
