suite,scale_factor,mode,mode_name,repetition,query_id,stage,elapsed_ms,status
prodds,10,i,Interpreted,1,__floor__,floor,0.204,ok
prodds,10,i,Interpreted,1,query_1,explain,1.281,ok
prodds,10,i,Interpreted,1,query_1,prepare,1.524,ok
prodds,10,i,Interpreted,1,query_10,explain,2.282,ok
prodds,10,i,Interpreted,1,query_10,prepare,4.939,ok
prodds,10,i,Interpreted,1,query_11,explain,0.691,ok
prodds,10,i,Interpreted,1,query_11,prepare,1.972,ok
prodds,10,i,Interpreted,1,query_12,explain,1.269,ok
prodds,10,i,Interpreted,1,query_12,prepare,3.419,ok
prodds,10,i,Interpreted,1,query_13,explain,1.640,ok
prodds,10,i,Interpreted,1,query_13,prepare,2.937,ok
prodds,10,i,Interpreted,1,query_14,explain,0.690,ok
prodds,10,i,Interpreted,1,query_14,prepare,1.645,ok
prodds,10,i,Interpreted,1,query_15,explain,0.879,ok
prodds,10,i,Interpreted,1,query_15,prepare,2.098,ok
prodds,10,i,Interpreted,1,query_17,explain,1.157,ok
prodds,10,i,Interpreted,1,query_17,prepare,2.481,ok
prodds,10,i,Interpreted,1,query_18,explain,1.378,ok
prodds,10,i,Interpreted,1,query_18,prepare,3.226,ok
prodds,10,i,Interpreted,1,query_2,explain,1.015,ok
prodds,10,i,Interpreted,1,query_2,prepare,2.607,ok
prodds,10,i,Interpreted,1,query_20,explain,6.637,ok
prodds,10,i,Interpreted,1,query_20,prepare,9.804,ok
prodds,10,i,Interpreted,1,query_21,explain,0.905,ok
prodds,10,i,Interpreted,1,query_21,prepare,2.366,ok
prodds,10,i,Interpreted,1,query_22,explain,2.371,ok
prodds,10,i,Interpreted,1,query_22,prepare,4.318,ok
prodds,10,i,Interpreted,1,query_23,explain,2.075,ok
prodds,10,i,Interpreted,1,query_23,prepare,4.425,ok
prodds,10,i,Interpreted,1,query_24,explain,1.177,ok
prodds,10,i,Interpreted,1,query_24,prepare,2.503,ok
prodds,10,i,Interpreted,1,query_25,explain,1.330,ok
prodds,10,i,Interpreted,1,query_25,prepare,2.387,ok
prodds,10,i,Interpreted,1,query_26,explain,2.425,ok
prodds,10,i,Interpreted,1,query_26,prepare,5.186,ok
prodds,10,i,Interpreted,1,query_27,explain,1.122,ok
prodds,10,i,Interpreted,1,query_27,prepare,2.455,ok
prodds,10,i,Interpreted,1,query_28,explain,1.601,ok
prodds,10,i,Interpreted,1,query_28,prepare,3.588,ok
prodds,10,i,Interpreted,1,query_3,explain,2.993,ok
prodds,10,i,Interpreted,1,query_3,prepare,6.952,ok
prodds,10,i,Interpreted,1,query_30,explain,1.932,ok
prodds,10,i,Interpreted,1,query_30,prepare,4.482,ok
prodds,10,i,Interpreted,1,query_31,explain,1.025,ok
prodds,10,i,Interpreted,1,query_31,prepare,2.611,ok
prodds,10,i,Interpreted,1,query_32,explain,0.845,ok
prodds,10,i,Interpreted,1,query_32,prepare,2.389,ok
prodds,10,i,Interpreted,1,query_33,explain,2.727,ok
prodds,10,i,Interpreted,1,query_33,prepare,4.579,ok
prodds,10,i,Interpreted,1,query_35,explain,0.784,ok
prodds,10,i,Interpreted,1,query_35,prepare,2.816,ok
prodds,10,i,Interpreted,1,query_36,explain,2.426,ok
prodds,10,i,Interpreted,1,query_36,prepare,5.063,ok
prodds,10,i,Interpreted,1,query_37,explain,1.145,ok
prodds,10,i,Interpreted,1,query_37,prepare,3.189,ok
prodds,10,i,Interpreted,1,query_39,explain,2.258,ok
prodds,10,i,Interpreted,1,query_39,prepare,5.282,ok
prodds,10,i,Interpreted,1,query_4,explain,1.404,ok
prodds,10,i,Interpreted,1,query_4,prepare,2.954,ok
prodds,10,i,Interpreted,1,query_40,explain,1.335,ok
prodds,10,i,Interpreted,1,query_40,prepare,2.234,ok
prodds,10,i,Interpreted,1,query_41,explain,2.899,ok
prodds,10,i,Interpreted,1,query_41,prepare,5.826,ok
prodds,10,i,Interpreted,1,query_42,explain,1.718,ok
prodds,10,i,Interpreted,1,query_42,prepare,4.652,ok
prodds,10,i,Interpreted,1,query_43,explain,2.188,ok
prodds,10,i,Interpreted,1,query_43,prepare,3.566,ok
prodds,10,i,Interpreted,1,query_44,explain,1.059,ok
prodds,10,i,Interpreted,1,query_44,prepare,1.924,ok
prodds,10,i,Interpreted,1,query_45,explain,0.882,ok
prodds,10,i,Interpreted,1,query_45,prepare,2.134,ok
prodds,10,i,Interpreted,1,query_46,explain,0.902,ok
prodds,10,i,Interpreted,1,query_46,prepare,4.156,ok
prodds,10,i,Interpreted,1,query_47,explain,2.015,ok
prodds,10,i,Interpreted,1,query_47,prepare,4.346,ok
prodds,10,i,Interpreted,1,query_48,explain,2.265,ok
prodds,10,i,Interpreted,1,query_48,prepare,5.937,ok
prodds,10,i,Interpreted,1,query_49,explain,2.022,ok
prodds,10,i,Interpreted,1,query_49,prepare,3.467,ok
prodds,10,i,Interpreted,1,query_5,explain,0.969,ok
prodds,10,i,Interpreted,1,query_5,prepare,2.310,ok
prodds,10,i,Interpreted,1,query_50,explain,2.145,ok
prodds,10,i,Interpreted,1,query_50,prepare,3.997,ok
prodds,10,i,Interpreted,1,query_51,explain,2.085,ok
prodds,10,i,Interpreted,1,query_51,prepare,4.610,ok
prodds,10,i,Interpreted,1,query_52,explain,0.665,ok
prodds,10,i,Interpreted,1,query_52,prepare,1.594,ok
prodds,10,i,Interpreted,1,query_53,explain,1.946,ok
prodds,10,i,Interpreted,1,query_53,prepare,3.261,ok
prodds,10,i,Interpreted,1,query_54,explain,1.070,ok
prodds,10,i,Interpreted,1,query_54,prepare,2.466,ok
prodds,10,i,Interpreted,1,query_55,explain,0.509,ok
prodds,10,i,Interpreted,1,query_55,prepare,1.760,ok
prodds,10,i,Interpreted,1,query_56,explain,1.103,ok
prodds,10,i,Interpreted,1,query_56,prepare,3.127,ok
prodds,10,i,Interpreted,1,query_57,explain,1.441,ok
prodds,10,i,Interpreted,1,query_57,prepare,2.848,ok
prodds,10,i,Interpreted,1,query_58,explain,1.491,ok
prodds,10,i,Interpreted,1,query_58,prepare,2.909,ok
prodds,10,i,Interpreted,1,query_59,explain,0.900,ok
prodds,10,i,Interpreted,1,query_59,prepare,2.428,ok
prodds,10,i,Interpreted,1,query_6,explain,3.426,ok
prodds,10,i,Interpreted,1,query_6,prepare,7.310,ok
prodds,10,i,Interpreted,1,query_60,explain,1.382,ok
prodds,10,i,Interpreted,1,query_60,prepare,3.002,ok
prodds,10,i,Interpreted,1,query_61,explain,0.707,ok
prodds,10,i,Interpreted,1,query_61,prepare,2.028,ok
prodds,10,i,Interpreted,1,query_62,explain,1.464,ok
prodds,10,i,Interpreted,1,query_62,prepare,3.347,ok
prodds,10,i,Interpreted,1,query_63,explain,1.951,ok
prodds,10,i,Interpreted,1,query_63,prepare,4.085,ok
prodds,10,i,Interpreted,1,query_64,explain,0.863,ok
prodds,10,i,Interpreted,1,query_64,prepare,1.817,ok
prodds,10,i,Interpreted,1,query_65,explain,0.851,ok
prodds,10,i,Interpreted,1,query_65,prepare,1.918,ok
prodds,10,i,Interpreted,1,query_66,explain,5.173,ok
prodds,10,i,Interpreted,1,query_66,prepare,7.610,ok
prodds,10,i,Interpreted,1,query_67,explain,0.865,ok
prodds,10,i,Interpreted,1,query_67,prepare,1.706,ok
prodds,10,i,Interpreted,1,query_68,explain,3.009,ok
prodds,10,i,Interpreted,1,query_68,prepare,4.660,ok
prodds,10,i,Interpreted,1,query_69,explain,4.462,ok
prodds,10,i,Interpreted,1,query_69,prepare,8.687,ok
prodds,10,i,Interpreted,1,query_7,explain,1.057,ok
prodds,10,i,Interpreted,1,query_7,prepare,1.798,ok
prodds,10,i,Interpreted,1,query_70,explain,1.690,ok
prodds,10,i,Interpreted,1,query_70,prepare,4.792,ok
prodds,10,i,Interpreted,1,query_71,explain,1.235,ok
prodds,10,i,Interpreted,1,query_71,prepare,2.961,ok
prodds,10,i,Interpreted,1,query_73,explain,1.478,ok
prodds,10,i,Interpreted,1,query_73,prepare,2.787,ok
prodds,10,i,Interpreted,1,query_74,explain,2.247,ok
prodds,10,i,Interpreted,1,query_74,prepare,2.978,ok
prodds,10,i,Interpreted,1,query_75,explain,1.696,ok
prodds,10,i,Interpreted,1,query_75,prepare,3.262,ok
prodds,10,i,Interpreted,1,query_76,explain,1.119,ok
prodds,10,i,Interpreted,1,query_76,prepare,3.174,ok
prodds,10,i,Interpreted,1,query_77,explain,1.030,ok
prodds,10,i,Interpreted,1,query_77,prepare,2.420,ok
prodds,10,i,Interpreted,1,query_79,explain,1.347,ok
prodds,10,i,Interpreted,1,query_79,prepare,2.833,ok
prodds,10,i,Interpreted,1,query_8,explain,1.316,ok
prodds,10,i,Interpreted,1,query_8,prepare,2.935,ok
prodds,10,i,Interpreted,1,query_80,explain,0.900,ok
prodds,10,i,Interpreted,1,query_80,prepare,1.701,ok
prodds,10,i,Interpreted,1,query_81,explain,1.993,ok
prodds,10,i,Interpreted,1,query_81,prepare,3.716,ok
prodds,10,i,Interpreted,1,query_82,explain,0.630,ok
prodds,10,i,Interpreted,1,query_82,prepare,1.363,ok
prodds,10,i,Interpreted,1,query_83,explain,2.372,ok
prodds,10,i,Interpreted,1,query_83,prepare,4.571,ok
prodds,10,i,Interpreted,1,query_84,explain,1.365,ok
prodds,10,i,Interpreted,1,query_84,prepare,3.223,ok
prodds,10,i,Interpreted,1,query_85,explain,1.296,ok
prodds,10,i,Interpreted,1,query_85,prepare,2.846,ok
prodds,10,i,Interpreted,1,query_86,explain,1.081,ok
prodds,10,i,Interpreted,1,query_86,prepare,2.392,ok
prodds,10,i,Interpreted,1,query_87,explain,3.421,ok
prodds,10,i,Interpreted,1,query_87,prepare,5.444,ok
prodds,10,i,Interpreted,1,query_88,explain,1.360,ok
prodds,10,i,Interpreted,1,query_88,prepare,3.484,ok
prodds,10,i,Interpreted,1,query_89,explain,1.217,ok
prodds,10,i,Interpreted,1,query_89,prepare,2.755,ok
prodds,10,i,Interpreted,1,query_9,explain,2.042,ok
prodds,10,i,Interpreted,1,query_9,prepare,4.351,ok
prodds,10,i,Interpreted,1,query_91,explain,2.950,ok
prodds,10,i,Interpreted,1,query_91,prepare,3.861,ok
prodds,10,i,Interpreted,1,query_92,explain,2.011,ok
prodds,10,i,Interpreted,1,query_92,prepare,4.161,ok
prodds,10,i,Interpreted,1,query_93,explain,2.885,ok
prodds,10,i,Interpreted,1,query_93,prepare,6.989,ok
prodds,10,i,Interpreted,1,query_94,explain,1.272,ok
prodds,10,i,Interpreted,1,query_94,prepare,2.338,ok
prodds,10,i,Interpreted,1,query_95,explain,2.310,ok
prodds,10,i,Interpreted,1,query_95,prepare,4.804,ok
prodds,10,i,Interpreted,1,query_97,explain,2.146,ok
prodds,10,i,Interpreted,1,query_97,prepare,3.516,ok
prodds,10,i,Interpreted,1,query_98,explain,2.117,ok
prodds,10,i,Interpreted,1,query_98,prepare,5.615,ok
prodds,10,i,Interpreted,1,query_99,explain,1.178,ok
prodds,10,i,Interpreted,1,query_99,prepare,2.817,ok
prodds,10,i,Interpreted,1,query_join_J100,explain,19.040,ok
prodds,10,i,Interpreted,1,query_join_J100,prepare,33.042,ok
prodds,10,i,Interpreted,1,query_join_J200,explain,39.077,ok
prodds,10,i,Interpreted,1,query_join_J200,prepare,66.187,ok
prodds,10,i,Interpreted,1,query_join_J50,explain,12.107,ok
prodds,10,i,Interpreted,1,query_join_J50,prepare,20.053,ok
prodds,10,i,Interpreted,1,query_union_U10,explain,1.219,ok
prodds,10,i,Interpreted,1,query_union_U10,prepare,1.755,ok
prodds,10,i,Interpreted,1,query_union_U2,explain,0.694,ok
prodds,10,i,Interpreted,1,query_union_U2,prepare,1.041,ok
prodds,10,i,Interpreted,1,query_union_U20,explain,1.427,ok
prodds,10,i,Interpreted,1,query_union_U20,prepare,2.560,ok
prodds,10,i,Interpreted,1,query_union_U200,explain,12.802,ok
prodds,10,i,Interpreted,1,query_union_U200,prepare,18.959,ok
prodds,10,i,Interpreted,1,query_union_U5,explain,0.982,ok
prodds,10,i,Interpreted,1,query_union_U5,prepare,1.464,ok
prodds,10,i,Interpreted,2,__floor__,floor,0.206,ok
prodds,10,i,Interpreted,2,query_1,explain,1.251,ok
prodds,10,i,Interpreted,2,query_1,prepare,2.201,ok
prodds,10,i,Interpreted,2,query_10,explain,2.807,ok
prodds,10,i,Interpreted,2,query_10,prepare,9.207,ok
prodds,10,i,Interpreted,2,query_11,explain,1.494,ok
prodds,10,i,Interpreted,2,query_11,prepare,3.204,ok
prodds,10,i,Interpreted,2,query_12,explain,1.627,ok
prodds,10,i,Interpreted,2,query_12,prepare,6.333,ok
prodds,10,i,Interpreted,2,query_13,explain,3.180,ok
prodds,10,i,Interpreted,2,query_13,prepare,6.180,ok
prodds,10,i,Interpreted,2,query_14,explain,1.190,ok
prodds,10,i,Interpreted,2,query_14,prepare,2.747,ok
prodds,10,i,Interpreted,2,query_15,explain,1.511,ok
prodds,10,i,Interpreted,2,query_15,prepare,3.734,ok
prodds,10,i,Interpreted,2,query_17,explain,1.942,ok
prodds,10,i,Interpreted,2,query_17,prepare,4.262,ok
prodds,10,i,Interpreted,2,query_18,explain,2.376,ok
prodds,10,i,Interpreted,2,query_18,prepare,5.602,ok
prodds,10,i,Interpreted,2,query_2,explain,1.725,ok
prodds,10,i,Interpreted,2,query_2,prepare,4.011,ok
prodds,10,i,Interpreted,2,query_20,explain,6.683,ok
prodds,10,i,Interpreted,2,query_20,prepare,9.832,ok
prodds,10,i,Interpreted,2,query_21,explain,0.884,ok
prodds,10,i,Interpreted,2,query_21,prepare,2.338,ok
prodds,10,i,Interpreted,2,query_22,explain,2.117,ok
prodds,10,i,Interpreted,2,query_22,prepare,4.328,ok
prodds,10,i,Interpreted,2,query_23,explain,2.022,ok
prodds,10,i,Interpreted,2,query_23,prepare,4.402,ok
prodds,10,i,Interpreted,2,query_24,explain,1.139,ok
prodds,10,i,Interpreted,2,query_24,prepare,2.726,ok
prodds,10,i,Interpreted,2,query_25,explain,1.313,ok
prodds,10,i,Interpreted,2,query_25,prepare,2.402,ok
prodds,10,i,Interpreted,2,query_26,explain,2.390,ok
prodds,10,i,Interpreted,2,query_26,prepare,5.169,ok
prodds,10,i,Interpreted,2,query_27,explain,1.108,ok
prodds,10,i,Interpreted,2,query_27,prepare,2.450,ok
prodds,10,i,Interpreted,2,query_28,explain,1.551,ok
prodds,10,i,Interpreted,2,query_28,prepare,3.593,ok
prodds,10,i,Interpreted,2,query_3,explain,2.939,ok
prodds,10,i,Interpreted,2,query_3,prepare,6.929,ok
prodds,10,i,Interpreted,2,query_30,explain,1.936,ok
prodds,10,i,Interpreted,2,query_30,prepare,4.491,ok
prodds,10,i,Interpreted,2,query_31,explain,1.024,ok
prodds,10,i,Interpreted,2,query_31,prepare,2.631,ok
prodds,10,i,Interpreted,2,query_32,explain,0.885,ok
prodds,10,i,Interpreted,2,query_32,prepare,2.380,ok
prodds,10,i,Interpreted,2,query_33,explain,2.769,ok
prodds,10,i,Interpreted,2,query_33,prepare,4.640,ok
prodds,10,i,Interpreted,2,query_35,explain,0.779,ok
prodds,10,i,Interpreted,2,query_35,prepare,2.881,ok
prodds,10,i,Interpreted,2,query_36,explain,2.391,ok
prodds,10,i,Interpreted,2,query_36,prepare,5.145,ok
prodds,10,i,Interpreted,2,query_37,explain,1.156,ok
prodds,10,i,Interpreted,2,query_37,prepare,3.194,ok
prodds,10,i,Interpreted,2,query_39,explain,2.249,ok
prodds,10,i,Interpreted,2,query_39,prepare,5.287,ok
prodds,10,i,Interpreted,2,query_4,explain,1.405,ok
prodds,10,i,Interpreted,2,query_4,prepare,2.998,ok
prodds,10,i,Interpreted,2,query_40,explain,1.297,ok
prodds,10,i,Interpreted,2,query_40,prepare,2.252,ok
prodds,10,i,Interpreted,2,query_41,explain,2.925,ok
prodds,10,i,Interpreted,2,query_41,prepare,5.847,ok
prodds,10,i,Interpreted,2,query_42,explain,1.763,ok
prodds,10,i,Interpreted,2,query_42,prepare,4.720,ok
prodds,10,i,Interpreted,2,query_43,explain,2.154,ok
prodds,10,i,Interpreted,2,query_43,prepare,3.453,ok
prodds,10,i,Interpreted,2,query_44,explain,1.057,ok
prodds,10,i,Interpreted,2,query_44,prepare,1.969,ok
prodds,10,i,Interpreted,2,query_45,explain,0.850,ok
prodds,10,i,Interpreted,2,query_45,prepare,2.164,ok
prodds,10,i,Interpreted,2,query_46,explain,0.930,ok
prodds,10,i,Interpreted,2,query_46,prepare,4.145,ok
prodds,10,i,Interpreted,2,query_47,explain,2.022,ok
prodds,10,i,Interpreted,2,query_47,prepare,4.341,ok
prodds,10,i,Interpreted,2,query_48,explain,2.245,ok
prodds,10,i,Interpreted,2,query_48,prepare,5.915,ok
prodds,10,i,Interpreted,2,query_49,explain,2.032,ok
prodds,10,i,Interpreted,2,query_49,prepare,3.476,ok
prodds,10,i,Interpreted,2,query_5,explain,0.978,ok
prodds,10,i,Interpreted,2,query_5,prepare,2.303,ok
prodds,10,i,Interpreted,2,query_50,explain,2.147,ok
prodds,10,i,Interpreted,2,query_50,prepare,3.997,ok
prodds,10,i,Interpreted,2,query_51,explain,2.090,ok
prodds,10,i,Interpreted,2,query_51,prepare,4.628,ok
prodds,10,i,Interpreted,2,query_52,explain,0.651,ok
prodds,10,i,Interpreted,2,query_52,prepare,1.616,ok
prodds,10,i,Interpreted,2,query_53,explain,1.938,ok
prodds,10,i,Interpreted,2,query_53,prepare,3.254,ok
prodds,10,i,Interpreted,2,query_54,explain,1.060,ok
prodds,10,i,Interpreted,2,query_54,prepare,2.483,ok
prodds,10,i,Interpreted,2,query_55,explain,0.523,ok
prodds,10,i,Interpreted,2,query_55,prepare,1.751,ok
prodds,10,i,Interpreted,2,query_56,explain,1.123,ok
prodds,10,i,Interpreted,2,query_56,prepare,3.135,ok
prodds,10,i,Interpreted,2,query_57,explain,1.449,ok
prodds,10,i,Interpreted,2,query_57,prepare,2.842,ok
prodds,10,i,Interpreted,2,query_58,explain,1.508,ok
prodds,10,i,Interpreted,2,query_58,prepare,2.906,ok
prodds,10,i,Interpreted,2,query_59,explain,0.929,ok
prodds,10,i,Interpreted,2,query_59,prepare,2.468,ok
prodds,10,i,Interpreted,2,query_6,explain,3.168,ok
prodds,10,i,Interpreted,2,query_6,prepare,7.244,ok
prodds,10,i,Interpreted,2,query_60,explain,1.361,ok
prodds,10,i,Interpreted,2,query_60,prepare,3.053,ok
prodds,10,i,Interpreted,2,query_61,explain,0.717,ok
prodds,10,i,Interpreted,2,query_61,prepare,2.019,ok
prodds,10,i,Interpreted,2,query_62,explain,1.504,ok
prodds,10,i,Interpreted,2,query_62,prepare,3.346,ok
prodds,10,i,Interpreted,2,query_63,explain,1.929,ok
prodds,10,i,Interpreted,2,query_63,prepare,4.071,ok
prodds,10,i,Interpreted,2,query_64,explain,0.861,ok
prodds,10,i,Interpreted,2,query_64,prepare,1.813,ok
prodds,10,i,Interpreted,2,query_65,explain,0.835,ok
prodds,10,i,Interpreted,2,query_65,prepare,1.871,ok
prodds,10,i,Interpreted,2,query_66,explain,5.198,ok
prodds,10,i,Interpreted,2,query_66,prepare,7.663,ok
prodds,10,i,Interpreted,2,query_67,explain,0.862,ok
prodds,10,i,Interpreted,2,query_67,prepare,1.675,ok
prodds,10,i,Interpreted,2,query_68,explain,2.976,ok
prodds,10,i,Interpreted,2,query_68,prepare,4.659,ok
prodds,10,i,Interpreted,2,query_69,explain,4.451,ok
prodds,10,i,Interpreted,2,query_69,prepare,8.739,ok
prodds,10,i,Interpreted,2,query_7,explain,1.069,ok
prodds,10,i,Interpreted,2,query_7,prepare,1.760,ok
prodds,10,i,Interpreted,2,query_70,explain,1.732,ok
prodds,10,i,Interpreted,2,query_70,prepare,4.774,ok
prodds,10,i,Interpreted,2,query_71,explain,1.218,ok
prodds,10,i,Interpreted,2,query_71,prepare,2.931,ok
prodds,10,i,Interpreted,2,query_73,explain,1.495,ok
prodds,10,i,Interpreted,2,query_73,prepare,2.838,ok
prodds,10,i,Interpreted,2,query_74,explain,2.246,ok
prodds,10,i,Interpreted,2,query_74,prepare,2.990,ok
prodds,10,i,Interpreted,2,query_75,explain,1.686,ok
prodds,10,i,Interpreted,2,query_75,prepare,3.260,ok
prodds,10,i,Interpreted,2,query_76,explain,1.103,ok
prodds,10,i,Interpreted,2,query_76,prepare,3.118,ok
prodds,10,i,Interpreted,2,query_77,explain,1.035,ok
prodds,10,i,Interpreted,2,query_77,prepare,2.441,ok
prodds,10,i,Interpreted,2,query_79,explain,1.362,ok
prodds,10,i,Interpreted,2,query_79,prepare,2.832,ok
prodds,10,i,Interpreted,2,query_8,explain,1.316,ok
prodds,10,i,Interpreted,2,query_8,prepare,2.930,ok
prodds,10,i,Interpreted,2,query_80,explain,0.897,ok
prodds,10,i,Interpreted,2,query_80,prepare,1.736,ok
prodds,10,i,Interpreted,2,query_81,explain,1.980,ok
prodds,10,i,Interpreted,2,query_81,prepare,3.737,ok
prodds,10,i,Interpreted,2,query_82,explain,0.633,ok
prodds,10,i,Interpreted,2,query_82,prepare,1.380,ok
prodds,10,i,Interpreted,2,query_83,explain,2.460,ok
prodds,10,i,Interpreted,2,query_83,prepare,4.578,ok
prodds,10,i,Interpreted,2,query_84,explain,1.359,ok
prodds,10,i,Interpreted,2,query_84,prepare,3.262,ok
prodds,10,i,Interpreted,2,query_85,explain,1.297,ok
prodds,10,i,Interpreted,2,query_85,prepare,2.826,ok
prodds,10,i,Interpreted,2,query_86,explain,1.052,ok
prodds,10,i,Interpreted,2,query_86,prepare,2.371,ok
prodds,10,i,Interpreted,2,query_87,explain,3.450,ok
prodds,10,i,Interpreted,2,query_87,prepare,5.468,ok
prodds,10,i,Interpreted,2,query_88,explain,1.320,ok
prodds,10,i,Interpreted,2,query_88,prepare,3.535,ok
prodds,10,i,Interpreted,2,query_89,explain,1.247,ok
prodds,10,i,Interpreted,2,query_89,prepare,2.717,ok
prodds,10,i,Interpreted,2,query_9,explain,2.041,ok
prodds,10,i,Interpreted,2,query_9,prepare,4.397,ok
prodds,10,i,Interpreted,2,query_91,explain,2.964,ok
prodds,10,i,Interpreted,2,query_91,prepare,3.876,ok
prodds,10,i,Interpreted,2,query_92,explain,2.006,ok
prodds,10,i,Interpreted,2,query_92,prepare,4.171,ok
prodds,10,i,Interpreted,2,query_93,explain,2.796,ok
prodds,10,i,Interpreted,2,query_93,prepare,7.060,ok
prodds,10,i,Interpreted,2,query_94,explain,1.272,ok
prodds,10,i,Interpreted,2,query_94,prepare,2.339,ok
prodds,10,i,Interpreted,2,query_95,explain,2.288,ok
prodds,10,i,Interpreted,2,query_95,prepare,4.765,ok
prodds,10,i,Interpreted,2,query_97,explain,2.191,ok
prodds,10,i,Interpreted,2,query_97,prepare,3.474,ok
prodds,10,i,Interpreted,2,query_98,explain,2.129,ok
prodds,10,i,Interpreted,2,query_98,prepare,5.610,ok
prodds,10,i,Interpreted,2,query_99,explain,1.173,ok
prodds,10,i,Interpreted,2,query_99,prepare,2.805,ok
prodds,10,i,Interpreted,2,query_join_J100,explain,19.040,ok
prodds,10,i,Interpreted,2,query_join_J100,prepare,32.919,ok
prodds,10,i,Interpreted,2,query_join_J200,explain,38.832,ok
prodds,10,i,Interpreted,2,query_join_J200,prepare,66.144,ok
prodds,10,i,Interpreted,2,query_join_J50,explain,12.208,ok
prodds,10,i,Interpreted,2,query_join_J50,prepare,19.623,ok
prodds,10,i,Interpreted,2,query_union_U10,explain,1.230,ok
prodds,10,i,Interpreted,2,query_union_U10,prepare,1.735,ok
prodds,10,i,Interpreted,2,query_union_U2,explain,0.688,ok
prodds,10,i,Interpreted,2,query_union_U2,prepare,1.032,ok
prodds,10,i,Interpreted,2,query_union_U20,explain,1.436,ok
prodds,10,i,Interpreted,2,query_union_U20,prepare,2.586,ok
prodds,10,i,Interpreted,2,query_union_U200,explain,12.910,ok
prodds,10,i,Interpreted,2,query_union_U200,prepare,18.450,ok
prodds,10,i,Interpreted,2,query_union_U5,explain,0.989,ok
prodds,10,i,Interpreted,2,query_union_U5,prepare,1.435,ok
prodds,10,i,Interpreted,3,__floor__,floor,0.143,ok
prodds,10,i,Interpreted,3,query_1,explain,0.919,ok
prodds,10,i,Interpreted,3,query_1,prepare,1.449,ok
prodds,10,i,Interpreted,3,query_10,explain,2.189,ok
prodds,10,i,Interpreted,3,query_10,prepare,5.422,ok
prodds,10,i,Interpreted,3,query_11,explain,0.905,ok
prodds,10,i,Interpreted,3,query_11,prepare,2.197,ok
prodds,10,i,Interpreted,3,query_12,explain,1.468,ok
prodds,10,i,Interpreted,3,query_12,prepare,4.862,ok
prodds,10,i,Interpreted,3,query_13,explain,2.588,ok
prodds,10,i,Interpreted,3,query_13,prepare,5.658,ok
prodds,10,i,Interpreted,3,query_14,explain,1.438,ok
prodds,10,i,Interpreted,3,query_14,prepare,2.826,ok
prodds,10,i,Interpreted,3,query_15,explain,1.550,ok
prodds,10,i,Interpreted,3,query_15,prepare,2.878,ok
prodds,10,i,Interpreted,3,query_17,explain,1.951,ok
prodds,10,i,Interpreted,3,query_17,prepare,3.755,ok
prodds,10,i,Interpreted,3,query_18,explain,2.379,ok
prodds,10,i,Interpreted,3,query_18,prepare,4.909,ok
prodds,10,i,Interpreted,3,query_2,explain,1.740,ok
prodds,10,i,Interpreted,3,query_2,prepare,3.881,ok
prodds,10,i,Interpreted,3,query_20,explain,8.409,ok
prodds,10,i,Interpreted,3,query_20,prepare,9.242,ok
prodds,10,i,Interpreted,3,query_21,explain,0.890,ok
prodds,10,i,Interpreted,3,query_21,prepare,2.117,ok
prodds,10,i,Interpreted,3,query_22,explain,1.931,ok
prodds,10,i,Interpreted,3,query_22,prepare,3.704,ok
prodds,10,i,Interpreted,3,query_23,explain,2.027,ok
prodds,10,i,Interpreted,3,query_23,prepare,3.929,ok
prodds,10,i,Interpreted,3,query_24,explain,1.150,ok
prodds,10,i,Interpreted,3,query_24,prepare,2.170,ok
prodds,10,i,Interpreted,3,query_25,explain,1.292,ok
prodds,10,i,Interpreted,3,query_25,prepare,2.103,ok
prodds,10,i,Interpreted,3,query_26,explain,2.255,ok
prodds,10,i,Interpreted,3,query_26,prepare,4.656,ok
prodds,10,i,Interpreted,3,query_27,explain,1.088,ok
prodds,10,i,Interpreted,3,query_27,prepare,2.213,ok
prodds,10,i,Interpreted,3,query_28,explain,1.475,ok
prodds,10,i,Interpreted,3,query_28,prepare,3.059,ok
prodds,10,i,Interpreted,3,query_3,explain,2.842,ok
prodds,10,i,Interpreted,3,query_3,prepare,6.066,ok
prodds,10,i,Interpreted,3,query_30,explain,1.921,ok
prodds,10,i,Interpreted,3,query_30,prepare,4.100,ok
prodds,10,i,Interpreted,3,query_31,explain,0.992,ok
prodds,10,i,Interpreted,3,query_31,prepare,2.291,ok
prodds,10,i,Interpreted,3,query_32,explain,0.809,ok
prodds,10,i,Interpreted,3,query_32,prepare,2.100,ok
prodds,10,i,Interpreted,3,query_33,explain,2.593,ok
prodds,10,i,Interpreted,3,query_33,prepare,4.177,ok
prodds,10,i,Interpreted,3,query_35,explain,0.771,ok
prodds,10,i,Interpreted,3,query_35,prepare,2.342,ok
prodds,10,i,Interpreted,3,query_36,explain,2.400,ok
prodds,10,i,Interpreted,3,query_36,prepare,4.538,ok
prodds,10,i,Interpreted,3,query_37,explain,1.154,ok
prodds,10,i,Interpreted,3,query_37,prepare,2.801,ok
prodds,10,i,Interpreted,3,query_39,explain,2.236,ok
prodds,10,i,Interpreted,3,query_39,prepare,4.702,ok
prodds,10,i,Interpreted,3,query_4,explain,1.402,ok
prodds,10,i,Interpreted,3,query_4,prepare,2.746,ok
prodds,10,i,Interpreted,3,query_40,explain,1.290,ok
prodds,10,i,Interpreted,3,query_40,prepare,2.001,ok
prodds,10,i,Interpreted,3,query_41,explain,2.711,ok
prodds,10,i,Interpreted,3,query_41,prepare,4.994,ok
prodds,10,i,Interpreted,3,query_42,explain,1.722,ok
prodds,10,i,Interpreted,3,query_42,prepare,4.228,ok
prodds,10,i,Interpreted,3,query_43,explain,2.149,ok
prodds,10,i,Interpreted,3,query_43,prepare,3.295,ok
prodds,10,i,Interpreted,3,query_44,explain,1.120,ok
prodds,10,i,Interpreted,3,query_44,prepare,1.774,ok
prodds,10,i,Interpreted,3,query_45,explain,0.839,ok
prodds,10,i,Interpreted,3,query_45,prepare,1.885,ok
prodds,10,i,Interpreted,3,query_46,explain,0.900,ok
prodds,10,i,Interpreted,3,query_46,prepare,3.503,ok
prodds,10,i,Interpreted,3,query_47,explain,1.994,ok
prodds,10,i,Interpreted,3,query_47,prepare,3.995,ok
prodds,10,i,Interpreted,3,query_48,explain,2.160,ok
prodds,10,i,Interpreted,3,query_48,prepare,5.006,ok
prodds,10,i,Interpreted,3,query_49,explain,1.998,ok
prodds,10,i,Interpreted,3,query_49,prepare,3.168,ok
prodds,10,i,Interpreted,3,query_5,explain,0.937,ok
prodds,10,i,Interpreted,3,query_5,prepare,1.960,ok
prodds,10,i,Interpreted,3,query_50,explain,1.982,ok
prodds,10,i,Interpreted,3,query_50,prepare,3.594,ok
prodds,10,i,Interpreted,3,query_51,explain,1.944,ok
prodds,10,i,Interpreted,3,query_51,prepare,4.083,ok
prodds,10,i,Interpreted,3,query_52,explain,0.627,ok
prodds,10,i,Interpreted,3,query_52,prepare,1.351,ok
prodds,10,i,Interpreted,3,query_53,explain,1.797,ok
prodds,10,i,Interpreted,3,query_53,prepare,2.890,ok
prodds,10,i,Interpreted,3,query_54,explain,1.011,ok
prodds,10,i,Interpreted,3,query_54,prepare,2.154,ok
prodds,10,i,Interpreted,3,query_55,explain,0.480,ok
prodds,10,i,Interpreted,3,query_55,prepare,1.531,ok
prodds,10,i,Interpreted,3,query_56,explain,1.050,ok
prodds,10,i,Interpreted,3,query_56,prepare,2.789,ok
prodds,10,i,Interpreted,3,query_57,explain,1.374,ok
prodds,10,i,Interpreted,3,query_57,prepare,2.486,ok
prodds,10,i,Interpreted,3,query_58,explain,1.411,ok
prodds,10,i,Interpreted,3,query_58,prepare,2.518,ok
prodds,10,i,Interpreted,3,query_59,explain,0.881,ok
prodds,10,i,Interpreted,3,query_59,prepare,2.135,ok
prodds,10,i,Interpreted,3,query_6,explain,2.914,ok
prodds,10,i,Interpreted,3,query_6,prepare,6.281,ok
prodds,10,i,Interpreted,3,query_60,explain,1.313,ok
prodds,10,i,Interpreted,3,query_60,prepare,2.829,ok
prodds,10,i,Interpreted,3,query_61,explain,0.690,ok
prodds,10,i,Interpreted,3,query_61,prepare,1.758,ok
prodds,10,i,Interpreted,3,query_62,explain,1.414,ok
prodds,10,i,Interpreted,3,query_62,prepare,2.905,ok
prodds,10,i,Interpreted,3,query_63,explain,1.875,ok
prodds,10,i,Interpreted,3,query_63,prepare,3.580,ok
prodds,10,i,Interpreted,3,query_64,explain,0.855,ok
prodds,10,i,Interpreted,3,query_64,prepare,1.666,ok
prodds,10,i,Interpreted,3,query_65,explain,0.797,ok
prodds,10,i,Interpreted,3,query_65,prepare,1.624,ok
prodds,10,i,Interpreted,3,query_66,explain,4.811,ok
prodds,10,i,Interpreted,3,query_66,prepare,7.031,ok
prodds,10,i,Interpreted,3,query_67,explain,0.849,ok
prodds,10,i,Interpreted,3,query_67,prepare,1.559,ok
prodds,10,i,Interpreted,3,query_68,explain,2.846,ok
prodds,10,i,Interpreted,3,query_68,prepare,12.025,ok
prodds,10,i,Interpreted,3,query_69,explain,5.091,ok
prodds,10,i,Interpreted,3,query_69,prepare,8.308,ok
prodds,10,i,Interpreted,3,query_7,explain,1.126,ok
prodds,10,i,Interpreted,3,query_7,prepare,1.770,ok
prodds,10,i,Interpreted,3,query_70,explain,1.751,ok
prodds,10,i,Interpreted,3,query_70,prepare,4.535,ok
prodds,10,i,Interpreted,3,query_71,explain,1.295,ok
prodds,10,i,Interpreted,3,query_71,prepare,2.824,ok
prodds,10,i,Interpreted,3,query_73,explain,1.644,ok
prodds,10,i,Interpreted,3,query_73,prepare,2.711,ok
prodds,10,i,Interpreted,3,query_74,explain,2.587,ok
prodds,10,i,Interpreted,3,query_74,prepare,2.884,ok
prodds,10,i,Interpreted,3,query_75,explain,1.781,ok
prodds,10,i,Interpreted,3,query_75,prepare,3.074,ok
prodds,10,i,Interpreted,3,query_76,explain,1.146,ok
prodds,10,i,Interpreted,3,query_76,prepare,2.973,ok
prodds,10,i,Interpreted,3,query_77,explain,1.045,ok
prodds,10,i,Interpreted,3,query_77,prepare,2.293,ok
prodds,10,i,Interpreted,3,query_79,explain,1.317,ok
prodds,10,i,Interpreted,3,query_79,prepare,2.646,ok
prodds,10,i,Interpreted,3,query_8,explain,1.344,ok
prodds,10,i,Interpreted,3,query_8,prepare,2.773,ok
prodds,10,i,Interpreted,3,query_80,explain,0.990,ok
prodds,10,i,Interpreted,3,query_80,prepare,1.638,ok
prodds,10,i,Interpreted,3,query_81,explain,1.960,ok
prodds,10,i,Interpreted,3,query_81,prepare,3.548,ok
prodds,10,i,Interpreted,3,query_82,explain,0.609,ok
prodds,10,i,Interpreted,3,query_82,prepare,1.287,ok
prodds,10,i,Interpreted,3,query_83,explain,2.364,ok
prodds,10,i,Interpreted,3,query_83,prepare,4.365,ok
prodds,10,i,Interpreted,3,query_84,explain,1.379,ok
prodds,10,i,Interpreted,3,query_84,prepare,3.100,ok
prodds,10,i,Interpreted,3,query_85,explain,1.384,ok
prodds,10,i,Interpreted,3,query_85,prepare,2.770,ok
prodds,10,i,Interpreted,3,query_86,explain,1.182,ok
prodds,10,i,Interpreted,3,query_86,prepare,2.186,ok
prodds,10,i,Interpreted,3,query_87,explain,3.475,ok
prodds,10,i,Interpreted,3,query_87,prepare,5.272,ok
prodds,10,i,Interpreted,3,query_88,explain,1.425,ok
prodds,10,i,Interpreted,3,query_88,prepare,3.281,ok
prodds,10,i,Interpreted,3,query_89,explain,1.231,ok
prodds,10,i,Interpreted,3,query_89,prepare,2.649,ok
prodds,10,i,Interpreted,3,query_9,explain,2.000,ok
prodds,10,i,Interpreted,3,query_9,prepare,4.106,ok
prodds,10,i,Interpreted,3,query_91,explain,2.919,ok
prodds,10,i,Interpreted,3,query_91,prepare,3.765,ok
prodds,10,i,Interpreted,3,query_92,explain,1.999,ok
prodds,10,i,Interpreted,3,query_92,prepare,4.003,ok
prodds,10,i,Interpreted,3,query_93,explain,2.806,ok
prodds,10,i,Interpreted,3,query_93,prepare,6.608,ok
prodds,10,i,Interpreted,3,query_94,explain,1.331,ok
prodds,10,i,Interpreted,3,query_94,prepare,2.307,ok
prodds,10,i,Interpreted,3,query_95,explain,2.262,ok
prodds,10,i,Interpreted,3,query_95,prepare,4.621,ok
prodds,10,i,Interpreted,3,query_97,explain,2.203,ok
prodds,10,i,Interpreted,3,query_97,prepare,3.303,ok
prodds,10,i,Interpreted,3,query_98,explain,2.177,ok
prodds,10,i,Interpreted,3,query_98,prepare,5.304,ok
prodds,10,i,Interpreted,3,query_99,explain,1.194,ok
prodds,10,i,Interpreted,3,query_99,prepare,2.731,ok
prodds,10,i,Interpreted,3,query_join_J100,explain,18.345,ok
prodds,10,i,Interpreted,3,query_join_J100,prepare,31.715,ok
prodds,10,i,Interpreted,3,query_join_J200,explain,37.922,ok
prodds,10,i,Interpreted,3,query_join_J200,prepare,64.482,ok
prodds,10,i,Interpreted,3,query_join_J50,explain,12.054,ok
prodds,10,i,Interpreted,3,query_join_J50,prepare,19.707,ok
prodds,10,i,Interpreted,3,query_union_U10,explain,1.423,ok
prodds,10,i,Interpreted,3,query_union_U10,prepare,1.740,ok
prodds,10,i,Interpreted,3,query_union_U2,explain,0.698,ok
prodds,10,i,Interpreted,3,query_union_U2,prepare,1.044,ok
prodds,10,i,Interpreted,3,query_union_U20,explain,1.419,ok
prodds,10,i,Interpreted,3,query_union_U20,prepare,2.661,ok
prodds,10,i,Interpreted,3,query_union_U200,explain,12.610,ok
prodds,10,i,Interpreted,3,query_union_U200,prepare,18.855,ok
prodds,10,i,Interpreted,3,query_union_U5,explain,0.998,ok
prodds,10,i,Interpreted,3,query_union_U5,prepare,1.457,ok
prodds,10,i,Interpreted,4,__floor__,floor,0.162,ok
prodds,10,i,Interpreted,4,query_1,explain,1.115,ok
prodds,10,i,Interpreted,4,query_1,prepare,1.702,ok
prodds,10,i,Interpreted,4,query_10,explain,3.979,ok
prodds,10,i,Interpreted,4,query_10,prepare,9.187,ok
prodds,10,i,Interpreted,4,query_11,explain,1.204,ok
prodds,10,i,Interpreted,4,query_11,prepare,3.072,ok
prodds,10,i,Interpreted,4,query_12,explain,1.815,ok
prodds,10,i,Interpreted,4,query_12,prepare,5.145,ok
prodds,10,i,Interpreted,4,query_13,explain,3.353,ok
prodds,10,i,Interpreted,4,query_13,prepare,5.958,ok
prodds,10,i,Interpreted,4,query_14,explain,1.479,ok
prodds,10,i,Interpreted,4,query_14,prepare,3.496,ok
prodds,10,i,Interpreted,4,query_15,explain,1.877,ok
prodds,10,i,Interpreted,4,query_15,prepare,4.348,ok
prodds,10,i,Interpreted,4,query_17,explain,2.257,ok
prodds,10,i,Interpreted,4,query_17,prepare,4.054,ok
prodds,10,i,Interpreted,4,query_18,explain,2.471,ok
prodds,10,i,Interpreted,4,query_18,prepare,5.319,ok
prodds,10,i,Interpreted,4,query_2,explain,1.772,ok
prodds,10,i,Interpreted,4,query_2,prepare,4.228,ok
prodds,10,i,Interpreted,4,query_20,explain,9.206,ok
prodds,10,i,Interpreted,4,query_20,prepare,9.590,ok
prodds,10,i,Interpreted,4,query_21,explain,0.913,ok
prodds,10,i,Interpreted,4,query_21,prepare,2.311,ok
prodds,10,i,Interpreted,4,query_22,explain,1.968,ok
prodds,10,i,Interpreted,4,query_22,prepare,4.090,ok
prodds,10,i,Interpreted,4,query_23,explain,2.055,ok
prodds,10,i,Interpreted,4,query_23,prepare,4.271,ok
prodds,10,i,Interpreted,4,query_24,explain,1.208,ok
prodds,10,i,Interpreted,4,query_24,prepare,2.345,ok
prodds,10,i,Interpreted,4,query_25,explain,1.380,ok
prodds,10,i,Interpreted,4,query_25,prepare,2.285,ok
prodds,10,i,Interpreted,4,query_26,explain,2.419,ok
prodds,10,i,Interpreted,4,query_26,prepare,5.034,ok
prodds,10,i,Interpreted,4,query_27,explain,1.129,ok
prodds,10,i,Interpreted,4,query_27,prepare,2.364,ok
prodds,10,i,Interpreted,4,query_28,explain,1.559,ok
prodds,10,i,Interpreted,4,query_28,prepare,3.435,ok
prodds,10,i,Interpreted,4,query_3,explain,2.943,ok
prodds,10,i,Interpreted,4,query_3,prepare,6.594,ok
prodds,10,i,Interpreted,4,query_30,explain,1.957,ok
prodds,10,i,Interpreted,4,query_30,prepare,4.343,ok
prodds,10,i,Interpreted,4,query_31,explain,1.048,ok
prodds,10,i,Interpreted,4,query_31,prepare,2.495,ok
prodds,10,i,Interpreted,4,query_32,explain,0.861,ok
prodds,10,i,Interpreted,4,query_32,prepare,2.282,ok
prodds,10,i,Interpreted,4,query_33,explain,2.796,ok
prodds,10,i,Interpreted,4,query_33,prepare,4.450,ok
prodds,10,i,Interpreted,4,query_35,explain,0.769,ok
prodds,10,i,Interpreted,4,query_35,prepare,2.694,ok
prodds,10,i,Interpreted,4,query_36,explain,2.444,ok
prodds,10,i,Interpreted,4,query_36,prepare,4.928,ok
prodds,10,i,Interpreted,4,query_37,explain,1.201,ok
prodds,10,i,Interpreted,4,query_37,prepare,2.979,ok
prodds,10,i,Interpreted,4,query_39,explain,2.268,ok
prodds,10,i,Interpreted,4,query_39,prepare,5.222,ok
prodds,10,i,Interpreted,4,query_4,explain,1.485,ok
prodds,10,i,Interpreted,4,query_4,prepare,2.763,ok
prodds,10,i,Interpreted,4,query_40,explain,1.344,ok
prodds,10,i,Interpreted,4,query_40,prepare,2.160,ok
prodds,10,i,Interpreted,4,query_41,explain,2.879,ok
prodds,10,i,Interpreted,4,query_41,prepare,5.559,ok
prodds,10,i,Interpreted,4,query_42,explain,1.726,ok
prodds,10,i,Interpreted,4,query_42,prepare,4.566,ok
prodds,10,i,Interpreted,4,query_43,explain,2.155,ok
prodds,10,i,Interpreted,4,query_43,prepare,3.466,ok
prodds,10,i,Interpreted,4,query_44,explain,1.065,ok
prodds,10,i,Interpreted,4,query_44,prepare,1.839,ok
prodds,10,i,Interpreted,4,query_45,explain,0.854,ok
prodds,10,i,Interpreted,4,query_45,prepare,2.032,ok
prodds,10,i,Interpreted,4,query_46,explain,0.930,ok
prodds,10,i,Interpreted,4,query_46,prepare,3.910,ok
prodds,10,i,Interpreted,4,query_47,explain,2.024,ok
prodds,10,i,Interpreted,4,query_47,prepare,4.169,ok
prodds,10,i,Interpreted,4,query_48,explain,2.304,ok
prodds,10,i,Interpreted,4,query_48,prepare,5.438,ok
prodds,10,i,Interpreted,4,query_49,explain,2.076,ok
prodds,10,i,Interpreted,4,query_49,prepare,3.400,ok
prodds,10,i,Interpreted,4,query_5,explain,0.968,ok
prodds,10,i,Interpreted,4,query_5,prepare,2.218,ok
prodds,10,i,Interpreted,4,query_50,explain,2.064,ok
prodds,10,i,Interpreted,4,query_50,prepare,3.861,ok
prodds,10,i,Interpreted,4,query_51,explain,2.054,ok
prodds,10,i,Interpreted,4,query_51,prepare,4.510,ok
prodds,10,i,Interpreted,4,query_52,explain,0.689,ok
prodds,10,i,Interpreted,4,query_52,prepare,1.456,ok
prodds,10,i,Interpreted,4,query_53,explain,1.878,ok
prodds,10,i,Interpreted,4,query_53,prepare,3.156,ok
prodds,10,i,Interpreted,4,query_54,explain,1.054,ok
prodds,10,i,Interpreted,4,query_54,prepare,2.313,ok
prodds,10,i,Interpreted,4,query_55,explain,0.528,ok
prodds,10,i,Interpreted,4,query_55,prepare,1.679,ok
prodds,10,i,Interpreted,4,query_56,explain,1.097,ok
prodds,10,i,Interpreted,4,query_56,prepare,3.082,ok
prodds,10,i,Interpreted,4,query_57,explain,1.423,ok
prodds,10,i,Interpreted,4,query_57,prepare,2.678,ok
prodds,10,i,Interpreted,4,query_58,explain,1.497,ok
prodds,10,i,Interpreted,4,query_58,prepare,2.800,ok
prodds,10,i,Interpreted,4,query_59,explain,0.902,ok
prodds,10,i,Interpreted,4,query_59,prepare,2.331,ok
prodds,10,i,Interpreted,4,query_6,explain,3.116,ok
prodds,10,i,Interpreted,4,query_6,prepare,6.847,ok
prodds,10,i,Interpreted,4,query_60,explain,1.382,ok
prodds,10,i,Interpreted,4,query_60,prepare,2.971,ok
prodds,10,i,Interpreted,4,query_61,explain,0.707,ok
prodds,10,i,Interpreted,4,query_61,prepare,1.940,ok
prodds,10,i,Interpreted,4,query_62,explain,1.504,ok
prodds,10,i,Interpreted,4,query_62,prepare,3.168,ok
prodds,10,i,Interpreted,4,query_63,explain,1.899,ok
prodds,10,i,Interpreted,4,query_63,prepare,3.856,ok
prodds,10,i,Interpreted,4,query_64,explain,0.838,ok
prodds,10,i,Interpreted,4,query_64,prepare,1.741,ok
prodds,10,i,Interpreted,4,query_65,explain,0.950,ok
prodds,10,i,Interpreted,4,query_65,prepare,1.797,ok
prodds,10,i,Interpreted,4,query_66,explain,4.900,ok
prodds,10,i,Interpreted,4,query_66,prepare,7.371,ok
prodds,10,i,Interpreted,4,query_67,explain,0.863,ok
prodds,10,i,Interpreted,4,query_67,prepare,1.640,ok
prodds,10,i,Interpreted,4,query_68,explain,2.973,ok
prodds,10,i,Interpreted,4,query_68,prepare,4.521,ok
prodds,10,i,Interpreted,4,query_69,explain,4.258,ok
prodds,10,i,Interpreted,4,query_69,prepare,8.344,ok
prodds,10,i,Interpreted,4,query_7,explain,1.065,ok
prodds,10,i,Interpreted,4,query_7,prepare,1.756,ok
prodds,10,i,Interpreted,4,query_70,explain,1.696,ok
prodds,10,i,Interpreted,4,query_70,prepare,4.501,ok
prodds,10,i,Interpreted,4,query_71,explain,1.223,ok
prodds,10,i,Interpreted,4,query_71,prepare,2.944,ok
prodds,10,i,Interpreted,4,query_73,explain,1.491,ok
prodds,10,i,Interpreted,4,query_73,prepare,2.705,ok
prodds,10,i,Interpreted,4,query_74,explain,2.253,ok
prodds,10,i,Interpreted,4,query_74,prepare,2.939,ok
prodds,10,i,Interpreted,4,query_75,explain,1.640,ok
prodds,10,i,Interpreted,4,query_75,prepare,3.120,ok
prodds,10,i,Interpreted,4,query_76,explain,1.108,ok
prodds,10,i,Interpreted,4,query_76,prepare,2.990,ok
prodds,10,i,Interpreted,4,query_77,explain,1.031,ok
prodds,10,i,Interpreted,4,query_77,prepare,2.340,ok
prodds,10,i,Interpreted,4,query_79,explain,1.338,ok
prodds,10,i,Interpreted,4,query_79,prepare,2.679,ok
prodds,10,i,Interpreted,4,query_8,explain,1.360,ok
prodds,10,i,Interpreted,4,query_8,prepare,2.788,ok
prodds,10,i,Interpreted,4,query_80,explain,0.892,ok
prodds,10,i,Interpreted,4,query_80,prepare,1.636,ok
prodds,10,i,Interpreted,4,query_81,explain,1.914,ok
prodds,10,i,Interpreted,4,query_81,prepare,3.588,ok
prodds,10,i,Interpreted,4,query_82,explain,0.613,ok
prodds,10,i,Interpreted,4,query_82,prepare,1.315,ok
prodds,10,i,Interpreted,4,query_83,explain,2.268,ok
prodds,10,i,Interpreted,4,query_83,prepare,4.391,ok
prodds,10,i,Interpreted,4,query_84,explain,1.360,ok
prodds,10,i,Interpreted,4,query_84,prepare,3.060,ok
prodds,10,i,Interpreted,4,query_85,explain,1.300,ok
prodds,10,i,Interpreted,4,query_85,prepare,2.774,ok
prodds,10,i,Interpreted,4,query_86,explain,1.038,ok
prodds,10,i,Interpreted,4,query_86,prepare,2.242,ok
prodds,10,i,Interpreted,4,query_87,explain,3.405,ok
prodds,10,i,Interpreted,4,query_87,prepare,5.477,ok
prodds,10,i,Interpreted,4,query_88,explain,1.310,ok
prodds,10,i,Interpreted,4,query_88,prepare,3.320,ok
prodds,10,i,Interpreted,4,query_89,explain,1.226,ok
prodds,10,i,Interpreted,4,query_89,prepare,2.684,ok
prodds,10,i,Interpreted,4,query_9,explain,1.982,ok
prodds,10,i,Interpreted,4,query_9,prepare,4.136,ok
prodds,10,i,Interpreted,4,query_91,explain,2.938,ok
prodds,10,i,Interpreted,4,query_91,prepare,3.839,ok
prodds,10,i,Interpreted,4,query_92,explain,1.999,ok
prodds,10,i,Interpreted,4,query_92,prepare,3.984,ok
prodds,10,i,Interpreted,4,query_93,explain,2.775,ok
prodds,10,i,Interpreted,4,query_93,prepare,6.770,ok
prodds,10,i,Interpreted,4,query_94,explain,1.287,ok
prodds,10,i,Interpreted,4,query_94,prepare,2.228,ok
prodds,10,i,Interpreted,4,query_95,explain,2.249,ok
prodds,10,i,Interpreted,4,query_95,prepare,4.695,ok
prodds,10,i,Interpreted,4,query_97,explain,2.126,ok
prodds,10,i,Interpreted,4,query_97,prepare,3.322,ok
prodds,10,i,Interpreted,4,query_98,explain,2.082,ok
prodds,10,i,Interpreted,4,query_98,prepare,5.431,ok
prodds,10,i,Interpreted,4,query_99,explain,1.184,ok
prodds,10,i,Interpreted,4,query_99,prepare,2.740,ok
prodds,10,i,Interpreted,4,query_join_J100,explain,18.183,ok
prodds,10,i,Interpreted,4,query_join_J100,prepare,31.863,ok
prodds,10,i,Interpreted,4,query_join_J200,explain,37.780,ok
prodds,10,i,Interpreted,4,query_join_J200,prepare,64.004,ok
prodds,10,i,Interpreted,4,query_join_J50,explain,12.036,ok
prodds,10,i,Interpreted,4,query_join_J50,prepare,19.692,ok
prodds,10,i,Interpreted,4,query_union_U10,explain,1.257,ok
prodds,10,i,Interpreted,4,query_union_U10,prepare,1.813,ok
prodds,10,i,Interpreted,4,query_union_U2,explain,0.684,ok
prodds,10,i,Interpreted,4,query_union_U2,prepare,1.035,ok
prodds,10,i,Interpreted,4,query_union_U20,explain,1.417,ok
prodds,10,i,Interpreted,4,query_union_U20,prepare,2.515,ok
prodds,10,i,Interpreted,4,query_union_U200,explain,11.661,ok
prodds,10,i,Interpreted,4,query_union_U200,prepare,18.286,ok
prodds,10,i,Interpreted,4,query_union_U5,explain,0.980,ok
prodds,10,i,Interpreted,4,query_union_U5,prepare,1.436,ok
prodds,10,i,Interpreted,5,__floor__,floor,0.137,ok
prodds,10,i,Interpreted,5,query_1,explain,0.753,ok
prodds,10,i,Interpreted,5,query_1,prepare,1.202,ok
prodds,10,i,Interpreted,5,query_10,explain,2.028,ok
prodds,10,i,Interpreted,5,query_10,prepare,4.296,ok
prodds,10,i,Interpreted,5,query_11,explain,0.685,ok
prodds,10,i,Interpreted,5,query_11,prepare,1.759,ok
prodds,10,i,Interpreted,5,query_12,explain,1.164,ok
prodds,10,i,Interpreted,5,query_12,prepare,2.902,ok
prodds,10,i,Interpreted,5,query_13,explain,1.620,ok
prodds,10,i,Interpreted,5,query_13,prepare,2.676,ok
prodds,10,i,Interpreted,5,query_14,explain,0.663,ok
prodds,10,i,Interpreted,5,query_14,prepare,1.455,ok
prodds,10,i,Interpreted,5,query_15,explain,0.809,ok
prodds,10,i,Interpreted,5,query_15,prepare,1.833,ok
prodds,10,i,Interpreted,5,query_17,explain,1.109,ok
prodds,10,i,Interpreted,5,query_17,prepare,2.199,ok
prodds,10,i,Interpreted,5,query_18,explain,1.370,ok
prodds,10,i,Interpreted,5,query_18,prepare,2.849,ok
prodds,10,i,Interpreted,5,query_2,explain,0.994,ok
prodds,10,i,Interpreted,5,query_2,prepare,2.296,ok
prodds,10,i,Interpreted,5,query_20,explain,6.395,ok
prodds,10,i,Interpreted,5,query_20,prepare,9.549,ok
prodds,10,i,Interpreted,5,query_21,explain,0.938,ok
prodds,10,i,Interpreted,5,query_21,prepare,2.190,ok
prodds,10,i,Interpreted,5,query_22,explain,1.965,ok
prodds,10,i,Interpreted,5,query_22,prepare,3.867,ok
prodds,10,i,Interpreted,5,query_23,explain,2.053,ok
prodds,10,i,Interpreted,5,query_23,prepare,3.992,ok
prodds,10,i,Interpreted,5,query_24,explain,1.177,ok
prodds,10,i,Interpreted,5,query_24,prepare,2.205,ok
prodds,10,i,Interpreted,5,query_25,explain,1.325,ok
prodds,10,i,Interpreted,5,query_25,prepare,2.155,ok
prodds,10,i,Interpreted,5,query_26,explain,2.305,ok
prodds,10,i,Interpreted,5,query_26,prepare,4.650,ok
prodds,10,i,Interpreted,5,query_27,explain,1.126,ok
prodds,10,i,Interpreted,5,query_27,prepare,2.273,ok
prodds,10,i,Interpreted,5,query_28,explain,1.543,ok
prodds,10,i,Interpreted,5,query_28,prepare,3.097,ok
prodds,10,i,Interpreted,5,query_3,explain,2.867,ok
prodds,10,i,Interpreted,5,query_3,prepare,6.165,ok
prodds,10,i,Interpreted,5,query_30,explain,1.963,ok
prodds,10,i,Interpreted,5,query_30,prepare,4.167,ok
prodds,10,i,Interpreted,5,query_31,explain,1.025,ok
prodds,10,i,Interpreted,5,query_31,prepare,2.438,ok
prodds,10,i,Interpreted,5,query_32,explain,0.856,ok
prodds,10,i,Interpreted,5,query_32,prepare,2.132,ok
prodds,10,i,Interpreted,5,query_33,explain,2.649,ok
prodds,10,i,Interpreted,5,query_33,prepare,4.159,ok
prodds,10,i,Interpreted,5,query_35,explain,0.778,ok
prodds,10,i,Interpreted,5,query_35,prepare,2.591,ok
prodds,10,i,Interpreted,5,query_36,explain,2.409,ok
prodds,10,i,Interpreted,5,query_36,prepare,4.602,ok
prodds,10,i,Interpreted,5,query_37,explain,1.157,ok
prodds,10,i,Interpreted,5,query_37,prepare,2.885,ok
prodds,10,i,Interpreted,5,query_39,explain,2.246,ok
prodds,10,i,Interpreted,5,query_39,prepare,4.762,ok
prodds,10,i,Interpreted,5,query_4,explain,1.422,ok
prodds,10,i,Interpreted,5,query_4,prepare,2.744,ok
prodds,10,i,Interpreted,5,query_40,explain,1.293,ok
prodds,10,i,Interpreted,5,query_40,prepare,2.019,ok
prodds,10,i,Interpreted,5,query_41,explain,2.747,ok
prodds,10,i,Interpreted,5,query_41,prepare,5.150,ok
prodds,10,i,Interpreted,5,query_42,explain,1.728,ok
prodds,10,i,Interpreted,5,query_42,prepare,4.247,ok
prodds,10,i,Interpreted,5,query_43,explain,2.151,ok
prodds,10,i,Interpreted,5,query_43,prepare,3.325,ok
prodds,10,i,Interpreted,5,query_44,explain,1.070,ok
prodds,10,i,Interpreted,5,query_44,prepare,1.753,ok
prodds,10,i,Interpreted,5,query_45,explain,0.836,ok
prodds,10,i,Interpreted,5,query_45,prepare,1.889,ok
prodds,10,i,Interpreted,5,query_46,explain,0.919,ok
prodds,10,i,Interpreted,5,query_46,prepare,3.366,ok
prodds,10,i,Interpreted,5,query_47,explain,2.025,ok
prodds,10,i,Interpreted,5,query_47,prepare,4.103,ok
prodds,10,i,Interpreted,5,query_48,explain,2.205,ok
prodds,10,i,Interpreted,5,query_48,prepare,5.251,ok
prodds,10,i,Interpreted,5,query_49,explain,2.030,ok
prodds,10,i,Interpreted,5,query_49,prepare,3.117,ok
prodds,10,i,Interpreted,5,query_5,explain,0.975,ok
prodds,10,i,Interpreted,5,query_5,prepare,2.003,ok
prodds,10,i,Interpreted,5,query_50,explain,2.107,ok
prodds,10,i,Interpreted,5,query_50,prepare,3.650,ok
prodds,10,i,Interpreted,5,query_51,explain,2.026,ok
prodds,10,i,Interpreted,5,query_51,prepare,4.160,ok
prodds,10,i,Interpreted,5,query_52,explain,0.679,ok
prodds,10,i,Interpreted,5,query_52,prepare,1.389,ok
prodds,10,i,Interpreted,5,query_53,explain,1.869,ok
prodds,10,i,Interpreted,5,query_53,prepare,2.994,ok
prodds,10,i,Interpreted,5,query_54,explain,1.046,ok
prodds,10,i,Interpreted,5,query_54,prepare,2.142,ok
prodds,10,i,Interpreted,5,query_55,explain,0.513,ok
prodds,10,i,Interpreted,5,query_55,prepare,1.587,ok
prodds,10,i,Interpreted,5,query_56,explain,1.078,ok
prodds,10,i,Interpreted,5,query_56,prepare,2.798,ok
prodds,10,i,Interpreted,5,query_57,explain,1.403,ok
prodds,10,i,Interpreted,5,query_57,prepare,2.627,ok
prodds,10,i,Interpreted,5,query_58,explain,1.437,ok
prodds,10,i,Interpreted,5,query_58,prepare,2.634,ok
prodds,10,i,Interpreted,5,query_59,explain,0.916,ok
prodds,10,i,Interpreted,5,query_59,prepare,2.185,ok
prodds,10,i,Interpreted,5,query_6,explain,2.976,ok
prodds,10,i,Interpreted,5,query_6,prepare,6.390,ok
prodds,10,i,Interpreted,5,query_60,explain,1.362,ok
prodds,10,i,Interpreted,5,query_60,prepare,2.782,ok
prodds,10,i,Interpreted,5,query_61,explain,0.703,ok
prodds,10,i,Interpreted,5,query_61,prepare,1.829,ok
prodds,10,i,Interpreted,5,query_62,explain,1.475,ok
prodds,10,i,Interpreted,5,query_62,prepare,2.924,ok
prodds,10,i,Interpreted,5,query_63,explain,1.916,ok
prodds,10,i,Interpreted,5,query_63,prepare,3.671,ok
prodds,10,i,Interpreted,5,query_64,explain,0.853,ok
prodds,10,i,Interpreted,5,query_64,prepare,1.657,ok
prodds,10,i,Interpreted,5,query_65,explain,0.843,ok
prodds,10,i,Interpreted,5,query_65,prepare,1.677,ok
prodds,10,i,Interpreted,5,query_66,explain,4.710,ok
prodds,10,i,Interpreted,5,query_66,prepare,7.052,ok
prodds,10,i,Interpreted,5,query_67,explain,0.870,ok
prodds,10,i,Interpreted,5,query_67,prepare,1.566,ok
prodds,10,i,Interpreted,5,query_68,explain,2.877,ok
prodds,10,i,Interpreted,5,query_68,prepare,4.278,ok
prodds,10,i,Interpreted,5,query_69,explain,4.084,ok
prodds,10,i,Interpreted,5,query_69,prepare,7.708,ok
prodds,10,i,Interpreted,5,query_7,explain,1.080,ok
prodds,10,i,Interpreted,5,query_7,prepare,1.722,ok
prodds,10,i,Interpreted,5,query_70,explain,1.669,ok
prodds,10,i,Interpreted,5,query_70,prepare,4.147,ok
prodds,10,i,Interpreted,5,query_71,explain,1.222,ok
prodds,10,i,Interpreted,5,query_71,prepare,2.694,ok
prodds,10,i,Interpreted,5,query_73,explain,1.480,ok
prodds,10,i,Interpreted,5,query_73,prepare,2.545,ok
prodds,10,i,Interpreted,5,query_74,explain,2.245,ok
prodds,10,i,Interpreted,5,query_74,prepare,2.789,ok
prodds,10,i,Interpreted,5,query_75,explain,1.620,ok
prodds,10,i,Interpreted,5,query_75,prepare,2.876,ok
prodds,10,i,Interpreted,5,query_76,explain,1.110,ok
prodds,10,i,Interpreted,5,query_76,prepare,2.767,ok
prodds,10,i,Interpreted,5,query_77,explain,1.035,ok
prodds,10,i,Interpreted,5,query_77,prepare,2.150,ok
prodds,10,i,Interpreted,5,query_79,explain,1.323,ok
prodds,10,i,Interpreted,5,query_79,prepare,2.509,ok
prodds,10,i,Interpreted,5,query_8,explain,1.324,ok
prodds,10,i,Interpreted,5,query_8,prepare,2.636,ok
prodds,10,i,Interpreted,5,query_80,explain,0.891,ok
prodds,10,i,Interpreted,5,query_80,prepare,1.603,ok
prodds,10,i,Interpreted,5,query_81,explain,1.839,ok
prodds,10,i,Interpreted,5,query_81,prepare,3.287,ok
prodds,10,i,Interpreted,5,query_82,explain,0.626,ok
prodds,10,i,Interpreted,5,query_82,prepare,1.245,ok
prodds,10,i,Interpreted,5,query_83,explain,2.273,ok
prodds,10,i,Interpreted,5,query_83,prepare,4.009,ok
prodds,10,i,Interpreted,5,query_84,explain,1.349,ok
prodds,10,i,Interpreted,5,query_84,prepare,2.851,ok
prodds,10,i,Interpreted,5,query_85,explain,1.308,ok
prodds,10,i,Interpreted,5,query_85,prepare,2.654,ok
prodds,10,i,Interpreted,5,query_86,explain,1.045,ok
prodds,10,i,Interpreted,5,query_86,prepare,2.134,ok
prodds,10,i,Interpreted,5,query_87,explain,3.398,ok
prodds,10,i,Interpreted,5,query_87,prepare,5.084,ok
prodds,10,i,Interpreted,5,query_88,explain,1.353,ok
prodds,10,i,Interpreted,5,query_88,prepare,3.047,ok
prodds,10,i,Interpreted,5,query_89,explain,1.236,ok
prodds,10,i,Interpreted,5,query_89,prepare,2.551,ok
prodds,10,i,Interpreted,5,query_9,explain,1.935,ok
prodds,10,i,Interpreted,5,query_9,prepare,3.823,ok
prodds,10,i,Interpreted,5,query_91,explain,2.956,ok
prodds,10,i,Interpreted,5,query_91,prepare,3.746,ok
prodds,10,i,Interpreted,5,query_92,explain,1.961,ok
prodds,10,i,Interpreted,5,query_92,prepare,3.754,ok
prodds,10,i,Interpreted,5,query_93,explain,2.767,ok
prodds,10,i,Interpreted,5,query_93,prepare,6.273,ok
prodds,10,i,Interpreted,5,query_94,explain,1.337,ok
prodds,10,i,Interpreted,5,query_94,prepare,2.216,ok
prodds,10,i,Interpreted,5,query_95,explain,2.272,ok
prodds,10,i,Interpreted,5,query_95,prepare,4.487,ok
prodds,10,i,Interpreted,5,query_97,explain,2.132,ok
prodds,10,i,Interpreted,5,query_97,prepare,3.205,ok
prodds,10,i,Interpreted,5,query_98,explain,1.992,ok
prodds,10,i,Interpreted,5,query_98,prepare,5.103,ok
prodds,10,i,Interpreted,5,query_99,explain,1.187,ok
prodds,10,i,Interpreted,5,query_99,prepare,2.615,ok
prodds,10,i,Interpreted,5,query_join_J100,explain,17.595,ok
prodds,10,i,Interpreted,5,query_join_J100,prepare,30.724,ok
prodds,10,i,Interpreted,5,query_join_J200,explain,36.649,ok
prodds,10,i,Interpreted,5,query_join_J200,prepare,61.655,ok
prodds,10,i,Interpreted,5,query_join_J50,explain,12.288,ok
prodds,10,i,Interpreted,5,query_join_J50,prepare,19.052,ok
prodds,10,i,Interpreted,5,query_union_U10,explain,1.278,ok
prodds,10,i,Interpreted,5,query_union_U10,prepare,1.757,ok
prodds,10,i,Interpreted,5,query_union_U2,explain,0.695,ok
prodds,10,i,Interpreted,5,query_union_U2,prepare,1.047,ok
prodds,10,i,Interpreted,5,query_union_U20,explain,1.425,ok
prodds,10,i,Interpreted,5,query_union_U20,prepare,2.367,ok
prodds,10,i,Interpreted,5,query_union_U200,explain,12.070,ok
prodds,10,i,Interpreted,5,query_union_U200,prepare,19.088,ok
prodds,10,i,Interpreted,5,query_union_U5,explain,0.996,ok
prodds,10,i,Interpreted,5,query_union_U5,prepare,1.434,ok
prodds,10,A,Auto (default),1,__floor__,floor,0.217,ok
prodds,10,A,Auto (default),1,query_1,explain,0.905,ok
prodds,10,A,Auto (default),1,query_1,prepare,1.343,ok
prodds,10,A,Auto (default),1,query_10,explain,2.041,ok
prodds,10,A,Auto (default),1,query_10,prepare,4.910,ok
prodds,10,A,Auto (default),1,query_11,explain,0.699,ok
prodds,10,A,Auto (default),1,query_11,prepare,2.158,ok
prodds,10,A,Auto (default),1,query_12,explain,1.192,ok
prodds,10,A,Auto (default),1,query_12,prepare,3.340,ok
prodds,10,A,Auto (default),1,query_13,explain,1.596,ok
prodds,10,A,Auto (default),1,query_13,prepare,2.998,ok
prodds,10,A,Auto (default),1,query_14,explain,0.682,ok
prodds,10,A,Auto (default),1,query_14,prepare,1.770,ok
prodds,10,A,Auto (default),1,query_15,explain,0.864,ok
prodds,10,A,Auto (default),1,query_15,prepare,2.121,ok
prodds,10,A,Auto (default),1,query_17,explain,1.152,ok
prodds,10,A,Auto (default),1,query_17,prepare,2.520,ok
prodds,10,A,Auto (default),1,query_18,explain,1.396,ok
prodds,10,A,Auto (default),1,query_18,prepare,3.262,ok
prodds,10,A,Auto (default),1,query_2,explain,1.022,ok
prodds,10,A,Auto (default),1,query_2,prepare,2.640,ok
prodds,10,A,Auto (default),1,query_20,explain,6.376,ok
prodds,10,A,Auto (default),1,query_20,prepare,9.963,ok
prodds,10,A,Auto (default),1,query_21,explain,0.949,ok
prodds,10,A,Auto (default),1,query_21,prepare,2.588,ok
prodds,10,A,Auto (default),1,query_22,explain,2.001,ok
prodds,10,A,Auto (default),1,query_22,prepare,4.447,ok
prodds,10,A,Auto (default),1,query_23,explain,2.135,ok
prodds,10,A,Auto (default),1,query_23,prepare,4.598,ok
prodds,10,A,Auto (default),1,query_24,explain,1.219,ok
prodds,10,A,Auto (default),1,query_24,prepare,2.559,ok
prodds,10,A,Auto (default),1,query_25,explain,1.358,ok
prodds,10,A,Auto (default),1,query_25,prepare,2.424,ok
prodds,10,A,Auto (default),1,query_26,explain,2.341,ok
prodds,10,A,Auto (default),1,query_26,prepare,5.357,ok
prodds,10,A,Auto (default),1,query_27,explain,1.164,ok
prodds,10,A,Auto (default),1,query_27,prepare,2.611,ok
prodds,10,A,Auto (default),1,query_28,explain,1.548,ok
prodds,10,A,Auto (default),1,query_28,prepare,3.661,ok
prodds,10,A,Auto (default),1,query_3,explain,2.915,ok
prodds,10,A,Auto (default),1,query_3,prepare,6.933,ok
prodds,10,A,Auto (default),1,query_30,explain,1.981,ok
prodds,10,A,Auto (default),1,query_30,prepare,4.764,ok
prodds,10,A,Auto (default),1,query_31,explain,1.054,ok
prodds,10,A,Auto (default),1,query_31,prepare,2.769,ok
prodds,10,A,Auto (default),1,query_32,explain,0.882,ok
prodds,10,A,Auto (default),1,query_32,prepare,2.572,ok
prodds,10,A,Auto (default),1,query_33,explain,2.707,ok
prodds,10,A,Auto (default),1,query_33,prepare,4.615,ok
prodds,10,A,Auto (default),1,query_35,explain,0.810,ok
prodds,10,A,Auto (default),1,query_35,prepare,2.943,ok
prodds,10,A,Auto (default),1,query_36,explain,2.446,ok
prodds,10,A,Auto (default),1,query_36,prepare,5.043,ok
prodds,10,A,Auto (default),1,query_37,explain,1.186,ok
prodds,10,A,Auto (default),1,query_37,prepare,3.278,ok
prodds,10,A,Auto (default),1,query_39,explain,2.288,ok
prodds,10,A,Auto (default),1,query_39,prepare,5.358,ok
prodds,10,A,Auto (default),1,query_4,explain,1.436,ok
prodds,10,A,Auto (default),1,query_4,prepare,3.155,ok
prodds,10,A,Auto (default),1,query_40,explain,1.337,ok
prodds,10,A,Auto (default),1,query_40,prepare,2.264,ok
prodds,10,A,Auto (default),1,query_41,explain,2.789,ok
prodds,10,A,Auto (default),1,query_41,prepare,5.684,ok
prodds,10,A,Auto (default),1,query_42,explain,1.756,ok
prodds,10,A,Auto (default),1,query_42,prepare,5.028,ok
prodds,10,A,Auto (default),1,query_43,explain,2.179,ok
prodds,10,A,Auto (default),1,query_43,prepare,3.717,ok
prodds,10,A,Auto (default),1,query_44,explain,1.092,ok
prodds,10,A,Auto (default),1,query_44,prepare,1.930,ok
prodds,10,A,Auto (default),1,query_45,explain,0.883,ok
prodds,10,A,Auto (default),1,query_45,prepare,2.214,ok
prodds,10,A,Auto (default),1,query_46,explain,0.958,ok
prodds,10,A,Auto (default),1,query_46,prepare,4.171,ok
prodds,10,A,Auto (default),1,query_47,explain,2.089,ok
prodds,10,A,Auto (default),1,query_47,prepare,4.607,ok
prodds,10,A,Auto (default),1,query_48,explain,2.243,ok
prodds,10,A,Auto (default),1,query_48,prepare,5.885,ok
prodds,10,A,Auto (default),1,query_49,explain,2.054,ok
prodds,10,A,Auto (default),1,query_49,prepare,3.429,ok
prodds,10,A,Auto (default),1,query_5,explain,1.004,ok
prodds,10,A,Auto (default),1,query_5,prepare,2.339,ok
prodds,10,A,Auto (default),1,query_50,explain,2.075,ok
prodds,10,A,Auto (default),1,query_50,prepare,4.047,ok
prodds,10,A,Auto (default),1,query_51,explain,2.038,ok
prodds,10,A,Auto (default),1,query_51,prepare,4.734,ok
prodds,10,A,Auto (default),1,query_52,explain,0.698,ok
prodds,10,A,Auto (default),1,query_52,prepare,1.633,ok
prodds,10,A,Auto (default),1,query_53,explain,1.864,ok
prodds,10,A,Auto (default),1,query_53,prepare,3.271,ok
prodds,10,A,Auto (default),1,query_54,explain,1.073,ok
prodds,10,A,Auto (default),1,query_54,prepare,2.482,ok
prodds,10,A,Auto (default),1,query_55,explain,0.546,ok
prodds,10,A,Auto (default),1,query_55,prepare,1.906,ok
prodds,10,A,Auto (default),1,query_56,explain,1.064,ok
prodds,10,A,Auto (default),1,query_56,prepare,3.332,ok
prodds,10,A,Auto (default),1,query_57,explain,1.441,ok
prodds,10,A,Auto (default),1,query_57,prepare,2.914,ok
prodds,10,A,Auto (default),1,query_58,explain,1.505,ok
prodds,10,A,Auto (default),1,query_58,prepare,2.923,ok
prodds,10,A,Auto (default),1,query_59,explain,0.963,ok
prodds,10,A,Auto (default),1,query_59,prepare,2.505,ok
prodds,10,A,Auto (default),1,query_6,explain,3.043,ok
prodds,10,A,Auto (default),1,query_6,prepare,7.111,ok
prodds,10,A,Auto (default),1,query_60,explain,1.399,ok
prodds,10,A,Auto (default),1,query_60,prepare,3.287,ok
prodds,10,A,Auto (default),1,query_61,explain,0.736,ok
prodds,10,A,Auto (default),1,query_61,prepare,2.161,ok
prodds,10,A,Auto (default),1,query_62,explain,1.491,ok
prodds,10,A,Auto (default),1,query_62,prepare,3.389,ok
prodds,10,A,Auto (default),1,query_63,explain,1.931,ok
prodds,10,A,Auto (default),1,query_63,prepare,4.061,ok
prodds,10,A,Auto (default),1,query_64,explain,0.882,ok
prodds,10,A,Auto (default),1,query_64,prepare,1.917,ok
prodds,10,A,Auto (default),1,query_65,explain,0.890,ok
prodds,10,A,Auto (default),1,query_65,prepare,1.907,ok
prodds,10,A,Auto (default),1,query_66,explain,4.688,ok
prodds,10,A,Auto (default),1,query_66,prepare,7.624,ok
prodds,10,A,Auto (default),1,query_67,explain,0.928,ok
prodds,10,A,Auto (default),1,query_67,prepare,1.822,ok
prodds,10,A,Auto (default),1,query_68,explain,2.906,ok
prodds,10,A,Auto (default),1,query_68,prepare,4.719,ok
prodds,10,A,Auto (default),1,query_69,explain,4.126,ok
prodds,10,A,Auto (default),1,query_69,prepare,8.781,ok
prodds,10,A,Auto (default),1,query_7,explain,1.100,ok
prodds,10,A,Auto (default),1,query_7,prepare,2.061,ok
prodds,10,A,Auto (default),1,query_70,explain,1.707,ok
prodds,10,A,Auto (default),1,query_70,prepare,4.843,ok
prodds,10,A,Auto (default),1,query_71,explain,1.256,ok
prodds,10,A,Auto (default),1,query_71,prepare,3.207,ok
prodds,10,A,Auto (default),1,query_73,explain,1.523,ok
prodds,10,A,Auto (default),1,query_73,prepare,2.883,ok
prodds,10,A,Auto (default),1,query_74,explain,2.109,ok
prodds,10,A,Auto (default),1,query_74,prepare,3.009,ok
prodds,10,A,Auto (default),1,query_75,explain,1.628,ok
prodds,10,A,Auto (default),1,query_75,prepare,3.295,ok
prodds,10,A,Auto (default),1,query_76,explain,1.134,ok
prodds,10,A,Auto (default),1,query_76,prepare,3.181,ok
prodds,10,A,Auto (default),1,query_77,explain,1.068,ok
prodds,10,A,Auto (default),1,query_77,prepare,2.521,ok
prodds,10,A,Auto (default),1,query_79,explain,1.351,ok
prodds,10,A,Auto (default),1,query_79,prepare,2.886,ok
prodds,10,A,Auto (default),1,query_8,explain,1.358,ok
prodds,10,A,Auto (default),1,query_8,prepare,2.952,ok
prodds,10,A,Auto (default),1,query_80,explain,0.933,ok
prodds,10,A,Auto (default),1,query_80,prepare,1.783,ok
prodds,10,A,Auto (default),1,query_81,explain,1.867,ok
prodds,10,A,Auto (default),1,query_81,prepare,3.712,ok
prodds,10,A,Auto (default),1,query_82,explain,0.654,ok
prodds,10,A,Auto (default),1,query_82,prepare,1.431,ok
prodds,10,A,Auto (default),1,query_83,explain,2.221,ok
prodds,10,A,Auto (default),1,query_83,prepare,4.585,ok
prodds,10,A,Auto (default),1,query_84,explain,1.385,ok
prodds,10,A,Auto (default),1,query_84,prepare,3.158,ok
prodds,10,A,Auto (default),1,query_85,explain,1.328,ok
prodds,10,A,Auto (default),1,query_85,prepare,2.997,ok
prodds,10,A,Auto (default),1,query_86,explain,1.077,ok
prodds,10,A,Auto (default),1,query_86,prepare,2.411,ok
prodds,10,A,Auto (default),1,query_87,explain,3.448,ok
prodds,10,A,Auto (default),1,query_87,prepare,5.465,ok
prodds,10,A,Auto (default),1,query_88,explain,1.356,ok
prodds,10,A,Auto (default),1,query_88,prepare,3.566,ok
prodds,10,A,Auto (default),1,query_89,explain,1.268,ok
prodds,10,A,Auto (default),1,query_89,prepare,2.900,ok
prodds,10,A,Auto (default),1,query_9,explain,1.978,ok
prodds,10,A,Auto (default),1,query_9,prepare,4.328,ok
prodds,10,A,Auto (default),1,query_91,explain,2.991,ok
prodds,10,A,Auto (default),1,query_91,prepare,3.947,ok
prodds,10,A,Auto (default),1,query_92,explain,2.009,ok
prodds,10,A,Auto (default),1,query_92,prepare,4.216,ok
prodds,10,A,Auto (default),1,query_93,explain,2.779,ok
prodds,10,A,Auto (default),1,query_93,prepare,7.051,ok
prodds,10,A,Auto (default),1,query_94,explain,1.329,ok
prodds,10,A,Auto (default),1,query_94,prepare,2.520,ok
prodds,10,A,Auto (default),1,query_95,explain,2.289,ok
prodds,10,A,Auto (default),1,query_95,prepare,4.990,ok
prodds,10,A,Auto (default),1,query_97,explain,2.166,ok
prodds,10,A,Auto (default),1,query_97,prepare,3.496,ok
prodds,10,A,Auto (default),1,query_98,explain,2.022,ok
prodds,10,A,Auto (default),1,query_98,prepare,5.663,ok
prodds,10,A,Auto (default),1,query_99,explain,1.219,ok
prodds,10,A,Auto (default),1,query_99,prepare,3.027,ok
prodds,10,A,Auto (default),1,query_join_J100,explain,17.538,ok
prodds,10,A,Auto (default),1,query_join_J100,prepare,32.631,ok
prodds,10,A,Auto (default),1,query_join_J200,explain,36.707,ok
prodds,10,A,Auto (default),1,query_join_J200,prepare,66.489,ok
prodds,10,A,Auto (default),1,query_join_J50,explain,12.200,ok
prodds,10,A,Auto (default),1,query_join_J50,prepare,20.644,ok
prodds,10,A,Auto (default),1,query_union_U10,explain,1.202,ok
prodds,10,A,Auto (default),1,query_union_U10,prepare,1.956,ok
prodds,10,A,Auto (default),1,query_union_U2,explain,0.734,ok
prodds,10,A,Auto (default),1,query_union_U2,prepare,1.193,ok
prodds,10,A,Auto (default),1,query_union_U20,explain,1.482,ok
prodds,10,A,Auto (default),1,query_union_U20,prepare,2.650,ok
prodds,10,A,Auto (default),1,query_union_U200,explain,10.889,ok
prodds,10,A,Auto (default),1,query_union_U200,prepare,18.635,ok
prodds,10,A,Auto (default),1,query_union_U5,explain,1.035,ok
prodds,10,A,Auto (default),1,query_union_U5,prepare,1.612,ok
prodds,10,A,Auto (default),2,__floor__,floor,0.191,ok
prodds,10,A,Auto (default),2,query_1,explain,1.106,ok
prodds,10,A,Auto (default),2,query_1,prepare,2.351,ok
prodds,10,A,Auto (default),2,query_10,explain,4.538,ok
prodds,10,A,Auto (default),2,query_10,prepare,11.337,ok
prodds,10,A,Auto (default),2,query_11,explain,1.651,ok
prodds,10,A,Auto (default),2,query_11,prepare,3.358,ok
prodds,10,A,Auto (default),2,query_12,explain,2.001,ok
prodds,10,A,Auto (default),2,query_12,prepare,7.073,ok
prodds,10,A,Auto (default),2,query_13,explain,2.905,ok
prodds,10,A,Auto (default),2,query_13,prepare,6.057,ok
prodds,10,A,Auto (default),2,query_14,explain,1.549,ok
prodds,10,A,Auto (default),2,query_14,prepare,3.867,ok
prodds,10,A,Auto (default),2,query_15,explain,1.723,ok
prodds,10,A,Auto (default),2,query_15,prepare,3.711,ok
prodds,10,A,Auto (default),2,query_17,explain,2.028,ok
prodds,10,A,Auto (default),2,query_17,prepare,4.398,ok
prodds,10,A,Auto (default),2,query_18,explain,2.478,ok
prodds,10,A,Auto (default),2,query_18,prepare,5.724,ok
prodds,10,A,Auto (default),2,query_2,explain,1.836,ok
prodds,10,A,Auto (default),2,query_2,prepare,4.873,ok
prodds,10,A,Auto (default),2,query_20,explain,6.374,ok
prodds,10,A,Auto (default),2,query_20,prepare,9.993,ok
prodds,10,A,Auto (default),2,query_21,explain,0.940,ok
prodds,10,A,Auto (default),2,query_21,prepare,2.577,ok
prodds,10,A,Auto (default),2,query_22,explain,1.995,ok
prodds,10,A,Auto (default),2,query_22,prepare,4.396,ok
prodds,10,A,Auto (default),2,query_23,explain,2.075,ok
prodds,10,A,Auto (default),2,query_23,prepare,4.661,ok
prodds,10,A,Auto (default),2,query_24,explain,1.220,ok
prodds,10,A,Auto (default),2,query_24,prepare,2.548,ok
prodds,10,A,Auto (default),2,query_25,explain,1.347,ok
prodds,10,A,Auto (default),2,query_25,prepare,2.427,ok
prodds,10,A,Auto (default),2,query_26,explain,2.331,ok
prodds,10,A,Auto (default),2,query_26,prepare,5.558,ok
prodds,10,A,Auto (default),2,query_27,explain,1.143,ok
prodds,10,A,Auto (default),2,query_27,prepare,2.667,ok
prodds,10,A,Auto (default),2,query_28,explain,1.571,ok
prodds,10,A,Auto (default),2,query_28,prepare,3.890,ok
prodds,10,A,Auto (default),2,query_3,explain,2.921,ok
prodds,10,A,Auto (default),2,query_3,prepare,7.045,ok
prodds,10,A,Auto (default),2,query_30,explain,1.963,ok
prodds,10,A,Auto (default),2,query_30,prepare,4.822,ok
prodds,10,A,Auto (default),2,query_31,explain,1.044,ok
prodds,10,A,Auto (default),2,query_31,prepare,2.845,ok
prodds,10,A,Auto (default),2,query_32,explain,0.870,ok
prodds,10,A,Auto (default),2,query_32,prepare,2.578,ok
prodds,10,A,Auto (default),2,query_33,explain,2.668,ok
prodds,10,A,Auto (default),2,query_33,prepare,4.665,ok
prodds,10,A,Auto (default),2,query_35,explain,0.805,ok
prodds,10,A,Auto (default),2,query_35,prepare,3.159,ok
prodds,10,A,Auto (default),2,query_36,explain,2.431,ok
prodds,10,A,Auto (default),2,query_36,prepare,5.174,ok
prodds,10,A,Auto (default),2,query_37,explain,1.196,ok
prodds,10,A,Auto (default),2,query_37,prepare,3.344,ok
prodds,10,A,Auto (default),2,query_39,explain,2.269,ok
prodds,10,A,Auto (default),2,query_39,prepare,5.481,ok
prodds,10,A,Auto (default),2,query_4,explain,1.442,ok
prodds,10,A,Auto (default),2,query_4,prepare,3.165,ok
prodds,10,A,Auto (default),2,query_40,explain,1.316,ok
prodds,10,A,Auto (default),2,query_40,prepare,2.302,ok
prodds,10,A,Auto (default),2,query_41,explain,2.771,ok
prodds,10,A,Auto (default),2,query_41,prepare,5.957,ok
prodds,10,A,Auto (default),2,query_42,explain,1.767,ok
prodds,10,A,Auto (default),2,query_42,prepare,5.079,ok
prodds,10,A,Auto (default),2,query_43,explain,2.178,ok
prodds,10,A,Auto (default),2,query_43,prepare,3.736,ok
prodds,10,A,Auto (default),2,query_44,explain,1.102,ok
prodds,10,A,Auto (default),2,query_44,prepare,2.005,ok
prodds,10,A,Auto (default),2,query_45,explain,0.886,ok
prodds,10,A,Auto (default),2,query_45,prepare,2.242,ok
prodds,10,A,Auto (default),2,query_46,explain,0.964,ok
prodds,10,A,Auto (default),2,query_46,prepare,4.532,ok
prodds,10,A,Auto (default),2,query_47,explain,2.076,ok
prodds,10,A,Auto (default),2,query_47,prepare,4.737,ok
prodds,10,A,Auto (default),2,query_48,explain,2.241,ok
prodds,10,A,Auto (default),2,query_48,prepare,6.117,ok
prodds,10,A,Auto (default),2,query_49,explain,2.053,ok
prodds,10,A,Auto (default),2,query_49,prepare,3.507,ok
prodds,10,A,Auto (default),2,query_5,explain,1.009,ok
prodds,10,A,Auto (default),2,query_5,prepare,2.317,ok
prodds,10,A,Auto (default),2,query_50,explain,2.048,ok
prodds,10,A,Auto (default),2,query_50,prepare,4.183,ok
prodds,10,A,Auto (default),2,query_51,explain,2.058,ok
prodds,10,A,Auto (default),2,query_51,prepare,4.829,ok
prodds,10,A,Auto (default),2,query_52,explain,0.697,ok
prodds,10,A,Auto (default),2,query_52,prepare,1.664,ok
prodds,10,A,Auto (default),2,query_53,explain,1.854,ok
prodds,10,A,Auto (default),2,query_53,prepare,3.258,ok
prodds,10,A,Auto (default),2,query_54,explain,1.073,ok
prodds,10,A,Auto (default),2,query_54,prepare,2.575,ok
prodds,10,A,Auto (default),2,query_55,explain,0.539,ok
prodds,10,A,Auto (default),2,query_55,prepare,2.002,ok
prodds,10,A,Auto (default),2,query_56,explain,1.063,ok
prodds,10,A,Auto (default),2,query_56,prepare,3.426,ok
prodds,10,A,Auto (default),2,query_57,explain,1.422,ok
prodds,10,A,Auto (default),2,query_57,prepare,2.906,ok
prodds,10,A,Auto (default),2,query_58,explain,1.461,ok
prodds,10,A,Auto (default),2,query_58,prepare,3.020,ok
prodds,10,A,Auto (default),2,query_59,explain,0.949,ok
prodds,10,A,Auto (default),2,query_59,prepare,2.560,ok
prodds,10,A,Auto (default),2,query_6,explain,3.005,ok
prodds,10,A,Auto (default),2,query_6,prepare,7.321,ok
prodds,10,A,Auto (default),2,query_60,explain,1.395,ok
prodds,10,A,Auto (default),2,query_60,prepare,3.271,ok
prodds,10,A,Auto (default),2,query_61,explain,0.739,ok
prodds,10,A,Auto (default),2,query_61,prepare,2.162,ok
prodds,10,A,Auto (default),2,query_62,explain,1.562,ok
prodds,10,A,Auto (default),2,query_62,prepare,3.514,ok
prodds,10,A,Auto (default),2,query_63,explain,1.943,ok
prodds,10,A,Auto (default),2,query_63,prepare,4.162,ok
prodds,10,A,Auto (default),2,query_64,explain,0.884,ok
prodds,10,A,Auto (default),2,query_64,prepare,1.911,ok
prodds,10,A,Auto (default),2,query_65,explain,0.882,ok
prodds,10,A,Auto (default),2,query_65,prepare,1.946,ok
prodds,10,A,Auto (default),2,query_66,explain,4.750,ok
prodds,10,A,Auto (default),2,query_66,prepare,7.744,ok
prodds,10,A,Auto (default),2,query_67,explain,0.892,ok
prodds,10,A,Auto (default),2,query_67,prepare,1.826,ok
prodds,10,A,Auto (default),2,query_68,explain,2.893,ok
prodds,10,A,Auto (default),2,query_68,prepare,4.849,ok
prodds,10,A,Auto (default),2,query_69,explain,4.149,ok
prodds,10,A,Auto (default),2,query_69,prepare,9.040,ok
prodds,10,A,Auto (default),2,query_7,explain,1.099,ok
prodds,10,A,Auto (default),2,query_7,prepare,1.973,ok
prodds,10,A,Auto (default),2,query_70,explain,1.692,ok
prodds,10,A,Auto (default),2,query_70,prepare,4.947,ok
prodds,10,A,Auto (default),2,query_71,explain,1.257,ok
prodds,10,A,Auto (default),2,query_71,prepare,3.282,ok
prodds,10,A,Auto (default),2,query_73,explain,1.515,ok
prodds,10,A,Auto (default),2,query_73,prepare,2.954,ok
prodds,10,A,Auto (default),2,query_74,explain,2.078,ok
prodds,10,A,Auto (default),2,query_74,prepare,3.087,ok
prodds,10,A,Auto (default),2,query_75,explain,1.662,ok
prodds,10,A,Auto (default),2,query_75,prepare,3.407,ok
prodds,10,A,Auto (default),2,query_76,explain,1.145,ok
prodds,10,A,Auto (default),2,query_76,prepare,3.210,ok
prodds,10,A,Auto (default),2,query_77,explain,1.080,ok
prodds,10,A,Auto (default),2,query_77,prepare,2.616,ok
prodds,10,A,Auto (default),2,query_79,explain,1.349,ok
prodds,10,A,Auto (default),2,query_79,prepare,2.929,ok
prodds,10,A,Auto (default),2,query_8,explain,1.348,ok
prodds,10,A,Auto (default),2,query_8,prepare,2.996,ok
prodds,10,A,Auto (default),2,query_80,explain,0.933,ok
prodds,10,A,Auto (default),2,query_80,prepare,1.803,ok
prodds,10,A,Auto (default),2,query_81,explain,1.853,ok
prodds,10,A,Auto (default),2,query_81,prepare,3.684,ok
prodds,10,A,Auto (default),2,query_82,explain,0.647,ok
prodds,10,A,Auto (default),2,query_82,prepare,1.423,ok
prodds,10,A,Auto (default),2,query_83,explain,2.217,ok
prodds,10,A,Auto (default),2,query_83,prepare,4.685,ok
prodds,10,A,Auto (default),2,query_84,explain,1.391,ok
prodds,10,A,Auto (default),2,query_84,prepare,3.292,ok
prodds,10,A,Auto (default),2,query_85,explain,1.325,ok
prodds,10,A,Auto (default),2,query_85,prepare,3.099,ok
prodds,10,A,Auto (default),2,query_86,explain,1.080,ok
prodds,10,A,Auto (default),2,query_86,prepare,2.380,ok
prodds,10,A,Auto (default),2,query_87,explain,3.427,ok
prodds,10,A,Auto (default),2,query_87,prepare,5.465,ok
prodds,10,A,Auto (default),2,query_88,explain,1.349,ok
prodds,10,A,Auto (default),2,query_88,prepare,3.524,ok
prodds,10,A,Auto (default),2,query_89,explain,1.267,ok
prodds,10,A,Auto (default),2,query_89,prepare,2.960,ok
prodds,10,A,Auto (default),2,query_9,explain,1.979,ok
prodds,10,A,Auto (default),2,query_9,prepare,4.276,ok
prodds,10,A,Auto (default),2,query_91,explain,2.986,ok
prodds,10,A,Auto (default),2,query_91,prepare,3.952,ok
prodds,10,A,Auto (default),2,query_92,explain,1.994,ok
prodds,10,A,Auto (default),2,query_92,prepare,4.340,ok
prodds,10,A,Auto (default),2,query_93,explain,2.813,ok
prodds,10,A,Auto (default),2,query_93,prepare,7.218,ok
prodds,10,A,Auto (default),2,query_94,explain,1.328,ok
prodds,10,A,Auto (default),2,query_94,prepare,2.519,ok
prodds,10,A,Auto (default),2,query_95,explain,2.292,ok
prodds,10,A,Auto (default),2,query_95,prepare,4.924,ok
prodds,10,A,Auto (default),2,query_97,explain,2.159,ok
prodds,10,A,Auto (default),2,query_97,prepare,3.484,ok
prodds,10,A,Auto (default),2,query_98,explain,2.016,ok
prodds,10,A,Auto (default),2,query_98,prepare,5.595,ok
prodds,10,A,Auto (default),2,query_99,explain,1.219,ok
prodds,10,A,Auto (default),2,query_99,prepare,3.023,ok
prodds,10,A,Auto (default),2,query_join_J100,explain,17.819,ok
prodds,10,A,Auto (default),2,query_join_J100,prepare,33.225,ok
prodds,10,A,Auto (default),2,query_join_J200,explain,36.775,ok
prodds,10,A,Auto (default),2,query_join_J200,prepare,67.171,ok
prodds,10,A,Auto (default),2,query_join_J50,explain,12.343,ok
prodds,10,A,Auto (default),2,query_join_J50,prepare,20.625,ok
prodds,10,A,Auto (default),2,query_union_U10,explain,1.222,ok
prodds,10,A,Auto (default),2,query_union_U10,prepare,1.948,ok
prodds,10,A,Auto (default),2,query_union_U2,explain,0.727,ok
prodds,10,A,Auto (default),2,query_union_U2,prepare,1.183,ok
prodds,10,A,Auto (default),2,query_union_U20,explain,1.459,ok
prodds,10,A,Auto (default),2,query_union_U20,prepare,2.633,ok
prodds,10,A,Auto (default),2,query_union_U200,explain,10.362,ok
prodds,10,A,Auto (default),2,query_union_U200,prepare,18.903,ok
prodds,10,A,Auto (default),2,query_union_U5,explain,1.031,ok
prodds,10,A,Auto (default),2,query_union_U5,prepare,1.604,ok
prodds,10,A,Auto (default),3,__floor__,floor,0.165,ok
prodds,10,A,Auto (default),3,query_1,explain,1.006,ok
prodds,10,A,Auto (default),3,query_1,prepare,1.773,ok
prodds,10,A,Auto (default),3,query_10,explain,2.659,ok
prodds,10,A,Auto (default),3,query_10,prepare,9.048,ok
prodds,10,A,Auto (default),3,query_11,explain,1.548,ok
prodds,10,A,Auto (default),3,query_11,prepare,4.661,ok
prodds,10,A,Auto (default),3,query_12,explain,2.369,ok
prodds,10,A,Auto (default),3,query_12,prepare,7.333,ok
prodds,10,A,Auto (default),3,query_13,explain,3.270,ok
prodds,10,A,Auto (default),3,query_13,prepare,6.509,ok
prodds,10,A,Auto (default),3,query_14,explain,1.311,ok
prodds,10,A,Auto (default),3,query_14,prepare,3.145,ok
prodds,10,A,Auto (default),3,query_15,explain,1.756,ok
prodds,10,A,Auto (default),3,query_15,prepare,3.706,ok
prodds,10,A,Auto (default),3,query_17,explain,1.994,ok
prodds,10,A,Auto (default),3,query_17,prepare,4.408,ok
prodds,10,A,Auto (default),3,query_18,explain,2.444,ok
prodds,10,A,Auto (default),3,query_18,prepare,5.724,ok
prodds,10,A,Auto (default),3,query_2,explain,1.775,ok
prodds,10,A,Auto (default),3,query_2,prepare,4.656,ok
prodds,10,A,Auto (default),3,query_20,explain,6.404,ok
prodds,10,A,Auto (default),3,query_20,prepare,10.184,ok
prodds,10,A,Auto (default),3,query_21,explain,0.907,ok
prodds,10,A,Auto (default),3,query_21,prepare,2.604,ok
prodds,10,A,Auto (default),3,query_22,explain,2.016,ok
prodds,10,A,Auto (default),3,query_22,prepare,4.341,ok
prodds,10,A,Auto (default),3,query_23,explain,2.079,ok
prodds,10,A,Auto (default),3,query_23,prepare,4.559,ok
prodds,10,A,Auto (default),3,query_24,explain,1.188,ok
prodds,10,A,Auto (default),3,query_24,prepare,2.641,ok
prodds,10,A,Auto (default),3,query_25,explain,1.327,ok
prodds,10,A,Auto (default),3,query_25,prepare,2.415,ok
prodds,10,A,Auto (default),3,query_26,explain,2.292,ok
prodds,10,A,Auto (default),3,query_26,prepare,5.429,ok
prodds,10,A,Auto (default),3,query_27,explain,1.125,ok
prodds,10,A,Auto (default),3,query_27,prepare,2.585,ok
prodds,10,A,Auto (default),3,query_28,explain,1.519,ok
prodds,10,A,Auto (default),3,query_28,prepare,3.597,ok
prodds,10,A,Auto (default),3,query_3,explain,2.926,ok
prodds,10,A,Auto (default),3,query_3,prepare,7.074,ok
prodds,10,A,Auto (default),3,query_30,explain,1.980,ok
prodds,10,A,Auto (default),3,query_30,prepare,4.730,ok
prodds,10,A,Auto (default),3,query_31,explain,1.062,ok
prodds,10,A,Auto (default),3,query_31,prepare,2.883,ok
prodds,10,A,Auto (default),3,query_32,explain,0.863,ok
prodds,10,A,Auto (default),3,query_32,prepare,2.591,ok
prodds,10,A,Auto (default),3,query_33,explain,2.682,ok
prodds,10,A,Auto (default),3,query_33,prepare,4.663,ok
prodds,10,A,Auto (default),3,query_35,explain,0.813,ok
prodds,10,A,Auto (default),3,query_35,prepare,3.046,ok
prodds,10,A,Auto (default),3,query_36,explain,2.440,ok
prodds,10,A,Auto (default),3,query_36,prepare,5.227,ok
prodds,10,A,Auto (default),3,query_37,explain,1.200,ok
prodds,10,A,Auto (default),3,query_37,prepare,3.305,ok
prodds,10,A,Auto (default),3,query_39,explain,2.270,ok
prodds,10,A,Auto (default),3,query_39,prepare,5.412,ok
prodds,10,A,Auto (default),3,query_4,explain,1.448,ok
prodds,10,A,Auto (default),3,query_4,prepare,3.184,ok
prodds,10,A,Auto (default),3,query_40,explain,1.344,ok
prodds,10,A,Auto (default),3,query_40,prepare,2.303,ok
prodds,10,A,Auto (default),3,query_41,explain,2.841,ok
prodds,10,A,Auto (default),3,query_41,prepare,5.805,ok
prodds,10,A,Auto (default),3,query_42,explain,1.767,ok
prodds,10,A,Auto (default),3,query_42,prepare,5.127,ok
prodds,10,A,Auto (default),3,query_43,explain,2.187,ok
prodds,10,A,Auto (default),3,query_43,prepare,3.719,ok
prodds,10,A,Auto (default),3,query_44,explain,1.085,ok
prodds,10,A,Auto (default),3,query_44,prepare,1.979,ok
prodds,10,A,Auto (default),3,query_45,explain,0.865,ok
prodds,10,A,Auto (default),3,query_45,prepare,2.305,ok
prodds,10,A,Auto (default),3,query_46,explain,0.974,ok
prodds,10,A,Auto (default),3,query_46,prepare,4.201,ok
prodds,10,A,Auto (default),3,query_47,explain,2.064,ok
prodds,10,A,Auto (default),3,query_47,prepare,4.582,ok
prodds,10,A,Auto (default),3,query_48,explain,2.241,ok
prodds,10,A,Auto (default),3,query_48,prepare,5.941,ok
prodds,10,A,Auto (default),3,query_49,explain,2.053,ok
prodds,10,A,Auto (default),3,query_49,prepare,3.381,ok
prodds,10,A,Auto (default),3,query_5,explain,1.001,ok
prodds,10,A,Auto (default),3,query_5,prepare,2.348,ok
prodds,10,A,Auto (default),3,query_50,explain,2.068,ok
prodds,10,A,Auto (default),3,query_50,prepare,4.063,ok
prodds,10,A,Auto (default),3,query_51,explain,2.021,ok
prodds,10,A,Auto (default),3,query_51,prepare,4.742,ok
prodds,10,A,Auto (default),3,query_52,explain,0.698,ok
prodds,10,A,Auto (default),3,query_52,prepare,1.643,ok
prodds,10,A,Auto (default),3,query_53,explain,1.885,ok
prodds,10,A,Auto (default),3,query_53,prepare,3.336,ok
prodds,10,A,Auto (default),3,query_54,explain,1.195,ok
prodds,10,A,Auto (default),3,query_54,prepare,2.566,ok
prodds,10,A,Auto (default),3,query_55,explain,0.563,ok
prodds,10,A,Auto (default),3,query_55,prepare,1.906,ok
prodds,10,A,Auto (default),3,query_56,explain,1.082,ok
prodds,10,A,Auto (default),3,query_56,prepare,3.429,ok
prodds,10,A,Auto (default),3,query_57,explain,1.491,ok
prodds,10,A,Auto (default),3,query_57,prepare,2.904,ok
prodds,10,A,Auto (default),3,query_58,explain,1.478,ok
prodds,10,A,Auto (default),3,query_58,prepare,2.948,ok
prodds,10,A,Auto (default),3,query_59,explain,0.946,ok
prodds,10,A,Auto (default),3,query_59,prepare,2.495,ok
prodds,10,A,Auto (default),3,query_6,explain,3.007,ok
prodds,10,A,Auto (default),3,query_6,prepare,7.174,ok
prodds,10,A,Auto (default),3,query_60,explain,1.414,ok
prodds,10,A,Auto (default),3,query_60,prepare,3.240,ok
prodds,10,A,Auto (default),3,query_61,explain,0.735,ok
prodds,10,A,Auto (default),3,query_61,prepare,2.135,ok
prodds,10,A,Auto (default),3,query_62,explain,1.481,ok
prodds,10,A,Auto (default),3,query_62,prepare,3.383,ok
prodds,10,A,Auto (default),3,query_63,explain,1.925,ok
prodds,10,A,Auto (default),3,query_63,prepare,4.055,ok
prodds,10,A,Auto (default),3,query_64,explain,0.888,ok
prodds,10,A,Auto (default),3,query_64,prepare,1.917,ok
prodds,10,A,Auto (default),3,query_65,explain,0.875,ok
prodds,10,A,Auto (default),3,query_65,prepare,1.939,ok
prodds,10,A,Auto (default),3,query_66,explain,4.753,ok
prodds,10,A,Auto (default),3,query_66,prepare,7.554,ok
prodds,10,A,Auto (default),3,query_67,explain,0.903,ok
prodds,10,A,Auto (default),3,query_67,prepare,1.805,ok
prodds,10,A,Auto (default),3,query_68,explain,2.907,ok
prodds,10,A,Auto (default),3,query_68,prepare,4.717,ok
prodds,10,A,Auto (default),3,query_69,explain,4.132,ok
prodds,10,A,Auto (default),3,query_69,prepare,8.718,ok
prodds,10,A,Auto (default),3,query_7,explain,1.102,ok
prodds,10,A,Auto (default),3,query_7,prepare,2.002,ok
prodds,10,A,Auto (default),3,query_70,explain,1.695,ok
prodds,10,A,Auto (default),3,query_70,prepare,4.818,ok
prodds,10,A,Auto (default),3,query_71,explain,1.262,ok
prodds,10,A,Auto (default),3,query_71,prepare,3.187,ok
prodds,10,A,Auto (default),3,query_73,explain,1.522,ok
prodds,10,A,Auto (default),3,query_73,prepare,2.878,ok
prodds,10,A,Auto (default),3,query_74,explain,2.101,ok
prodds,10,A,Auto (default),3,query_74,prepare,3.013,ok
prodds,10,A,Auto (default),3,query_75,explain,1.648,ok
prodds,10,A,Auto (default),3,query_75,prepare,3.287,ok
prodds,10,A,Auto (default),3,query_76,explain,1.147,ok
prodds,10,A,Auto (default),3,query_76,prepare,3.152,ok
prodds,10,A,Auto (default),3,query_77,explain,1.073,ok
prodds,10,A,Auto (default),3,query_77,prepare,2.482,ok
prodds,10,A,Auto (default),3,query_79,explain,1.355,ok
prodds,10,A,Auto (default),3,query_79,prepare,2.862,ok
prodds,10,A,Auto (default),3,query_8,explain,1.343,ok
prodds,10,A,Auto (default),3,query_8,prepare,2.940,ok
prodds,10,A,Auto (default),3,query_80,explain,0.928,ok
prodds,10,A,Auto (default),3,query_80,prepare,1.781,ok
prodds,10,A,Auto (default),3,query_81,explain,1.886,ok
prodds,10,A,Auto (default),3,query_81,prepare,3.718,ok
prodds,10,A,Auto (default),3,query_82,explain,0.667,ok
prodds,10,A,Auto (default),3,query_82,prepare,1.418,ok
prodds,10,A,Auto (default),3,query_83,explain,2.220,ok
prodds,10,A,Auto (default),3,query_83,prepare,4.588,ok
prodds,10,A,Auto (default),3,query_84,explain,1.419,ok
prodds,10,A,Auto (default),3,query_84,prepare,3.177,ok
prodds,10,A,Auto (default),3,query_85,explain,1.337,ok
prodds,10,A,Auto (default),3,query_85,prepare,3.021,ok
prodds,10,A,Auto (default),3,query_86,explain,1.089,ok
prodds,10,A,Auto (default),3,query_86,prepare,2.346,ok
prodds,10,A,Auto (default),3,query_87,explain,3.476,ok
prodds,10,A,Auto (default),3,query_87,prepare,5.450,ok
prodds,10,A,Auto (default),3,query_88,explain,1.387,ok
prodds,10,A,Auto (default),3,query_88,prepare,3.533,ok
prodds,10,A,Auto (default),3,query_89,explain,1.307,ok
prodds,10,A,Auto (default),3,query_89,prepare,2.900,ok
prodds,10,A,Auto (default),3,query_9,explain,1.972,ok
prodds,10,A,Auto (default),3,query_9,prepare,4.319,ok
prodds,10,A,Auto (default),3,query_91,explain,2.977,ok
prodds,10,A,Auto (default),3,query_91,prepare,3.927,ok
prodds,10,A,Auto (default),3,query_92,explain,1.993,ok
prodds,10,A,Auto (default),3,query_92,prepare,4.176,ok
prodds,10,A,Auto (default),3,query_93,explain,2.770,ok
prodds,10,A,Auto (default),3,query_93,prepare,6.998,ok
prodds,10,A,Auto (default),3,query_94,explain,1.318,ok
prodds,10,A,Auto (default),3,query_94,prepare,2.510,ok
prodds,10,A,Auto (default),3,query_95,explain,2.304,ok
prodds,10,A,Auto (default),3,query_95,prepare,4.975,ok
prodds,10,A,Auto (default),3,query_97,explain,2.304,ok
prodds,10,A,Auto (default),3,query_97,prepare,3.485,ok
prodds,10,A,Auto (default),3,query_98,explain,2.002,ok
prodds,10,A,Auto (default),3,query_98,prepare,5.549,ok
prodds,10,A,Auto (default),3,query_99,explain,1.221,ok
prodds,10,A,Auto (default),3,query_99,prepare,3.006,ok
prodds,10,A,Auto (default),3,query_join_J100,explain,17.572,ok
prodds,10,A,Auto (default),3,query_join_J100,prepare,32.704,ok
prodds,10,A,Auto (default),3,query_join_J200,explain,36.146,ok
prodds,10,A,Auto (default),3,query_join_J200,prepare,66.328,ok
prodds,10,A,Auto (default),3,query_join_J50,explain,12.220,ok
prodds,10,A,Auto (default),3,query_join_J50,prepare,20.648,ok
prodds,10,A,Auto (default),3,query_union_U10,explain,1.220,ok
prodds,10,A,Auto (default),3,query_union_U10,prepare,1.940,ok
prodds,10,A,Auto (default),3,query_union_U2,explain,0.719,ok
prodds,10,A,Auto (default),3,query_union_U2,prepare,1.187,ok
prodds,10,A,Auto (default),3,query_union_U20,explain,1.456,ok
prodds,10,A,Auto (default),3,query_union_U20,prepare,2.648,ok
prodds,10,A,Auto (default),3,query_union_U200,explain,10.466,ok
prodds,10,A,Auto (default),3,query_union_U200,prepare,18.663,ok
prodds,10,A,Auto (default),3,query_union_U5,explain,1.037,ok
prodds,10,A,Auto (default),3,query_union_U5,prepare,1.609,ok
prodds,10,A,Auto (default),4,__floor__,floor,0.261,ok
prodds,10,A,Auto (default),4,query_1,explain,1.099,ok
prodds,10,A,Auto (default),4,query_1,prepare,1.805,ok
prodds,10,A,Auto (default),4,query_10,explain,2.588,ok
prodds,10,A,Auto (default),4,query_10,prepare,7.784,ok
prodds,10,A,Auto (default),4,query_11,explain,1.544,ok
prodds,10,A,Auto (default),4,query_11,prepare,4.615,ok
prodds,10,A,Auto (default),4,query_12,explain,1.969,ok
prodds,10,A,Auto (default),4,query_12,prepare,5.915,ok
prodds,10,A,Auto (default),4,query_13,explain,2.434,ok
prodds,10,A,Auto (default),4,query_13,prepare,6.450,ok
prodds,10,A,Auto (default),4,query_14,explain,1.267,ok
prodds,10,A,Auto (default),4,query_14,prepare,2.755,ok
prodds,10,A,Auto (default),4,query_15,explain,1.482,ok
prodds,10,A,Auto (default),4,query_15,prepare,3.658,ok
prodds,10,A,Auto (default),4,query_17,explain,2.018,ok
prodds,10,A,Auto (default),4,query_17,prepare,4.320,ok
prodds,10,A,Auto (default),4,query_18,explain,2.451,ok
prodds,10,A,Auto (default),4,query_18,prepare,5.609,ok
prodds,10,A,Auto (default),4,query_2,explain,1.795,ok
prodds,10,A,Auto (default),4,query_2,prepare,4.598,ok
prodds,10,A,Auto (default),4,query_20,explain,6.350,ok
prodds,10,A,Auto (default),4,query_20,prepare,9.942,ok
prodds,10,A,Auto (default),4,query_21,explain,0.914,ok
prodds,10,A,Auto (default),4,query_21,prepare,2.546,ok
prodds,10,A,Auto (default),4,query_22,explain,1.965,ok
prodds,10,A,Auto (default),4,query_22,prepare,4.354,ok
prodds,10,A,Auto (default),4,query_23,explain,2.042,ok
prodds,10,A,Auto (default),4,query_23,prepare,4.543,ok
prodds,10,A,Auto (default),4,query_24,explain,1.181,ok
prodds,10,A,Auto (default),4,query_24,prepare,2.493,ok
prodds,10,A,Auto (default),4,query_25,explain,1.324,ok
prodds,10,A,Auto (default),4,query_25,prepare,2.369,ok
prodds,10,A,Auto (default),4,query_26,explain,2.285,ok
prodds,10,A,Auto (default),4,query_26,prepare,5.335,ok
prodds,10,A,Auto (default),4,query_27,explain,1.123,ok
prodds,10,A,Auto (default),4,query_27,prepare,2.604,ok
prodds,10,A,Auto (default),4,query_28,explain,1.505,ok
prodds,10,A,Auto (default),4,query_28,prepare,3.563,ok
prodds,10,A,Auto (default),4,query_3,explain,2.876,ok
prodds,10,A,Auto (default),4,query_3,prepare,7.005,ok
prodds,10,A,Auto (default),4,query_30,explain,1.957,ok
prodds,10,A,Auto (default),4,query_30,prepare,4.754,ok
prodds,10,A,Auto (default),4,query_31,explain,1.049,ok
prodds,10,A,Auto (default),4,query_31,prepare,2.780,ok
prodds,10,A,Auto (default),4,query_32,explain,0.871,ok
prodds,10,A,Auto (default),4,query_32,prepare,2.588,ok
prodds,10,A,Auto (default),4,query_33,explain,2.664,ok
prodds,10,A,Auto (default),4,query_33,prepare,4.619,ok
prodds,10,A,Auto (default),4,query_35,explain,0.804,ok
prodds,10,A,Auto (default),4,query_35,prepare,2.938,ok
prodds,10,A,Auto (default),4,query_36,explain,2.435,ok
prodds,10,A,Auto (default),4,query_36,prepare,5.032,ok
prodds,10,A,Auto (default),4,query_37,explain,1.181,ok
prodds,10,A,Auto (default),4,query_37,prepare,3.285,ok
prodds,10,A,Auto (default),4,query_39,explain,2.276,ok
prodds,10,A,Auto (default),4,query_39,prepare,5.374,ok
prodds,10,A,Auto (default),4,query_4,explain,1.421,ok
prodds,10,A,Auto (default),4,query_4,prepare,3.147,ok
prodds,10,A,Auto (default),4,query_40,explain,1.320,ok
prodds,10,A,Auto (default),4,query_40,prepare,2.312,ok
prodds,10,A,Auto (default),4,query_41,explain,2.748,ok
prodds,10,A,Auto (default),4,query_41,prepare,5.737,ok
prodds,10,A,Auto (default),4,query_42,explain,1.754,ok
prodds,10,A,Auto (default),4,query_42,prepare,4.985,ok
prodds,10,A,Auto (default),4,query_43,explain,2.174,ok
prodds,10,A,Auto (default),4,query_43,prepare,3.713,ok
prodds,10,A,Auto (default),4,query_44,explain,1.096,ok
prodds,10,A,Auto (default),4,query_44,prepare,1.936,ok
prodds,10,A,Auto (default),4,query_45,explain,0.858,ok
prodds,10,A,Auto (default),4,query_45,prepare,2.240,ok
prodds,10,A,Auto (default),4,query_46,explain,1.018,ok
prodds,10,A,Auto (default),4,query_46,prepare,4.311,ok
prodds,10,A,Auto (default),4,query_47,explain,2.040,ok
prodds,10,A,Auto (default),4,query_47,prepare,4.612,ok
prodds,10,A,Auto (default),4,query_48,explain,2.271,ok
prodds,10,A,Auto (default),4,query_48,prepare,5.947,ok
prodds,10,A,Auto (default),4,query_49,explain,2.036,ok
prodds,10,A,Auto (default),4,query_49,prepare,3.348,ok
prodds,10,A,Auto (default),4,query_5,explain,0.996,ok
prodds,10,A,Auto (default),4,query_5,prepare,2.324,ok
prodds,10,A,Auto (default),4,query_50,explain,2.041,ok
prodds,10,A,Auto (default),4,query_50,prepare,4.017,ok
prodds,10,A,Auto (default),4,query_51,explain,2.011,ok
prodds,10,A,Auto (default),4,query_51,prepare,4.711,ok
prodds,10,A,Auto (default),4,query_52,explain,0.705,ok
prodds,10,A,Auto (default),4,query_52,prepare,1.643,ok
prodds,10,A,Auto (default),4,query_53,explain,1.847,ok
prodds,10,A,Auto (default),4,query_53,prepare,3.261,ok
prodds,10,A,Auto (default),4,query_54,explain,1.074,ok
prodds,10,A,Auto (default),4,query_54,prepare,2.587,ok
prodds,10,A,Auto (default),4,query_55,explain,0.539,ok
prodds,10,A,Auto (default),4,query_55,prepare,1.948,ok
prodds,10,A,Auto (default),4,query_56,explain,1.073,ok
prodds,10,A,Auto (default),4,query_56,prepare,3.322,ok
prodds,10,A,Auto (default),4,query_57,explain,1.420,ok
prodds,10,A,Auto (default),4,query_57,prepare,2.886,ok
prodds,10,A,Auto (default),4,query_58,explain,1.506,ok
prodds,10,A,Auto (default),4,query_58,prepare,2.923,ok
prodds,10,A,Auto (default),4,query_59,explain,0.936,ok
prodds,10,A,Auto (default),4,query_59,prepare,2.573,ok
prodds,10,A,Auto (default),4,query_6,explain,2.979,ok
prodds,10,A,Auto (default),4,query_6,prepare,7.189,ok
prodds,10,A,Auto (default),4,query_60,explain,1.406,ok
prodds,10,A,Auto (default),4,query_60,prepare,3.302,ok
prodds,10,A,Auto (default),4,query_61,explain,0.750,ok
prodds,10,A,Auto (default),4,query_61,prepare,2.137,ok
prodds,10,A,Auto (default),4,query_62,explain,1.492,ok
prodds,10,A,Auto (default),4,query_62,prepare,3.397,ok
prodds,10,A,Auto (default),4,query_63,explain,1.906,ok
prodds,10,A,Auto (default),4,query_63,prepare,4.039,ok
prodds,10,A,Auto (default),4,query_64,explain,0.870,ok
prodds,10,A,Auto (default),4,query_64,prepare,1.895,ok
prodds,10,A,Auto (default),4,query_65,explain,0.862,ok
prodds,10,A,Auto (default),4,query_65,prepare,1.899,ok
prodds,10,A,Auto (default),4,query_66,explain,4.740,ok
prodds,10,A,Auto (default),4,query_66,prepare,7.620,ok
prodds,10,A,Auto (default),4,query_67,explain,0.883,ok
prodds,10,A,Auto (default),4,query_67,prepare,1.797,ok
prodds,10,A,Auto (default),4,query_68,explain,2.847,ok
prodds,10,A,Auto (default),4,query_68,prepare,4.723,ok
prodds,10,A,Auto (default),4,query_69,explain,4.083,ok
prodds,10,A,Auto (default),4,query_69,prepare,8.768,ok
prodds,10,A,Auto (default),4,query_7,explain,1.091,ok
prodds,10,A,Auto (default),4,query_7,prepare,1.967,ok
prodds,10,A,Auto (default),4,query_70,explain,1.696,ok
prodds,10,A,Auto (default),4,query_70,prepare,4.841,ok
prodds,10,A,Auto (default),4,query_71,explain,1.244,ok
prodds,10,A,Auto (default),4,query_71,prepare,3.187,ok
prodds,10,A,Auto (default),4,query_73,explain,1.494,ok
prodds,10,A,Auto (default),4,query_73,prepare,2.871,ok
prodds,10,A,Auto (default),4,query_74,explain,2.233,ok
prodds,10,A,Auto (default),4,query_74,prepare,3.101,ok
prodds,10,A,Auto (default),4,query_75,explain,1.638,ok
prodds,10,A,Auto (default),4,query_75,prepare,3.258,ok
prodds,10,A,Auto (default),4,query_76,explain,1.130,ok
prodds,10,A,Auto (default),4,query_76,prepare,3.439,ok
prodds,10,A,Auto (default),4,query_77,explain,1.072,ok
prodds,10,A,Auto (default),4,query_77,prepare,2.524,ok
prodds,10,A,Auto (default),4,query_79,explain,1.347,ok
prodds,10,A,Auto (default),4,query_79,prepare,2.828,ok
prodds,10,A,Auto (default),4,query_8,explain,1.342,ok
prodds,10,A,Auto (default),4,query_8,prepare,2.961,ok
prodds,10,A,Auto (default),4,query_80,explain,0.920,ok
prodds,10,A,Auto (default),4,query_80,prepare,1.771,ok
prodds,10,A,Auto (default),4,query_81,explain,1.862,ok
prodds,10,A,Auto (default),4,query_81,prepare,3.759,ok
prodds,10,A,Auto (default),4,query_82,explain,0.647,ok
prodds,10,A,Auto (default),4,query_82,prepare,1.446,ok
prodds,10,A,Auto (default),4,query_83,explain,2.189,ok
prodds,10,A,Auto (default),4,query_83,prepare,4.547,ok
prodds,10,A,Auto (default),4,query_84,explain,1.375,ok
prodds,10,A,Auto (default),4,query_84,prepare,3.220,ok
prodds,10,A,Auto (default),4,query_85,explain,1.314,ok
prodds,10,A,Auto (default),4,query_85,prepare,3.007,ok
prodds,10,A,Auto (default),4,query_86,explain,1.071,ok
prodds,10,A,Auto (default),4,query_86,prepare,2.330,ok
prodds,10,A,Auto (default),4,query_87,explain,3.487,ok
prodds,10,A,Auto (default),4,query_87,prepare,5.531,ok
prodds,10,A,Auto (default),4,query_88,explain,1.345,ok
prodds,10,A,Auto (default),4,query_88,prepare,3.494,ok
prodds,10,A,Auto (default),4,query_89,explain,1.254,ok
prodds,10,A,Auto (default),4,query_89,prepare,2.864,ok
prodds,10,A,Auto (default),4,query_9,explain,1.954,ok
prodds,10,A,Auto (default),4,query_9,prepare,4.282,ok
prodds,10,A,Auto (default),4,query_91,explain,2.951,ok
prodds,10,A,Auto (default),4,query_91,prepare,3.946,ok
prodds,10,A,Auto (default),4,query_92,explain,1.976,ok
prodds,10,A,Auto (default),4,query_92,prepare,4.184,ok
prodds,10,A,Auto (default),4,query_93,explain,2.738,ok
prodds,10,A,Auto (default),4,query_93,prepare,7.057,ok
prodds,10,A,Auto (default),4,query_94,explain,1.302,ok
prodds,10,A,Auto (default),4,query_94,prepare,2.506,ok
prodds,10,A,Auto (default),4,query_95,explain,2.266,ok
prodds,10,A,Auto (default),4,query_95,prepare,4.849,ok
prodds,10,A,Auto (default),4,query_97,explain,2.147,ok
prodds,10,A,Auto (default),4,query_97,prepare,3.460,ok
prodds,10,A,Auto (default),4,query_98,explain,2.028,ok
prodds,10,A,Auto (default),4,query_98,prepare,5.922,ok
prodds,10,A,Auto (default),4,query_99,explain,1.207,ok
prodds,10,A,Auto (default),4,query_99,prepare,2.978,ok
prodds,10,A,Auto (default),4,query_join_J100,explain,17.440,ok
prodds,10,A,Auto (default),4,query_join_J100,prepare,33.176,ok
prodds,10,A,Auto (default),4,query_join_J200,explain,36.939,ok
prodds,10,A,Auto (default),4,query_join_J200,prepare,67.599,ok
prodds,10,A,Auto (default),4,query_join_J50,explain,12.145,ok
prodds,10,A,Auto (default),4,query_join_J50,prepare,20.628,ok
prodds,10,A,Auto (default),4,query_union_U10,explain,1.185,ok
prodds,10,A,Auto (default),4,query_union_U10,prepare,1.934,ok
prodds,10,A,Auto (default),4,query_union_U2,explain,0.721,ok
prodds,10,A,Auto (default),4,query_union_U2,prepare,1.179,ok
prodds,10,A,Auto (default),4,query_union_U20,explain,1.443,ok
prodds,10,A,Auto (default),4,query_union_U20,prepare,2.623,ok
prodds,10,A,Auto (default),4,query_union_U200,explain,10.343,ok
prodds,10,A,Auto (default),4,query_union_U200,prepare,18.832,ok
prodds,10,A,Auto (default),4,query_union_U5,explain,1.006,ok
prodds,10,A,Auto (default),4,query_union_U5,prepare,1.592,ok
prodds,10,A,Auto (default),5,__floor__,floor,0.219,ok
prodds,10,A,Auto (default),5,query_1,explain,0.973,ok
prodds,10,A,Auto (default),5,query_1,prepare,1.432,ok
prodds,10,A,Auto (default),5,query_10,explain,3.197,ok
prodds,10,A,Auto (default),5,query_10,prepare,9.586,ok
prodds,10,A,Auto (default),5,query_11,explain,1.133,ok
prodds,10,A,Auto (default),5,query_11,prepare,3.116,ok
prodds,10,A,Auto (default),5,query_12,explain,2.339,ok
prodds,10,A,Auto (default),5,query_12,prepare,7.256,ok
prodds,10,A,Auto (default),5,query_13,explain,2.402,ok
prodds,10,A,Auto (default),5,query_13,prepare,6.483,ok
prodds,10,A,Auto (default),5,query_14,explain,1.549,ok
prodds,10,A,Auto (default),5,query_14,prepare,3.660,ok
prodds,10,A,Auto (default),5,query_15,explain,1.909,ok
prodds,10,A,Auto (default),5,query_15,prepare,4.281,ok
prodds,10,A,Auto (default),5,query_17,explain,2.021,ok
prodds,10,A,Auto (default),5,query_17,prepare,4.500,ok
prodds,10,A,Auto (default),5,query_18,explain,2.491,ok
prodds,10,A,Auto (default),5,query_18,prepare,5.656,ok
prodds,10,A,Auto (default),5,query_2,explain,1.814,ok
prodds,10,A,Auto (default),5,query_2,prepare,4.583,ok
prodds,10,A,Auto (default),5,query_20,explain,8.405,ok
prodds,10,A,Auto (default),5,query_20,prepare,9.860,ok
prodds,10,A,Auto (default),5,query_21,explain,0.941,ok
prodds,10,A,Auto (default),5,query_21,prepare,2.585,ok
prodds,10,A,Auto (default),5,query_22,explain,1.998,ok
prodds,10,A,Auto (default),5,query_22,prepare,4.317,ok
prodds,10,A,Auto (default),5,query_23,explain,2.076,ok
prodds,10,A,Auto (default),5,query_23,prepare,4.533,ok
prodds,10,A,Auto (default),5,query_24,explain,1.225,ok
prodds,10,A,Auto (default),5,query_24,prepare,2.480,ok
prodds,10,A,Auto (default),5,query_25,explain,1.352,ok
prodds,10,A,Auto (default),5,query_25,prepare,2.387,ok
prodds,10,A,Auto (default),5,query_26,explain,2.321,ok
prodds,10,A,Auto (default),5,query_26,prepare,5.288,ok
prodds,10,A,Auto (default),5,query_27,explain,1.149,ok
prodds,10,A,Auto (default),5,query_27,prepare,2.614,ok
prodds,10,A,Auto (default),5,query_28,explain,1.535,ok
prodds,10,A,Auto (default),5,query_28,prepare,3.555,ok
prodds,10,A,Auto (default),5,query_3,explain,2.864,ok
prodds,10,A,Auto (default),5,query_3,prepare,6.968,ok
prodds,10,A,Auto (default),5,query_30,explain,1.979,ok
prodds,10,A,Auto (default),5,query_30,prepare,4.684,ok
prodds,10,A,Auto (default),5,query_31,explain,1.043,ok
prodds,10,A,Auto (default),5,query_31,prepare,2.766,ok
prodds,10,A,Auto (default),5,query_32,explain,0.882,ok
prodds,10,A,Auto (default),5,query_32,prepare,2.530,ok
prodds,10,A,Auto (default),5,query_33,explain,2.670,ok
prodds,10,A,Auto (default),5,query_33,prepare,4.581,ok
prodds,10,A,Auto (default),5,query_35,explain,0.803,ok
prodds,10,A,Auto (default),5,query_35,prepare,2.942,ok
prodds,10,A,Auto (default),5,query_36,explain,2.428,ok
prodds,10,A,Auto (default),5,query_36,prepare,5.003,ok
prodds,10,A,Auto (default),5,query_37,explain,1.180,ok
prodds,10,A,Auto (default),5,query_37,prepare,3.264,ok
prodds,10,A,Auto (default),5,query_39,explain,2.275,ok
prodds,10,A,Auto (default),5,query_39,prepare,5.334,ok
prodds,10,A,Auto (default),5,query_4,explain,1.436,ok
prodds,10,A,Auto (default),5,query_4,prepare,3.157,ok
prodds,10,A,Auto (default),5,query_40,explain,1.328,ok
prodds,10,A,Auto (default),5,query_40,prepare,2.243,ok
prodds,10,A,Auto (default),5,query_41,explain,2.766,ok
prodds,10,A,Auto (default),5,query_41,prepare,7.003,ok
prodds,10,A,Auto (default),5,query_42,explain,1.928,ok
prodds,10,A,Auto (default),5,query_42,prepare,5.407,ok
prodds,10,A,Auto (default),5,query_43,explain,2.171,ok
prodds,10,A,Auto (default),5,query_43,prepare,3.662,ok
prodds,10,A,Auto (default),5,query_44,explain,1.076,ok
prodds,10,A,Auto (default),5,query_44,prepare,1.904,ok
prodds,10,A,Auto (default),5,query_45,explain,0.844,ok
prodds,10,A,Auto (default),5,query_45,prepare,2.166,ok
prodds,10,A,Auto (default),5,query_46,explain,0.922,ok
prodds,10,A,Auto (default),5,query_46,prepare,4.056,ok
prodds,10,A,Auto (default),5,query_47,explain,2.031,ok
prodds,10,A,Auto (default),5,query_47,prepare,4.518,ok
prodds,10,A,Auto (default),5,query_48,explain,2.215,ok
prodds,10,A,Auto (default),5,query_48,prepare,5.804,ok
prodds,10,A,Auto (default),5,query_49,explain,2.014,ok
prodds,10,A,Auto (default),5,query_49,prepare,3.318,ok
prodds,10,A,Auto (default),5,query_5,explain,0.976,ok
prodds,10,A,Auto (default),5,query_5,prepare,2.272,ok
prodds,10,A,Auto (default),5,query_50,explain,2.022,ok
prodds,10,A,Auto (default),5,query_50,prepare,3.993,ok
prodds,10,A,Auto (default),5,query_51,explain,1.987,ok
prodds,10,A,Auto (default),5,query_51,prepare,4.697,ok
prodds,10,A,Auto (default),5,query_52,explain,0.665,ok
prodds,10,A,Auto (default),5,query_52,prepare,1.622,ok
prodds,10,A,Auto (default),5,query_53,explain,1.834,ok
prodds,10,A,Auto (default),5,query_53,prepare,3.232,ok
prodds,10,A,Auto (default),5,query_54,explain,1.051,ok
prodds,10,A,Auto (default),5,query_54,prepare,2.447,ok
prodds,10,A,Auto (default),5,query_55,explain,0.512,ok
prodds,10,A,Auto (default),5,query_55,prepare,1.848,ok
prodds,10,A,Auto (default),5,query_56,explain,1.048,ok
prodds,10,A,Auto (default),5,query_56,prepare,3.264,ok
prodds,10,A,Auto (default),5,query_57,explain,1.397,ok
prodds,10,A,Auto (default),5,query_57,prepare,2.864,ok
prodds,10,A,Auto (default),5,query_58,explain,1.448,ok
prodds,10,A,Auto (default),5,query_58,prepare,2.888,ok
prodds,10,A,Auto (default),5,query_59,explain,0.909,ok
prodds,10,A,Auto (default),5,query_59,prepare,2.480,ok
prodds,10,A,Auto (default),5,query_6,explain,2.947,ok
prodds,10,A,Auto (default),5,query_6,prepare,7.248,ok
prodds,10,A,Auto (default),5,query_60,explain,1.378,ok
prodds,10,A,Auto (default),5,query_60,prepare,3.231,ok
prodds,10,A,Auto (default),5,query_61,explain,0.730,ok
prodds,10,A,Auto (default),5,query_61,prepare,2.126,ok
prodds,10,A,Auto (default),5,query_62,explain,1.469,ok
prodds,10,A,Auto (default),5,query_62,prepare,3.341,ok
prodds,10,A,Auto (default),5,query_63,explain,1.927,ok
prodds,10,A,Auto (default),5,query_63,prepare,4.055,ok
prodds,10,A,Auto (default),5,query_64,explain,0.875,ok
prodds,10,A,Auto (default),5,query_64,prepare,1.876,ok
prodds,10,A,Auto (default),5,query_65,explain,0.844,ok
prodds,10,A,Auto (default),5,query_65,prepare,1.891,ok
prodds,10,A,Auto (default),5,query_66,explain,4.638,ok
prodds,10,A,Auto (default),5,query_66,prepare,7.451,ok
prodds,10,A,Auto (default),5,query_67,explain,0.896,ok
prodds,10,A,Auto (default),5,query_67,prepare,1.793,ok
prodds,10,A,Auto (default),5,query_68,explain,2.885,ok
prodds,10,A,Auto (default),5,query_68,prepare,4.648,ok
prodds,10,A,Auto (default),5,query_69,explain,4.112,ok
prodds,10,A,Auto (default),5,query_69,prepare,8.703,ok
prodds,10,A,Auto (default),5,query_7,explain,1.094,ok
prodds,10,A,Auto (default),5,query_7,prepare,2.002,ok
prodds,10,A,Auto (default),5,query_70,explain,1.681,ok
prodds,10,A,Auto (default),5,query_70,prepare,4.772,ok
prodds,10,A,Auto (default),5,query_71,explain,1.260,ok
prodds,10,A,Auto (default),5,query_71,prepare,3.161,ok
prodds,10,A,Auto (default),5,query_73,explain,1.516,ok
prodds,10,A,Auto (default),5,query_73,prepare,2.872,ok
prodds,10,A,Auto (default),5,query_74,explain,2.104,ok
prodds,10,A,Auto (default),5,query_74,prepare,3.009,ok
prodds,10,A,Auto (default),5,query_75,explain,1.643,ok
prodds,10,A,Auto (default),5,query_75,prepare,3.255,ok
prodds,10,A,Auto (default),5,query_76,explain,1.132,ok
prodds,10,A,Auto (default),5,query_76,prepare,3.141,ok
prodds,10,A,Auto (default),5,query_77,explain,1.071,ok
prodds,10,A,Auto (default),5,query_77,prepare,2.475,ok
prodds,10,A,Auto (default),5,query_79,explain,1.364,ok
prodds,10,A,Auto (default),5,query_79,prepare,2.835,ok
prodds,10,A,Auto (default),5,query_8,explain,1.349,ok
prodds,10,A,Auto (default),5,query_8,prepare,2.947,ok
prodds,10,A,Auto (default),5,query_80,explain,0.928,ok
prodds,10,A,Auto (default),5,query_80,prepare,1.771,ok
prodds,10,A,Auto (default),5,query_81,explain,1.865,ok
prodds,10,A,Auto (default),5,query_81,prepare,3.710,ok
prodds,10,A,Auto (default),5,query_82,explain,0.659,ok
prodds,10,A,Auto (default),5,query_82,prepare,1.421,ok
prodds,10,A,Auto (default),5,query_83,explain,2.208,ok
prodds,10,A,Auto (default),5,query_83,prepare,4.565,ok
prodds,10,A,Auto (default),5,query_84,explain,1.390,ok
prodds,10,A,Auto (default),5,query_84,prepare,3.175,ok
prodds,10,A,Auto (default),5,query_85,explain,1.326,ok
prodds,10,A,Auto (default),5,query_85,prepare,2.985,ok
prodds,10,A,Auto (default),5,query_86,explain,1.075,ok
prodds,10,A,Auto (default),5,query_86,prepare,2.330,ok
prodds,10,A,Auto (default),5,query_87,explain,3.397,ok
prodds,10,A,Auto (default),5,query_87,prepare,5.448,ok
prodds,10,A,Auto (default),5,query_88,explain,1.343,ok
prodds,10,A,Auto (default),5,query_88,prepare,3.484,ok
prodds,10,A,Auto (default),5,query_89,explain,1.257,ok
prodds,10,A,Auto (default),5,query_89,prepare,2.857,ok
prodds,10,A,Auto (default),5,query_9,explain,1.957,ok
prodds,10,A,Auto (default),5,query_9,prepare,4.281,ok
prodds,10,A,Auto (default),5,query_91,explain,2.989,ok
prodds,10,A,Auto (default),5,query_91,prepare,3.928,ok
prodds,10,A,Auto (default),5,query_92,explain,1.983,ok
prodds,10,A,Auto (default),5,query_92,prepare,4.178,ok
prodds,10,A,Auto (default),5,query_93,explain,2.744,ok
prodds,10,A,Auto (default),5,query_93,prepare,6.972,ok
prodds,10,A,Auto (default),5,query_94,explain,1.319,ok
prodds,10,A,Auto (default),5,query_94,prepare,2.508,ok
prodds,10,A,Auto (default),5,query_95,explain,2.276,ok
prodds,10,A,Auto (default),5,query_95,prepare,4.883,ok
prodds,10,A,Auto (default),5,query_97,explain,2.186,ok
prodds,10,A,Auto (default),5,query_97,prepare,3.463,ok
prodds,10,A,Auto (default),5,query_98,explain,2.014,ok
prodds,10,A,Auto (default),5,query_98,prepare,5.525,ok
prodds,10,A,Auto (default),5,query_99,explain,1.216,ok
prodds,10,A,Auto (default),5,query_99,prepare,3.009,ok
prodds,10,A,Auto (default),5,query_join_J100,explain,17.498,ok
prodds,10,A,Auto (default),5,query_join_J100,prepare,32.918,ok
prodds,10,A,Auto (default),5,query_join_J200,explain,35.828,ok
prodds,10,A,Auto (default),5,query_join_J200,prepare,65.903,ok
prodds,10,A,Auto (default),5,query_join_J50,explain,12.096,ok
prodds,10,A,Auto (default),5,query_join_J50,prepare,20.778,ok
prodds,10,A,Auto (default),5,query_union_U10,explain,1.196,ok
prodds,10,A,Auto (default),5,query_union_U10,prepare,1.940,ok
prodds,10,A,Auto (default),5,query_union_U2,explain,0.725,ok
prodds,10,A,Auto (default),5,query_union_U2,prepare,1.183,ok
prodds,10,A,Auto (default),5,query_union_U20,explain,1.471,ok
prodds,10,A,Auto (default),5,query_union_U20,prepare,2.639,ok
prodds,10,A,Auto (default),5,query_union_U200,explain,10.303,ok
prodds,10,A,Auto (default),5,query_union_U200,prepare,18.446,ok
prodds,10,A,Auto (default),5,query_union_U5,explain,1.017,ok
prodds,10,A,Auto (default),5,query_union_U5,prepare,1.621,ok
prodds,10,c,Cheap,1,__floor__,floor,1.642,ok
prodds,10,c,Cheap,1,query_1,explain,2.767,ok
prodds,10,c,Cheap,1,query_1,prepare,15.829,ok
prodds,10,c,Cheap,1,query_10,explain,8.142,ok
prodds,10,c,Cheap,1,query_10,prepare,51.511,ok
prodds,10,c,Cheap,1,query_11,explain,2.247,ok
prodds,10,c,Cheap,1,query_11,prepare,18.697,ok
prodds,10,c,Cheap,1,query_12,explain,2.678,ok
prodds,10,c,Cheap,1,query_12,prepare,31.819,ok
prodds,10,c,Cheap,1,query_13,explain,3.203,ok
prodds,10,c,Cheap,1,query_13,prepare,18.123,ok
prodds,10,c,Cheap,1,query_14,explain,2.097,ok
prodds,10,c,Cheap,1,query_14,prepare,13.358,ok
prodds,10,c,Cheap,1,query_15,explain,2.292,ok
prodds,10,c,Cheap,1,query_15,prepare,15.281,ok
prodds,10,c,Cheap,1,query_17,explain,2.576,ok
prodds,10,c,Cheap,1,query_17,prepare,17.529,ok
prodds,10,c,Cheap,1,query_18,explain,2.880,ok
prodds,10,c,Cheap,1,query_18,prepare,23.316,ok
prodds,10,c,Cheap,1,query_2,explain,2.481,ok
prodds,10,c,Cheap,1,query_2,prepare,20.937,ok
prodds,10,c,Cheap,1,query_20,explain,7.959,ok
prodds,10,c,Cheap,1,query_20,prepare,50.876,ok
prodds,10,c,Cheap,1,query_21,explain,2.634,ok
prodds,10,c,Cheap,1,query_21,prepare,23.388,ok
prodds,10,c,Cheap,1,query_22,explain,3.468,ok
prodds,10,c,Cheap,1,query_22,prepare,30.662,ok
prodds,10,c,Cheap,1,query_23,explain,3.616,ok
prodds,10,c,Cheap,1,query_23,prepare,33.950,ok
prodds,10,c,Cheap,1,query_24,explain,2.699,ok
prodds,10,c,Cheap,1,query_24,prepare,18.120,ok
prodds,10,c,Cheap,1,query_25,explain,2.836,ok
prodds,10,c,Cheap,1,query_25,prepare,12.962,ok
prodds,10,c,Cheap,1,query_26,explain,3.743,ok
prodds,10,c,Cheap,1,query_26,prepare,43.783,ok
prodds,10,c,Cheap,1,query_27,explain,2.705,ok
prodds,10,c,Cheap,1,query_27,prepare,19.255,ok
prodds,10,c,Cheap,1,query_28,explain,2.988,ok
prodds,10,c,Cheap,1,query_28,prepare,29.206,ok
prodds,10,c,Cheap,1,query_3,explain,4.357,ok
prodds,10,c,Cheap,1,query_3,prepare,60.552,ok
prodds,10,c,Cheap,1,query_30,explain,3.687,ok
prodds,10,c,Cheap,1,query_30,prepare,35.627,ok
prodds,10,c,Cheap,1,query_31,explain,2.598,ok
prodds,10,c,Cheap,1,query_31,prepare,24.391,ok
prodds,10,c,Cheap,1,query_32,explain,2.359,ok
prodds,10,c,Cheap,1,query_32,prepare,24.924,ok
prodds,10,c,Cheap,1,query_33,explain,4.240,ok
prodds,10,c,Cheap,1,query_33,prepare,26.250,ok
prodds,10,c,Cheap,1,query_35,explain,2.221,ok
prodds,10,c,Cheap,1,query_35,prepare,29.272,ok
prodds,10,c,Cheap,1,query_36,explain,3.960,ok
prodds,10,c,Cheap,1,query_36,prepare,33.371,ok
prodds,10,c,Cheap,1,query_37,explain,2.688,ok
prodds,10,c,Cheap,1,query_37,prepare,33.623,ok
prodds,10,c,Cheap,1,query_39,explain,3.824,ok
prodds,10,c,Cheap,1,query_39,prepare,41.229,ok
prodds,10,c,Cheap,1,query_4,explain,3.009,ok
prodds,10,c,Cheap,1,query_4,prepare,27.310,ok
prodds,10,c,Cheap,1,query_40,explain,2.785,ok
prodds,10,c,Cheap,1,query_40,prepare,13.655,ok
prodds,10,c,Cheap,1,query_41,explain,4.225,ok
prodds,10,c,Cheap,1,query_41,prepare,41.726,ok
prodds,10,c,Cheap,1,query_42,explain,3.526,ok
prodds,10,c,Cheap,1,query_42,prepare,42.736,ok
prodds,10,c,Cheap,1,query_43,explain,3.772,ok
prodds,10,c,Cheap,1,query_43,prepare,23.002,ok
prodds,10,c,Cheap,1,query_44,explain,2.561,ok
prodds,10,c,Cheap,1,query_44,prepare,12.025,ok
prodds,10,c,Cheap,1,query_45,explain,2.329,ok
prodds,10,c,Cheap,1,query_45,prepare,16.868,ok
prodds,10,c,Cheap,1,query_46,explain,2.357,ok
prodds,10,c,Cheap,1,query_46,prepare,35.247,ok
prodds,10,c,Cheap,1,query_47,explain,3.634,ok
prodds,10,c,Cheap,1,query_47,prepare,35.095,ok
prodds,10,c,Cheap,1,query_48,explain,3.806,ok
prodds,10,c,Cheap,1,query_48,prepare,55.637,ok
prodds,10,c,Cheap,1,query_49,explain,3.593,ok
prodds,10,c,Cheap,1,query_49,prepare,23.569,ok
prodds,10,c,Cheap,1,query_5,explain,2.421,ok
prodds,10,c,Cheap,1,query_5,prepare,16.888,ok
prodds,10,c,Cheap,1,query_50,explain,3.462,ok
prodds,10,c,Cheap,1,query_50,prepare,27.580,ok
prodds,10,c,Cheap,1,query_51,explain,3.655,ok
prodds,10,c,Cheap,1,query_51,prepare,37.415,ok
prodds,10,c,Cheap,1,query_52,explain,2.123,ok
prodds,10,c,Cheap,1,query_52,prepare,12.208,ok
prodds,10,c,Cheap,1,query_53,explain,3.249,ok
prodds,10,c,Cheap,1,query_53,prepare,19.713,ok
prodds,10,c,Cheap,1,query_54,explain,2.453,ok
prodds,10,c,Cheap,1,query_54,prepare,19.273,ok
prodds,10,c,Cheap,1,query_55,explain,1.906,ok
prodds,10,c,Cheap,1,query_55,prepare,21.708,ok
prodds,10,c,Cheap,1,query_56,explain,2.549,ok
prodds,10,c,Cheap,1,query_56,prepare,31.925,ok
prodds,10,c,Cheap,1,query_57,explain,2.993,ok
prodds,10,c,Cheap,1,query_57,prepare,19.360,ok
prodds,10,c,Cheap,1,query_58,explain,2.946,ok
prodds,10,c,Cheap,1,query_58,prepare,18.361,ok
prodds,10,c,Cheap,1,query_59,explain,2.337,ok
prodds,10,c,Cheap,1,query_59,prepare,18.836,ok
prodds,10,c,Cheap,1,query_6,explain,4.491,ok
prodds,10,c,Cheap,1,query_6,prepare,55.104,ok
prodds,10,c,Cheap,1,query_60,explain,3.045,ok
prodds,10,c,Cheap,1,query_60,prepare,26.741,ok
prodds,10,c,Cheap,1,query_61,explain,2.211,ok
prodds,10,c,Cheap,1,query_61,prepare,18.124,ok
prodds,10,c,Cheap,1,query_62,explain,2.988,ok
prodds,10,c,Cheap,1,query_62,prepare,29.754,ok
prodds,10,c,Cheap,1,query_63,explain,3.461,ok
prodds,10,c,Cheap,1,query_63,prepare,28.901,ok
prodds,10,c,Cheap,1,query_64,explain,2.354,ok
prodds,10,c,Cheap,1,query_64,prepare,14.685,ok
prodds,10,c,Cheap,1,query_65,explain,2.276,ok
prodds,10,c,Cheap,1,query_65,prepare,14.608,ok
prodds,10,c,Cheap,1,query_66,explain,6.146,ok
prodds,10,c,Cheap,1,query_66,prepare,42.165,ok
prodds,10,c,Cheap,1,query_67,explain,2.401,ok
prodds,10,c,Cheap,1,query_67,prepare,13.706,ok
prodds,10,c,Cheap,1,query_68,explain,4.358,ok
prodds,10,c,Cheap,1,query_68,prepare,25.559,ok
prodds,10,c,Cheap,1,query_69,explain,5.596,ok
prodds,10,c,Cheap,1,query_69,prepare,65.897,ok
prodds,10,c,Cheap,1,query_7,explain,2.730,ok
prodds,10,c,Cheap,1,query_7,prepare,13.258,ok
prodds,10,c,Cheap,1,query_70,explain,3.207,ok
prodds,10,c,Cheap,1,query_70,prepare,43.100,ok
prodds,10,c,Cheap,1,query_71,explain,2.787,ok
prodds,10,c,Cheap,1,query_71,prepare,26.560,ok
prodds,10,c,Cheap,1,query_73,explain,3.036,ok
prodds,10,c,Cheap,1,query_73,prepare,18.294,ok
prodds,10,c,Cheap,1,query_74,explain,3.743,ok
prodds,10,c,Cheap,1,query_74,prepare,11.357,ok
prodds,10,c,Cheap,1,query_75,explain,3.099,ok
prodds,10,c,Cheap,1,query_75,prepare,23.502,ok
prodds,10,c,Cheap,1,query_76,explain,2.551,ok
prodds,10,c,Cheap,1,query_76,prepare,27.954,ok
prodds,10,c,Cheap,1,query_77,explain,2.460,ok
prodds,10,c,Cheap,1,query_77,prepare,19.241,ok
prodds,10,c,Cheap,1,query_79,explain,2.818,ok
prodds,10,c,Cheap,1,query_79,prepare,19.864,ok
prodds,10,c,Cheap,1,query_8,explain,2.744,ok
prodds,10,c,Cheap,1,query_8,prepare,22.752,ok
prodds,10,c,Cheap,1,query_80,explain,2.360,ok
prodds,10,c,Cheap,1,query_80,prepare,12.336,ok
prodds,10,c,Cheap,1,query_81,explain,3.323,ok
prodds,10,c,Cheap,1,query_81,prepare,23.159,ok
prodds,10,c,Cheap,1,query_82,explain,2.030,ok
prodds,10,c,Cheap,1,query_82,prepare,10.967,ok
prodds,10,c,Cheap,1,query_83,explain,3.623,ok
prodds,10,c,Cheap,1,query_83,prepare,33.045,ok
prodds,10,c,Cheap,1,query_84,explain,2.829,ok
prodds,10,c,Cheap,1,query_84,prepare,21.341,ok
prodds,10,c,Cheap,1,query_85,explain,2.823,ok
prodds,10,c,Cheap,1,query_85,prepare,21.857,ok
prodds,10,c,Cheap,1,query_86,explain,2.512,ok
prodds,10,c,Cheap,1,query_86,prepare,17.198,ok
prodds,10,c,Cheap,1,query_87,explain,4.844,ok
prodds,10,c,Cheap,1,query_87,prepare,27.768,ok
prodds,10,c,Cheap,1,query_88,explain,2.811,ok
prodds,10,c,Cheap,1,query_88,prepare,29.047,ok
prodds,10,c,Cheap,1,query_89,explain,2.735,ok
prodds,10,c,Cheap,1,query_89,prepare,20.588,ok
prodds,10,c,Cheap,1,query_9,explain,3.424,ok
prodds,10,c,Cheap,1,query_9,prepare,32.746,ok
prodds,10,c,Cheap,1,query_91,explain,4.559,ok
prodds,10,c,Cheap,1,query_91,prepare,12.359,ok
prodds,10,c,Cheap,1,query_92,explain,3.441,ok
prodds,10,c,Cheap,1,query_92,prepare,30.489,ok
prodds,10,c,Cheap,1,query_93,explain,4.278,ok
prodds,10,c,Cheap,1,query_93,prepare,66.542,ok
prodds,10,c,Cheap,1,query_94,explain,2.934,ok
prodds,10,c,Cheap,1,query_94,prepare,18.389,ok
prodds,10,c,Cheap,1,query_95,explain,3.847,ok
prodds,10,c,Cheap,1,query_95,prepare,34.286,ok
prodds,10,c,Cheap,1,query_97,explain,3.702,ok
prodds,10,c,Cheap,1,query_97,prepare,17.659,ok
prodds,10,c,Cheap,1,query_98,explain,3.477,ok
prodds,10,c,Cheap,1,query_98,prepare,50.751,ok
prodds,10,c,Cheap,1,query_99,explain,2.729,ok
prodds,10,c,Cheap,1,query_99,prepare,24.830,ok
prodds,10,c,Cheap,1,query_join_J100,explain,18.921,ok
prodds,10,c,Cheap,1,query_join_J100,prepare,230.756,ok
prodds,10,c,Cheap,1,query_join_J200,explain,38.607,ok
prodds,10,c,Cheap,1,query_join_J200,prepare,449.600,ok
prodds,10,c,Cheap,1,query_join_J50,explain,14.422,ok
prodds,10,c,Cheap,1,query_join_J50,prepare,134.085,ok
prodds,10,c,Cheap,1,query_union_U10,explain,3.285,ok
prodds,10,c,Cheap,1,query_union_U10,prepare,12.475,ok
prodds,10,c,Cheap,1,query_union_U2,explain,2.140,ok
prodds,10,c,Cheap,1,query_union_U2,prepare,7.657,ok
prodds,10,c,Cheap,1,query_union_U20,explain,2.886,ok
prodds,10,c,Cheap,1,query_union_U20,prepare,17.210,ok
prodds,10,c,Cheap,1,query_union_U200,explain,12.628,ok
prodds,10,c,Cheap,1,query_union_U200,prepare,113.123,ok
prodds,10,c,Cheap,1,query_union_U5,explain,3.185,ok
prodds,10,c,Cheap,1,query_union_U5,prepare,10.018,ok
prodds,10,c,Cheap,2,__floor__,floor,1.909,ok
prodds,10,c,Cheap,2,query_1,explain,3.793,ok
prodds,10,c,Cheap,2,query_1,prepare,21.458,ok
prodds,10,c,Cheap,2,query_10,explain,7.280,ok
prodds,10,c,Cheap,2,query_10,prepare,53.193,ok
prodds,10,c,Cheap,2,query_11,explain,2.241,ok
prodds,10,c,Cheap,2,query_11,prepare,18.718,ok
prodds,10,c,Cheap,2,query_12,explain,2.607,ok
prodds,10,c,Cheap,2,query_12,prepare,31.284,ok
prodds,10,c,Cheap,2,query_13,explain,3.174,ok
prodds,10,c,Cheap,2,query_13,prepare,18.071,ok
prodds,10,c,Cheap,2,query_14,explain,2.086,ok
prodds,10,c,Cheap,2,query_14,prepare,13.303,ok
prodds,10,c,Cheap,2,query_15,explain,2.257,ok
prodds,10,c,Cheap,2,query_15,prepare,15.204,ok
prodds,10,c,Cheap,2,query_17,explain,2.578,ok
prodds,10,c,Cheap,2,query_17,prepare,17.484,ok
prodds,10,c,Cheap,2,query_18,explain,2.865,ok
prodds,10,c,Cheap,2,query_18,prepare,23.190,ok
prodds,10,c,Cheap,2,query_2,explain,2.492,ok
prodds,10,c,Cheap,2,query_2,prepare,20.871,ok
prodds,10,c,Cheap,2,query_20,explain,7.932,ok
prodds,10,c,Cheap,2,query_20,prepare,50.260,ok
prodds,10,c,Cheap,2,query_21,explain,2.598,ok
prodds,10,c,Cheap,2,query_21,prepare,23.328,ok
prodds,10,c,Cheap,2,query_22,explain,3.450,ok
prodds,10,c,Cheap,2,query_22,prepare,30.657,ok
prodds,10,c,Cheap,2,query_23,explain,3.743,ok
prodds,10,c,Cheap,2,query_23,prepare,33.920,ok
prodds,10,c,Cheap,2,query_24,explain,2.678,ok
prodds,10,c,Cheap,2,query_24,prepare,18.051,ok
prodds,10,c,Cheap,2,query_25,explain,2.819,ok
prodds,10,c,Cheap,2,query_25,prepare,12.985,ok
prodds,10,c,Cheap,2,query_26,explain,3.730,ok
prodds,10,c,Cheap,2,query_26,prepare,43.657,ok
prodds,10,c,Cheap,2,query_27,explain,2.706,ok
prodds,10,c,Cheap,2,query_27,prepare,19.282,ok
prodds,10,c,Cheap,2,query_28,explain,2.985,ok
prodds,10,c,Cheap,2,query_28,prepare,29.200,ok
prodds,10,c,Cheap,2,query_3,explain,4.352,ok
prodds,10,c,Cheap,2,query_3,prepare,60.421,ok
prodds,10,c,Cheap,2,query_30,explain,3.707,ok
prodds,10,c,Cheap,2,query_30,prepare,37.744,ok
prodds,10,c,Cheap,2,query_31,explain,3.008,ok
prodds,10,c,Cheap,2,query_31,prepare,24.526,ok
prodds,10,c,Cheap,2,query_32,explain,2.383,ok
prodds,10,c,Cheap,2,query_32,prepare,24.932,ok
prodds,10,c,Cheap,2,query_33,explain,4.238,ok
prodds,10,c,Cheap,2,query_33,prepare,26.574,ok
prodds,10,c,Cheap,2,query_35,explain,2.252,ok
prodds,10,c,Cheap,2,query_35,prepare,29.307,ok
prodds,10,c,Cheap,2,query_36,explain,3.977,ok
prodds,10,c,Cheap,2,query_36,prepare,33.058,ok
prodds,10,c,Cheap,2,query_37,explain,2.679,ok
prodds,10,c,Cheap,2,query_37,prepare,33.524,ok
prodds,10,c,Cheap,2,query_39,explain,3.930,ok
prodds,10,c,Cheap,2,query_39,prepare,40.989,ok
prodds,10,c,Cheap,2,query_4,explain,3.027,ok
prodds,10,c,Cheap,2,query_4,prepare,27.119,ok
prodds,10,c,Cheap,2,query_40,explain,2.797,ok
prodds,10,c,Cheap,2,query_40,prepare,13.629,ok
prodds,10,c,Cheap,2,query_41,explain,4.282,ok
prodds,10,c,Cheap,2,query_41,prepare,41.159,ok
prodds,10,c,Cheap,2,query_42,explain,3.547,ok
prodds,10,c,Cheap,2,query_42,prepare,43.065,ok
prodds,10,c,Cheap,2,query_43,explain,3.735,ok
prodds,10,c,Cheap,2,query_43,prepare,22.951,ok
prodds,10,c,Cheap,2,query_44,explain,2.532,ok
prodds,10,c,Cheap,2,query_44,prepare,12.012,ok
prodds,10,c,Cheap,2,query_45,explain,2.316,ok
prodds,10,c,Cheap,2,query_45,prepare,16.808,ok
prodds,10,c,Cheap,2,query_46,explain,2.341,ok
prodds,10,c,Cheap,2,query_46,prepare,35.330,ok
prodds,10,c,Cheap,2,query_47,explain,3.628,ok
prodds,10,c,Cheap,2,query_47,prepare,35.450,ok
prodds,10,c,Cheap,2,query_48,explain,3.824,ok
prodds,10,c,Cheap,2,query_48,prepare,55.445,ok
prodds,10,c,Cheap,2,query_49,explain,3.587,ok
prodds,10,c,Cheap,2,query_49,prepare,23.602,ok
prodds,10,c,Cheap,2,query_5,explain,2.412,ok
prodds,10,c,Cheap,2,query_5,prepare,16.825,ok
prodds,10,c,Cheap,2,query_50,explain,3.458,ok
prodds,10,c,Cheap,2,query_50,prepare,27.589,ok
prodds,10,c,Cheap,2,query_51,explain,3.488,ok
prodds,10,c,Cheap,2,query_51,prepare,37.449,ok
prodds,10,c,Cheap,2,query_52,explain,2.134,ok
prodds,10,c,Cheap,2,query_52,prepare,12.237,ok
prodds,10,c,Cheap,2,query_53,explain,3.262,ok
prodds,10,c,Cheap,2,query_53,prepare,19.657,ok
prodds,10,c,Cheap,2,query_54,explain,2.463,ok
prodds,10,c,Cheap,2,query_54,prepare,19.350,ok
prodds,10,c,Cheap,2,query_55,explain,1.901,ok
prodds,10,c,Cheap,2,query_55,prepare,21.785,ok
prodds,10,c,Cheap,2,query_56,explain,2.577,ok
prodds,10,c,Cheap,2,query_56,prepare,31.956,ok
prodds,10,c,Cheap,2,query_57,explain,2.954,ok
prodds,10,c,Cheap,2,query_57,prepare,19.371,ok
prodds,10,c,Cheap,2,query_58,explain,2.913,ok
prodds,10,c,Cheap,2,query_58,prepare,18.407,ok
prodds,10,c,Cheap,2,query_59,explain,2.317,ok
prodds,10,c,Cheap,2,query_59,prepare,18.759,ok
prodds,10,c,Cheap,2,query_6,explain,4.499,ok
prodds,10,c,Cheap,2,query_6,prepare,54.788,ok
prodds,10,c,Cheap,2,query_60,explain,3.057,ok
prodds,10,c,Cheap,2,query_60,prepare,26.732,ok
prodds,10,c,Cheap,2,query_61,explain,2.211,ok
prodds,10,c,Cheap,2,query_61,prepare,18.075,ok
prodds,10,c,Cheap,2,query_62,explain,2.963,ok
prodds,10,c,Cheap,2,query_62,prepare,30.021,ok
prodds,10,c,Cheap,2,query_63,explain,3.499,ok
prodds,10,c,Cheap,2,query_63,prepare,28.855,ok
prodds,10,c,Cheap,2,query_64,explain,2.381,ok
prodds,10,c,Cheap,2,query_64,prepare,14.824,ok
prodds,10,c,Cheap,2,query_65,explain,2.281,ok
prodds,10,c,Cheap,2,query_65,prepare,14.595,ok
prodds,10,c,Cheap,2,query_66,explain,6.138,ok
prodds,10,c,Cheap,2,query_66,prepare,41.985,ok
prodds,10,c,Cheap,2,query_67,explain,2.437,ok
prodds,10,c,Cheap,2,query_67,prepare,13.736,ok
prodds,10,c,Cheap,2,query_68,explain,4.344,ok
prodds,10,c,Cheap,2,query_68,prepare,25.564,ok
prodds,10,c,Cheap,2,query_69,explain,5.601,ok
prodds,10,c,Cheap,2,query_69,prepare,65.707,ok
prodds,10,c,Cheap,2,query_7,explain,2.739,ok
prodds,10,c,Cheap,2,query_7,prepare,13.231,ok
prodds,10,c,Cheap,2,query_70,explain,3.206,ok
prodds,10,c,Cheap,2,query_70,prepare,43.036,ok
prodds,10,c,Cheap,2,query_71,explain,2.804,ok
prodds,10,c,Cheap,2,query_71,prepare,26.528,ok
prodds,10,c,Cheap,2,query_73,explain,3.085,ok
prodds,10,c,Cheap,2,query_73,prepare,18.242,ok
prodds,10,c,Cheap,2,query_74,explain,3.720,ok
prodds,10,c,Cheap,2,query_74,prepare,11.505,ok
prodds,10,c,Cheap,2,query_75,explain,3.074,ok
prodds,10,c,Cheap,2,query_75,prepare,23.572,ok
prodds,10,c,Cheap,2,query_76,explain,2.545,ok
prodds,10,c,Cheap,2,query_76,prepare,28.013,ok
prodds,10,c,Cheap,2,query_77,explain,2.452,ok
prodds,10,c,Cheap,2,query_77,prepare,19.293,ok
prodds,10,c,Cheap,2,query_79,explain,2.800,ok
prodds,10,c,Cheap,2,query_79,prepare,19.865,ok
prodds,10,c,Cheap,2,query_8,explain,2.733,ok
prodds,10,c,Cheap,2,query_8,prepare,22.740,ok
prodds,10,c,Cheap,2,query_80,explain,2.301,ok
prodds,10,c,Cheap,2,query_80,prepare,12.320,ok
prodds,10,c,Cheap,2,query_81,explain,3.300,ok
prodds,10,c,Cheap,2,query_81,prepare,23.129,ok
prodds,10,c,Cheap,2,query_82,explain,2.029,ok
prodds,10,c,Cheap,2,query_82,prepare,10.880,ok
prodds,10,c,Cheap,2,query_83,explain,3.635,ok
prodds,10,c,Cheap,2,query_83,prepare,32.865,ok
prodds,10,c,Cheap,2,query_84,explain,2.803,ok
prodds,10,c,Cheap,2,query_84,prepare,21.262,ok
prodds,10,c,Cheap,2,query_85,explain,2.784,ok
prodds,10,c,Cheap,2,query_85,prepare,21.839,ok
prodds,10,c,Cheap,2,query_86,explain,2.482,ok
prodds,10,c,Cheap,2,query_86,prepare,17.151,ok
prodds,10,c,Cheap,2,query_87,explain,4.813,ok
prodds,10,c,Cheap,2,query_87,prepare,27.716,ok
prodds,10,c,Cheap,2,query_88,explain,2.767,ok
prodds,10,c,Cheap,2,query_88,prepare,28.948,ok
prodds,10,c,Cheap,2,query_89,explain,2.704,ok
prodds,10,c,Cheap,2,query_89,prepare,20.562,ok
prodds,10,c,Cheap,2,query_9,explain,3.375,ok
prodds,10,c,Cheap,2,query_9,prepare,32.735,ok
prodds,10,c,Cheap,2,query_91,explain,4.566,ok
prodds,10,c,Cheap,2,query_91,prepare,12.329,ok
prodds,10,c,Cheap,2,query_92,explain,3.419,ok
prodds,10,c,Cheap,2,query_92,prepare,30.374,ok
prodds,10,c,Cheap,2,query_93,explain,4.233,ok
prodds,10,c,Cheap,2,query_93,prepare,66.411,ok
prodds,10,c,Cheap,2,query_94,explain,2.870,ok
prodds,10,c,Cheap,2,query_94,prepare,18.303,ok
prodds,10,c,Cheap,2,query_95,explain,3.843,ok
prodds,10,c,Cheap,2,query_95,prepare,33.943,ok
prodds,10,c,Cheap,2,query_97,explain,3.663,ok
prodds,10,c,Cheap,2,query_97,prepare,17.604,ok
prodds,10,c,Cheap,2,query_98,explain,3.475,ok
prodds,10,c,Cheap,2,query_98,prepare,50.616,ok
prodds,10,c,Cheap,2,query_99,explain,2.743,ok
prodds,10,c,Cheap,2,query_99,prepare,24.763,ok
prodds,10,c,Cheap,2,query_join_J100,explain,18.911,ok
prodds,10,c,Cheap,2,query_join_J100,prepare,231.270,ok
prodds,10,c,Cheap,2,query_join_J200,explain,38.900,ok
prodds,10,c,Cheap,2,query_join_J200,prepare,450.765,ok
prodds,10,c,Cheap,2,query_join_J50,explain,14.388,ok
prodds,10,c,Cheap,2,query_join_J50,prepare,133.932,ok
prodds,10,c,Cheap,2,query_union_U10,explain,3.282,ok
prodds,10,c,Cheap,2,query_union_U10,prepare,12.496,ok
prodds,10,c,Cheap,2,query_union_U2,explain,2.136,ok
prodds,10,c,Cheap,2,query_union_U2,prepare,7.622,ok
prodds,10,c,Cheap,2,query_union_U20,explain,2.870,ok
prodds,10,c,Cheap,2,query_union_U20,prepare,17.125,ok
prodds,10,c,Cheap,2,query_union_U200,explain,12.545,ok
prodds,10,c,Cheap,2,query_union_U200,prepare,113.087,ok
prodds,10,c,Cheap,2,query_union_U5,explain,3.164,ok
prodds,10,c,Cheap,2,query_union_U5,prepare,9.951,ok
prodds,10,c,Cheap,3,__floor__,floor,1.468,ok
prodds,10,c,Cheap,3,query_1,explain,2.760,ok
prodds,10,c,Cheap,3,query_1,prepare,16.341,ok
prodds,10,c,Cheap,3,query_10,explain,6.430,ok
prodds,10,c,Cheap,3,query_10,prepare,50.285,ok
prodds,10,c,Cheap,3,query_11,explain,2.162,ok
prodds,10,c,Cheap,3,query_11,prepare,18.616,ok
prodds,10,c,Cheap,3,query_12,explain,2.814,ok
prodds,10,c,Cheap,3,query_12,prepare,31.330,ok
prodds,10,c,Cheap,3,query_13,explain,3.217,ok
prodds,10,c,Cheap,3,query_13,prepare,18.156,ok
prodds,10,c,Cheap,3,query_14,explain,2.296,ok
prodds,10,c,Cheap,3,query_14,prepare,13.228,ok
prodds,10,c,Cheap,3,query_15,explain,2.268,ok
prodds,10,c,Cheap,3,query_15,prepare,15.269,ok
prodds,10,c,Cheap,3,query_17,explain,2.576,ok
prodds,10,c,Cheap,3,query_17,prepare,17.519,ok
prodds,10,c,Cheap,3,query_18,explain,2.885,ok
prodds,10,c,Cheap,3,query_18,prepare,23.260,ok
prodds,10,c,Cheap,3,query_2,explain,2.518,ok
prodds,10,c,Cheap,3,query_2,prepare,20.995,ok
prodds,10,c,Cheap,3,query_20,explain,7.977,ok
prodds,10,c,Cheap,3,query_20,prepare,50.397,ok
prodds,10,c,Cheap,3,query_21,explain,2.613,ok
prodds,10,c,Cheap,3,query_21,prepare,23.294,ok
prodds,10,c,Cheap,3,query_22,explain,3.454,ok
prodds,10,c,Cheap,3,query_22,prepare,30.712,ok
prodds,10,c,Cheap,3,query_23,explain,3.670,ok
prodds,10,c,Cheap,3,query_23,prepare,33.955,ok
prodds,10,c,Cheap,3,query_24,explain,2.709,ok
prodds,10,c,Cheap,3,query_24,prepare,18.016,ok
prodds,10,c,Cheap,3,query_25,explain,2.824,ok
prodds,10,c,Cheap,3,query_25,prepare,12.944,ok
prodds,10,c,Cheap,3,query_26,explain,3.721,ok
prodds,10,c,Cheap,3,query_26,prepare,43.841,ok
prodds,10,c,Cheap,3,query_27,explain,2.749,ok
prodds,10,c,Cheap,3,query_27,prepare,19.252,ok
prodds,10,c,Cheap,3,query_28,explain,3.022,ok
prodds,10,c,Cheap,3,query_28,prepare,29.179,ok
prodds,10,c,Cheap,3,query_3,explain,4.361,ok
prodds,10,c,Cheap,3,query_3,prepare,60.432,ok
prodds,10,c,Cheap,3,query_30,explain,3.706,ok
prodds,10,c,Cheap,3,query_30,prepare,35.641,ok
prodds,10,c,Cheap,3,query_31,explain,2.607,ok
prodds,10,c,Cheap,3,query_31,prepare,24.434,ok
prodds,10,c,Cheap,3,query_32,explain,2.343,ok
prodds,10,c,Cheap,3,query_32,prepare,24.848,ok
prodds,10,c,Cheap,3,query_33,explain,4.211,ok
prodds,10,c,Cheap,3,query_33,prepare,26.244,ok
prodds,10,c,Cheap,3,query_35,explain,2.230,ok
prodds,10,c,Cheap,3,query_35,prepare,29.174,ok
prodds,10,c,Cheap,3,query_36,explain,3.966,ok
prodds,10,c,Cheap,3,query_36,prepare,33.114,ok
prodds,10,c,Cheap,3,query_37,explain,2.654,ok
prodds,10,c,Cheap,3,query_37,prepare,33.506,ok
prodds,10,c,Cheap,3,query_39,explain,3.873,ok
prodds,10,c,Cheap,3,query_39,prepare,40.849,ok
prodds,10,c,Cheap,3,query_4,explain,2.999,ok
prodds,10,c,Cheap,3,query_4,prepare,27.154,ok
prodds,10,c,Cheap,3,query_40,explain,2.818,ok
prodds,10,c,Cheap,3,query_40,prepare,13.573,ok
prodds,10,c,Cheap,3,query_41,explain,4.213,ok
prodds,10,c,Cheap,3,query_41,prepare,41.205,ok
prodds,10,c,Cheap,3,query_42,explain,3.533,ok
prodds,10,c,Cheap,3,query_42,prepare,42.653,ok
prodds,10,c,Cheap,3,query_43,explain,3.791,ok
prodds,10,c,Cheap,3,query_43,prepare,22.858,ok
prodds,10,c,Cheap,3,query_44,explain,2.523,ok
prodds,10,c,Cheap,3,query_44,prepare,12.028,ok
prodds,10,c,Cheap,3,query_45,explain,2.341,ok
prodds,10,c,Cheap,3,query_45,prepare,16.715,ok
prodds,10,c,Cheap,3,query_46,explain,2.339,ok
prodds,10,c,Cheap,3,query_46,prepare,35.279,ok
prodds,10,c,Cheap,3,query_47,explain,3.658,ok
prodds,10,c,Cheap,3,query_47,prepare,35.260,ok
prodds,10,c,Cheap,3,query_48,explain,3.790,ok
prodds,10,c,Cheap,3,query_48,prepare,55.716,ok
prodds,10,c,Cheap,3,query_49,explain,3.604,ok
prodds,10,c,Cheap,3,query_49,prepare,23.563,ok
prodds,10,c,Cheap,3,query_5,explain,2.419,ok
prodds,10,c,Cheap,3,query_5,prepare,16.813,ok
prodds,10,c,Cheap,3,query_50,explain,3.479,ok
prodds,10,c,Cheap,3,query_50,prepare,27.688,ok
prodds,10,c,Cheap,3,query_51,explain,3.460,ok
prodds,10,c,Cheap,3,query_51,prepare,37.453,ok
prodds,10,c,Cheap,3,query_52,explain,2.118,ok
prodds,10,c,Cheap,3,query_52,prepare,12.159,ok
prodds,10,c,Cheap,3,query_53,explain,3.257,ok
prodds,10,c,Cheap,3,query_53,prepare,19.766,ok
prodds,10,c,Cheap,3,query_54,explain,2.424,ok
prodds,10,c,Cheap,3,query_54,prepare,19.272,ok
prodds,10,c,Cheap,3,query_55,explain,1.887,ok
prodds,10,c,Cheap,3,query_55,prepare,21.769,ok
prodds,10,c,Cheap,3,query_56,explain,2.616,ok
prodds,10,c,Cheap,3,query_56,prepare,31.771,ok
prodds,10,c,Cheap,3,query_57,explain,2.998,ok
prodds,10,c,Cheap,3,query_57,prepare,19.345,ok
prodds,10,c,Cheap,3,query_58,explain,2.917,ok
prodds,10,c,Cheap,3,query_58,prepare,18.332,ok
prodds,10,c,Cheap,3,query_59,explain,2.317,ok
prodds,10,c,Cheap,3,query_59,prepare,18.763,ok
prodds,10,c,Cheap,3,query_6,explain,4.481,ok
prodds,10,c,Cheap,3,query_6,prepare,54.744,ok
prodds,10,c,Cheap,3,query_60,explain,3.030,ok
prodds,10,c,Cheap,3,query_60,prepare,26.766,ok
prodds,10,c,Cheap,3,query_61,explain,2.193,ok
prodds,10,c,Cheap,3,query_61,prepare,18.070,ok
prodds,10,c,Cheap,3,query_62,explain,2.961,ok
prodds,10,c,Cheap,3,query_62,prepare,29.726,ok
prodds,10,c,Cheap,3,query_63,explain,3.426,ok
prodds,10,c,Cheap,3,query_63,prepare,28.757,ok
prodds,10,c,Cheap,3,query_64,explain,2.347,ok
prodds,10,c,Cheap,3,query_64,prepare,14.729,ok
prodds,10,c,Cheap,3,query_65,explain,2.255,ok
prodds,10,c,Cheap,3,query_65,prepare,14.632,ok
prodds,10,c,Cheap,3,query_66,explain,6.144,ok
prodds,10,c,Cheap,3,query_66,prepare,42.114,ok
prodds,10,c,Cheap,3,query_67,explain,2.372,ok
prodds,10,c,Cheap,3,query_67,prepare,13.683,ok
prodds,10,c,Cheap,3,query_68,explain,4.331,ok
prodds,10,c,Cheap,3,query_68,prepare,25.572,ok
prodds,10,c,Cheap,3,query_69,explain,5.602,ok
prodds,10,c,Cheap,3,query_69,prepare,66.786,ok
prodds,10,c,Cheap,3,query_7,explain,2.954,ok
prodds,10,c,Cheap,3,query_7,prepare,13.230,ok
prodds,10,c,Cheap,3,query_70,explain,3.182,ok
prodds,10,c,Cheap,3,query_70,prepare,42.958,ok
prodds,10,c,Cheap,3,query_71,explain,2.778,ok
prodds,10,c,Cheap,3,query_71,prepare,26.667,ok
prodds,10,c,Cheap,3,query_73,explain,3.060,ok
prodds,10,c,Cheap,3,query_73,prepare,18.351,ok
prodds,10,c,Cheap,3,query_74,explain,3.570,ok
prodds,10,c,Cheap,3,query_74,prepare,11.460,ok
prodds,10,c,Cheap,3,query_75,explain,3.062,ok
prodds,10,c,Cheap,3,query_75,prepare,23.440,ok
prodds,10,c,Cheap,3,query_76,explain,2.569,ok
prodds,10,c,Cheap,3,query_76,prepare,28.023,ok
prodds,10,c,Cheap,3,query_77,explain,2.456,ok
prodds,10,c,Cheap,3,query_77,prepare,19.228,ok
prodds,10,c,Cheap,3,query_79,explain,2.800,ok
prodds,10,c,Cheap,3,query_79,prepare,19.962,ok
prodds,10,c,Cheap,3,query_8,explain,2.729,ok
prodds,10,c,Cheap,3,query_8,prepare,22.969,ok
prodds,10,c,Cheap,3,query_80,explain,2.359,ok
prodds,10,c,Cheap,3,query_80,prepare,12.342,ok
prodds,10,c,Cheap,3,query_81,explain,3.284,ok
prodds,10,c,Cheap,3,query_81,prepare,23.098,ok
prodds,10,c,Cheap,3,query_82,explain,1.990,ok
prodds,10,c,Cheap,3,query_82,prepare,10.873,ok
prodds,10,c,Cheap,3,query_83,explain,3.589,ok
prodds,10,c,Cheap,3,query_83,prepare,32.992,ok
prodds,10,c,Cheap,3,query_84,explain,2.827,ok
prodds,10,c,Cheap,3,query_84,prepare,21.249,ok
prodds,10,c,Cheap,3,query_85,explain,2.803,ok
prodds,10,c,Cheap,3,query_85,prepare,21.989,ok
prodds,10,c,Cheap,3,query_86,explain,2.479,ok
prodds,10,c,Cheap,3,query_86,prepare,17.166,ok
prodds,10,c,Cheap,3,query_87,explain,4.831,ok
prodds,10,c,Cheap,3,query_87,prepare,27.814,ok
prodds,10,c,Cheap,3,query_88,explain,2.796,ok
prodds,10,c,Cheap,3,query_88,prepare,28.921,ok
prodds,10,c,Cheap,3,query_89,explain,2.739,ok
prodds,10,c,Cheap,3,query_89,prepare,20.666,ok
prodds,10,c,Cheap,3,query_9,explain,3.403,ok
prodds,10,c,Cheap,3,query_9,prepare,32.669,ok
prodds,10,c,Cheap,3,query_91,explain,4.629,ok
prodds,10,c,Cheap,3,query_91,prepare,12.372,ok
prodds,10,c,Cheap,3,query_92,explain,3.419,ok
prodds,10,c,Cheap,3,query_92,prepare,30.369,ok
prodds,10,c,Cheap,3,query_93,explain,4.290,ok
prodds,10,c,Cheap,3,query_93,prepare,66.495,ok
prodds,10,c,Cheap,3,query_94,explain,2.915,ok
prodds,10,c,Cheap,3,query_94,prepare,18.343,ok
prodds,10,c,Cheap,3,query_95,explain,3.861,ok
prodds,10,c,Cheap,3,query_95,prepare,34.101,ok
prodds,10,c,Cheap,3,query_97,explain,3.684,ok
prodds,10,c,Cheap,3,query_97,prepare,17.637,ok
prodds,10,c,Cheap,3,query_98,explain,3.478,ok
prodds,10,c,Cheap,3,query_98,prepare,50.845,ok
prodds,10,c,Cheap,3,query_99,explain,2.736,ok
prodds,10,c,Cheap,3,query_99,prepare,24.780,ok
prodds,10,c,Cheap,3,query_join_J100,explain,18.979,ok
prodds,10,c,Cheap,3,query_join_J100,prepare,231.885,ok
prodds,10,c,Cheap,3,query_join_J200,explain,38.848,ok
prodds,10,c,Cheap,3,query_join_J200,prepare,451.259,ok
prodds,10,c,Cheap,3,query_join_J50,explain,14.596,ok
prodds,10,c,Cheap,3,query_join_J50,prepare,134.449,ok
prodds,10,c,Cheap,3,query_union_U10,explain,3.281,ok
prodds,10,c,Cheap,3,query_union_U10,prepare,12.450,ok
prodds,10,c,Cheap,3,query_union_U2,explain,2.150,ok
prodds,10,c,Cheap,3,query_union_U2,prepare,7.644,ok
prodds,10,c,Cheap,3,query_union_U20,explain,2.870,ok
prodds,10,c,Cheap,3,query_union_U20,prepare,17.389,ok
prodds,10,c,Cheap,3,query_union_U200,explain,12.713,ok
prodds,10,c,Cheap,3,query_union_U200,prepare,113.255,ok
prodds,10,c,Cheap,3,query_union_U5,explain,3.173,ok
prodds,10,c,Cheap,3,query_union_U5,prepare,9.998,ok
prodds,10,c,Cheap,4,__floor__,floor,1.383,ok
prodds,10,c,Cheap,4,query_1,explain,3.803,ok
prodds,10,c,Cheap,4,query_1,prepare,21.954,ok
prodds,10,c,Cheap,4,query_10,explain,6.488,ok
prodds,10,c,Cheap,4,query_10,prepare,54.411,ok
prodds,10,c,Cheap,4,query_11,explain,2.241,ok
prodds,10,c,Cheap,4,query_11,prepare,18.860,ok
prodds,10,c,Cheap,4,query_12,explain,2.674,ok
prodds,10,c,Cheap,4,query_12,prepare,31.430,ok
prodds,10,c,Cheap,4,query_13,explain,3.202,ok
prodds,10,c,Cheap,4,query_13,prepare,18.231,ok
prodds,10,c,Cheap,4,query_14,explain,2.115,ok
prodds,10,c,Cheap,4,query_14,prepare,13.361,ok
prodds,10,c,Cheap,4,query_15,explain,2.285,ok
prodds,10,c,Cheap,4,query_15,prepare,15.397,ok
prodds,10,c,Cheap,4,query_17,explain,2.608,ok
prodds,10,c,Cheap,4,query_17,prepare,17.577,ok
prodds,10,c,Cheap,4,query_18,explain,2.900,ok
prodds,10,c,Cheap,4,query_18,prepare,23.274,ok
prodds,10,c,Cheap,4,query_2,explain,2.538,ok
prodds,10,c,Cheap,4,query_2,prepare,21.025,ok
prodds,10,c,Cheap,4,query_20,explain,8.335,ok
prodds,10,c,Cheap,4,query_20,prepare,50.112,ok
prodds,10,c,Cheap,4,query_21,explain,2.598,ok
prodds,10,c,Cheap,4,query_21,prepare,23.339,ok
prodds,10,c,Cheap,4,query_22,explain,3.430,ok
prodds,10,c,Cheap,4,query_22,prepare,30.928,ok
prodds,10,c,Cheap,4,query_23,explain,3.687,ok
prodds,10,c,Cheap,4,query_23,prepare,34.021,ok
prodds,10,c,Cheap,4,query_24,explain,2.760,ok
prodds,10,c,Cheap,4,query_24,prepare,18.028,ok
prodds,10,c,Cheap,4,query_25,explain,2.858,ok
prodds,10,c,Cheap,4,query_25,prepare,12.967,ok
prodds,10,c,Cheap,4,query_26,explain,3.770,ok
prodds,10,c,Cheap,4,query_26,prepare,43.857,ok
prodds,10,c,Cheap,4,query_27,explain,2.759,ok
prodds,10,c,Cheap,4,query_27,prepare,19.343,ok
prodds,10,c,Cheap,4,query_28,explain,3.031,ok
prodds,10,c,Cheap,4,query_28,prepare,29.237,ok
prodds,10,c,Cheap,4,query_3,explain,4.387,ok
prodds,10,c,Cheap,4,query_3,prepare,62.012,ok
prodds,10,c,Cheap,4,query_30,explain,3.751,ok
prodds,10,c,Cheap,4,query_30,prepare,35.717,ok
prodds,10,c,Cheap,4,query_31,explain,2.654,ok
prodds,10,c,Cheap,4,query_31,prepare,24.512,ok
prodds,10,c,Cheap,4,query_32,explain,2.367,ok
prodds,10,c,Cheap,4,query_32,prepare,24.959,ok
prodds,10,c,Cheap,4,query_33,explain,4.243,ok
prodds,10,c,Cheap,4,query_33,prepare,26.347,ok
prodds,10,c,Cheap,4,query_35,explain,2.249,ok
prodds,10,c,Cheap,4,query_35,prepare,29.340,ok
prodds,10,c,Cheap,4,query_36,explain,4.021,ok
prodds,10,c,Cheap,4,query_36,prepare,33.491,ok
prodds,10,c,Cheap,4,query_37,explain,2.694,ok
prodds,10,c,Cheap,4,query_37,prepare,33.700,ok
prodds,10,c,Cheap,4,query_39,explain,3.897,ok
prodds,10,c,Cheap,4,query_39,prepare,41.145,ok
prodds,10,c,Cheap,4,query_4,explain,3.085,ok
prodds,10,c,Cheap,4,query_4,prepare,27.225,ok
prodds,10,c,Cheap,4,query_40,explain,2.850,ok
prodds,10,c,Cheap,4,query_40,prepare,13.654,ok
prodds,10,c,Cheap,4,query_41,explain,4.254,ok
prodds,10,c,Cheap,4,query_41,prepare,41.365,ok
prodds,10,c,Cheap,4,query_42,explain,3.616,ok
prodds,10,c,Cheap,4,query_42,prepare,42.832,ok
prodds,10,c,Cheap,4,query_43,explain,3.835,ok
prodds,10,c,Cheap,4,query_43,prepare,23.035,ok
prodds,10,c,Cheap,4,query_44,explain,2.565,ok
prodds,10,c,Cheap,4,query_44,prepare,12.159,ok
prodds,10,c,Cheap,4,query_45,explain,2.352,ok
prodds,10,c,Cheap,4,query_45,prepare,16.850,ok
prodds,10,c,Cheap,4,query_46,explain,2.371,ok
prodds,10,c,Cheap,4,query_46,prepare,35.337,ok
prodds,10,c,Cheap,4,query_47,explain,3.653,ok
prodds,10,c,Cheap,4,query_47,prepare,35.177,ok
prodds,10,c,Cheap,4,query_48,explain,3.846,ok
prodds,10,c,Cheap,4,query_48,prepare,55.579,ok
prodds,10,c,Cheap,4,query_49,explain,3.632,ok
prodds,10,c,Cheap,4,query_49,prepare,23.658,ok
prodds,10,c,Cheap,4,query_5,explain,2.406,ok
prodds,10,c,Cheap,4,query_5,prepare,16.766,ok
prodds,10,c,Cheap,4,query_50,explain,3.460,ok
prodds,10,c,Cheap,4,query_50,prepare,27.682,ok
prodds,10,c,Cheap,4,query_51,explain,3.476,ok
prodds,10,c,Cheap,4,query_51,prepare,37.564,ok
prodds,10,c,Cheap,4,query_52,explain,2.177,ok
prodds,10,c,Cheap,4,query_52,prepare,12.220,ok
prodds,10,c,Cheap,4,query_53,explain,3.272,ok
prodds,10,c,Cheap,4,query_53,prepare,19.826,ok
prodds,10,c,Cheap,4,query_54,explain,2.454,ok
prodds,10,c,Cheap,4,query_54,prepare,19.519,ok
prodds,10,c,Cheap,4,query_55,explain,1.917,ok
prodds,10,c,Cheap,4,query_55,prepare,21.807,ok
prodds,10,c,Cheap,4,query_56,explain,2.588,ok
prodds,10,c,Cheap,4,query_56,prepare,31.783,ok
prodds,10,c,Cheap,4,query_57,explain,3.013,ok
prodds,10,c,Cheap,4,query_57,prepare,19.533,ok
prodds,10,c,Cheap,4,query_58,explain,2.935,ok
prodds,10,c,Cheap,4,query_58,prepare,18.497,ok
prodds,10,c,Cheap,4,query_59,explain,2.363,ok
prodds,10,c,Cheap,4,query_59,prepare,18.787,ok
prodds,10,c,Cheap,4,query_6,explain,4.507,ok
prodds,10,c,Cheap,4,query_6,prepare,55.066,ok
prodds,10,c,Cheap,4,query_60,explain,3.138,ok
prodds,10,c,Cheap,4,query_60,prepare,26.719,ok
prodds,10,c,Cheap,4,query_61,explain,2.253,ok
prodds,10,c,Cheap,4,query_61,prepare,18.207,ok
prodds,10,c,Cheap,4,query_62,explain,2.971,ok
prodds,10,c,Cheap,4,query_62,prepare,29.779,ok
prodds,10,c,Cheap,4,query_63,explain,3.492,ok
prodds,10,c,Cheap,4,query_63,prepare,29.117,ok
prodds,10,c,Cheap,4,query_64,explain,2.398,ok
prodds,10,c,Cheap,4,query_64,prepare,14.729,ok
prodds,10,c,Cheap,4,query_65,explain,2.360,ok
prodds,10,c,Cheap,4,query_65,prepare,14.751,ok
prodds,10,c,Cheap,4,query_66,explain,6.164,ok
prodds,10,c,Cheap,4,query_66,prepare,42.039,ok
prodds,10,c,Cheap,4,query_67,explain,2.445,ok
prodds,10,c,Cheap,4,query_67,prepare,13.702,ok
prodds,10,c,Cheap,4,query_68,explain,4.684,ok
prodds,10,c,Cheap,4,query_68,prepare,25.531,ok
prodds,10,c,Cheap,4,query_69,explain,5.563,ok
prodds,10,c,Cheap,4,query_69,prepare,65.811,ok
prodds,10,c,Cheap,4,query_7,explain,2.892,ok
prodds,10,c,Cheap,4,query_7,prepare,13.244,ok
prodds,10,c,Cheap,4,query_70,explain,3.197,ok
prodds,10,c,Cheap,4,query_70,prepare,43.027,ok
prodds,10,c,Cheap,4,query_71,explain,2.778,ok
prodds,10,c,Cheap,4,query_71,prepare,26.503,ok
prodds,10,c,Cheap,4,query_73,explain,3.065,ok
prodds,10,c,Cheap,4,query_73,prepare,18.377,ok
prodds,10,c,Cheap,4,query_74,explain,3.768,ok
prodds,10,c,Cheap,4,query_74,prepare,11.528,ok
prodds,10,c,Cheap,4,query_75,explain,3.049,ok
prodds,10,c,Cheap,4,query_75,prepare,23.572,ok
prodds,10,c,Cheap,4,query_76,explain,2.561,ok
prodds,10,c,Cheap,4,query_76,prepare,28.011,ok
prodds,10,c,Cheap,4,query_77,explain,2.449,ok
prodds,10,c,Cheap,4,query_77,prepare,19.229,ok
prodds,10,c,Cheap,4,query_79,explain,2.846,ok
prodds,10,c,Cheap,4,query_79,prepare,19.935,ok
prodds,10,c,Cheap,4,query_8,explain,2.757,ok
prodds,10,c,Cheap,4,query_8,prepare,22.780,ok
prodds,10,c,Cheap,4,query_80,explain,2.308,ok
prodds,10,c,Cheap,4,query_80,prepare,12.341,ok
prodds,10,c,Cheap,4,query_81,explain,3.302,ok
prodds,10,c,Cheap,4,query_81,prepare,23.183,ok
prodds,10,c,Cheap,4,query_82,explain,2.011,ok
prodds,10,c,Cheap,4,query_82,prepare,11.004,ok
prodds,10,c,Cheap,4,query_83,explain,3.604,ok
prodds,10,c,Cheap,4,query_83,prepare,32.879,ok
prodds,10,c,Cheap,4,query_84,explain,3.187,ok
prodds,10,c,Cheap,4,query_84,prepare,21.284,ok
prodds,10,c,Cheap,4,query_85,explain,2.768,ok
prodds,10,c,Cheap,4,query_85,prepare,21.903,ok
prodds,10,c,Cheap,4,query_86,explain,2.479,ok
prodds,10,c,Cheap,4,query_86,prepare,17.208,ok
prodds,10,c,Cheap,4,query_87,explain,4.804,ok
prodds,10,c,Cheap,4,query_87,prepare,27.777,ok
prodds,10,c,Cheap,4,query_88,explain,2.825,ok
prodds,10,c,Cheap,4,query_88,prepare,29.200,ok
prodds,10,c,Cheap,4,query_89,explain,2.740,ok
prodds,10,c,Cheap,4,query_89,prepare,20.711,ok
prodds,10,c,Cheap,4,query_9,explain,3.464,ok
prodds,10,c,Cheap,4,query_9,prepare,32.665,ok
prodds,10,c,Cheap,4,query_91,explain,4.598,ok
prodds,10,c,Cheap,4,query_91,prepare,12.328,ok
prodds,10,c,Cheap,4,query_92,explain,3.431,ok
prodds,10,c,Cheap,4,query_92,prepare,30.500,ok
prodds,10,c,Cheap,4,query_93,explain,4.266,ok
prodds,10,c,Cheap,4,query_93,prepare,66.509,ok
prodds,10,c,Cheap,4,query_94,explain,2.936,ok
prodds,10,c,Cheap,4,query_94,prepare,18.351,ok
prodds,10,c,Cheap,4,query_95,explain,4.021,ok
prodds,10,c,Cheap,4,query_95,prepare,34.215,ok
prodds,10,c,Cheap,4,query_97,explain,3.710,ok
prodds,10,c,Cheap,4,query_97,prepare,17.576,ok
prodds,10,c,Cheap,4,query_98,explain,3.478,ok
prodds,10,c,Cheap,4,query_98,prepare,50.701,ok
prodds,10,c,Cheap,4,query_99,explain,2.765,ok
prodds,10,c,Cheap,4,query_99,prepare,24.869,ok
prodds,10,c,Cheap,4,query_join_J100,explain,18.982,ok
prodds,10,c,Cheap,4,query_join_J100,prepare,231.370,ok
prodds,10,c,Cheap,4,query_join_J200,explain,38.978,ok
prodds,10,c,Cheap,4,query_join_J200,prepare,451.945,ok
prodds,10,c,Cheap,4,query_join_J50,explain,14.517,ok
prodds,10,c,Cheap,4,query_join_J50,prepare,134.571,ok
prodds,10,c,Cheap,4,query_union_U10,explain,3.335,ok
prodds,10,c,Cheap,4,query_union_U10,prepare,12.534,ok
prodds,10,c,Cheap,4,query_union_U2,explain,2.159,ok
prodds,10,c,Cheap,4,query_union_U2,prepare,7.685,ok
prodds,10,c,Cheap,4,query_union_U20,explain,2.876,ok
prodds,10,c,Cheap,4,query_union_U20,prepare,17.479,ok
prodds,10,c,Cheap,4,query_union_U200,explain,12.541,ok
prodds,10,c,Cheap,4,query_union_U200,prepare,113.589,ok
prodds,10,c,Cheap,4,query_union_U5,explain,3.177,ok
prodds,10,c,Cheap,4,query_union_U5,prepare,10.013,ok
prodds,10,c,Cheap,5,__floor__,floor,1.451,ok
prodds,10,c,Cheap,5,query_1,explain,2.397,ok
prodds,10,c,Cheap,5,query_1,prepare,13.555,ok
prodds,10,c,Cheap,5,query_10,explain,6.281,ok
prodds,10,c,Cheap,5,query_10,prepare,48.968,ok
prodds,10,c,Cheap,5,query_11,explain,2.141,ok
prodds,10,c,Cheap,5,query_11,prepare,18.613,ok
prodds,10,c,Cheap,5,query_12,explain,2.627,ok
prodds,10,c,Cheap,5,query_12,prepare,31.525,ok
prodds,10,c,Cheap,5,query_13,explain,3.215,ok
prodds,10,c,Cheap,5,query_13,prepare,18.344,ok
prodds,10,c,Cheap,5,query_14,explain,2.121,ok
prodds,10,c,Cheap,5,query_14,prepare,13.328,ok
prodds,10,c,Cheap,5,query_15,explain,2.284,ok
prodds,10,c,Cheap,5,query_15,prepare,15.327,ok
prodds,10,c,Cheap,5,query_17,explain,2.598,ok
prodds,10,c,Cheap,5,query_17,prepare,17.676,ok
prodds,10,c,Cheap,5,query_18,explain,2.932,ok
prodds,10,c,Cheap,5,query_18,prepare,23.357,ok
prodds,10,c,Cheap,5,query_2,explain,2.551,ok
prodds,10,c,Cheap,5,query_2,prepare,21.011,ok
prodds,10,c,Cheap,5,query_20,explain,7.972,ok
prodds,10,c,Cheap,5,query_20,prepare,50.833,ok
prodds,10,c,Cheap,5,query_21,explain,2.642,ok
prodds,10,c,Cheap,5,query_21,prepare,23.475,ok
prodds,10,c,Cheap,5,query_22,explain,3.466,ok
prodds,10,c,Cheap,5,query_22,prepare,30.770,ok
prodds,10,c,Cheap,5,query_23,explain,3.667,ok
prodds,10,c,Cheap,5,query_23,prepare,34.102,ok
prodds,10,c,Cheap,5,query_24,explain,2.755,ok
prodds,10,c,Cheap,5,query_24,prepare,18.106,ok
prodds,10,c,Cheap,5,query_25,explain,2.843,ok
prodds,10,c,Cheap,5,query_25,prepare,12.929,ok
prodds,10,c,Cheap,5,query_26,explain,3.730,ok
prodds,10,c,Cheap,5,query_26,prepare,43.917,ok
prodds,10,c,Cheap,5,query_27,explain,2.753,ok
prodds,10,c,Cheap,5,query_27,prepare,19.342,ok
prodds,10,c,Cheap,5,query_28,explain,3.018,ok
prodds,10,c,Cheap,5,query_28,prepare,29.363,ok
prodds,10,c,Cheap,5,query_3,explain,4.394,ok
prodds,10,c,Cheap,5,query_3,prepare,60.503,ok
prodds,10,c,Cheap,5,query_30,explain,3.755,ok
prodds,10,c,Cheap,5,query_30,prepare,35.766,ok
prodds,10,c,Cheap,5,query_31,explain,2.606,ok
prodds,10,c,Cheap,5,query_31,prepare,24.417,ok
prodds,10,c,Cheap,5,query_32,explain,2.379,ok
prodds,10,c,Cheap,5,query_32,prepare,24.935,ok
prodds,10,c,Cheap,5,query_33,explain,4.207,ok
prodds,10,c,Cheap,5,query_33,prepare,26.345,ok
prodds,10,c,Cheap,5,query_35,explain,2.230,ok
prodds,10,c,Cheap,5,query_35,prepare,29.203,ok
prodds,10,c,Cheap,5,query_36,explain,4.140,ok
prodds,10,c,Cheap,5,query_36,prepare,33.317,ok
prodds,10,c,Cheap,5,query_37,explain,2.696,ok
prodds,10,c,Cheap,5,query_37,prepare,33.641,ok
prodds,10,c,Cheap,5,query_39,explain,3.859,ok
prodds,10,c,Cheap,5,query_39,prepare,40.910,ok
prodds,10,c,Cheap,5,query_4,explain,3.000,ok
prodds,10,c,Cheap,5,query_4,prepare,27.089,ok
prodds,10,c,Cheap,5,query_40,explain,2.827,ok
prodds,10,c,Cheap,5,query_40,prepare,13.579,ok
prodds,10,c,Cheap,5,query_41,explain,4.220,ok
prodds,10,c,Cheap,5,query_41,prepare,41.137,ok
prodds,10,c,Cheap,5,query_42,explain,3.538,ok
prodds,10,c,Cheap,5,query_42,prepare,42.624,ok
prodds,10,c,Cheap,5,query_43,explain,3.803,ok
prodds,10,c,Cheap,5,query_43,prepare,23.051,ok
prodds,10,c,Cheap,5,query_44,explain,2.537,ok
prodds,10,c,Cheap,5,query_44,prepare,12.013,ok
prodds,10,c,Cheap,5,query_45,explain,2.332,ok
prodds,10,c,Cheap,5,query_45,prepare,16.775,ok
prodds,10,c,Cheap,5,query_46,explain,2.336,ok
prodds,10,c,Cheap,5,query_46,prepare,35.082,ok
prodds,10,c,Cheap,5,query_47,explain,3.605,ok
prodds,10,c,Cheap,5,query_47,prepare,35.273,ok
prodds,10,c,Cheap,5,query_48,explain,3.777,ok
prodds,10,c,Cheap,5,query_48,prepare,55.324,ok
prodds,10,c,Cheap,5,query_49,explain,3.619,ok
prodds,10,c,Cheap,5,query_49,prepare,23.478,ok
prodds,10,c,Cheap,5,query_5,explain,2.410,ok
prodds,10,c,Cheap,5,query_5,prepare,16.729,ok
prodds,10,c,Cheap,5,query_50,explain,3.452,ok
prodds,10,c,Cheap,5,query_50,prepare,27.480,ok
prodds,10,c,Cheap,5,query_51,explain,3.457,ok
prodds,10,c,Cheap,5,query_51,prepare,37.348,ok
prodds,10,c,Cheap,5,query_52,explain,2.130,ok
prodds,10,c,Cheap,5,query_52,prepare,12.139,ok
prodds,10,c,Cheap,5,query_53,explain,3.232,ok
prodds,10,c,Cheap,5,query_53,prepare,19.742,ok
prodds,10,c,Cheap,5,query_54,explain,2.452,ok
prodds,10,c,Cheap,5,query_54,prepare,19.420,ok
prodds,10,c,Cheap,5,query_55,explain,1.874,ok
prodds,10,c,Cheap,5,query_55,prepare,21.713,ok
prodds,10,c,Cheap,5,query_56,explain,2.542,ok
prodds,10,c,Cheap,5,query_56,prepare,31.577,ok
prodds,10,c,Cheap,5,query_57,explain,2.944,ok
prodds,10,c,Cheap,5,query_57,prepare,19.314,ok
prodds,10,c,Cheap,5,query_58,explain,3.086,ok
prodds,10,c,Cheap,5,query_58,prepare,18.329,ok
prodds,10,c,Cheap,5,query_59,explain,2.354,ok
prodds,10,c,Cheap,5,query_59,prepare,18.839,ok
prodds,10,c,Cheap,5,query_6,explain,4.526,ok
prodds,10,c,Cheap,5,query_6,prepare,54.598,ok
prodds,10,c,Cheap,5,query_60,explain,3.045,ok
prodds,10,c,Cheap,5,query_60,prepare,26.606,ok
prodds,10,c,Cheap,5,query_61,explain,2.184,ok
prodds,10,c,Cheap,5,query_61,prepare,17.974,ok
prodds,10,c,Cheap,5,query_62,explain,2.970,ok
prodds,10,c,Cheap,5,query_62,prepare,29.685,ok
prodds,10,c,Cheap,5,query_63,explain,3.445,ok
prodds,10,c,Cheap,5,query_63,prepare,28.734,ok
prodds,10,c,Cheap,5,query_64,explain,2.336,ok
prodds,10,c,Cheap,5,query_64,prepare,14.641,ok
prodds,10,c,Cheap,5,query_65,explain,2.273,ok
prodds,10,c,Cheap,5,query_65,prepare,14.586,ok
prodds,10,c,Cheap,5,query_66,explain,6.093,ok
prodds,10,c,Cheap,5,query_66,prepare,41.888,ok
prodds,10,c,Cheap,5,query_67,explain,2.363,ok
prodds,10,c,Cheap,5,query_67,prepare,13.672,ok
prodds,10,c,Cheap,5,query_68,explain,4.311,ok
prodds,10,c,Cheap,5,query_68,prepare,25.453,ok
prodds,10,c,Cheap,5,query_69,explain,5.575,ok
prodds,10,c,Cheap,5,query_69,prepare,65.361,ok
prodds,10,c,Cheap,5,query_7,explain,2.691,ok
prodds,10,c,Cheap,5,query_7,prepare,13.174,ok
prodds,10,c,Cheap,5,query_70,explain,3.172,ok
prodds,10,c,Cheap,5,query_70,prepare,42.863,ok
prodds,10,c,Cheap,5,query_71,explain,2.756,ok
prodds,10,c,Cheap,5,query_71,prepare,26.486,ok
prodds,10,c,Cheap,5,query_73,explain,3.038,ok
prodds,10,c,Cheap,5,query_73,prepare,18.178,ok
prodds,10,c,Cheap,5,query_74,explain,3.528,ok
prodds,10,c,Cheap,5,query_74,prepare,11.387,ok
prodds,10,c,Cheap,5,query_75,explain,3.060,ok
prodds,10,c,Cheap,5,query_75,prepare,23.447,ok
prodds,10,c,Cheap,5,query_76,explain,2.524,ok
prodds,10,c,Cheap,5,query_76,prepare,27.860,ok
prodds,10,c,Cheap,5,query_77,explain,2.420,ok
prodds,10,c,Cheap,5,query_77,prepare,19.241,ok
prodds,10,c,Cheap,5,query_79,explain,2.773,ok
prodds,10,c,Cheap,5,query_79,prepare,19.942,ok
prodds,10,c,Cheap,5,query_8,explain,2.732,ok
prodds,10,c,Cheap,5,query_8,prepare,22.665,ok
prodds,10,c,Cheap,5,query_80,explain,2.293,ok
prodds,10,c,Cheap,5,query_80,prepare,12.287,ok
prodds,10,c,Cheap,5,query_81,explain,3.283,ok
prodds,10,c,Cheap,5,query_81,prepare,23.021,ok
prodds,10,c,Cheap,5,query_82,explain,2.005,ok
prodds,10,c,Cheap,5,query_82,prepare,10.858,ok
prodds,10,c,Cheap,5,query_83,explain,3.598,ok
prodds,10,c,Cheap,5,query_83,prepare,32.765,ok
prodds,10,c,Cheap,5,query_84,explain,2.819,ok
prodds,10,c,Cheap,5,query_84,prepare,21.201,ok
prodds,10,c,Cheap,5,query_85,explain,2.785,ok
prodds,10,c,Cheap,5,query_85,prepare,21.835,ok
prodds,10,c,Cheap,5,query_86,explain,2.483,ok
prodds,10,c,Cheap,5,query_86,prepare,17.119,ok
prodds,10,c,Cheap,5,query_87,explain,4.817,ok
prodds,10,c,Cheap,5,query_87,prepare,27.679,ok
prodds,10,c,Cheap,5,query_88,explain,2.802,ok
prodds,10,c,Cheap,5,query_88,prepare,28.806,ok
prodds,10,c,Cheap,5,query_89,explain,2.759,ok
prodds,10,c,Cheap,5,query_89,prepare,20.534,ok
prodds,10,c,Cheap,5,query_9,explain,3.366,ok
prodds,10,c,Cheap,5,query_9,prepare,32.502,ok
prodds,10,c,Cheap,5,query_91,explain,4.538,ok
prodds,10,c,Cheap,5,query_91,prepare,12.241,ok
prodds,10,c,Cheap,5,query_92,explain,3.429,ok
prodds,10,c,Cheap,5,query_92,prepare,30.290,ok
prodds,10,c,Cheap,5,query_93,explain,4.230,ok
prodds,10,c,Cheap,5,query_93,prepare,66.310,ok
prodds,10,c,Cheap,5,query_94,explain,2.904,ok
prodds,10,c,Cheap,5,query_94,prepare,18.288,ok
prodds,10,c,Cheap,5,query_95,explain,3.850,ok
prodds,10,c,Cheap,5,query_95,prepare,33.968,ok
prodds,10,c,Cheap,5,query_97,explain,3.709,ok
prodds,10,c,Cheap,5,query_97,prepare,17.533,ok
prodds,10,c,Cheap,5,query_98,explain,3.482,ok
prodds,10,c,Cheap,5,query_98,prepare,50.558,ok
prodds,10,c,Cheap,5,query_99,explain,2.731,ok
prodds,10,c,Cheap,5,query_99,prepare,24.727,ok
prodds,10,c,Cheap,5,query_join_J100,explain,18.972,ok
prodds,10,c,Cheap,5,query_join_J100,prepare,232.243,ok
prodds,10,c,Cheap,5,query_join_J200,explain,38.763,ok
prodds,10,c,Cheap,5,query_join_J200,prepare,448.628,ok
prodds,10,c,Cheap,5,query_join_J50,explain,14.449,ok
prodds,10,c,Cheap,5,query_join_J50,prepare,133.821,ok
prodds,10,c,Cheap,5,query_union_U10,explain,3.324,ok
prodds,10,c,Cheap,5,query_union_U10,prepare,12.509,ok
prodds,10,c,Cheap,5,query_union_U2,explain,2.158,ok
prodds,10,c,Cheap,5,query_union_U2,prepare,7.707,ok
prodds,10,c,Cheap,5,query_union_U20,explain,2.871,ok
prodds,10,c,Cheap,5,query_union_U20,prepare,17.236,ok
prodds,10,c,Cheap,5,query_union_U200,explain,12.510,ok
prodds,10,c,Cheap,5,query_union_U200,prepare,113.065,ok
prodds,10,c,Cheap,5,query_union_U5,explain,3.269,ok
prodds,10,c,Cheap,5,query_union_U5,prepare,10.007,ok
prodds,10,o,Optimized,1,__floor__,floor,4.644,ok
prodds,10,o,Optimized,1,query_1,explain,5.468,ok
prodds,10,o,Optimized,1,query_1,prepare,49.442,ok
prodds,10,o,Optimized,1,query_10,explain,7.034,ok
prodds,10,o,Optimized,1,query_10,prepare,243.258,ok
prodds,10,o,Optimized,1,query_11,explain,6.330,ok
prodds,10,o,Optimized,1,query_11,prepare,127.066,ok
prodds,10,o,Optimized,1,query_12,explain,6.632,ok
prodds,10,o,Optimized,1,query_12,prepare,191.358,ok
prodds,10,o,Optimized,1,query_13,explain,7.441,ok
prodds,10,o,Optimized,1,query_13,prepare,113.728,ok
prodds,10,o,Optimized,1,query_14,explain,6.028,ok
prodds,10,o,Optimized,1,query_14,prepare,79.160,ok
prodds,10,o,Optimized,1,query_15,explain,6.227,ok
prodds,10,o,Optimized,1,query_15,prepare,103.026,ok
prodds,10,o,Optimized,1,query_17,explain,6.444,ok
prodds,10,o,Optimized,1,query_17,prepare,100.149,ok
prodds,10,o,Optimized,1,query_18,explain,7.015,ok
prodds,10,o,Optimized,1,query_18,prepare,154.021,ok
prodds,10,o,Optimized,1,query_2,explain,6.552,ok
prodds,10,o,Optimized,1,query_2,prepare,130.350,ok
prodds,10,o,Optimized,1,query_20,explain,12.169,ok
prodds,10,o,Optimized,1,query_20,prepare,289.306,ok
prodds,10,o,Optimized,1,query_21,explain,6.839,ok
prodds,10,o,Optimized,1,query_21,prepare,140.916,ok
prodds,10,o,Optimized,1,query_22,explain,7.469,ok
prodds,10,o,Optimized,1,query_22,prepare,213.262,ok
prodds,10,o,Optimized,1,query_23,explain,7.882,ok
prodds,10,o,Optimized,1,query_23,prepare,207.489,ok
prodds,10,o,Optimized,1,query_24,explain,6.728,ok
prodds,10,o,Optimized,1,query_24,prepare,104.039,ok
prodds,10,o,Optimized,1,query_25,explain,6.836,ok
prodds,10,o,Optimized,1,query_25,prepare,80.032,ok
prodds,10,o,Optimized,1,query_26,explain,7.722,ok
prodds,10,o,Optimized,1,query_26,prepare,269.802,ok
prodds,10,o,Optimized,1,query_27,explain,6.910,ok
prodds,10,o,Optimized,1,query_27,prepare,126.580,ok
prodds,10,o,Optimized,1,query_28,explain,7.045,ok
prodds,10,o,Optimized,1,query_28,prepare,193.365,ok
prodds,10,o,Optimized,1,query_3,explain,8.510,ok
prodds,10,o,Optimized,1,query_3,prepare,350.874,ok
prodds,10,o,Optimized,1,query_30,explain,7.994,ok
prodds,10,o,Optimized,1,query_30,prepare,225.531,ok
prodds,10,o,Optimized,1,query_31,explain,6.816,ok
prodds,10,o,Optimized,1,query_31,prepare,140.826,ok
prodds,10,o,Optimized,1,query_32,explain,6.399,ok
prodds,10,o,Optimized,1,query_32,prepare,156.637,ok
prodds,10,o,Optimized,1,query_33,explain,8.457,ok
prodds,10,o,Optimized,1,query_33,prepare,149.874,ok
prodds,10,o,Optimized,1,query_35,explain,6.242,ok
prodds,10,o,Optimized,1,query_35,prepare,213.704,ok
prodds,10,o,Optimized,1,query_36,explain,8.227,ok
prodds,10,o,Optimized,1,query_36,prepare,223.584,ok
prodds,10,o,Optimized,1,query_37,explain,6.569,ok
prodds,10,o,Optimized,1,query_37,prepare,190.274,ok
prodds,10,o,Optimized,1,query_39,explain,7.978,ok
prodds,10,o,Optimized,1,query_39,prepare,258.818,ok
prodds,10,o,Optimized,1,query_4,explain,7.228,ok
prodds,10,o,Optimized,1,query_4,prepare,158.469,ok
prodds,10,o,Optimized,1,query_40,explain,6.813,ok
prodds,10,o,Optimized,1,query_40,prepare,75.717,ok
prodds,10,o,Optimized,1,query_41,explain,8.188,ok
prodds,10,o,Optimized,1,query_41,prepare,315.621,ok
prodds,10,o,Optimized,1,query_42,explain,8.226,ok
prodds,10,o,Optimized,1,query_42,prepare,314.560,ok
prodds,10,o,Optimized,1,query_43,explain,7.990,ok
prodds,10,o,Optimized,1,query_43,prepare,135.231,ok
prodds,10,o,Optimized,1,query_44,explain,6.443,ok
prodds,10,o,Optimized,1,query_44,prepare,67.803,ok
prodds,10,o,Optimized,1,query_45,explain,6.167,ok
prodds,10,o,Optimized,1,query_45,prepare,116.719,ok
prodds,10,o,Optimized,1,query_46,explain,6.155,ok
prodds,10,o,Optimized,1,query_46,prepare,297.784,ok
prodds,10,o,Optimized,1,query_47,explain,7.627,ok
prodds,10,o,Optimized,1,query_47,prepare,238.052,ok
prodds,10,o,Optimized,1,query_48,explain,7.937,ok
prodds,10,o,Optimized,1,query_48,prepare,331.817,ok
prodds,10,o,Optimized,1,query_49,explain,7.687,ok
prodds,10,o,Optimized,1,query_49,prepare,125.099,ok
prodds,10,o,Optimized,1,query_5,explain,6.292,ok
prodds,10,o,Optimized,1,query_5,prepare,102.271,ok
prodds,10,o,Optimized,1,query_50,explain,7.345,ok
prodds,10,o,Optimized,1,query_50,prepare,163.323,ok
prodds,10,o,Optimized,1,query_51,explain,7.340,ok
prodds,10,o,Optimized,1,query_51,prepare,241.900,ok
prodds,10,o,Optimized,1,query_52,explain,6.157,ok
prodds,10,o,Optimized,1,query_52,prepare,76.926,ok
prodds,10,o,Optimized,1,query_53,explain,7.251,ok
prodds,10,o,Optimized,1,query_53,prepare,119.149,ok
prodds,10,o,Optimized,1,query_54,explain,6.252,ok
prodds,10,o,Optimized,1,query_54,prepare,135.707,ok
prodds,10,o,Optimized,1,query_55,explain,5.684,ok
prodds,10,o,Optimized,1,query_55,prepare,124.724,ok
prodds,10,o,Optimized,1,query_56,explain,6.487,ok
prodds,10,o,Optimized,1,query_56,prepare,213.447,ok
prodds,10,o,Optimized,1,query_57,explain,7.016,ok
prodds,10,o,Optimized,1,query_57,prepare,119.892,ok
prodds,10,o,Optimized,1,query_58,explain,6.862,ok
prodds,10,o,Optimized,1,query_58,prepare,114.937,ok
prodds,10,o,Optimized,1,query_59,explain,6.379,ok
prodds,10,o,Optimized,1,query_59,prepare,132.922,ok
prodds,10,o,Optimized,1,query_6,explain,8.679,ok
prodds,10,o,Optimized,1,query_6,prepare,335.157,ok
prodds,10,o,Optimized,1,query_60,explain,7.280,ok
prodds,10,o,Optimized,1,query_60,prepare,161.687,ok
prodds,10,o,Optimized,1,query_61,explain,6.214,ok
prodds,10,o,Optimized,1,query_61,prepare,115.699,ok
prodds,10,o,Optimized,1,query_62,explain,6.914,ok
prodds,10,o,Optimized,1,query_62,prepare,174.797,ok
prodds,10,o,Optimized,1,query_63,explain,7.554,ok
prodds,10,o,Optimized,1,query_63,prepare,169.408,ok
prodds,10,o,Optimized,1,query_64,explain,6.376,ok
prodds,10,o,Optimized,1,query_64,prepare,89.287,ok
prodds,10,o,Optimized,1,query_65,explain,6.199,ok
prodds,10,o,Optimized,1,query_65,prepare,89.053,ok
prodds,10,o,Optimized,1,query_66,explain,10.145,ok
prodds,10,o,Optimized,1,query_66,prepare,275.917,ok
prodds,10,o,Optimized,1,query_67,explain,6.569,ok
prodds,10,o,Optimized,1,query_67,prepare,78.420,ok
prodds,10,o,Optimized,1,query_68,explain,8.388,ok
prodds,10,o,Optimized,1,query_68,prepare,154.483,ok
prodds,10,o,Optimized,1,query_69,explain,9.803,ok
prodds,10,o,Optimized,1,query_69,prepare,440.303,ok
prodds,10,o,Optimized,1,query_7,explain,6.997,ok
prodds,10,o,Optimized,1,query_7,prepare,75.866,ok
prodds,10,o,Optimized,1,query_70,explain,7.145,ok
prodds,10,o,Optimized,1,query_70,prepare,302.535,ok
prodds,10,o,Optimized,1,query_71,explain,6.899,ok
prodds,10,o,Optimized,1,query_71,prepare,171.396,ok
prodds,10,o,Optimized,1,query_73,explain,7.267,ok
prodds,10,o,Optimized,1,query_73,prepare,102.418,ok
prodds,10,o,Optimized,1,query_74,explain,7.662,ok
prodds,10,o,Optimized,1,query_74,prepare,66.731,ok
prodds,10,o,Optimized,1,query_75,explain,7.033,ok
prodds,10,o,Optimized,1,query_75,prepare,136.020,ok
prodds,10,o,Optimized,1,query_76,explain,6.501,ok
prodds,10,o,Optimized,1,query_76,prepare,183.502,ok
prodds,10,o,Optimized,1,query_77,explain,6.336,ok
prodds,10,o,Optimized,1,query_77,prepare,135.556,ok
prodds,10,o,Optimized,1,query_79,explain,6.788,ok
prodds,10,o,Optimized,1,query_79,prepare,117.808,ok
prodds,10,o,Optimized,1,query_8,explain,6.624,ok
prodds,10,o,Optimized,1,query_8,prepare,141.965,ok
prodds,10,o,Optimized,1,query_80,explain,6.140,ok
prodds,10,o,Optimized,1,query_80,prepare,71.440,ok
prodds,10,o,Optimized,1,query_81,explain,7.317,ok
prodds,10,o,Optimized,1,query_81,prepare,149.670,ok
prodds,10,o,Optimized,1,query_82,explain,5.895,ok
prodds,10,o,Optimized,1,query_82,prepare,65.549,ok
prodds,10,o,Optimized,1,query_83,explain,7.706,ok
prodds,10,o,Optimized,1,query_83,prepare,222.523,ok
prodds,10,o,Optimized,1,query_84,explain,6.840,ok
prodds,10,o,Optimized,1,query_84,prepare,139.889,ok
prodds,10,o,Optimized,1,query_85,explain,6.831,ok
prodds,10,o,Optimized,1,query_85,prepare,133.386,ok
prodds,10,o,Optimized,1,query_86,explain,6.418,ok
prodds,10,o,Optimized,1,query_86,prepare,103.098,ok
prodds,10,o,Optimized,1,query_87,explain,8.835,ok
prodds,10,o,Optimized,1,query_87,prepare,159.330,ok
prodds,10,o,Optimized,1,query_88,explain,6.958,ok
prodds,10,o,Optimized,1,query_88,prepare,183.727,ok
prodds,10,o,Optimized,1,query_89,explain,6.837,ok
prodds,10,o,Optimized,1,query_89,prepare,132.868,ok
prodds,10,o,Optimized,1,query_9,explain,7.359,ok
prodds,10,o,Optimized,1,query_9,prepare,205.659,ok
prodds,10,o,Optimized,1,query_91,explain,8.876,ok
prodds,10,o,Optimized,1,query_91,prepare,68.712,ok
prodds,10,o,Optimized,1,query_92,explain,7.515,ok
prodds,10,o,Optimized,1,query_92,prepare,199.154,ok
prodds,10,o,Optimized,1,query_93,explain,8.150,ok
prodds,10,o,Optimized,1,query_93,prepare,392.266,ok
prodds,10,o,Optimized,1,query_94,explain,6.991,ok
prodds,10,o,Optimized,1,query_94,prepare,100.426,ok
prodds,10,o,Optimized,1,query_95,explain,7.837,ok
prodds,10,o,Optimized,1,query_95,prepare,234.240,ok
prodds,10,o,Optimized,1,query_97,explain,7.785,ok
prodds,10,o,Optimized,1,query_97,prepare,102.835,ok
prodds,10,o,Optimized,1,query_98,explain,7.444,ok
prodds,10,o,Optimized,1,query_98,prepare,308.622,ok
prodds,10,o,Optimized,1,query_99,explain,6.739,ok
prodds,10,o,Optimized,1,query_99,prepare,163.260,ok
prodds,10,o,Optimized,1,query_join_J100,explain,23.020,ok
prodds,10,o,Optimized,1,query_join_J100,prepare,1203.041,ok
prodds,10,o,Optimized,1,query_join_J200,explain,42.979,ok
prodds,10,o,Optimized,1,query_join_J200,prepare,2410.528,ok
prodds,10,o,Optimized,1,query_join_J50,explain,18.346,ok
prodds,10,o,Optimized,1,query_join_J50,prepare,680.923,ok
prodds,10,o,Optimized,1,query_union_U10,explain,7.489,ok
prodds,10,o,Optimized,1,query_union_U10,prepare,78.470,ok
prodds,10,o,Optimized,1,query_union_U2,explain,5.843,ok
prodds,10,o,Optimized,1,query_union_U2,prepare,41.612,ok
prodds,10,o,Optimized,1,query_union_U20,explain,6.648,ok
prodds,10,o,Optimized,1,query_union_U20,prepare,121.458,ok
prodds,10,o,Optimized,1,query_union_U200,explain,16.587,ok
prodds,10,o,Optimized,1,query_union_U200,prepare,914.723,ok
prodds,10,o,Optimized,1,query_union_U5,explain,7.461,ok
prodds,10,o,Optimized,1,query_union_U5,prepare,57.014,ok
prodds,10,o,Optimized,2,__floor__,floor,6.351,ok
prodds,10,o,Optimized,2,query_1,explain,8.807,ok
prodds,10,o,Optimized,2,query_1,prepare,58.748,ok
prodds,10,o,Optimized,2,query_10,explain,7.071,ok
prodds,10,o,Optimized,2,query_10,prepare,242.383,ok
prodds,10,o,Optimized,2,query_11,explain,6.194,ok
prodds,10,o,Optimized,2,query_11,prepare,127.409,ok
prodds,10,o,Optimized,2,query_12,explain,6.544,ok
prodds,10,o,Optimized,2,query_12,prepare,189.160,ok
prodds,10,o,Optimized,2,query_13,explain,7.297,ok
prodds,10,o,Optimized,2,query_13,prepare,113.631,ok
prodds,10,o,Optimized,2,query_14,explain,5.955,ok
prodds,10,o,Optimized,2,query_14,prepare,79.207,ok
prodds,10,o,Optimized,2,query_15,explain,6.254,ok
prodds,10,o,Optimized,2,query_15,prepare,102.950,ok
prodds,10,o,Optimized,2,query_17,explain,6.465,ok
prodds,10,o,Optimized,2,query_17,prepare,99.689,ok
prodds,10,o,Optimized,2,query_18,explain,6.898,ok
prodds,10,o,Optimized,2,query_18,prepare,154.228,ok
prodds,10,o,Optimized,2,query_2,explain,6.518,ok
prodds,10,o,Optimized,2,query_2,prepare,130.392,ok
prodds,10,o,Optimized,2,query_20,explain,12.138,ok
prodds,10,o,Optimized,2,query_20,prepare,290.261,ok
prodds,10,o,Optimized,2,query_21,explain,6.847,ok
prodds,10,o,Optimized,2,query_21,prepare,140.350,ok
prodds,10,o,Optimized,2,query_22,explain,7.308,ok
prodds,10,o,Optimized,2,query_22,prepare,211.991,ok
prodds,10,o,Optimized,2,query_23,explain,7.725,ok
prodds,10,o,Optimized,2,query_23,prepare,206.700,ok
prodds,10,o,Optimized,2,query_24,explain,6.650,ok
prodds,10,o,Optimized,2,query_24,prepare,103.972,ok
prodds,10,o,Optimized,2,query_25,explain,6.747,ok
prodds,10,o,Optimized,2,query_25,prepare,79.861,ok
prodds,10,o,Optimized,2,query_26,explain,7.614,ok
prodds,10,o,Optimized,2,query_26,prepare,268.731,ok
prodds,10,o,Optimized,2,query_27,explain,6.888,ok
prodds,10,o,Optimized,2,query_27,prepare,126.223,ok
prodds,10,o,Optimized,2,query_28,explain,6.978,ok
prodds,10,o,Optimized,2,query_28,prepare,192.857,ok
prodds,10,o,Optimized,2,query_3,explain,8.333,ok
prodds,10,o,Optimized,2,query_3,prepare,351.724,ok
prodds,10,o,Optimized,2,query_30,explain,7.838,ok
prodds,10,o,Optimized,2,query_30,prepare,225.647,ok
prodds,10,o,Optimized,2,query_31,explain,6.756,ok
prodds,10,o,Optimized,2,query_31,prepare,141.078,ok
prodds,10,o,Optimized,2,query_32,explain,6.503,ok
prodds,10,o,Optimized,2,query_32,prepare,156.611,ok
prodds,10,o,Optimized,2,query_33,explain,8.145,ok
prodds,10,o,Optimized,2,query_33,prepare,149.915,ok
prodds,10,o,Optimized,2,query_35,explain,6.128,ok
prodds,10,o,Optimized,2,query_35,prepare,213.597,ok
prodds,10,o,Optimized,2,query_36,explain,8.077,ok
prodds,10,o,Optimized,2,query_36,prepare,224.538,ok
prodds,10,o,Optimized,2,query_37,explain,6.685,ok
prodds,10,o,Optimized,2,query_37,prepare,190.835,ok
prodds,10,o,Optimized,2,query_39,explain,8.061,ok
prodds,10,o,Optimized,2,query_39,prepare,260.002,ok
prodds,10,o,Optimized,2,query_4,explain,7.233,ok
prodds,10,o,Optimized,2,query_4,prepare,159.030,ok
prodds,10,o,Optimized,2,query_40,explain,6.885,ok
prodds,10,o,Optimized,2,query_40,prepare,75.737,ok
prodds,10,o,Optimized,2,query_41,explain,8.218,ok
prodds,10,o,Optimized,2,query_41,prepare,316.401,ok
prodds,10,o,Optimized,2,query_42,explain,7.727,ok
prodds,10,o,Optimized,2,query_42,prepare,314.871,ok
prodds,10,o,Optimized,2,query_43,explain,7.941,ok
prodds,10,o,Optimized,2,query_43,prepare,136.364,ok
prodds,10,o,Optimized,2,query_44,explain,6.565,ok
prodds,10,o,Optimized,2,query_44,prepare,68.398,ok
prodds,10,o,Optimized,2,query_45,explain,6.230,ok
prodds,10,o,Optimized,2,query_45,prepare,117.666,ok
prodds,10,o,Optimized,2,query_46,explain,6.217,ok
prodds,10,o,Optimized,2,query_46,prepare,299.283,ok
prodds,10,o,Optimized,2,query_47,explain,7.862,ok
prodds,10,o,Optimized,2,query_47,prepare,238.931,ok
prodds,10,o,Optimized,2,query_48,explain,8.000,ok
prodds,10,o,Optimized,2,query_48,prepare,332.694,ok
prodds,10,o,Optimized,2,query_49,explain,7.737,ok
prodds,10,o,Optimized,2,query_49,prepare,125.170,ok
prodds,10,o,Optimized,2,query_5,explain,6.251,ok
prodds,10,o,Optimized,2,query_5,prepare,102.465,ok
prodds,10,o,Optimized,2,query_50,explain,7.407,ok
prodds,10,o,Optimized,2,query_50,prepare,163.303,ok
prodds,10,o,Optimized,2,query_51,explain,7.455,ok
prodds,10,o,Optimized,2,query_51,prepare,240.880,ok
prodds,10,o,Optimized,2,query_52,explain,6.123,ok
prodds,10,o,Optimized,2,query_52,prepare,77.105,ok
prodds,10,o,Optimized,2,query_53,explain,7.087,ok
prodds,10,o,Optimized,2,query_53,prepare,119.367,ok
prodds,10,o,Optimized,2,query_54,explain,6.304,ok
prodds,10,o,Optimized,2,query_54,prepare,136.156,ok
prodds,10,o,Optimized,2,query_55,explain,5.671,ok
prodds,10,o,Optimized,2,query_55,prepare,125.267,ok
prodds,10,o,Optimized,2,query_56,explain,6.685,ok
prodds,10,o,Optimized,2,query_56,prepare,213.732,ok
prodds,10,o,Optimized,2,query_57,explain,7.096,ok
prodds,10,o,Optimized,2,query_57,prepare,120.287,ok
prodds,10,o,Optimized,2,query_58,explain,6.935,ok
prodds,10,o,Optimized,2,query_58,prepare,114.840,ok
prodds,10,o,Optimized,2,query_59,explain,6.248,ok
prodds,10,o,Optimized,2,query_59,prepare,132.870,ok
prodds,10,o,Optimized,2,query_6,explain,8.648,ok
prodds,10,o,Optimized,2,query_6,prepare,333.850,ok
prodds,10,o,Optimized,2,query_60,explain,7.267,ok
prodds,10,o,Optimized,2,query_60,prepare,161.478,ok
prodds,10,o,Optimized,2,query_61,explain,6.157,ok
prodds,10,o,Optimized,2,query_61,prepare,116.071,ok
prodds,10,o,Optimized,2,query_62,explain,6.876,ok
prodds,10,o,Optimized,2,query_62,prepare,175.940,ok
prodds,10,o,Optimized,2,query_63,explain,7.719,ok
prodds,10,o,Optimized,2,query_63,prepare,169.039,ok
prodds,10,o,Optimized,2,query_64,explain,6.442,ok
prodds,10,o,Optimized,2,query_64,prepare,89.600,ok
prodds,10,o,Optimized,2,query_65,explain,6.137,ok
prodds,10,o,Optimized,2,query_65,prepare,89.505,ok
prodds,10,o,Optimized,2,query_66,explain,10.111,ok
prodds,10,o,Optimized,2,query_66,prepare,276.827,ok
prodds,10,o,Optimized,2,query_67,explain,6.487,ok
prodds,10,o,Optimized,2,query_67,prepare,78.184,ok
prodds,10,o,Optimized,2,query_68,explain,8.340,ok
prodds,10,o,Optimized,2,query_68,prepare,153.249,ok
prodds,10,o,Optimized,2,query_69,explain,9.620,ok
prodds,10,o,Optimized,2,query_69,prepare,439.969,ok
prodds,10,o,Optimized,2,query_7,explain,6.794,ok
prodds,10,o,Optimized,2,query_7,prepare,75.421,ok
prodds,10,o,Optimized,2,query_70,explain,7.065,ok
prodds,10,o,Optimized,2,query_70,prepare,302.569,ok
prodds,10,o,Optimized,2,query_71,explain,6.855,ok
prodds,10,o,Optimized,2,query_71,prepare,170.519,ok
prodds,10,o,Optimized,2,query_73,explain,7.135,ok
prodds,10,o,Optimized,2,query_73,prepare,102.337,ok
prodds,10,o,Optimized,2,query_74,explain,7.574,ok
prodds,10,o,Optimized,2,query_74,prepare,64.219,ok
prodds,10,o,Optimized,2,query_75,explain,6.889,ok
prodds,10,o,Optimized,2,query_75,prepare,135.025,ok
prodds,10,o,Optimized,2,query_76,explain,6.380,ok
prodds,10,o,Optimized,2,query_76,prepare,183.231,ok
prodds,10,o,Optimized,2,query_77,explain,6.344,ok
prodds,10,o,Optimized,2,query_77,prepare,135.915,ok
prodds,10,o,Optimized,2,query_79,explain,6.856,ok
prodds,10,o,Optimized,2,query_79,prepare,118.182,ok
prodds,10,o,Optimized,2,query_8,explain,6.631,ok
prodds,10,o,Optimized,2,query_8,prepare,142.015,ok
prodds,10,o,Optimized,2,query_80,explain,6.209,ok
prodds,10,o,Optimized,2,query_80,prepare,71.484,ok
prodds,10,o,Optimized,2,query_81,explain,7.281,ok
prodds,10,o,Optimized,2,query_81,prepare,149.727,ok
prodds,10,o,Optimized,2,query_82,explain,5.919,ok
prodds,10,o,Optimized,2,query_82,prepare,65.596,ok
prodds,10,o,Optimized,2,query_83,explain,7.531,ok
prodds,10,o,Optimized,2,query_83,prepare,222.940,ok
prodds,10,o,Optimized,2,query_84,explain,6.785,ok
prodds,10,o,Optimized,2,query_84,prepare,140.516,ok
prodds,10,o,Optimized,2,query_85,explain,6.745,ok
prodds,10,o,Optimized,2,query_85,prepare,132.646,ok
prodds,10,o,Optimized,2,query_86,explain,6.331,ok
prodds,10,o,Optimized,2,query_86,prepare,103.178,ok
prodds,10,o,Optimized,2,query_87,explain,8.783,ok
prodds,10,o,Optimized,2,query_87,prepare,159.142,ok
prodds,10,o,Optimized,2,query_88,explain,6.896,ok
prodds,10,o,Optimized,2,query_88,prepare,183.784,ok
prodds,10,o,Optimized,2,query_89,explain,6.819,ok
prodds,10,o,Optimized,2,query_89,prepare,132.987,ok
prodds,10,o,Optimized,2,query_9,explain,7.567,ok
prodds,10,o,Optimized,2,query_9,prepare,205.556,ok
prodds,10,o,Optimized,2,query_91,explain,8.804,ok
prodds,10,o,Optimized,2,query_91,prepare,68.560,ok
prodds,10,o,Optimized,2,query_92,explain,7.451,ok
prodds,10,o,Optimized,2,query_92,prepare,199.188,ok
prodds,10,o,Optimized,2,query_93,explain,8.320,ok
prodds,10,o,Optimized,2,query_93,prepare,394.547,ok
prodds,10,o,Optimized,2,query_94,explain,6.974,ok
prodds,10,o,Optimized,2,query_94,prepare,100.920,ok
prodds,10,o,Optimized,2,query_95,explain,7.968,ok
prodds,10,o,Optimized,2,query_95,prepare,236.571,ok
prodds,10,o,Optimized,2,query_97,explain,8.173,ok
prodds,10,o,Optimized,2,query_97,prepare,103.062,ok
prodds,10,o,Optimized,2,query_98,explain,7.532,ok
prodds,10,o,Optimized,2,query_98,prepare,309.332,ok
prodds,10,o,Optimized,2,query_99,explain,7.167,ok
prodds,10,o,Optimized,2,query_99,prepare,161.997,ok
prodds,10,o,Optimized,2,query_join_J100,explain,22.905,ok
prodds,10,o,Optimized,2,query_join_J100,prepare,1207.303,ok
prodds,10,o,Optimized,2,query_join_J200,explain,42.689,ok
prodds,10,o,Optimized,2,query_join_J200,prepare,2412.237,ok
prodds,10,o,Optimized,2,query_join_J50,explain,18.250,ok
prodds,10,o,Optimized,2,query_join_J50,prepare,679.525,ok
prodds,10,o,Optimized,2,query_union_U10,explain,7.369,ok
prodds,10,o,Optimized,2,query_union_U10,prepare,77.927,ok
prodds,10,o,Optimized,2,query_union_U2,explain,5.708,ok
prodds,10,o,Optimized,2,query_union_U2,prepare,41.723,ok
prodds,10,o,Optimized,2,query_union_U20,explain,6.587,ok
prodds,10,o,Optimized,2,query_union_U20,prepare,121.314,ok
prodds,10,o,Optimized,2,query_union_U200,explain,17.367,ok
prodds,10,o,Optimized,2,query_union_U200,prepare,913.151,ok
prodds,10,o,Optimized,2,query_union_U5,explain,7.423,ok
prodds,10,o,Optimized,2,query_union_U5,prepare,56.918,ok
prodds,10,o,Optimized,3,__floor__,floor,6.858,ok
prodds,10,o,Optimized,3,query_1,explain,9.201,ok
prodds,10,o,Optimized,3,query_1,prepare,59.179,ok
prodds,10,o,Optimized,3,query_10,explain,7.187,ok
prodds,10,o,Optimized,3,query_10,prepare,242.313,ok
prodds,10,o,Optimized,3,query_11,explain,6.455,ok
prodds,10,o,Optimized,3,query_11,prepare,127.525,ok
prodds,10,o,Optimized,3,query_12,explain,6.671,ok
prodds,10,o,Optimized,3,query_12,prepare,189.428,ok
prodds,10,o,Optimized,3,query_13,explain,7.347,ok
prodds,10,o,Optimized,3,query_13,prepare,114.407,ok
prodds,10,o,Optimized,3,query_14,explain,6.079,ok
prodds,10,o,Optimized,3,query_14,prepare,80.611,ok
prodds,10,o,Optimized,3,query_15,explain,6.421,ok
prodds,10,o,Optimized,3,query_15,prepare,103.078,ok
prodds,10,o,Optimized,3,query_17,explain,6.539,ok
prodds,10,o,Optimized,3,query_17,prepare,100.281,ok
prodds,10,o,Optimized,3,query_18,explain,7.002,ok
prodds,10,o,Optimized,3,query_18,prepare,154.987,ok
prodds,10,o,Optimized,3,query_2,explain,6.623,ok
prodds,10,o,Optimized,3,query_2,prepare,130.456,ok
prodds,10,o,Optimized,3,query_20,explain,12.024,ok
prodds,10,o,Optimized,3,query_20,prepare,289.432,ok
prodds,10,o,Optimized,3,query_21,explain,6.761,ok
prodds,10,o,Optimized,3,query_21,prepare,141.207,ok
prodds,10,o,Optimized,3,query_22,explain,7.407,ok
prodds,10,o,Optimized,3,query_22,prepare,214.905,ok
prodds,10,o,Optimized,3,query_23,explain,7.760,ok
prodds,10,o,Optimized,3,query_23,prepare,207.946,ok
prodds,10,o,Optimized,3,query_24,explain,6.772,ok
prodds,10,o,Optimized,3,query_24,prepare,104.705,ok
prodds,10,o,Optimized,3,query_25,explain,6.739,ok
prodds,10,o,Optimized,3,query_25,prepare,80.390,ok
prodds,10,o,Optimized,3,query_26,explain,7.695,ok
prodds,10,o,Optimized,3,query_26,prepare,270.320,ok
prodds,10,o,Optimized,3,query_27,explain,7.011,ok
prodds,10,o,Optimized,3,query_27,prepare,127.562,ok
prodds,10,o,Optimized,3,query_28,explain,7.120,ok
prodds,10,o,Optimized,3,query_28,prepare,193.948,ok
prodds,10,o,Optimized,3,query_3,explain,8.507,ok
prodds,10,o,Optimized,3,query_3,prepare,354.804,ok
prodds,10,o,Optimized,3,query_30,explain,7.943,ok
prodds,10,o,Optimized,3,query_30,prepare,226.673,ok
prodds,10,o,Optimized,3,query_31,explain,6.842,ok
prodds,10,o,Optimized,3,query_31,prepare,141.306,ok
prodds,10,o,Optimized,3,query_32,explain,6.516,ok
prodds,10,o,Optimized,3,query_32,prepare,156.961,ok
prodds,10,o,Optimized,3,query_33,explain,8.494,ok
prodds,10,o,Optimized,3,query_33,prepare,149.680,ok
prodds,10,o,Optimized,3,query_35,explain,6.145,ok
prodds,10,o,Optimized,3,query_35,prepare,214.389,ok
prodds,10,o,Optimized,3,query_36,explain,7.958,ok
prodds,10,o,Optimized,3,query_36,prepare,223.608,ok
prodds,10,o,Optimized,3,query_37,explain,6.785,ok
prodds,10,o,Optimized,3,query_37,prepare,191.133,ok
prodds,10,o,Optimized,3,query_39,explain,8.040,ok
prodds,10,o,Optimized,3,query_39,prepare,259.756,ok
prodds,10,o,Optimized,3,query_4,explain,7.175,ok
prodds,10,o,Optimized,3,query_4,prepare,159.669,ok
prodds,10,o,Optimized,3,query_40,explain,6.985,ok
prodds,10,o,Optimized,3,query_40,prepare,76.456,ok
prodds,10,o,Optimized,3,query_41,explain,8.289,ok
prodds,10,o,Optimized,3,query_41,prepare,317.741,ok
prodds,10,o,Optimized,3,query_42,explain,7.820,ok
prodds,10,o,Optimized,3,query_42,prepare,315.233,ok
prodds,10,o,Optimized,3,query_43,explain,7.995,ok
prodds,10,o,Optimized,3,query_43,prepare,135.835,ok
prodds,10,o,Optimized,3,query_44,explain,6.540,ok
prodds,10,o,Optimized,3,query_44,prepare,68.292,ok
prodds,10,o,Optimized,3,query_45,explain,6.321,ok
prodds,10,o,Optimized,3,query_45,prepare,117.502,ok
prodds,10,o,Optimized,3,query_46,explain,6.254,ok
prodds,10,o,Optimized,3,query_46,prepare,300.298,ok
prodds,10,o,Optimized,3,query_47,explain,7.839,ok
prodds,10,o,Optimized,3,query_47,prepare,240.742,ok
prodds,10,o,Optimized,3,query_48,explain,8.015,ok
prodds,10,o,Optimized,3,query_48,prepare,334.746,ok
prodds,10,o,Optimized,3,query_49,explain,7.615,ok
prodds,10,o,Optimized,3,query_49,prepare,126.211,ok
prodds,10,o,Optimized,3,query_5,explain,6.322,ok
prodds,10,o,Optimized,3,query_5,prepare,102.946,ok
prodds,10,o,Optimized,3,query_50,explain,7.373,ok
prodds,10,o,Optimized,3,query_50,prepare,163.648,ok
prodds,10,o,Optimized,3,query_51,explain,7.483,ok
prodds,10,o,Optimized,3,query_51,prepare,242.523,ok
prodds,10,o,Optimized,3,query_52,explain,6.241,ok
prodds,10,o,Optimized,3,query_52,prepare,77.481,ok
prodds,10,o,Optimized,3,query_53,explain,7.192,ok
prodds,10,o,Optimized,3,query_53,prepare,119.347,ok
prodds,10,o,Optimized,3,query_54,explain,6.369,ok
prodds,10,o,Optimized,3,query_54,prepare,136.129,ok
prodds,10,o,Optimized,3,query_55,explain,5.694,ok
prodds,10,o,Optimized,3,query_55,prepare,125.168,ok
prodds,10,o,Optimized,3,query_56,explain,6.507,ok
prodds,10,o,Optimized,3,query_56,prepare,216.247,ok
prodds,10,o,Optimized,3,query_57,explain,7.109,ok
prodds,10,o,Optimized,3,query_57,prepare,120.781,ok
prodds,10,o,Optimized,3,query_58,explain,7.154,ok
prodds,10,o,Optimized,3,query_58,prepare,115.795,ok
prodds,10,o,Optimized,3,query_59,explain,6.469,ok
prodds,10,o,Optimized,3,query_59,prepare,133.150,ok
prodds,10,o,Optimized,3,query_6,explain,8.713,ok
prodds,10,o,Optimized,3,query_6,prepare,336.135,ok
prodds,10,o,Optimized,3,query_60,explain,7.355,ok
prodds,10,o,Optimized,3,query_60,prepare,162.709,ok
prodds,10,o,Optimized,3,query_61,explain,6.205,ok
prodds,10,o,Optimized,3,query_61,prepare,116.483,ok
prodds,10,o,Optimized,3,query_62,explain,6.962,ok
prodds,10,o,Optimized,3,query_62,prepare,176.000,ok
prodds,10,o,Optimized,3,query_63,explain,7.736,ok
prodds,10,o,Optimized,3,query_63,prepare,170.886,ok
prodds,10,o,Optimized,3,query_64,explain,6.539,ok
prodds,10,o,Optimized,3,query_64,prepare,89.781,ok
prodds,10,o,Optimized,3,query_65,explain,6.323,ok
prodds,10,o,Optimized,3,query_65,prepare,89.371,ok
prodds,10,o,Optimized,3,query_66,explain,10.111,ok
prodds,10,o,Optimized,3,query_66,prepare,276.951,ok
prodds,10,o,Optimized,3,query_67,explain,6.595,ok
prodds,10,o,Optimized,3,query_67,prepare,78.852,ok
prodds,10,o,Optimized,3,query_68,explain,8.466,ok
prodds,10,o,Optimized,3,query_68,prepare,154.071,ok
prodds,10,o,Optimized,3,query_69,explain,9.780,ok
prodds,10,o,Optimized,3,query_69,prepare,442.818,ok
prodds,10,o,Optimized,3,query_7,explain,6.990,ok
prodds,10,o,Optimized,3,query_7,prepare,75.980,ok
prodds,10,o,Optimized,3,query_70,explain,7.217,ok
prodds,10,o,Optimized,3,query_70,prepare,305.075,ok
prodds,10,o,Optimized,3,query_71,explain,6.879,ok
prodds,10,o,Optimized,3,query_71,prepare,172.179,ok
prodds,10,o,Optimized,3,query_73,explain,7.186,ok
prodds,10,o,Optimized,3,query_73,prepare,102.705,ok
prodds,10,o,Optimized,3,query_74,explain,7.668,ok
prodds,10,o,Optimized,3,query_74,prepare,66.968,ok
prodds,10,o,Optimized,3,query_75,explain,6.991,ok
prodds,10,o,Optimized,3,query_75,prepare,135.578,ok
prodds,10,o,Optimized,3,query_76,explain,6.392,ok
prodds,10,o,Optimized,3,query_76,prepare,183.588,ok
prodds,10,o,Optimized,3,query_77,explain,6.334,ok
prodds,10,o,Optimized,3,query_77,prepare,136.496,ok
prodds,10,o,Optimized,3,query_79,explain,6.688,ok
prodds,10,o,Optimized,3,query_79,prepare,118.598,ok
prodds,10,o,Optimized,3,query_8,explain,6.620,ok
prodds,10,o,Optimized,3,query_8,prepare,142.269,ok
prodds,10,o,Optimized,3,query_80,explain,6.311,ok
prodds,10,o,Optimized,3,query_80,prepare,71.473,ok
prodds,10,o,Optimized,3,query_81,explain,7.329,ok
prodds,10,o,Optimized,3,query_81,prepare,150.630,ok
prodds,10,o,Optimized,3,query_82,explain,5.909,ok
prodds,10,o,Optimized,3,query_82,prepare,65.908,ok
prodds,10,o,Optimized,3,query_83,explain,7.557,ok
prodds,10,o,Optimized,3,query_83,prepare,223.271,ok
prodds,10,o,Optimized,3,query_84,explain,6.911,ok
prodds,10,o,Optimized,3,query_84,prepare,140.282,ok
prodds,10,o,Optimized,3,query_85,explain,6.812,ok
prodds,10,o,Optimized,3,query_85,prepare,132.595,ok
prodds,10,o,Optimized,3,query_86,explain,6.347,ok
prodds,10,o,Optimized,3,query_86,prepare,103.672,ok
prodds,10,o,Optimized,3,query_87,explain,8.855,ok
prodds,10,o,Optimized,3,query_87,prepare,161.073,ok
prodds,10,o,Optimized,3,query_88,explain,7.122,ok
prodds,10,o,Optimized,3,query_88,prepare,184.792,ok
prodds,10,o,Optimized,3,query_89,explain,6.943,ok
prodds,10,o,Optimized,3,query_89,prepare,133.380,ok
prodds,10,o,Optimized,3,query_9,explain,7.397,ok
prodds,10,o,Optimized,3,query_9,prepare,206.438,ok
prodds,10,o,Optimized,3,query_91,explain,8.844,ok
prodds,10,o,Optimized,3,query_91,prepare,69.020,ok
prodds,10,o,Optimized,3,query_92,explain,7.450,ok
prodds,10,o,Optimized,3,query_92,prepare,199.669,ok
prodds,10,o,Optimized,3,query_93,explain,8.317,ok
prodds,10,o,Optimized,3,query_93,prepare,393.509,ok
prodds,10,o,Optimized,3,query_94,explain,7.145,ok
prodds,10,o,Optimized,3,query_94,prepare,101.420,ok
prodds,10,o,Optimized,3,query_95,explain,7.931,ok
prodds,10,o,Optimized,3,query_95,prepare,234.835,ok
prodds,10,o,Optimized,3,query_97,explain,7.857,ok
prodds,10,o,Optimized,3,query_97,prepare,103.341,ok
prodds,10,o,Optimized,3,query_98,explain,7.454,ok
prodds,10,o,Optimized,3,query_98,prepare,309.320,ok
prodds,10,o,Optimized,3,query_99,explain,6.743,ok
prodds,10,o,Optimized,3,query_99,prepare,162.258,ok
prodds,10,o,Optimized,3,query_join_J100,explain,22.934,ok
prodds,10,o,Optimized,3,query_join_J100,prepare,1207.912,ok
prodds,10,o,Optimized,3,query_join_J200,explain,43.314,ok
prodds,10,o,Optimized,3,query_join_J200,prepare,2425.474,ok
prodds,10,o,Optimized,3,query_join_J50,explain,18.379,ok
prodds,10,o,Optimized,3,query_join_J50,prepare,682.879,ok
prodds,10,o,Optimized,3,query_union_U10,explain,7.458,ok
prodds,10,o,Optimized,3,query_union_U10,prepare,78.812,ok
prodds,10,o,Optimized,3,query_union_U2,explain,5.831,ok
prodds,10,o,Optimized,3,query_union_U2,prepare,41.830,ok
prodds,10,o,Optimized,3,query_union_U20,explain,6.596,ok
prodds,10,o,Optimized,3,query_union_U20,prepare,122.247,ok
prodds,10,o,Optimized,3,query_union_U200,explain,17.075,ok
prodds,10,o,Optimized,3,query_union_U200,prepare,916.955,ok
prodds,10,o,Optimized,3,query_union_U5,explain,7.431,ok
prodds,10,o,Optimized,3,query_union_U5,prepare,57.019,ok
prodds,10,o,Optimized,4,__floor__,floor,4.918,ok
prodds,10,o,Optimized,4,query_1,explain,5.790,ok
prodds,10,o,Optimized,4,query_1,prepare,51.427,ok
prodds,10,o,Optimized,4,query_10,explain,7.348,ok
prodds,10,o,Optimized,4,query_10,prepare,248.465,ok
prodds,10,o,Optimized,4,query_11,explain,6.428,ok
prodds,10,o,Optimized,4,query_11,prepare,129.548,ok
prodds,10,o,Optimized,4,query_12,explain,6.722,ok
prodds,10,o,Optimized,4,query_12,prepare,192.517,ok
prodds,10,o,Optimized,4,query_13,explain,7.426,ok
prodds,10,o,Optimized,4,query_13,prepare,115.544,ok
prodds,10,o,Optimized,4,query_14,explain,6.082,ok
prodds,10,o,Optimized,4,query_14,prepare,79.897,ok
prodds,10,o,Optimized,4,query_15,explain,6.234,ok
prodds,10,o,Optimized,4,query_15,prepare,104.271,ok
prodds,10,o,Optimized,4,query_17,explain,6.599,ok
prodds,10,o,Optimized,4,query_17,prepare,100.957,ok
prodds,10,o,Optimized,4,query_18,explain,7.141,ok
prodds,10,o,Optimized,4,query_18,prepare,156.279,ok
prodds,10,o,Optimized,4,query_2,explain,6.794,ok
prodds,10,o,Optimized,4,query_2,prepare,131.616,ok
prodds,10,o,Optimized,4,query_20,explain,12.346,ok
prodds,10,o,Optimized,4,query_20,prepare,292.111,ok
prodds,10,o,Optimized,4,query_21,explain,6.719,ok
prodds,10,o,Optimized,4,query_21,prepare,141.362,ok
prodds,10,o,Optimized,4,query_22,explain,7.484,ok
prodds,10,o,Optimized,4,query_22,prepare,214.353,ok
prodds,10,o,Optimized,4,query_23,explain,8.036,ok
prodds,10,o,Optimized,4,query_23,prepare,209.098,ok
prodds,10,o,Optimized,4,query_24,explain,6.918,ok
prodds,10,o,Optimized,4,query_24,prepare,104.173,ok
prodds,10,o,Optimized,4,query_25,explain,6.890,ok
prodds,10,o,Optimized,4,query_25,prepare,80.230,ok
prodds,10,o,Optimized,4,query_26,explain,7.734,ok
prodds,10,o,Optimized,4,query_26,prepare,269.344,ok
prodds,10,o,Optimized,4,query_27,explain,6.966,ok
prodds,10,o,Optimized,4,query_27,prepare,126.805,ok
prodds,10,o,Optimized,4,query_28,explain,7.074,ok
prodds,10,o,Optimized,4,query_28,prepare,193.424,ok
prodds,10,o,Optimized,4,query_3,explain,8.459,ok
prodds,10,o,Optimized,4,query_3,prepare,352.361,ok
prodds,10,o,Optimized,4,query_30,explain,7.990,ok
prodds,10,o,Optimized,4,query_30,prepare,226.324,ok
prodds,10,o,Optimized,4,query_31,explain,6.792,ok
prodds,10,o,Optimized,4,query_31,prepare,140.904,ok
prodds,10,o,Optimized,4,query_32,explain,6.429,ok
prodds,10,o,Optimized,4,query_32,prepare,156.999,ok
prodds,10,o,Optimized,4,query_33,explain,8.404,ok
prodds,10,o,Optimized,4,query_33,prepare,151.147,ok
prodds,10,o,Optimized,4,query_35,explain,6.336,ok
prodds,10,o,Optimized,4,query_35,prepare,214.931,ok
prodds,10,o,Optimized,4,query_36,explain,8.137,ok
prodds,10,o,Optimized,4,query_36,prepare,223.901,ok
prodds,10,o,Optimized,4,query_37,explain,6.675,ok
prodds,10,o,Optimized,4,query_37,prepare,192.107,ok
prodds,10,o,Optimized,4,query_39,explain,8.032,ok
prodds,10,o,Optimized,4,query_39,prepare,260.101,ok
prodds,10,o,Optimized,4,query_4,explain,7.218,ok
prodds,10,o,Optimized,4,query_4,prepare,159.466,ok
prodds,10,o,Optimized,4,query_40,explain,6.920,ok
prodds,10,o,Optimized,4,query_40,prepare,75.780,ok
prodds,10,o,Optimized,4,query_41,explain,8.219,ok
prodds,10,o,Optimized,4,query_41,prepare,317.757,ok
prodds,10,o,Optimized,4,query_42,explain,7.571,ok
prodds,10,o,Optimized,4,query_42,prepare,314.283,ok
prodds,10,o,Optimized,4,query_43,explain,7.769,ok
prodds,10,o,Optimized,4,query_43,prepare,135.499,ok
prodds,10,o,Optimized,4,query_44,explain,6.461,ok
prodds,10,o,Optimized,4,query_44,prepare,68.172,ok
prodds,10,o,Optimized,4,query_45,explain,6.285,ok
prodds,10,o,Optimized,4,query_45,prepare,117.530,ok
prodds,10,o,Optimized,4,query_46,explain,6.239,ok
prodds,10,o,Optimized,4,query_46,prepare,300.390,ok
prodds,10,o,Optimized,4,query_47,explain,7.908,ok
prodds,10,o,Optimized,4,query_47,prepare,241.454,ok
prodds,10,o,Optimized,4,query_48,explain,8.012,ok
prodds,10,o,Optimized,4,query_48,prepare,335.202,ok
prodds,10,o,Optimized,4,query_49,explain,7.749,ok
prodds,10,o,Optimized,4,query_49,prepare,127.702,ok
prodds,10,o,Optimized,4,query_5,explain,6.460,ok
prodds,10,o,Optimized,4,query_5,prepare,103.615,ok
prodds,10,o,Optimized,4,query_50,explain,7.517,ok
prodds,10,o,Optimized,4,query_50,prepare,164.344,ok
prodds,10,o,Optimized,4,query_51,explain,7.350,ok
prodds,10,o,Optimized,4,query_51,prepare,241.241,ok
prodds,10,o,Optimized,4,query_52,explain,6.084,ok
prodds,10,o,Optimized,4,query_52,prepare,77.063,ok
prodds,10,o,Optimized,4,query_53,explain,7.037,ok
prodds,10,o,Optimized,4,query_53,prepare,118.818,ok
prodds,10,o,Optimized,4,query_54,explain,6.266,ok
prodds,10,o,Optimized,4,query_54,prepare,135.581,ok
prodds,10,o,Optimized,4,query_55,explain,5.652,ok
prodds,10,o,Optimized,4,query_55,prepare,124.755,ok
prodds,10,o,Optimized,4,query_56,explain,6.481,ok
prodds,10,o,Optimized,4,query_56,prepare,213.727,ok
prodds,10,o,Optimized,4,query_57,explain,7.112,ok
prodds,10,o,Optimized,4,query_57,prepare,120.082,ok
prodds,10,o,Optimized,4,query_58,explain,6.935,ok
prodds,10,o,Optimized,4,query_58,prepare,115.406,ok
prodds,10,o,Optimized,4,query_59,explain,6.332,ok
prodds,10,o,Optimized,4,query_59,prepare,133.319,ok
prodds,10,o,Optimized,4,query_6,explain,8.661,ok
prodds,10,o,Optimized,4,query_6,prepare,335.808,ok
prodds,10,o,Optimized,4,query_60,explain,7.368,ok
prodds,10,o,Optimized,4,query_60,prepare,162.540,ok
prodds,10,o,Optimized,4,query_61,explain,6.187,ok
prodds,10,o,Optimized,4,query_61,prepare,116.164,ok
prodds,10,o,Optimized,4,query_62,explain,7.207,ok
prodds,10,o,Optimized,4,query_62,prepare,175.072,ok
prodds,10,o,Optimized,4,query_63,explain,7.587,ok
prodds,10,o,Optimized,4,query_63,prepare,170.639,ok
prodds,10,o,Optimized,4,query_64,explain,6.422,ok
prodds,10,o,Optimized,4,query_64,prepare,89.360,ok
prodds,10,o,Optimized,4,query_65,explain,6.264,ok
prodds,10,o,Optimized,4,query_65,prepare,89.438,ok
prodds,10,o,Optimized,4,query_66,explain,10.132,ok
prodds,10,o,Optimized,4,query_66,prepare,278.990,ok
prodds,10,o,Optimized,4,query_67,explain,6.628,ok
prodds,10,o,Optimized,4,query_67,prepare,79.243,ok
prodds,10,o,Optimized,4,query_68,explain,8.447,ok
prodds,10,o,Optimized,4,query_68,prepare,155.559,ok
prodds,10,o,Optimized,4,query_69,explain,9.842,ok
prodds,10,o,Optimized,4,query_69,prepare,442.430,ok
prodds,10,o,Optimized,4,query_7,explain,6.982,ok
prodds,10,o,Optimized,4,query_7,prepare,76.141,ok
prodds,10,o,Optimized,4,query_70,explain,7.240,ok
prodds,10,o,Optimized,4,query_70,prepare,303.160,ok
prodds,10,o,Optimized,4,query_71,explain,6.827,ok
prodds,10,o,Optimized,4,query_71,prepare,170.980,ok
prodds,10,o,Optimized,4,query_73,explain,7.162,ok
prodds,10,o,Optimized,4,query_73,prepare,102.259,ok
prodds,10,o,Optimized,4,query_74,explain,7.766,ok
prodds,10,o,Optimized,4,query_74,prepare,64.176,ok
prodds,10,o,Optimized,4,query_75,explain,6.988,ok
prodds,10,o,Optimized,4,query_75,prepare,135.119,ok
prodds,10,o,Optimized,4,query_76,explain,6.402,ok
prodds,10,o,Optimized,4,query_76,prepare,183.390,ok
prodds,10,o,Optimized,4,query_77,explain,6.352,ok
prodds,10,o,Optimized,4,query_77,prepare,136.643,ok
prodds,10,o,Optimized,4,query_79,explain,7.067,ok
prodds,10,o,Optimized,4,query_79,prepare,119.104,ok
prodds,10,o,Optimized,4,query_8,explain,6.748,ok
prodds,10,o,Optimized,4,query_8,prepare,142.571,ok
prodds,10,o,Optimized,4,query_80,explain,6.176,ok
prodds,10,o,Optimized,4,query_80,prepare,71.744,ok
prodds,10,o,Optimized,4,query_81,explain,7.311,ok
prodds,10,o,Optimized,4,query_81,prepare,150.406,ok
prodds,10,o,Optimized,4,query_82,explain,5.895,ok
prodds,10,o,Optimized,4,query_82,prepare,65.655,ok
prodds,10,o,Optimized,4,query_83,explain,7.582,ok
prodds,10,o,Optimized,4,query_83,prepare,223.506,ok
prodds,10,o,Optimized,4,query_84,explain,6.881,ok
prodds,10,o,Optimized,4,query_84,prepare,140.414,ok
prodds,10,o,Optimized,4,query_85,explain,6.866,ok
prodds,10,o,Optimized,4,query_85,prepare,132.505,ok
prodds,10,o,Optimized,4,query_86,explain,6.405,ok
prodds,10,o,Optimized,4,query_86,prepare,103.443,ok
prodds,10,o,Optimized,4,query_87,explain,8.854,ok
prodds,10,o,Optimized,4,query_87,prepare,159.851,ok
prodds,10,o,Optimized,4,query_88,explain,6.911,ok
prodds,10,o,Optimized,4,query_88,prepare,184.243,ok
prodds,10,o,Optimized,4,query_89,explain,6.783,ok
prodds,10,o,Optimized,4,query_89,prepare,132.641,ok
prodds,10,o,Optimized,4,query_9,explain,7.299,ok
prodds,10,o,Optimized,4,query_9,prepare,205.337,ok
prodds,10,o,Optimized,4,query_91,explain,8.777,ok
prodds,10,o,Optimized,4,query_91,prepare,68.649,ok
prodds,10,o,Optimized,4,query_92,explain,7.474,ok
prodds,10,o,Optimized,4,query_92,prepare,199.202,ok
prodds,10,o,Optimized,4,query_93,explain,8.317,ok
prodds,10,o,Optimized,4,query_93,prepare,393.871,ok
prodds,10,o,Optimized,4,query_94,explain,7.129,ok
prodds,10,o,Optimized,4,query_94,prepare,101.238,ok
prodds,10,o,Optimized,4,query_95,explain,7.973,ok
prodds,10,o,Optimized,4,query_95,prepare,235.969,ok
prodds,10,o,Optimized,4,query_97,explain,7.942,ok
prodds,10,o,Optimized,4,query_97,prepare,103.546,ok
prodds,10,o,Optimized,4,query_98,explain,7.583,ok
prodds,10,o,Optimized,4,query_98,prepare,309.728,ok
prodds,10,o,Optimized,4,query_99,explain,6.815,ok
prodds,10,o,Optimized,4,query_99,prepare,162.267,ok
prodds,10,o,Optimized,4,query_join_J100,explain,23.034,ok
prodds,10,o,Optimized,4,query_join_J100,prepare,1209.876,ok
prodds,10,o,Optimized,4,query_join_J200,explain,43.607,ok
prodds,10,o,Optimized,4,query_join_J200,prepare,2421.817,ok
prodds,10,o,Optimized,4,query_join_J50,explain,18.480,ok
prodds,10,o,Optimized,4,query_join_J50,prepare,683.537,ok
prodds,10,o,Optimized,4,query_union_U10,explain,7.477,ok
prodds,10,o,Optimized,4,query_union_U10,prepare,78.944,ok
prodds,10,o,Optimized,4,query_union_U2,explain,5.838,ok
prodds,10,o,Optimized,4,query_union_U2,prepare,41.559,ok
prodds,10,o,Optimized,4,query_union_U20,explain,6.612,ok
prodds,10,o,Optimized,4,query_union_U20,prepare,121.665,ok
prodds,10,o,Optimized,4,query_union_U200,explain,16.861,ok
prodds,10,o,Optimized,4,query_union_U200,prepare,915.027,ok
prodds,10,o,Optimized,4,query_union_U5,explain,7.445,ok
prodds,10,o,Optimized,4,query_union_U5,prepare,57.040,ok
prodds,10,o,Optimized,5,__floor__,floor,6.834,ok
prodds,10,o,Optimized,5,query_1,explain,8.890,ok
prodds,10,o,Optimized,5,query_1,prepare,55.524,ok
prodds,10,o,Optimized,5,query_10,explain,7.061,ok
prodds,10,o,Optimized,5,query_10,prepare,243.283,ok
prodds,10,o,Optimized,5,query_11,explain,6.275,ok
prodds,10,o,Optimized,5,query_11,prepare,127.632,ok
prodds,10,o,Optimized,5,query_12,explain,6.651,ok
prodds,10,o,Optimized,5,query_12,prepare,190.564,ok
prodds,10,o,Optimized,5,query_13,explain,7.414,ok
prodds,10,o,Optimized,5,query_13,prepare,114.115,ok
prodds,10,o,Optimized,5,query_14,explain,6.052,ok
prodds,10,o,Optimized,5,query_14,prepare,79.371,ok
prodds,10,o,Optimized,5,query_15,explain,6.258,ok
prodds,10,o,Optimized,5,query_15,prepare,104.106,ok
prodds,10,o,Optimized,5,query_17,explain,6.662,ok
prodds,10,o,Optimized,5,query_17,prepare,100.818,ok
prodds,10,o,Optimized,5,query_18,explain,7.082,ok
prodds,10,o,Optimized,5,query_18,prepare,154.891,ok
prodds,10,o,Optimized,5,query_2,explain,6.599,ok
prodds,10,o,Optimized,5,query_2,prepare,130.895,ok
prodds,10,o,Optimized,5,query_20,explain,12.280,ok
prodds,10,o,Optimized,5,query_20,prepare,290.369,ok
prodds,10,o,Optimized,5,query_21,explain,6.855,ok
prodds,10,o,Optimized,5,query_21,prepare,141.464,ok
prodds,10,o,Optimized,5,query_22,explain,7.428,ok
prodds,10,o,Optimized,5,query_22,prepare,214.223,ok
prodds,10,o,Optimized,5,query_23,explain,7.837,ok
prodds,10,o,Optimized,5,query_23,prepare,208.033,ok
prodds,10,o,Optimized,5,query_24,explain,6.744,ok
prodds,10,o,Optimized,5,query_24,prepare,104.532,ok
prodds,10,o,Optimized,5,query_25,explain,6.952,ok
prodds,10,o,Optimized,5,query_25,prepare,80.276,ok
prodds,10,o,Optimized,5,query_26,explain,7.795,ok
prodds,10,o,Optimized,5,query_26,prepare,270.333,ok
prodds,10,o,Optimized,5,query_27,explain,6.885,ok
prodds,10,o,Optimized,5,query_27,prepare,127.061,ok
prodds,10,o,Optimized,5,query_28,explain,7.106,ok
prodds,10,o,Optimized,5,query_28,prepare,194.037,ok
prodds,10,o,Optimized,5,query_3,explain,8.496,ok
prodds,10,o,Optimized,5,query_3,prepare,352.921,ok
prodds,10,o,Optimized,5,query_30,explain,8.145,ok
prodds,10,o,Optimized,5,query_30,prepare,226.053,ok
prodds,10,o,Optimized,5,query_31,explain,6.734,ok
prodds,10,o,Optimized,5,query_31,prepare,141.543,ok
prodds,10,o,Optimized,5,query_32,explain,6.423,ok
prodds,10,o,Optimized,5,query_32,prepare,156.793,ok
prodds,10,o,Optimized,5,query_33,explain,8.464,ok
prodds,10,o,Optimized,5,query_33,prepare,149.609,ok
prodds,10,o,Optimized,5,query_35,explain,6.134,ok
prodds,10,o,Optimized,5,query_35,prepare,213.995,ok
prodds,10,o,Optimized,5,query_36,explain,8.068,ok
prodds,10,o,Optimized,5,query_36,prepare,224.085,ok
prodds,10,o,Optimized,5,query_37,explain,6.734,ok
prodds,10,o,Optimized,5,query_37,prepare,191.469,ok
prodds,10,o,Optimized,5,query_39,explain,8.013,ok
prodds,10,o,Optimized,5,query_39,prepare,260.167,ok
prodds,10,o,Optimized,5,query_4,explain,7.244,ok
prodds,10,o,Optimized,5,query_4,prepare,158.913,ok
prodds,10,o,Optimized,5,query_40,explain,6.900,ok
prodds,10,o,Optimized,5,query_40,prepare,75.572,ok
prodds,10,o,Optimized,5,query_41,explain,8.213,ok
prodds,10,o,Optimized,5,query_41,prepare,318.319,ok
prodds,10,o,Optimized,5,query_42,explain,7.775,ok
prodds,10,o,Optimized,5,query_42,prepare,315.191,ok
prodds,10,o,Optimized,5,query_43,explain,7.736,ok
prodds,10,o,Optimized,5,query_43,prepare,136.422,ok
prodds,10,o,Optimized,5,query_44,explain,6.500,ok
prodds,10,o,Optimized,5,query_44,prepare,68.382,ok
prodds,10,o,Optimized,5,query_45,explain,6.235,ok
prodds,10,o,Optimized,5,query_45,prepare,117.346,ok
prodds,10,o,Optimized,5,query_46,explain,6.213,ok
prodds,10,o,Optimized,5,query_46,prepare,299.659,ok
prodds,10,o,Optimized,5,query_47,explain,7.867,ok
prodds,10,o,Optimized,5,query_47,prepare,239.398,ok
prodds,10,o,Optimized,5,query_48,explain,7.955,ok
prodds,10,o,Optimized,5,query_48,prepare,335.261,ok
prodds,10,o,Optimized,5,query_49,explain,7.656,ok
prodds,10,o,Optimized,5,query_49,prepare,125.420,ok
prodds,10,o,Optimized,5,query_5,explain,6.255,ok
prodds,10,o,Optimized,5,query_5,prepare,102.545,ok
prodds,10,o,Optimized,5,query_50,explain,7.345,ok
prodds,10,o,Optimized,5,query_50,prepare,163.282,ok
prodds,10,o,Optimized,5,query_51,explain,7.410,ok
prodds,10,o,Optimized,5,query_51,prepare,241.458,ok
prodds,10,o,Optimized,5,query_52,explain,5.976,ok
prodds,10,o,Optimized,5,query_52,prepare,76.965,ok
prodds,10,o,Optimized,5,query_53,explain,7.091,ok
prodds,10,o,Optimized,5,query_53,prepare,119.515,ok
prodds,10,o,Optimized,5,query_54,explain,6.285,ok
prodds,10,o,Optimized,5,query_54,prepare,136.332,ok
prodds,10,o,Optimized,5,query_55,explain,5.761,ok
prodds,10,o,Optimized,5,query_55,prepare,125.686,ok
prodds,10,o,Optimized,5,query_56,explain,6.530,ok
prodds,10,o,Optimized,5,query_56,prepare,214.414,ok
prodds,10,o,Optimized,5,query_57,explain,7.162,ok
prodds,10,o,Optimized,5,query_57,prepare,121.348,ok
prodds,10,o,Optimized,5,query_58,explain,6.960,ok
prodds,10,o,Optimized,5,query_58,prepare,115.181,ok
prodds,10,o,Optimized,5,query_59,explain,6.378,ok
prodds,10,o,Optimized,5,query_59,prepare,133.809,ok
prodds,10,o,Optimized,5,query_6,explain,8.489,ok
prodds,10,o,Optimized,5,query_6,prepare,335.529,ok
prodds,10,o,Optimized,5,query_60,explain,7.339,ok
prodds,10,o,Optimized,5,query_60,prepare,162.700,ok
prodds,10,o,Optimized,5,query_61,explain,6.264,ok
prodds,10,o,Optimized,5,query_61,prepare,116.505,ok
prodds,10,o,Optimized,5,query_62,explain,7.047,ok
prodds,10,o,Optimized,5,query_62,prepare,174.936,ok
prodds,10,o,Optimized,5,query_63,explain,7.965,ok
prodds,10,o,Optimized,5,query_63,prepare,170.080,ok
prodds,10,o,Optimized,5,query_64,explain,6.499,ok
prodds,10,o,Optimized,5,query_64,prepare,89.709,ok
prodds,10,o,Optimized,5,query_65,explain,6.252,ok
prodds,10,o,Optimized,5,query_65,prepare,89.304,ok
prodds,10,o,Optimized,5,query_66,explain,10.095,ok
prodds,10,o,Optimized,5,query_66,prepare,277.536,ok
prodds,10,o,Optimized,5,query_67,explain,6.638,ok
prodds,10,o,Optimized,5,query_67,prepare,78.832,ok
prodds,10,o,Optimized,5,query_68,explain,8.477,ok
prodds,10,o,Optimized,5,query_68,prepare,154.618,ok
prodds,10,o,Optimized,5,query_69,explain,9.838,ok
prodds,10,o,Optimized,5,query_69,prepare,441.387,ok
prodds,10,o,Optimized,5,query_7,explain,6.902,ok
prodds,10,o,Optimized,5,query_7,prepare,76.553,ok
prodds,10,o,Optimized,5,query_70,explain,7.175,ok
prodds,10,o,Optimized,5,query_70,prepare,304.009,ok
prodds,10,o,Optimized,5,query_71,explain,6.935,ok
prodds,10,o,Optimized,5,query_71,prepare,171.376,ok
prodds,10,o,Optimized,5,query_73,explain,7.217,ok
prodds,10,o,Optimized,5,query_73,prepare,102.900,ok
prodds,10,o,Optimized,5,query_74,explain,7.711,ok
prodds,10,o,Optimized,5,query_74,prepare,64.410,ok
prodds,10,o,Optimized,5,query_75,explain,7.069,ok
prodds,10,o,Optimized,5,query_75,prepare,135.658,ok
prodds,10,o,Optimized,5,query_76,explain,6.488,ok
prodds,10,o,Optimized,5,query_76,prepare,183.022,ok
prodds,10,o,Optimized,5,query_77,explain,6.407,ok
prodds,10,o,Optimized,5,query_77,prepare,135.749,ok
prodds,10,o,Optimized,5,query_79,explain,6.911,ok
prodds,10,o,Optimized,5,query_79,prepare,118.502,ok
prodds,10,o,Optimized,5,query_8,explain,6.666,ok
prodds,10,o,Optimized,5,query_8,prepare,142.382,ok
prodds,10,o,Optimized,5,query_80,explain,6.179,ok
prodds,10,o,Optimized,5,query_80,prepare,71.626,ok
prodds,10,o,Optimized,5,query_81,explain,7.333,ok
prodds,10,o,Optimized,5,query_81,prepare,149.868,ok
prodds,10,o,Optimized,5,query_82,explain,5.925,ok
prodds,10,o,Optimized,5,query_82,prepare,65.650,ok
prodds,10,o,Optimized,5,query_83,explain,7.503,ok
prodds,10,o,Optimized,5,query_83,prepare,223.432,ok
prodds,10,o,Optimized,5,query_84,explain,6.856,ok
prodds,10,o,Optimized,5,query_84,prepare,140.317,ok
prodds,10,o,Optimized,5,query_85,explain,6.954,ok
prodds,10,o,Optimized,5,query_85,prepare,132.753,ok
prodds,10,o,Optimized,5,query_86,explain,6.396,ok
prodds,10,o,Optimized,5,query_86,prepare,103.481,ok
prodds,10,o,Optimized,5,query_87,explain,8.907,ok
prodds,10,o,Optimized,5,query_87,prepare,159.808,ok
prodds,10,o,Optimized,5,query_88,explain,6.898,ok
prodds,10,o,Optimized,5,query_88,prepare,184.200,ok
prodds,10,o,Optimized,5,query_89,explain,6.693,ok
prodds,10,o,Optimized,5,query_89,prepare,133.234,ok
prodds,10,o,Optimized,5,query_9,explain,7.298,ok
prodds,10,o,Optimized,5,query_9,prepare,205.544,ok
prodds,10,o,Optimized,5,query_91,explain,8.755,ok
prodds,10,o,Optimized,5,query_91,prepare,68.678,ok
prodds,10,o,Optimized,5,query_92,explain,7.457,ok
prodds,10,o,Optimized,5,query_92,prepare,199.552,ok
prodds,10,o,Optimized,5,query_93,explain,8.351,ok
prodds,10,o,Optimized,5,query_93,prepare,393.687,ok
prodds,10,o,Optimized,5,query_94,explain,6.957,ok
prodds,10,o,Optimized,5,query_94,prepare,101.867,ok
prodds,10,o,Optimized,5,query_95,explain,7.759,ok
prodds,10,o,Optimized,5,query_95,prepare,235.391,ok
prodds,10,o,Optimized,5,query_97,explain,7.916,ok
prodds,10,o,Optimized,5,query_97,prepare,103.346,ok
prodds,10,o,Optimized,5,query_98,explain,7.454,ok
prodds,10,o,Optimized,5,query_98,prepare,308.752,ok
prodds,10,o,Optimized,5,query_99,explain,6.786,ok
prodds,10,o,Optimized,5,query_99,prepare,162.413,ok
prodds,10,o,Optimized,5,query_join_J100,explain,22.907,ok
prodds,10,o,Optimized,5,query_join_J100,prepare,1206.054,ok
prodds,10,o,Optimized,5,query_join_J200,explain,43.135,ok
prodds,10,o,Optimized,5,query_join_J200,prepare,2424.877,ok
prodds,10,o,Optimized,5,query_join_J50,explain,18.429,ok
prodds,10,o,Optimized,5,query_join_J50,prepare,681.695,ok
prodds,10,o,Optimized,5,query_union_U10,explain,7.375,ok
prodds,10,o,Optimized,5,query_union_U10,prepare,78.584,ok
prodds,10,o,Optimized,5,query_union_U2,explain,5.884,ok
prodds,10,o,Optimized,5,query_union_U2,prepare,41.816,ok
prodds,10,o,Optimized,5,query_union_U20,explain,6.643,ok
prodds,10,o,Optimized,5,query_union_U20,prepare,121.510,ok
prodds,10,o,Optimized,5,query_union_U200,explain,17.029,ok
prodds,10,o,Optimized,5,query_union_U200,prepare,915.097,ok
prodds,10,o,Optimized,5,query_union_U5,explain,7.712,ok
prodds,10,o,Optimized,5,query_union_U5,prepare,57.146,ok
tpcds,10,i,Interpreted,1,__floor__,floor,0.239,ok
tpcds,10,i,Interpreted,1,query_1,explain,1.541,ok
tpcds,10,i,Interpreted,1,query_1,prepare,1.426,ok
tpcds,10,i,Interpreted,1,query_10,explain,2.445,ok
tpcds,10,i,Interpreted,1,query_10,prepare,4.456,ok
tpcds,10,i,Interpreted,1,query_11,explain,0.762,ok
tpcds,10,i,Interpreted,1,query_11,prepare,2.173,ok
tpcds,10,i,Interpreted,1,query_12,explain,1.104,ok
tpcds,10,i,Interpreted,1,query_12,prepare,2.169,ok
tpcds,10,i,Interpreted,1,query_13,explain,1.934,ok
tpcds,10,i,Interpreted,1,query_13,prepare,3.003,ok
tpcds,10,i,Interpreted,1,query_14,explain,0.723,ok
tpcds,10,i,Interpreted,1,query_14,prepare,1.661,ok
tpcds,10,i,Interpreted,1,query_15,explain,0.700,ok
tpcds,10,i,Interpreted,1,query_15,prepare,1.799,ok
tpcds,10,i,Interpreted,1,query_16,explain,0.907,ok
tpcds,10,i,Interpreted,1,query_16,prepare,2.424,ok
tpcds,10,i,Interpreted,1,query_17,explain,1.232,ok
tpcds,10,i,Interpreted,1,query_17,prepare,2.204,ok
tpcds,10,i,Interpreted,1,query_18,explain,1.235,ok
tpcds,10,i,Interpreted,1,query_18,prepare,2.434,ok
tpcds,10,i,Interpreted,1,query_19,explain,2.680,ok
tpcds,10,i,Interpreted,1,query_19,prepare,4.708,ok
tpcds,10,i,Interpreted,1,query_2,explain,0.958,ok
tpcds,10,i,Interpreted,1,query_2,prepare,1.983,ok
tpcds,10,i,Interpreted,1,query_20,explain,6.657,ok
tpcds,10,i,Interpreted,1,query_20,prepare,9.893,ok
tpcds,10,i,Interpreted,1,query_21,explain,0.927,ok
tpcds,10,i,Interpreted,1,query_21,prepare,2.354,ok
tpcds,10,i,Interpreted,1,query_22,explain,2.064,ok
tpcds,10,i,Interpreted,1,query_22,prepare,3.992,ok
tpcds,10,i,Interpreted,1,query_23,explain,1.675,ok
tpcds,10,i,Interpreted,1,query_23,prepare,3.237,ok
tpcds,10,i,Interpreted,1,query_24,explain,1.295,ok
tpcds,10,i,Interpreted,1,query_24,prepare,2.545,ok
tpcds,10,i,Interpreted,1,query_25,explain,1.343,ok
tpcds,10,i,Interpreted,1,query_25,prepare,2.346,ok
tpcds,10,i,Interpreted,1,query_26,explain,1.855,ok
tpcds,10,i,Interpreted,1,query_26,prepare,3.446,ok
tpcds,10,i,Interpreted,1,query_27,explain,1.213,ok
tpcds,10,i,Interpreted,1,query_27,prepare,2.575,ok
tpcds,10,i,Interpreted,1,query_28,explain,1.602,ok
tpcds,10,i,Interpreted,1,query_28,prepare,3.126,ok
tpcds,10,i,Interpreted,1,query_29,explain,2.022,ok
tpcds,10,i,Interpreted,1,query_29,prepare,4.131,ok
tpcds,10,i,Interpreted,1,query_3,explain,2.877,ok
tpcds,10,i,Interpreted,1,query_3,prepare,5.613,ok
tpcds,10,i,Interpreted,1,query_30,explain,1.402,ok
tpcds,10,i,Interpreted,1,query_30,prepare,3.125,ok
tpcds,10,i,Interpreted,1,query_31,explain,0.887,ok
tpcds,10,i,Interpreted,1,query_31,prepare,1.595,ok
tpcds,10,i,Interpreted,1,query_32,explain,0.752,ok
tpcds,10,i,Interpreted,1,query_32,prepare,2.298,ok
tpcds,10,i,Interpreted,1,query_33,explain,3.203,ok
tpcds,10,i,Interpreted,1,query_33,prepare,4.911,ok
tpcds,10,i,Interpreted,1,query_34,explain,1.109,ok
tpcds,10,i,Interpreted,1,query_34,prepare,3.370,ok
tpcds,10,i,Interpreted,1,query_35,explain,0.753,ok
tpcds,10,i,Interpreted,1,query_35,prepare,2.721,ok
tpcds,10,i,Interpreted,1,query_36,explain,2.192,ok
tpcds,10,i,Interpreted,1,query_36,prepare,4.438,ok
tpcds,10,i,Interpreted,1,query_37,explain,1.220,ok
tpcds,10,i,Interpreted,1,query_37,prepare,3.460,ok
tpcds,10,i,Interpreted,1,query_38,explain,0.796,ok
tpcds,10,i,Interpreted,1,query_38,prepare,1.706,ok
tpcds,10,i,Interpreted,1,query_39,explain,2.934,ok
tpcds,10,i,Interpreted,1,query_39,prepare,8.422,ok
tpcds,10,i,Interpreted,1,query_4,explain,1.442,ok
tpcds,10,i,Interpreted,1,query_4,prepare,2.655,ok
tpcds,10,i,Interpreted,1,query_40,explain,1.066,ok
tpcds,10,i,Interpreted,1,query_40,prepare,1.527,ok
tpcds,10,i,Interpreted,1,query_41,explain,2.215,ok
tpcds,10,i,Interpreted,1,query_41,prepare,4.254,ok
tpcds,10,i,Interpreted,1,query_42,explain,1.719,ok
tpcds,10,i,Interpreted,1,query_42,prepare,4.930,ok
tpcds,10,i,Interpreted,1,query_43,explain,2.644,ok
tpcds,10,i,Interpreted,1,query_43,prepare,3.324,ok
tpcds,10,i,Interpreted,1,query_44,explain,1.035,ok
tpcds,10,i,Interpreted,1,query_44,prepare,1.847,ok
tpcds,10,i,Interpreted,1,query_45,explain,0.603,ok
tpcds,10,i,Interpreted,1,query_45,prepare,1.483,ok
tpcds,10,i,Interpreted,1,query_46,explain,1.011,ok
tpcds,10,i,Interpreted,1,query_46,prepare,3.632,ok
tpcds,10,i,Interpreted,1,query_47,explain,1.529,ok
tpcds,10,i,Interpreted,1,query_47,prepare,3.481,ok
tpcds,10,i,Interpreted,1,query_48,explain,2.395,ok
tpcds,10,i,Interpreted,1,query_48,prepare,5.399,ok
tpcds,10,i,Interpreted,1,query_49,explain,2.029,ok
tpcds,10,i,Interpreted,1,query_49,prepare,3.574,ok
tpcds,10,i,Interpreted,1,query_5,explain,0.984,ok
tpcds,10,i,Interpreted,1,query_5,prepare,2.077,ok
tpcds,10,i,Interpreted,1,query_50,explain,2.126,ok
tpcds,10,i,Interpreted,1,query_50,prepare,4.034,ok
tpcds,10,i,Interpreted,1,query_51,explain,1.189,ok
tpcds,10,i,Interpreted,1,query_51,prepare,3.440,ok
tpcds,10,i,Interpreted,1,query_52,explain,0.681,ok
tpcds,10,i,Interpreted,1,query_52,prepare,1.399,ok
tpcds,10,i,Interpreted,1,query_53,explain,2.042,ok
tpcds,10,i,Interpreted,1,query_53,prepare,3.745,ok
tpcds,10,i,Interpreted,1,query_54,explain,1.128,ok
tpcds,10,i,Interpreted,1,query_54,prepare,2.376,ok
tpcds,10,i,Interpreted,1,query_55,explain,0.479,ok
tpcds,10,i,Interpreted,1,query_55,prepare,1.754,ok
tpcds,10,i,Interpreted,1,query_56,explain,1.149,ok
tpcds,10,i,Interpreted,1,query_56,prepare,3.241,ok
tpcds,10,i,Interpreted,1,query_57,explain,0.918,ok
tpcds,10,i,Interpreted,1,query_57,prepare,1.725,ok
tpcds,10,i,Interpreted,1,query_58,explain,1.257,ok
tpcds,10,i,Interpreted,1,query_58,prepare,2.576,ok
tpcds,10,i,Interpreted,1,query_59,explain,0.622,ok
tpcds,10,i,Interpreted,1,query_59,prepare,1.507,ok
tpcds,10,i,Interpreted,1,query_6,explain,3.190,ok
tpcds,10,i,Interpreted,1,query_6,prepare,6.432,ok
tpcds,10,i,Interpreted,1,query_60,explain,1.498,ok
tpcds,10,i,Interpreted,1,query_60,prepare,3.231,ok
tpcds,10,i,Interpreted,1,query_61,explain,0.606,ok
tpcds,10,i,Interpreted,1,query_61,prepare,1.399,ok
tpcds,10,i,Interpreted,1,query_62,explain,1.366,ok
tpcds,10,i,Interpreted,1,query_62,prepare,2.183,ok
tpcds,10,i,Interpreted,1,query_63,explain,2.009,ok
tpcds,10,i,Interpreted,1,query_63,prepare,4.028,ok
tpcds,10,i,Interpreted,1,query_64,explain,0.891,ok
tpcds,10,i,Interpreted,1,query_64,prepare,2.402,ok
tpcds,10,i,Interpreted,1,query_65,explain,0.863,ok
tpcds,10,i,Interpreted,1,query_65,prepare,2.453,ok
tpcds,10,i,Interpreted,1,query_66,explain,5.150,ok
tpcds,10,i,Interpreted,1,query_66,prepare,7.073,ok
tpcds,10,i,Interpreted,1,query_67,explain,0.876,ok
tpcds,10,i,Interpreted,1,query_67,prepare,1.653,ok
tpcds,10,i,Interpreted,1,query_68,explain,3.385,ok
tpcds,10,i,Interpreted,1,query_68,prepare,5.142,ok
tpcds,10,i,Interpreted,1,query_69,explain,5.795,ok
tpcds,10,i,Interpreted,1,query_69,prepare,9.738,ok
tpcds,10,i,Interpreted,1,query_7,explain,1.126,ok
tpcds,10,i,Interpreted,1,query_7,prepare,1.640,ok
tpcds,10,i,Interpreted,1,query_70,explain,1.743,ok
tpcds,10,i,Interpreted,1,query_70,prepare,4.824,ok
tpcds,10,i,Interpreted,1,query_71,explain,1.422,ok
tpcds,10,i,Interpreted,1,query_71,prepare,2.911,ok
tpcds,10,i,Interpreted,1,query_72,explain,1.312,ok
tpcds,10,i,Interpreted,1,query_72,prepare,2.699,ok
tpcds,10,i,Interpreted,1,query_73,explain,1.351,ok
tpcds,10,i,Interpreted,1,query_73,prepare,2.290,ok
tpcds,10,i,Interpreted,1,query_74,explain,2.289,ok
tpcds,10,i,Interpreted,1,query_74,prepare,2.927,ok
tpcds,10,i,Interpreted,1,query_75,explain,1.685,ok
tpcds,10,i,Interpreted,1,query_75,prepare,3.201,ok
tpcds,10,i,Interpreted,1,query_76,explain,1.172,ok
tpcds,10,i,Interpreted,1,query_76,prepare,3.209,ok
tpcds,10,i,Interpreted,1,query_77,explain,1.058,ok
tpcds,10,i,Interpreted,1,query_77,prepare,2.346,ok
tpcds,10,i,Interpreted,1,query_78,explain,3.114,ok
tpcds,10,i,Interpreted,1,query_78,prepare,6.170,ok
tpcds,10,i,Interpreted,1,query_79,explain,1.209,ok
tpcds,10,i,Interpreted,1,query_79,prepare,2.283,ok
tpcds,10,i,Interpreted,1,query_8,explain,1.363,ok
tpcds,10,i,Interpreted,1,query_8,prepare,2.699,ok
tpcds,10,i,Interpreted,1,query_80,explain,1.027,ok
tpcds,10,i,Interpreted,1,query_80,prepare,1.869,ok
tpcds,10,i,Interpreted,1,query_81,explain,1.937,ok
tpcds,10,i,Interpreted,1,query_81,prepare,3.993,ok
tpcds,10,i,Interpreted,1,query_82,explain,0.599,ok
tpcds,10,i,Interpreted,1,query_82,prepare,1.446,ok
tpcds,10,i,Interpreted,1,query_83,explain,2.393,ok
tpcds,10,i,Interpreted,1,query_83,prepare,4.678,ok
tpcds,10,i,Interpreted,1,query_84,explain,1.689,ok
tpcds,10,i,Interpreted,1,query_84,prepare,3.137,ok
tpcds,10,i,Interpreted,1,query_85,explain,0.988,ok
tpcds,10,i,Interpreted,1,query_85,prepare,2.160,ok
tpcds,10,i,Interpreted,1,query_86,explain,1.183,ok
tpcds,10,i,Interpreted,1,query_86,prepare,2.626,ok
tpcds,10,i,Interpreted,1,query_87,explain,2.859,ok
tpcds,10,i,Interpreted,1,query_87,prepare,4.661,ok
tpcds,10,i,Interpreted,1,query_88,explain,1.184,ok
tpcds,10,i,Interpreted,1,query_88,prepare,2.615,ok
tpcds,10,i,Interpreted,1,query_89,explain,1.104,ok
tpcds,10,i,Interpreted,1,query_89,prepare,2.437,ok
tpcds,10,i,Interpreted,1,query_9,explain,1.938,ok
tpcds,10,i,Interpreted,1,query_9,prepare,3.597,ok
tpcds,10,i,Interpreted,1,query_90,explain,1.546,ok
tpcds,10,i,Interpreted,1,query_90,prepare,3.955,ok
tpcds,10,i,Interpreted,1,query_91,explain,2.716,ok
tpcds,10,i,Interpreted,1,query_91,prepare,3.642,ok
tpcds,10,i,Interpreted,1,query_92,explain,2.030,ok
tpcds,10,i,Interpreted,1,query_92,prepare,4.115,ok
tpcds,10,i,Interpreted,1,query_93,explain,1.661,ok
tpcds,10,i,Interpreted,1,query_93,prepare,4.856,ok
tpcds,10,i,Interpreted,1,query_94,explain,1.339,ok
tpcds,10,i,Interpreted,1,query_94,prepare,2.305,ok
tpcds,10,i,Interpreted,1,query_95,explain,2.079,ok
tpcds,10,i,Interpreted,1,query_95,prepare,4.606,ok
tpcds,10,i,Interpreted,1,query_96,explain,2.587,ok
tpcds,10,i,Interpreted,1,query_96,prepare,4.789,ok
tpcds,10,i,Interpreted,1,query_97,explain,2.008,ok
tpcds,10,i,Interpreted,1,query_97,prepare,3.431,ok
tpcds,10,i,Interpreted,1,query_98,explain,2.136,ok
tpcds,10,i,Interpreted,1,query_98,prepare,5.159,ok
tpcds,10,i,Interpreted,1,query_99,explain,1.189,ok
tpcds,10,i,Interpreted,1,query_99,prepare,3.100,ok
tpcds,10,i,Interpreted,2,__floor__,floor,0.210,ok
tpcds,10,i,Interpreted,2,query_1,explain,1.441,ok
tpcds,10,i,Interpreted,2,query_1,prepare,1.370,ok
tpcds,10,i,Interpreted,2,query_10,explain,2.861,ok
tpcds,10,i,Interpreted,2,query_10,prepare,5.573,ok
tpcds,10,i,Interpreted,2,query_11,explain,0.869,ok
tpcds,10,i,Interpreted,2,query_11,prepare,2.446,ok
tpcds,10,i,Interpreted,2,query_12,explain,1.297,ok
tpcds,10,i,Interpreted,2,query_12,prepare,3.022,ok
tpcds,10,i,Interpreted,2,query_13,explain,3.364,ok
tpcds,10,i,Interpreted,2,query_13,prepare,6.198,ok
tpcds,10,i,Interpreted,2,query_14,explain,1.326,ok
tpcds,10,i,Interpreted,2,query_14,prepare,3.221,ok
tpcds,10,i,Interpreted,2,query_15,explain,1.182,ok
tpcds,10,i,Interpreted,2,query_15,prepare,3.228,ok
tpcds,10,i,Interpreted,2,query_16,explain,1.578,ok
tpcds,10,i,Interpreted,2,query_16,prepare,4.209,ok
tpcds,10,i,Interpreted,2,query_17,explain,2.012,ok
tpcds,10,i,Interpreted,2,query_17,prepare,3.806,ok
tpcds,10,i,Interpreted,2,query_18,explain,2.134,ok
tpcds,10,i,Interpreted,2,query_18,prepare,4.211,ok
tpcds,10,i,Interpreted,2,query_19,explain,2.799,ok
tpcds,10,i,Interpreted,2,query_19,prepare,4.677,ok
tpcds,10,i,Interpreted,2,query_2,explain,0.964,ok
tpcds,10,i,Interpreted,2,query_2,prepare,1.941,ok
tpcds,10,i,Interpreted,2,query_20,explain,6.588,ok
tpcds,10,i,Interpreted,2,query_20,prepare,9.697,ok
tpcds,10,i,Interpreted,2,query_21,explain,0.895,ok
tpcds,10,i,Interpreted,2,query_21,prepare,2.310,ok
tpcds,10,i,Interpreted,2,query_22,explain,2.055,ok
tpcds,10,i,Interpreted,2,query_22,prepare,4.015,ok
tpcds,10,i,Interpreted,2,query_23,explain,1.676,ok
tpcds,10,i,Interpreted,2,query_23,prepare,3.185,ok
tpcds,10,i,Interpreted,2,query_24,explain,1.230,ok
tpcds,10,i,Interpreted,2,query_24,prepare,2.469,ok
tpcds,10,i,Interpreted,2,query_25,explain,1.309,ok
tpcds,10,i,Interpreted,2,query_25,prepare,2.372,ok
tpcds,10,i,Interpreted,2,query_26,explain,1.840,ok
tpcds,10,i,Interpreted,2,query_26,prepare,3.399,ok
tpcds,10,i,Interpreted,2,query_27,explain,1.148,ok
tpcds,10,i,Interpreted,2,query_27,prepare,2.531,ok
tpcds,10,i,Interpreted,2,query_28,explain,1.577,ok
tpcds,10,i,Interpreted,2,query_28,prepare,3.130,ok
tpcds,10,i,Interpreted,2,query_29,explain,1.972,ok
tpcds,10,i,Interpreted,2,query_29,prepare,4.069,ok
tpcds,10,i,Interpreted,2,query_3,explain,2.878,ok
tpcds,10,i,Interpreted,2,query_3,prepare,5.569,ok
tpcds,10,i,Interpreted,2,query_30,explain,1.399,ok
tpcds,10,i,Interpreted,2,query_30,prepare,3.155,ok
tpcds,10,i,Interpreted,2,query_31,explain,0.921,ok
tpcds,10,i,Interpreted,2,query_31,prepare,1.590,ok
tpcds,10,i,Interpreted,2,query_32,explain,0.740,ok
tpcds,10,i,Interpreted,2,query_32,prepare,2.327,ok
tpcds,10,i,Interpreted,2,query_33,explain,3.065,ok
tpcds,10,i,Interpreted,2,query_33,prepare,4.954,ok
tpcds,10,i,Interpreted,2,query_34,explain,1.189,ok
tpcds,10,i,Interpreted,2,query_34,prepare,3.415,ok
tpcds,10,i,Interpreted,2,query_35,explain,0.770,ok
tpcds,10,i,Interpreted,2,query_35,prepare,2.673,ok
tpcds,10,i,Interpreted,2,query_36,explain,2.137,ok
tpcds,10,i,Interpreted,2,query_36,prepare,4.615,ok
tpcds,10,i,Interpreted,2,query_37,explain,1.212,ok
tpcds,10,i,Interpreted,2,query_37,prepare,3.474,ok
tpcds,10,i,Interpreted,2,query_38,explain,0.800,ok
tpcds,10,i,Interpreted,2,query_38,prepare,1.685,ok
tpcds,10,i,Interpreted,2,query_39,explain,2.907,ok
tpcds,10,i,Interpreted,2,query_39,prepare,8.372,ok
tpcds,10,i,Interpreted,2,query_4,explain,1.449,ok
tpcds,10,i,Interpreted,2,query_4,prepare,2.689,ok
tpcds,10,i,Interpreted,2,query_40,explain,1.084,ok
tpcds,10,i,Interpreted,2,query_40,prepare,1.609,ok
tpcds,10,i,Interpreted,2,query_41,explain,2.208,ok
tpcds,10,i,Interpreted,2,query_41,prepare,4.274,ok
tpcds,10,i,Interpreted,2,query_42,explain,1.737,ok
tpcds,10,i,Interpreted,2,query_42,prepare,4.925,ok
tpcds,10,i,Interpreted,2,query_43,explain,2.211,ok
tpcds,10,i,Interpreted,2,query_43,prepare,3.236,ok
tpcds,10,i,Interpreted,2,query_44,explain,1.051,ok
tpcds,10,i,Interpreted,2,query_44,prepare,1.907,ok
tpcds,10,i,Interpreted,2,query_45,explain,0.770,ok
tpcds,10,i,Interpreted,2,query_45,prepare,1.496,ok
tpcds,10,i,Interpreted,2,query_46,explain,1.038,ok
tpcds,10,i,Interpreted,2,query_46,prepare,3.564,ok
tpcds,10,i,Interpreted,2,query_47,explain,1.508,ok
tpcds,10,i,Interpreted,2,query_47,prepare,3.514,ok
tpcds,10,i,Interpreted,2,query_48,explain,2.357,ok
tpcds,10,i,Interpreted,2,query_48,prepare,5.354,ok
tpcds,10,i,Interpreted,2,query_49,explain,2.060,ok
tpcds,10,i,Interpreted,2,query_49,prepare,3.611,ok
tpcds,10,i,Interpreted,2,query_5,explain,0.976,ok
tpcds,10,i,Interpreted,2,query_5,prepare,2.112,ok
tpcds,10,i,Interpreted,2,query_50,explain,2.149,ok
tpcds,10,i,Interpreted,2,query_50,prepare,3.995,ok
tpcds,10,i,Interpreted,2,query_51,explain,1.245,ok
tpcds,10,i,Interpreted,2,query_51,prepare,3.476,ok
tpcds,10,i,Interpreted,2,query_52,explain,0.697,ok
tpcds,10,i,Interpreted,2,query_52,prepare,1.389,ok
tpcds,10,i,Interpreted,2,query_53,explain,2.006,ok
tpcds,10,i,Interpreted,2,query_53,prepare,3.885,ok
tpcds,10,i,Interpreted,2,query_54,explain,1.131,ok
tpcds,10,i,Interpreted,2,query_54,prepare,2.390,ok
tpcds,10,i,Interpreted,2,query_55,explain,0.496,ok
tpcds,10,i,Interpreted,2,query_55,prepare,1.732,ok
tpcds,10,i,Interpreted,2,query_56,explain,1.122,ok
tpcds,10,i,Interpreted,2,query_56,prepare,3.218,ok
tpcds,10,i,Interpreted,2,query_57,explain,0.924,ok
tpcds,10,i,Interpreted,2,query_57,prepare,1.728,ok
tpcds,10,i,Interpreted,2,query_58,explain,1.294,ok
tpcds,10,i,Interpreted,2,query_58,prepare,2.548,ok
tpcds,10,i,Interpreted,2,query_59,explain,0.642,ok
tpcds,10,i,Interpreted,2,query_59,prepare,1.510,ok
tpcds,10,i,Interpreted,2,query_6,explain,3.189,ok
tpcds,10,i,Interpreted,2,query_6,prepare,6.414,ok
tpcds,10,i,Interpreted,2,query_60,explain,1.466,ok
tpcds,10,i,Interpreted,2,query_60,prepare,3.350,ok
tpcds,10,i,Interpreted,2,query_61,explain,0.649,ok
tpcds,10,i,Interpreted,2,query_61,prepare,1.311,ok
tpcds,10,i,Interpreted,2,query_62,explain,1.391,ok
tpcds,10,i,Interpreted,2,query_62,prepare,2.185,ok
tpcds,10,i,Interpreted,2,query_63,explain,1.972,ok
tpcds,10,i,Interpreted,2,query_63,prepare,4.011,ok
tpcds,10,i,Interpreted,2,query_64,explain,0.908,ok
tpcds,10,i,Interpreted,2,query_64,prepare,2.438,ok
tpcds,10,i,Interpreted,2,query_65,explain,0.892,ok
tpcds,10,i,Interpreted,2,query_65,prepare,2.500,ok
tpcds,10,i,Interpreted,2,query_66,explain,5.067,ok
tpcds,10,i,Interpreted,2,query_66,prepare,7.075,ok
tpcds,10,i,Interpreted,2,query_67,explain,0.878,ok
tpcds,10,i,Interpreted,2,query_67,prepare,1.630,ok
tpcds,10,i,Interpreted,2,query_68,explain,3.389,ok
tpcds,10,i,Interpreted,2,query_68,prepare,5.116,ok
tpcds,10,i,Interpreted,2,query_69,explain,5.674,ok
tpcds,10,i,Interpreted,2,query_69,prepare,9.733,ok
tpcds,10,i,Interpreted,2,query_7,explain,1.118,ok
tpcds,10,i,Interpreted,2,query_7,prepare,1.693,ok
tpcds,10,i,Interpreted,2,query_70,explain,1.736,ok
tpcds,10,i,Interpreted,2,query_70,prepare,4.883,ok
tpcds,10,i,Interpreted,2,query_71,explain,1.418,ok
tpcds,10,i,Interpreted,2,query_71,prepare,2.865,ok
tpcds,10,i,Interpreted,2,query_72,explain,1.294,ok
tpcds,10,i,Interpreted,2,query_72,prepare,2.702,ok
tpcds,10,i,Interpreted,2,query_73,explain,1.366,ok
tpcds,10,i,Interpreted,2,query_73,prepare,2.327,ok
tpcds,10,i,Interpreted,2,query_74,explain,2.229,ok
tpcds,10,i,Interpreted,2,query_74,prepare,2.968,ok
tpcds,10,i,Interpreted,2,query_75,explain,1.690,ok
tpcds,10,i,Interpreted,2,query_75,prepare,3.208,ok
tpcds,10,i,Interpreted,2,query_76,explain,1.181,ok
tpcds,10,i,Interpreted,2,query_76,prepare,3.139,ok
tpcds,10,i,Interpreted,2,query_77,explain,1.069,ok
tpcds,10,i,Interpreted,2,query_77,prepare,2.301,ok
tpcds,10,i,Interpreted,2,query_78,explain,2.974,ok
tpcds,10,i,Interpreted,2,query_78,prepare,6.057,ok
tpcds,10,i,Interpreted,2,query_79,explain,1.244,ok
tpcds,10,i,Interpreted,2,query_79,prepare,2.173,ok
tpcds,10,i,Interpreted,2,query_8,explain,1.337,ok
tpcds,10,i,Interpreted,2,query_8,prepare,2.671,ok
tpcds,10,i,Interpreted,2,query_80,explain,1.053,ok
tpcds,10,i,Interpreted,2,query_80,prepare,1.903,ok
tpcds,10,i,Interpreted,2,query_81,explain,1.929,ok
tpcds,10,i,Interpreted,2,query_81,prepare,3.736,ok
tpcds,10,i,Interpreted,2,query_82,explain,0.634,ok
tpcds,10,i,Interpreted,2,query_82,prepare,1.373,ok
tpcds,10,i,Interpreted,2,query_83,explain,2.412,ok
tpcds,10,i,Interpreted,2,query_83,prepare,4.497,ok
tpcds,10,i,Interpreted,2,query_84,explain,1.716,ok
tpcds,10,i,Interpreted,2,query_84,prepare,3.112,ok
tpcds,10,i,Interpreted,2,query_85,explain,1.042,ok
tpcds,10,i,Interpreted,2,query_85,prepare,2.147,ok
tpcds,10,i,Interpreted,2,query_86,explain,1.052,ok
tpcds,10,i,Interpreted,2,query_86,prepare,2.272,ok
tpcds,10,i,Interpreted,2,query_87,explain,2.896,ok
tpcds,10,i,Interpreted,2,query_87,prepare,4.545,ok
tpcds,10,i,Interpreted,2,query_88,explain,1.209,ok
tpcds,10,i,Interpreted,2,query_88,prepare,2.608,ok
tpcds,10,i,Interpreted,2,query_89,explain,1.143,ok
tpcds,10,i,Interpreted,2,query_89,prepare,2.448,ok
tpcds,10,i,Interpreted,2,query_9,explain,1.910,ok
tpcds,10,i,Interpreted,2,query_9,prepare,3.514,ok
tpcds,10,i,Interpreted,2,query_90,explain,1.555,ok
tpcds,10,i,Interpreted,2,query_90,prepare,3.914,ok
tpcds,10,i,Interpreted,2,query_91,explain,2.573,ok
tpcds,10,i,Interpreted,2,query_91,prepare,3.661,ok
tpcds,10,i,Interpreted,2,query_92,explain,2.016,ok
tpcds,10,i,Interpreted,2,query_92,prepare,4.119,ok
tpcds,10,i,Interpreted,2,query_93,explain,1.663,ok
tpcds,10,i,Interpreted,2,query_93,prepare,4.893,ok
tpcds,10,i,Interpreted,2,query_94,explain,1.316,ok
tpcds,10,i,Interpreted,2,query_94,prepare,2.388,ok
tpcds,10,i,Interpreted,2,query_95,explain,2.079,ok
tpcds,10,i,Interpreted,2,query_95,prepare,4.498,ok
tpcds,10,i,Interpreted,2,query_96,explain,2.580,ok
tpcds,10,i,Interpreted,2,query_96,prepare,4.688,ok
tpcds,10,i,Interpreted,2,query_97,explain,1.973,ok
tpcds,10,i,Interpreted,2,query_97,prepare,3.342,ok
tpcds,10,i,Interpreted,2,query_98,explain,2.040,ok
tpcds,10,i,Interpreted,2,query_98,prepare,5.012,ok
tpcds,10,i,Interpreted,2,query_99,explain,1.181,ok
tpcds,10,i,Interpreted,2,query_99,prepare,2.906,ok
tpcds,10,i,Interpreted,3,__floor__,floor,0.115,ok
tpcds,10,i,Interpreted,3,query_1,explain,0.891,ok
tpcds,10,i,Interpreted,3,query_1,prepare,1.033,ok
tpcds,10,i,Interpreted,3,query_10,explain,2.065,ok
tpcds,10,i,Interpreted,3,query_10,prepare,3.737,ok
tpcds,10,i,Interpreted,3,query_11,explain,0.688,ok
tpcds,10,i,Interpreted,3,query_11,prepare,1.738,ok
tpcds,10,i,Interpreted,3,query_12,explain,1.035,ok
tpcds,10,i,Interpreted,3,query_12,prepare,1.884,ok
tpcds,10,i,Interpreted,3,query_13,explain,1.694,ok
tpcds,10,i,Interpreted,3,query_13,prepare,2.659,ok
tpcds,10,i,Interpreted,3,query_14,explain,0.673,ok
tpcds,10,i,Interpreted,3,query_14,prepare,1.400,ok
tpcds,10,i,Interpreted,3,query_15,explain,0.643,ok
tpcds,10,i,Interpreted,3,query_15,prepare,1.583,ok
tpcds,10,i,Interpreted,3,query_16,explain,0.891,ok
tpcds,10,i,Interpreted,3,query_16,prepare,2.144,ok
tpcds,10,i,Interpreted,3,query_17,explain,1.145,ok
tpcds,10,i,Interpreted,3,query_17,prepare,1.944,ok
tpcds,10,i,Interpreted,3,query_18,explain,1.156,ok
tpcds,10,i,Interpreted,3,query_18,prepare,2.140,ok
tpcds,10,i,Interpreted,3,query_19,explain,2.413,ok
tpcds,10,i,Interpreted,3,query_19,prepare,4.100,ok
tpcds,10,i,Interpreted,3,query_2,explain,0.951,ok
tpcds,10,i,Interpreted,3,query_2,prepare,1.796,ok
tpcds,10,i,Interpreted,3,query_20,explain,6.259,ok
tpcds,10,i,Interpreted,3,query_20,prepare,9.099,ok
tpcds,10,i,Interpreted,3,query_21,explain,0.953,ok
tpcds,10,i,Interpreted,3,query_21,prepare,2.126,ok
tpcds,10,i,Interpreted,3,query_22,explain,1.936,ok
tpcds,10,i,Interpreted,3,query_22,prepare,3.504,ok
tpcds,10,i,Interpreted,3,query_23,explain,1.683,ok
tpcds,10,i,Interpreted,3,query_23,prepare,2.948,ok
tpcds,10,i,Interpreted,3,query_24,explain,1.242,ok
tpcds,10,i,Interpreted,3,query_24,prepare,2.168,ok
tpcds,10,i,Interpreted,3,query_25,explain,1.327,ok
tpcds,10,i,Interpreted,3,query_25,prepare,2.099,ok
tpcds,10,i,Interpreted,3,query_26,explain,1.655,ok
tpcds,10,i,Interpreted,3,query_26,prepare,3.128,ok
tpcds,10,i,Interpreted,3,query_27,explain,1.122,ok
tpcds,10,i,Interpreted,3,query_27,prepare,2.209,ok
tpcds,10,i,Interpreted,3,query_28,explain,1.542,ok
tpcds,10,i,Interpreted,3,query_28,prepare,2.811,ok
tpcds,10,i,Interpreted,3,query_29,explain,1.844,ok
tpcds,10,i,Interpreted,3,query_29,prepare,3.651,ok
tpcds,10,i,Interpreted,3,query_3,explain,2.783,ok
tpcds,10,i,Interpreted,3,query_3,prepare,5.066,ok
tpcds,10,i,Interpreted,3,query_30,explain,1.412,ok
tpcds,10,i,Interpreted,3,query_30,prepare,2.757,ok
tpcds,10,i,Interpreted,3,query_31,explain,0.904,ok
tpcds,10,i,Interpreted,3,query_31,prepare,1.471,ok
tpcds,10,i,Interpreted,3,query_32,explain,0.759,ok
tpcds,10,i,Interpreted,3,query_32,prepare,2.073,ok
tpcds,10,i,Interpreted,3,query_33,explain,2.978,ok
tpcds,10,i,Interpreted,3,query_33,prepare,4.477,ok
tpcds,10,i,Interpreted,3,query_34,explain,1.091,ok
tpcds,10,i,Interpreted,3,query_34,prepare,2.921,ok
tpcds,10,i,Interpreted,3,query_35,explain,0.778,ok
tpcds,10,i,Interpreted,3,query_35,prepare,2.353,ok
tpcds,10,i,Interpreted,3,query_36,explain,2.094,ok
tpcds,10,i,Interpreted,3,query_36,prepare,3.973,ok
tpcds,10,i,Interpreted,3,query_37,explain,1.192,ok
tpcds,10,i,Interpreted,3,query_37,prepare,3.125,ok
tpcds,10,i,Interpreted,3,query_38,explain,0.814,ok
tpcds,10,i,Interpreted,3,query_38,prepare,1.546,ok
tpcds,10,i,Interpreted,3,query_39,explain,2.581,ok
tpcds,10,i,Interpreted,3,query_39,prepare,6.962,ok
tpcds,10,i,Interpreted,3,query_4,explain,1.413,ok
tpcds,10,i,Interpreted,3,query_4,prepare,2.665,ok
tpcds,10,i,Interpreted,3,query_40,explain,1.067,ok
tpcds,10,i,Interpreted,3,query_40,prepare,1.560,ok
tpcds,10,i,Interpreted,3,query_41,explain,2.089,ok
tpcds,10,i,Interpreted,3,query_41,prepare,3.819,ok
tpcds,10,i,Interpreted,3,query_42,explain,1.720,ok
tpcds,10,i,Interpreted,3,query_42,prepare,4.316,ok
tpcds,10,i,Interpreted,3,query_43,explain,2.196,ok
tpcds,10,i,Interpreted,3,query_43,prepare,3.085,ok
tpcds,10,i,Interpreted,3,query_44,explain,1.038,ok
tpcds,10,i,Interpreted,3,query_44,prepare,1.644,ok
tpcds,10,i,Interpreted,3,query_45,explain,0.609,ok
tpcds,10,i,Interpreted,3,query_45,prepare,1.315,ok
tpcds,10,i,Interpreted,3,query_46,explain,0.947,ok
tpcds,10,i,Interpreted,3,query_46,prepare,2.967,ok
tpcds,10,i,Interpreted,3,query_47,explain,1.482,ok
tpcds,10,i,Interpreted,3,query_47,prepare,3.030,ok
tpcds,10,i,Interpreted,3,query_48,explain,2.275,ok
tpcds,10,i,Interpreted,3,query_48,prepare,4.751,ok
tpcds,10,i,Interpreted,3,query_49,explain,2.009,ok
tpcds,10,i,Interpreted,3,query_49,prepare,3.148,ok
tpcds,10,i,Interpreted,3,query_5,explain,0.958,ok
tpcds,10,i,Interpreted,3,query_5,prepare,1.878,ok
tpcds,10,i,Interpreted,3,query_50,explain,2.023,ok
tpcds,10,i,Interpreted,3,query_50,prepare,3.486,ok
tpcds,10,i,Interpreted,3,query_51,explain,1.175,ok
tpcds,10,i,Interpreted,3,query_51,prepare,3.026,ok
tpcds,10,i,Interpreted,3,query_52,explain,0.680,ok
tpcds,10,i,Interpreted,3,query_52,prepare,1.336,ok
tpcds,10,i,Interpreted,3,query_53,explain,1.892,ok
tpcds,10,i,Interpreted,3,query_53,prepare,3.208,ok
tpcds,10,i,Interpreted,3,query_54,explain,1.070,ok
tpcds,10,i,Interpreted,3,query_54,prepare,2.119,ok
tpcds,10,i,Interpreted,3,query_55,explain,0.493,ok
tpcds,10,i,Interpreted,3,query_55,prepare,1.533,ok
tpcds,10,i,Interpreted,3,query_56,explain,1.097,ok
tpcds,10,i,Interpreted,3,query_56,prepare,2.817,ok
tpcds,10,i,Interpreted,3,query_57,explain,0.914,ok
tpcds,10,i,Interpreted,3,query_57,prepare,1.623,ok
tpcds,10,i,Interpreted,3,query_58,explain,1.188,ok
tpcds,10,i,Interpreted,3,query_58,prepare,2.216,ok
tpcds,10,i,Interpreted,3,query_59,explain,0.638,ok
tpcds,10,i,Interpreted,3,query_59,prepare,1.317,ok
tpcds,10,i,Interpreted,3,query_6,explain,2.826,ok
tpcds,10,i,Interpreted,3,query_6,prepare,5.776,ok
tpcds,10,i,Interpreted,3,query_60,explain,1.480,ok
tpcds,10,i,Interpreted,3,query_60,prepare,2.903,ok
tpcds,10,i,Interpreted,3,query_61,explain,0.635,ok
tpcds,10,i,Interpreted,3,query_61,prepare,1.256,ok
tpcds,10,i,Interpreted,3,query_62,explain,1.269,ok
tpcds,10,i,Interpreted,3,query_62,prepare,1.956,ok
tpcds,10,i,Interpreted,3,query_63,explain,1.880,ok
tpcds,10,i,Interpreted,3,query_63,prepare,3.563,ok
tpcds,10,i,Interpreted,3,query_64,explain,0.895,ok
tpcds,10,i,Interpreted,3,query_64,prepare,2.127,ok
tpcds,10,i,Interpreted,3,query_65,explain,0.852,ok
tpcds,10,i,Interpreted,3,query_65,prepare,2.150,ok
tpcds,10,i,Interpreted,3,query_66,explain,4.603,ok
tpcds,10,i,Interpreted,3,query_66,prepare,6.499,ok
tpcds,10,i,Interpreted,3,query_67,explain,0.841,ok
tpcds,10,i,Interpreted,3,query_67,prepare,1.515,ok
tpcds,10,i,Interpreted,3,query_68,explain,3.121,ok
tpcds,10,i,Interpreted,3,query_68,prepare,4.656,ok
tpcds,10,i,Interpreted,3,query_69,explain,5.235,ok
tpcds,10,i,Interpreted,3,query_69,prepare,8.692,ok
tpcds,10,i,Interpreted,3,query_7,explain,1.078,ok
tpcds,10,i,Interpreted,3,query_7,prepare,1.608,ok
tpcds,10,i,Interpreted,3,query_70,explain,1.627,ok
tpcds,10,i,Interpreted,3,query_70,prepare,4.103,ok
tpcds,10,i,Interpreted,3,query_71,explain,1.404,ok
tpcds,10,i,Interpreted,3,query_71,prepare,2.653,ok
tpcds,10,i,Interpreted,3,query_72,explain,1.286,ok
tpcds,10,i,Interpreted,3,query_72,prepare,2.489,ok
tpcds,10,i,Interpreted,3,query_73,explain,1.365,ok
tpcds,10,i,Interpreted,3,query_73,prepare,2.143,ok
tpcds,10,i,Interpreted,3,query_74,explain,2.169,ok
tpcds,10,i,Interpreted,3,query_74,prepare,2.771,ok
tpcds,10,i,Interpreted,3,query_75,explain,1.607,ok
tpcds,10,i,Interpreted,3,query_75,prepare,2.834,ok
tpcds,10,i,Interpreted,3,query_76,explain,1.136,ok
tpcds,10,i,Interpreted,3,query_76,prepare,2.747,ok
tpcds,10,i,Interpreted,3,query_77,explain,1.076,ok
tpcds,10,i,Interpreted,3,query_77,prepare,2.063,ok
tpcds,10,i,Interpreted,3,query_78,explain,2.699,ok
tpcds,10,i,Interpreted,3,query_78,prepare,5.345,ok
tpcds,10,i,Interpreted,3,query_79,explain,1.241,ok
tpcds,10,i,Interpreted,3,query_79,prepare,1.988,ok
tpcds,10,i,Interpreted,3,query_8,explain,1.263,ok
tpcds,10,i,Interpreted,3,query_8,prepare,2.415,ok
tpcds,10,i,Interpreted,3,query_80,explain,1.022,ok
tpcds,10,i,Interpreted,3,query_80,prepare,1.761,ok
tpcds,10,i,Interpreted,3,query_81,explain,1.711,ok
tpcds,10,i,Interpreted,3,query_81,prepare,3.382,ok
tpcds,10,i,Interpreted,3,query_82,explain,0.636,ok
tpcds,10,i,Interpreted,3,query_82,prepare,1.216,ok
tpcds,10,i,Interpreted,3,query_83,explain,2.227,ok
tpcds,10,i,Interpreted,3,query_83,prepare,4.003,ok
tpcds,10,i,Interpreted,3,query_84,explain,1.706,ok
tpcds,10,i,Interpreted,3,query_84,prepare,2.836,ok
tpcds,10,i,Interpreted,3,query_85,explain,1.001,ok
tpcds,10,i,Interpreted,3,query_85,prepare,1.881,ok
tpcds,10,i,Interpreted,3,query_86,explain,1.057,ok
tpcds,10,i,Interpreted,3,query_86,prepare,2.041,ok
tpcds,10,i,Interpreted,3,query_87,explain,2.757,ok
tpcds,10,i,Interpreted,3,query_87,prepare,4.219,ok
tpcds,10,i,Interpreted,3,query_88,explain,1.175,ok
tpcds,10,i,Interpreted,3,query_88,prepare,2.327,ok
tpcds,10,i,Interpreted,3,query_89,explain,1.095,ok
tpcds,10,i,Interpreted,3,query_89,prepare,2.115,ok
tpcds,10,i,Interpreted,3,query_9,explain,1.847,ok
tpcds,10,i,Interpreted,3,query_9,prepare,3.188,ok
tpcds,10,i,Interpreted,3,query_90,explain,1.501,ok
tpcds,10,i,Interpreted,3,query_90,prepare,3.422,ok
tpcds,10,i,Interpreted,3,query_91,explain,2.608,ok
tpcds,10,i,Interpreted,3,query_91,prepare,3.459,ok
tpcds,10,i,Interpreted,3,query_92,explain,1.946,ok
tpcds,10,i,Interpreted,3,query_92,prepare,3.777,ok
tpcds,10,i,Interpreted,3,query_93,explain,1.630,ok
tpcds,10,i,Interpreted,3,query_93,prepare,4.194,ok
tpcds,10,i,Interpreted,3,query_94,explain,1.295,ok
tpcds,10,i,Interpreted,3,query_94,prepare,2.265,ok
tpcds,10,i,Interpreted,3,query_95,explain,2.057,ok
tpcds,10,i,Interpreted,3,query_95,prepare,4.097,ok
tpcds,10,i,Interpreted,3,query_96,explain,2.447,ok
tpcds,10,i,Interpreted,3,query_96,prepare,4.155,ok
tpcds,10,i,Interpreted,3,query_97,explain,1.916,ok
tpcds,10,i,Interpreted,3,query_97,prepare,2.988,ok
tpcds,10,i,Interpreted,3,query_98,explain,1.901,ok
tpcds,10,i,Interpreted,3,query_98,prepare,4.357,ok
tpcds,10,i,Interpreted,3,query_99,explain,1.183,ok
tpcds,10,i,Interpreted,3,query_99,prepare,2.657,ok
tpcds,10,i,Interpreted,4,__floor__,floor,0.224,ok
tpcds,10,i,Interpreted,4,query_1,explain,0.753,ok
tpcds,10,i,Interpreted,4,query_1,prepare,1.095,ok
tpcds,10,i,Interpreted,4,query_10,explain,1.984,ok
tpcds,10,i,Interpreted,4,query_10,prepare,3.904,ok
tpcds,10,i,Interpreted,4,query_11,explain,0.688,ok
tpcds,10,i,Interpreted,4,query_11,prepare,1.819,ok
tpcds,10,i,Interpreted,4,query_12,explain,1.023,ok
tpcds,10,i,Interpreted,4,query_12,prepare,1.925,ok
tpcds,10,i,Interpreted,4,query_13,explain,1.630,ok
tpcds,10,i,Interpreted,4,query_13,prepare,2.698,ok
tpcds,10,i,Interpreted,4,query_14,explain,0.675,ok
tpcds,10,i,Interpreted,4,query_14,prepare,1.446,ok
tpcds,10,i,Interpreted,4,query_15,explain,0.658,ok
tpcds,10,i,Interpreted,4,query_15,prepare,1.589,ok
tpcds,10,i,Interpreted,4,query_16,explain,0.910,ok
tpcds,10,i,Interpreted,4,query_16,prepare,2.148,ok
tpcds,10,i,Interpreted,4,query_17,explain,1.150,ok
tpcds,10,i,Interpreted,4,query_17,prepare,1.965,ok
tpcds,10,i,Interpreted,4,query_18,explain,1.158,ok
tpcds,10,i,Interpreted,4,query_18,prepare,2.164,ok
tpcds,10,i,Interpreted,4,query_19,explain,2.430,ok
tpcds,10,i,Interpreted,4,query_19,prepare,4.197,ok
tpcds,10,i,Interpreted,4,query_2,explain,0.952,ok
tpcds,10,i,Interpreted,4,query_2,prepare,1.823,ok
tpcds,10,i,Interpreted,4,query_20,explain,6.290,ok
tpcds,10,i,Interpreted,4,query_20,prepare,20.497,ok
tpcds,10,i,Interpreted,4,query_21,explain,1.416,ok
tpcds,10,i,Interpreted,4,query_21,prepare,2.296,ok
tpcds,10,i,Interpreted,4,query_22,explain,2.305,ok
tpcds,10,i,Interpreted,4,query_22,prepare,3.839,ok
tpcds,10,i,Interpreted,4,query_23,explain,1.810,ok
tpcds,10,i,Interpreted,4,query_23,prepare,3.300,ok
tpcds,10,i,Interpreted,4,query_24,explain,1.669,ok
tpcds,10,i,Interpreted,4,query_24,prepare,2.439,ok
tpcds,10,i,Interpreted,4,query_25,explain,1.474,ok
tpcds,10,i,Interpreted,4,query_25,prepare,2.315,ok
tpcds,10,i,Interpreted,4,query_26,explain,1.912,ok
tpcds,10,i,Interpreted,4,query_26,prepare,3.390,ok
tpcds,10,i,Interpreted,4,query_27,explain,1.401,ok
tpcds,10,i,Interpreted,4,query_27,prepare,2.431,ok
tpcds,10,i,Interpreted,4,query_28,explain,1.630,ok
tpcds,10,i,Interpreted,4,query_28,prepare,3.038,ok
tpcds,10,i,Interpreted,4,query_29,explain,1.938,ok
tpcds,10,i,Interpreted,4,query_29,prepare,3.921,ok
tpcds,10,i,Interpreted,4,query_3,explain,2.882,ok
tpcds,10,i,Interpreted,4,query_3,prepare,5.412,ok
tpcds,10,i,Interpreted,4,query_30,explain,1.413,ok
tpcds,10,i,Interpreted,4,query_30,prepare,3.051,ok
tpcds,10,i,Interpreted,4,query_31,explain,0.947,ok
tpcds,10,i,Interpreted,4,query_31,prepare,1.563,ok
tpcds,10,i,Interpreted,4,query_32,explain,0.771,ok
tpcds,10,i,Interpreted,4,query_32,prepare,2.210,ok
tpcds,10,i,Interpreted,4,query_33,explain,3.232,ok
tpcds,10,i,Interpreted,4,query_33,prepare,4.796,ok
tpcds,10,i,Interpreted,4,query_34,explain,1.098,ok
tpcds,10,i,Interpreted,4,query_34,prepare,3.165,ok
tpcds,10,i,Interpreted,4,query_35,explain,0.774,ok
tpcds,10,i,Interpreted,4,query_35,prepare,2.596,ok
tpcds,10,i,Interpreted,4,query_36,explain,2.136,ok
tpcds,10,i,Interpreted,4,query_36,prepare,4.303,ok
tpcds,10,i,Interpreted,4,query_37,explain,1.265,ok
tpcds,10,i,Interpreted,4,query_37,prepare,3.410,ok
tpcds,10,i,Interpreted,4,query_38,explain,0.850,ok
tpcds,10,i,Interpreted,4,query_38,prepare,1.619,ok
tpcds,10,i,Interpreted,4,query_39,explain,2.882,ok
tpcds,10,i,Interpreted,4,query_39,prepare,7.881,ok
tpcds,10,i,Interpreted,4,query_4,explain,1.434,ok
tpcds,10,i,Interpreted,4,query_4,prepare,2.792,ok
tpcds,10,i,Interpreted,4,query_40,explain,1.125,ok
tpcds,10,i,Interpreted,4,query_40,prepare,1.601,ok
tpcds,10,i,Interpreted,4,query_41,explain,2.181,ok
tpcds,10,i,Interpreted,4,query_41,prepare,4.348,ok
tpcds,10,i,Interpreted,4,query_42,explain,1.711,ok
tpcds,10,i,Interpreted,4,query_42,prepare,4.878,ok
tpcds,10,i,Interpreted,4,query_43,explain,2.332,ok
tpcds,10,i,Interpreted,4,query_43,prepare,3.144,ok
tpcds,10,i,Interpreted,4,query_44,explain,1.046,ok
tpcds,10,i,Interpreted,4,query_44,prepare,1.794,ok
tpcds,10,i,Interpreted,4,query_45,explain,0.623,ok
tpcds,10,i,Interpreted,4,query_45,prepare,1.440,ok
tpcds,10,i,Interpreted,4,query_46,explain,0.987,ok
tpcds,10,i,Interpreted,4,query_46,prepare,3.331,ok
tpcds,10,i,Interpreted,4,query_47,explain,1.534,ok
tpcds,10,i,Interpreted,4,query_47,prepare,3.496,ok
tpcds,10,i,Interpreted,4,query_48,explain,2.413,ok
tpcds,10,i,Interpreted,4,query_48,prepare,5.183,ok
tpcds,10,i,Interpreted,4,query_49,explain,2.036,ok
tpcds,10,i,Interpreted,4,query_49,prepare,3.397,ok
tpcds,10,i,Interpreted,4,query_5,explain,0.982,ok
tpcds,10,i,Interpreted,4,query_5,prepare,2.022,ok
tpcds,10,i,Interpreted,4,query_50,explain,2.074,ok
tpcds,10,i,Interpreted,4,query_50,prepare,3.796,ok
tpcds,10,i,Interpreted,4,query_51,explain,1.256,ok
tpcds,10,i,Interpreted,4,query_51,prepare,3.424,ok
tpcds,10,i,Interpreted,4,query_52,explain,0.720,ok
tpcds,10,i,Interpreted,4,query_52,prepare,1.373,ok
tpcds,10,i,Interpreted,4,query_53,explain,1.953,ok
tpcds,10,i,Interpreted,4,query_53,prepare,3.524,ok
tpcds,10,i,Interpreted,4,query_54,explain,1.109,ok
tpcds,10,i,Interpreted,4,query_54,prepare,2.285,ok
tpcds,10,i,Interpreted,4,query_55,explain,0.516,ok
tpcds,10,i,Interpreted,4,query_55,prepare,1.728,ok
tpcds,10,i,Interpreted,4,query_56,explain,1.105,ok
tpcds,10,i,Interpreted,4,query_56,prepare,3.127,ok
tpcds,10,i,Interpreted,4,query_57,explain,0.921,ok
tpcds,10,i,Interpreted,4,query_57,prepare,1.724,ok
tpcds,10,i,Interpreted,4,query_58,explain,1.243,ok
tpcds,10,i,Interpreted,4,query_58,prepare,2.474,ok
tpcds,10,i,Interpreted,4,query_59,explain,0.668,ok
tpcds,10,i,Interpreted,4,query_59,prepare,1.419,ok
tpcds,10,i,Interpreted,4,query_6,explain,3.069,ok
tpcds,10,i,Interpreted,4,query_6,prepare,6.217,ok
tpcds,10,i,Interpreted,4,query_60,explain,1.463,ok
tpcds,10,i,Interpreted,4,query_60,prepare,3.213,ok
tpcds,10,i,Interpreted,4,query_61,explain,0.641,ok
tpcds,10,i,Interpreted,4,query_61,prepare,1.296,ok
tpcds,10,i,Interpreted,4,query_62,explain,1.414,ok
tpcds,10,i,Interpreted,4,query_62,prepare,2.147,ok
tpcds,10,i,Interpreted,4,query_63,explain,1.991,ok
tpcds,10,i,Interpreted,4,query_63,prepare,3.949,ok
tpcds,10,i,Interpreted,4,query_64,explain,0.901,ok
tpcds,10,i,Interpreted,4,query_64,prepare,2.380,ok
tpcds,10,i,Interpreted,4,query_65,explain,0.886,ok
tpcds,10,i,Interpreted,4,query_65,prepare,2.468,ok
tpcds,10,i,Interpreted,4,query_66,explain,4.852,ok
tpcds,10,i,Interpreted,4,query_66,prepare,6.900,ok
tpcds,10,i,Interpreted,4,query_67,explain,0.873,ok
tpcds,10,i,Interpreted,4,query_67,prepare,1.627,ok
tpcds,10,i,Interpreted,4,query_68,explain,3.295,ok
tpcds,10,i,Interpreted,4,query_68,prepare,4.967,ok
tpcds,10,i,Interpreted,4,query_69,explain,5.576,ok
tpcds,10,i,Interpreted,4,query_69,prepare,9.604,ok
tpcds,10,i,Interpreted,4,query_7,explain,1.123,ok
tpcds,10,i,Interpreted,4,query_7,prepare,1.658,ok
tpcds,10,i,Interpreted,4,query_70,explain,1.682,ok
tpcds,10,i,Interpreted,4,query_70,prepare,4.640,ok
tpcds,10,i,Interpreted,4,query_71,explain,1.427,ok
tpcds,10,i,Interpreted,4,query_71,prepare,2.864,ok
tpcds,10,i,Interpreted,4,query_72,explain,1.289,ok
tpcds,10,i,Interpreted,4,query_72,prepare,2.605,ok
tpcds,10,i,Interpreted,4,query_73,explain,1.371,ok
tpcds,10,i,Interpreted,4,query_73,prepare,2.237,ok
tpcds,10,i,Interpreted,4,query_74,explain,2.217,ok
tpcds,10,i,Interpreted,4,query_74,prepare,2.891,ok
tpcds,10,i,Interpreted,4,query_75,explain,1.707,ok
tpcds,10,i,Interpreted,4,query_75,prepare,3.085,ok
tpcds,10,i,Interpreted,4,query_76,explain,1.155,ok
tpcds,10,i,Interpreted,4,query_76,prepare,2.985,ok
tpcds,10,i,Interpreted,4,query_77,explain,1.087,ok
tpcds,10,i,Interpreted,4,query_77,prepare,2.319,ok
tpcds,10,i,Interpreted,4,query_78,explain,2.821,ok
tpcds,10,i,Interpreted,4,query_78,prepare,5.845,ok
tpcds,10,i,Interpreted,4,query_79,explain,1.238,ok
tpcds,10,i,Interpreted,4,query_79,prepare,2.077,ok
tpcds,10,i,Interpreted,4,query_8,explain,1.311,ok
tpcds,10,i,Interpreted,4,query_8,prepare,2.648,ok
tpcds,10,i,Interpreted,4,query_80,explain,1.097,ok
tpcds,10,i,Interpreted,4,query_80,prepare,1.880,ok
tpcds,10,i,Interpreted,4,query_81,explain,1.873,ok
tpcds,10,i,Interpreted,4,query_81,prepare,3.720,ok
tpcds,10,i,Interpreted,4,query_82,explain,0.637,ok
tpcds,10,i,Interpreted,4,query_82,prepare,1.333,ok
tpcds,10,i,Interpreted,4,query_83,explain,2.331,ok
tpcds,10,i,Interpreted,4,query_83,prepare,4.375,ok
tpcds,10,i,Interpreted,4,query_84,explain,1.704,ok
tpcds,10,i,Interpreted,4,query_84,prepare,3.015,ok
tpcds,10,i,Interpreted,4,query_85,explain,1.019,ok
tpcds,10,i,Interpreted,4,query_85,prepare,2.047,ok
tpcds,10,i,Interpreted,4,query_86,explain,1.049,ok
tpcds,10,i,Interpreted,4,query_86,prepare,2.164,ok
tpcds,10,i,Interpreted,4,query_87,explain,2.906,ok
tpcds,10,i,Interpreted,4,query_87,prepare,4.404,ok
tpcds,10,i,Interpreted,4,query_88,explain,1.180,ok
tpcds,10,i,Interpreted,4,query_88,prepare,2.475,ok
tpcds,10,i,Interpreted,4,query_89,explain,1.123,ok
tpcds,10,i,Interpreted,4,query_89,prepare,2.330,ok
tpcds,10,i,Interpreted,4,query_9,explain,1.892,ok
tpcds,10,i,Interpreted,4,query_9,prepare,3.414,ok
tpcds,10,i,Interpreted,4,query_90,explain,1.535,ok
tpcds,10,i,Interpreted,4,query_90,prepare,3.807,ok
tpcds,10,i,Interpreted,4,query_91,explain,2.610,ok
tpcds,10,i,Interpreted,4,query_91,prepare,3.549,ok
tpcds,10,i,Interpreted,4,query_92,explain,1.989,ok
tpcds,10,i,Interpreted,4,query_92,prepare,3.957,ok
tpcds,10,i,Interpreted,4,query_93,explain,1.633,ok
tpcds,10,i,Interpreted,4,query_93,prepare,4.672,ok
tpcds,10,i,Interpreted,4,query_94,explain,1.276,ok
tpcds,10,i,Interpreted,4,query_94,prepare,2.294,ok
tpcds,10,i,Interpreted,4,query_95,explain,2.107,ok
tpcds,10,i,Interpreted,4,query_95,prepare,4.383,ok
tpcds,10,i,Interpreted,4,query_96,explain,2.521,ok
tpcds,10,i,Interpreted,4,query_96,prepare,4.543,ok
tpcds,10,i,Interpreted,4,query_97,explain,1.960,ok
tpcds,10,i,Interpreted,4,query_97,prepare,3.184,ok
tpcds,10,i,Interpreted,4,query_98,explain,1.943,ok
tpcds,10,i,Interpreted,4,query_98,prepare,4.769,ok
tpcds,10,i,Interpreted,4,query_99,explain,1.197,ok
tpcds,10,i,Interpreted,4,query_99,prepare,2.842,ok
tpcds,10,i,Interpreted,5,__floor__,floor,0.155,ok
tpcds,10,i,Interpreted,5,query_1,explain,1.526,ok
tpcds,10,i,Interpreted,5,query_1,prepare,1.356,ok
tpcds,10,i,Interpreted,5,query_10,explain,3.056,ok
tpcds,10,i,Interpreted,5,query_10,prepare,7.997,ok
tpcds,10,i,Interpreted,5,query_11,explain,1.412,ok
tpcds,10,i,Interpreted,5,query_11,prepare,2.467,ok
tpcds,10,i,Interpreted,5,query_12,explain,1.417,ok
tpcds,10,i,Interpreted,5,query_12,prepare,2.533,ok
tpcds,10,i,Interpreted,5,query_13,explain,2.176,ok
tpcds,10,i,Interpreted,5,query_13,prepare,4.273,ok
tpcds,10,i,Interpreted,5,query_14,explain,0.872,ok
tpcds,10,i,Interpreted,5,query_14,prepare,2.545,ok
tpcds,10,i,Interpreted,5,query_15,explain,1.130,ok
tpcds,10,i,Interpreted,5,query_15,prepare,2.886,ok
tpcds,10,i,Interpreted,5,query_16,explain,1.589,ok
tpcds,10,i,Interpreted,5,query_16,prepare,3.913,ok
tpcds,10,i,Interpreted,5,query_17,explain,2.065,ok
tpcds,10,i,Interpreted,5,query_17,prepare,3.511,ok
tpcds,10,i,Interpreted,5,query_18,explain,2.079,ok
tpcds,10,i,Interpreted,5,query_18,prepare,4.006,ok
tpcds,10,i,Interpreted,5,query_19,explain,2.606,ok
tpcds,10,i,Interpreted,5,query_19,prepare,4.404,ok
tpcds,10,i,Interpreted,5,query_2,explain,1.075,ok
tpcds,10,i,Interpreted,5,query_2,prepare,1.888,ok
tpcds,10,i,Interpreted,5,query_20,explain,6.386,ok
tpcds,10,i,Interpreted,5,query_20,prepare,9.587,ok
tpcds,10,i,Interpreted,5,query_21,explain,0.922,ok
tpcds,10,i,Interpreted,5,query_21,prepare,2.203,ok
tpcds,10,i,Interpreted,5,query_22,explain,1.960,ok
tpcds,10,i,Interpreted,5,query_22,prepare,3.727,ok
tpcds,10,i,Interpreted,5,query_23,explain,1.684,ok
tpcds,10,i,Interpreted,5,query_23,prepare,3.189,ok
tpcds,10,i,Interpreted,5,query_24,explain,1.279,ok
tpcds,10,i,Interpreted,5,query_24,prepare,2.332,ok
tpcds,10,i,Interpreted,5,query_25,explain,1.330,ok
tpcds,10,i,Interpreted,5,query_25,prepare,2.342,ok
tpcds,10,i,Interpreted,5,query_26,explain,1.742,ok
tpcds,10,i,Interpreted,5,query_26,prepare,3.277,ok
tpcds,10,i,Interpreted,5,query_27,explain,1.199,ok
tpcds,10,i,Interpreted,5,query_27,prepare,2.365,ok
tpcds,10,i,Interpreted,5,query_28,explain,1.556,ok
tpcds,10,i,Interpreted,5,query_28,prepare,3.024,ok
tpcds,10,i,Interpreted,5,query_29,explain,1.891,ok
tpcds,10,i,Interpreted,5,query_29,prepare,3.938,ok
tpcds,10,i,Interpreted,5,query_3,explain,2.815,ok
tpcds,10,i,Interpreted,5,query_3,prepare,5.577,ok
tpcds,10,i,Interpreted,5,query_30,explain,1.443,ok
tpcds,10,i,Interpreted,5,query_30,prepare,2.910,ok
tpcds,10,i,Interpreted,5,query_31,explain,0.884,ok
tpcds,10,i,Interpreted,5,query_31,prepare,1.551,ok
tpcds,10,i,Interpreted,5,query_32,explain,0.752,ok
tpcds,10,i,Interpreted,5,query_32,prepare,2.192,ok
tpcds,10,i,Interpreted,5,query_33,explain,3.044,ok
tpcds,10,i,Interpreted,5,query_33,prepare,4.719,ok
tpcds,10,i,Interpreted,5,query_34,explain,1.063,ok
tpcds,10,i,Interpreted,5,query_34,prepare,3.176,ok
tpcds,10,i,Interpreted,5,query_35,explain,0.746,ok
tpcds,10,i,Interpreted,5,query_35,prepare,2.567,ok
tpcds,10,i,Interpreted,5,query_36,explain,2.160,ok
tpcds,10,i,Interpreted,5,query_36,prepare,4.264,ok
tpcds,10,i,Interpreted,5,query_37,explain,1.206,ok
tpcds,10,i,Interpreted,5,query_37,prepare,3.469,ok
tpcds,10,i,Interpreted,5,query_38,explain,0.797,ok
tpcds,10,i,Interpreted,5,query_38,prepare,1.510,ok
tpcds,10,i,Interpreted,5,query_39,explain,2.736,ok
tpcds,10,i,Interpreted,5,query_39,prepare,8.029,ok
tpcds,10,i,Interpreted,5,query_4,explain,1.425,ok
tpcds,10,i,Interpreted,5,query_4,prepare,2.605,ok
tpcds,10,i,Interpreted,5,query_40,explain,1.045,ok
tpcds,10,i,Interpreted,5,query_40,prepare,1.604,ok
tpcds,10,i,Interpreted,5,query_41,explain,2.108,ok
tpcds,10,i,Interpreted,5,query_41,prepare,4.032,ok
tpcds,10,i,Interpreted,5,query_42,explain,1.712,ok
tpcds,10,i,Interpreted,5,query_42,prepare,4.772,ok
tpcds,10,i,Interpreted,5,query_43,explain,2.290,ok
tpcds,10,i,Interpreted,5,query_43,prepare,3.120,ok
tpcds,10,i,Interpreted,5,query_44,explain,1.028,ok
tpcds,10,i,Interpreted,5,query_44,prepare,1.735,ok
tpcds,10,i,Interpreted,5,query_45,explain,0.584,ok
tpcds,10,i,Interpreted,5,query_45,prepare,1.389,ok
tpcds,10,i,Interpreted,5,query_46,explain,0.944,ok
tpcds,10,i,Interpreted,5,query_46,prepare,3.349,ok
tpcds,10,i,Interpreted,5,query_47,explain,1.509,ok
tpcds,10,i,Interpreted,5,query_47,prepare,3.354,ok
tpcds,10,i,Interpreted,5,query_48,explain,2.309,ok
tpcds,10,i,Interpreted,5,query_48,prepare,5.211,ok
tpcds,10,i,Interpreted,5,query_49,explain,2.075,ok
tpcds,10,i,Interpreted,5,query_49,prepare,3.426,ok
tpcds,10,i,Interpreted,5,query_5,explain,0.993,ok
tpcds,10,i,Interpreted,5,query_5,prepare,2.026,ok
tpcds,10,i,Interpreted,5,query_50,explain,2.042,ok
tpcds,10,i,Interpreted,5,query_50,prepare,3.854,ok
tpcds,10,i,Interpreted,5,query_51,explain,1.200,ok
tpcds,10,i,Interpreted,5,query_51,prepare,3.308,ok
tpcds,10,i,Interpreted,5,query_52,explain,0.663,ok
tpcds,10,i,Interpreted,5,query_52,prepare,1.294,ok
tpcds,10,i,Interpreted,5,query_53,explain,2.051,ok
tpcds,10,i,Interpreted,5,query_53,prepare,3.468,ok
tpcds,10,i,Interpreted,5,query_54,explain,1.073,ok
tpcds,10,i,Interpreted,5,query_54,prepare,2.251,ok
tpcds,10,i,Interpreted,5,query_55,explain,0.461,ok
tpcds,10,i,Interpreted,5,query_55,prepare,1.767,ok
tpcds,10,i,Interpreted,5,query_56,explain,1.089,ok
tpcds,10,i,Interpreted,5,query_56,prepare,2.999,ok
tpcds,10,i,Interpreted,5,query_57,explain,0.888,ok
tpcds,10,i,Interpreted,5,query_57,prepare,1.658,ok
tpcds,10,i,Interpreted,5,query_58,explain,1.225,ok
tpcds,10,i,Interpreted,5,query_58,prepare,2.410,ok
tpcds,10,i,Interpreted,5,query_59,explain,0.612,ok
tpcds,10,i,Interpreted,5,query_59,prepare,1.388,ok
tpcds,10,i,Interpreted,5,query_6,explain,3.081,ok
tpcds,10,i,Interpreted,5,query_6,prepare,6.173,ok
tpcds,10,i,Interpreted,5,query_60,explain,1.573,ok
tpcds,10,i,Interpreted,5,query_60,prepare,3.146,ok
tpcds,10,i,Interpreted,5,query_61,explain,0.617,ok
tpcds,10,i,Interpreted,5,query_61,prepare,1.254,ok
tpcds,10,i,Interpreted,5,query_62,explain,1.389,ok
tpcds,10,i,Interpreted,5,query_62,prepare,2.127,ok
tpcds,10,i,Interpreted,5,query_63,explain,1.978,ok
tpcds,10,i,Interpreted,5,query_63,prepare,3.848,ok
tpcds,10,i,Interpreted,5,query_64,explain,0.865,ok
tpcds,10,i,Interpreted,5,query_64,prepare,2.312,ok
tpcds,10,i,Interpreted,5,query_65,explain,0.854,ok
tpcds,10,i,Interpreted,5,query_65,prepare,2.352,ok
tpcds,10,i,Interpreted,5,query_66,explain,4.850,ok
tpcds,10,i,Interpreted,5,query_66,prepare,7.038,ok
tpcds,10,i,Interpreted,5,query_67,explain,0.877,ok
tpcds,10,i,Interpreted,5,query_67,prepare,1.633,ok
tpcds,10,i,Interpreted,5,query_68,explain,3.272,ok
tpcds,10,i,Interpreted,5,query_68,prepare,5.107,ok
tpcds,10,i,Interpreted,5,query_69,explain,5.439,ok
tpcds,10,i,Interpreted,5,query_69,prepare,9.333,ok
tpcds,10,i,Interpreted,5,query_7,explain,1.098,ok
tpcds,10,i,Interpreted,5,query_7,prepare,1.621,ok
tpcds,10,i,Interpreted,5,query_70,explain,1.710,ok
tpcds,10,i,Interpreted,5,query_70,prepare,4.678,ok
tpcds,10,i,Interpreted,5,query_71,explain,1.443,ok
tpcds,10,i,Interpreted,5,query_71,prepare,2.716,ok
tpcds,10,i,Interpreted,5,query_72,explain,1.247,ok
tpcds,10,i,Interpreted,5,query_72,prepare,2.611,ok
tpcds,10,i,Interpreted,5,query_73,explain,1.362,ok
tpcds,10,i,Interpreted,5,query_73,prepare,2.220,ok
tpcds,10,i,Interpreted,5,query_74,explain,2.209,ok
tpcds,10,i,Interpreted,5,query_74,prepare,2.852,ok
tpcds,10,i,Interpreted,5,query_75,explain,1.623,ok
tpcds,10,i,Interpreted,5,query_75,prepare,3.108,ok
tpcds,10,i,Interpreted,5,query_76,explain,1.119,ok
tpcds,10,i,Interpreted,5,query_76,prepare,2.934,ok
tpcds,10,i,Interpreted,5,query_77,explain,1.063,ok
tpcds,10,i,Interpreted,5,query_77,prepare,2.267,ok
tpcds,10,i,Interpreted,5,query_78,explain,2.779,ok
tpcds,10,i,Interpreted,5,query_78,prepare,5.866,ok
tpcds,10,i,Interpreted,5,query_79,explain,1.233,ok
tpcds,10,i,Interpreted,5,query_79,prepare,2.023,ok
tpcds,10,i,Interpreted,5,query_8,explain,1.287,ok
tpcds,10,i,Interpreted,5,query_8,prepare,2.533,ok
tpcds,10,i,Interpreted,5,query_80,explain,1.040,ok
tpcds,10,i,Interpreted,5,query_80,prepare,1.761,ok
tpcds,10,i,Interpreted,5,query_81,explain,1.837,ok
tpcds,10,i,Interpreted,5,query_81,prepare,3.489,ok
tpcds,10,i,Interpreted,5,query_82,explain,0.603,ok
tpcds,10,i,Interpreted,5,query_82,prepare,1.288,ok
tpcds,10,i,Interpreted,5,query_83,explain,2.293,ok
tpcds,10,i,Interpreted,5,query_83,prepare,4.445,ok
tpcds,10,i,Interpreted,5,query_84,explain,1.682,ok
tpcds,10,i,Interpreted,5,query_84,prepare,2.971,ok
tpcds,10,i,Interpreted,5,query_85,explain,0.997,ok
tpcds,10,i,Interpreted,5,query_85,prepare,2.067,ok
tpcds,10,i,Interpreted,5,query_86,explain,1.183,ok
tpcds,10,i,Interpreted,5,query_86,prepare,2.134,ok
tpcds,10,i,Interpreted,5,query_87,explain,2.873,ok
tpcds,10,i,Interpreted,5,query_87,prepare,4.388,ok
tpcds,10,i,Interpreted,5,query_88,explain,1.261,ok
tpcds,10,i,Interpreted,5,query_88,prepare,2.489,ok
tpcds,10,i,Interpreted,5,query_89,explain,1.104,ok
tpcds,10,i,Interpreted,5,query_89,prepare,2.322,ok
tpcds,10,i,Interpreted,5,query_9,explain,1.890,ok
tpcds,10,i,Interpreted,5,query_9,prepare,3.424,ok
tpcds,10,i,Interpreted,5,query_90,explain,1.482,ok
tpcds,10,i,Interpreted,5,query_90,prepare,3.691,ok
tpcds,10,i,Interpreted,5,query_91,explain,2.602,ok
tpcds,10,i,Interpreted,5,query_91,prepare,3.637,ok
tpcds,10,i,Interpreted,5,query_92,explain,1.991,ok
tpcds,10,i,Interpreted,5,query_92,prepare,3.951,ok
tpcds,10,i,Interpreted,5,query_93,explain,1.629,ok
tpcds,10,i,Interpreted,5,query_93,prepare,4.591,ok
tpcds,10,i,Interpreted,5,query_94,explain,1.375,ok
tpcds,10,i,Interpreted,5,query_94,prepare,2.401,ok
tpcds,10,i,Interpreted,5,query_95,explain,2.098,ok
tpcds,10,i,Interpreted,5,query_95,prepare,4.415,ok
tpcds,10,i,Interpreted,5,query_96,explain,2.515,ok
tpcds,10,i,Interpreted,5,query_96,prepare,4.528,ok
tpcds,10,i,Interpreted,5,query_97,explain,1.963,ok
tpcds,10,i,Interpreted,5,query_97,prepare,3.160,ok
tpcds,10,i,Interpreted,5,query_98,explain,1.949,ok
tpcds,10,i,Interpreted,5,query_98,prepare,4.857,ok
tpcds,10,i,Interpreted,5,query_99,explain,1.220,ok
tpcds,10,i,Interpreted,5,query_99,prepare,2.891,ok
tpcds,10,A,Auto (default),1,__floor__,floor,0.178,ok
tpcds,10,A,Auto (default),1,query_1,explain,1.245,ok
tpcds,10,A,Auto (default),1,query_1,prepare,1.265,ok
tpcds,10,A,Auto (default),1,query_10,explain,2.347,ok
tpcds,10,A,Auto (default),1,query_10,prepare,4.793,ok
tpcds,10,A,Auto (default),1,query_11,explain,0.811,ok
tpcds,10,A,Auto (default),1,query_11,prepare,2.416,ok
tpcds,10,A,Auto (default),1,query_12,explain,1.141,ok
tpcds,10,A,Auto (default),1,query_12,prepare,2.384,ok
tpcds,10,A,Auto (default),1,query_13,explain,1.750,ok
tpcds,10,A,Auto (default),1,query_13,prepare,3.206,ok
tpcds,10,A,Auto (default),1,query_14,explain,0.801,ok
tpcds,10,A,Auto (default),1,query_14,prepare,1.803,ok
tpcds,10,A,Auto (default),1,query_15,explain,0.682,ok
tpcds,10,A,Auto (default),1,query_15,prepare,1.974,ok
tpcds,10,A,Auto (default),1,query_16,explain,0.970,ok
tpcds,10,A,Auto (default),1,query_16,prepare,2.710,ok
tpcds,10,A,Auto (default),1,query_17,explain,1.247,ok
tpcds,10,A,Auto (default),1,query_17,prepare,2.374,ok
tpcds,10,A,Auto (default),1,query_18,explain,1.242,ok
tpcds,10,A,Auto (default),1,query_18,prepare,2.649,ok
tpcds,10,A,Auto (default),1,query_19,explain,2.590,ok
tpcds,10,A,Auto (default),1,query_19,prepare,4.974,ok
tpcds,10,A,Auto (default),1,query_2,explain,1.013,ok
tpcds,10,A,Auto (default),1,query_2,prepare,2.214,ok
tpcds,10,A,Auto (default),1,query_20,explain,6.458,ok
tpcds,10,A,Auto (default),1,query_20,prepare,10.357,ok
tpcds,10,A,Auto (default),1,query_21,explain,0.950,ok
tpcds,10,A,Auto (default),1,query_21,prepare,2.735,ok
tpcds,10,A,Auto (default),1,query_22,explain,2.048,ok
tpcds,10,A,Auto (default),1,query_22,prepare,4.231,ok
tpcds,10,A,Auto (default),1,query_23,explain,1.745,ok
tpcds,10,A,Auto (default),1,query_23,prepare,3.479,ok
tpcds,10,A,Auto (default),1,query_24,explain,1.377,ok
tpcds,10,A,Auto (default),1,query_24,prepare,2.581,ok
tpcds,10,A,Auto (default),1,query_25,explain,1.369,ok
tpcds,10,A,Auto (default),1,query_25,prepare,2.506,ok
tpcds,10,A,Auto (default),1,query_26,explain,1.764,ok
tpcds,10,A,Auto (default),1,query_26,prepare,3.750,ok
tpcds,10,A,Auto (default),1,query_27,explain,1.350,ok
tpcds,10,A,Auto (default),1,query_27,prepare,2.764,ok
tpcds,10,A,Auto (default),1,query_28,explain,1.596,ok
tpcds,10,A,Auto (default),1,query_28,prepare,3.334,ok
tpcds,10,A,Auto (default),1,query_29,explain,1.908,ok
tpcds,10,A,Auto (default),1,query_29,prepare,4.258,ok
tpcds,10,A,Auto (default),1,query_3,explain,2.851,ok
tpcds,10,A,Auto (default),1,query_3,prepare,5.871,ok
tpcds,10,A,Auto (default),1,query_30,explain,1.487,ok
tpcds,10,A,Auto (default),1,query_30,prepare,3.649,ok
tpcds,10,A,Auto (default),1,query_31,explain,0.959,ok
tpcds,10,A,Auto (default),1,query_31,prepare,1.742,ok
tpcds,10,A,Auto (default),1,query_32,explain,0.774,ok
tpcds,10,A,Auto (default),1,query_32,prepare,2.800,ok
tpcds,10,A,Auto (default),1,query_33,explain,3.099,ok
tpcds,10,A,Auto (default),1,query_33,prepare,5.137,ok
tpcds,10,A,Auto (default),1,query_34,explain,1.140,ok
tpcds,10,A,Auto (default),1,query_34,prepare,3.900,ok
tpcds,10,A,Auto (default),1,query_35,explain,0.825,ok
tpcds,10,A,Auto (default),1,query_35,prepare,3.281,ok
tpcds,10,A,Auto (default),1,query_36,explain,2.179,ok
tpcds,10,A,Auto (default),1,query_36,prepare,4.781,ok
tpcds,10,A,Auto (default),1,query_37,explain,1.285,ok
tpcds,10,A,Auto (default),1,query_37,prepare,3.943,ok
tpcds,10,A,Auto (default),1,query_38,explain,0.876,ok
tpcds,10,A,Auto (default),1,query_38,prepare,1.831,ok
tpcds,10,A,Auto (default),1,query_39,explain,2.801,ok
tpcds,10,A,Auto (default),1,query_39,prepare,8.948,ok
tpcds,10,A,Auto (default),1,query_4,explain,1.558,ok
tpcds,10,A,Auto (default),1,query_4,prepare,3.091,ok
tpcds,10,A,Auto (default),1,query_40,explain,1.146,ok
tpcds,10,A,Auto (default),1,query_40,prepare,1.797,ok
tpcds,10,A,Auto (default),1,query_41,explain,2.392,ok
tpcds,10,A,Auto (default),1,query_41,prepare,4.444,ok
tpcds,10,A,Auto (default),1,query_42,explain,1.801,ok
tpcds,10,A,Auto (default),1,query_42,prepare,5.233,ok
tpcds,10,A,Auto (default),1,query_43,explain,2.323,ok
tpcds,10,A,Auto (default),1,query_43,prepare,3.440,ok
tpcds,10,A,Auto (default),1,query_44,explain,1.096,ok
tpcds,10,A,Auto (default),1,query_44,prepare,1.968,ok
tpcds,10,A,Auto (default),1,query_45,explain,0.643,ok
tpcds,10,A,Auto (default),1,query_45,prepare,1.629,ok
tpcds,10,A,Auto (default),1,query_46,explain,0.982,ok
tpcds,10,A,Auto (default),1,query_46,prepare,3.962,ok
tpcds,10,A,Auto (default),1,query_47,explain,1.612,ok
tpcds,10,A,Auto (default),1,query_47,prepare,3.857,ok
tpcds,10,A,Auto (default),1,query_48,explain,2.451,ok
tpcds,10,A,Auto (default),1,query_48,prepare,5.915,ok
tpcds,10,A,Auto (default),1,query_49,explain,2.083,ok
tpcds,10,A,Auto (default),1,query_49,prepare,3.563,ok
tpcds,10,A,Auto (default),1,query_5,explain,1.043,ok
tpcds,10,A,Auto (default),1,query_5,prepare,2.281,ok
tpcds,10,A,Auto (default),1,query_50,explain,2.106,ok
tpcds,10,A,Auto (default),1,query_50,prepare,4.475,ok
tpcds,10,A,Auto (default),1,query_51,explain,1.247,ok
tpcds,10,A,Auto (default),1,query_51,prepare,4.183,ok
tpcds,10,A,Auto (default),1,query_52,explain,0.723,ok
tpcds,10,A,Auto (default),1,query_52,prepare,1.523,ok
tpcds,10,A,Auto (default),1,query_53,explain,2.059,ok
tpcds,10,A,Auto (default),1,query_53,prepare,3.983,ok
tpcds,10,A,Auto (default),1,query_54,explain,1.150,ok
tpcds,10,A,Auto (default),1,query_54,prepare,2.503,ok
tpcds,10,A,Auto (default),1,query_55,explain,0.539,ok
tpcds,10,A,Auto (default),1,query_55,prepare,2.067,ok
tpcds,10,A,Auto (default),1,query_56,explain,1.110,ok
tpcds,10,A,Auto (default),1,query_56,prepare,3.746,ok
tpcds,10,A,Auto (default),1,query_57,explain,0.969,ok
tpcds,10,A,Auto (default),1,query_57,prepare,1.921,ok
tpcds,10,A,Auto (default),1,query_58,explain,1.250,ok
tpcds,10,A,Auto (default),1,query_58,prepare,2.949,ok
tpcds,10,A,Auto (default),1,query_59,explain,0.693,ok
tpcds,10,A,Auto (default),1,query_59,prepare,1.631,ok
tpcds,10,A,Auto (default),1,query_6,explain,3.104,ok
tpcds,10,A,Auto (default),1,query_6,prepare,6.873,ok
tpcds,10,A,Auto (default),1,query_60,explain,1.628,ok
tpcds,10,A,Auto (default),1,query_60,prepare,3.566,ok
tpcds,10,A,Auto (default),1,query_61,explain,0.679,ok
tpcds,10,A,Auto (default),1,query_61,prepare,1.475,ok
tpcds,10,A,Auto (default),1,query_62,explain,1.363,ok
tpcds,10,A,Auto (default),1,query_62,prepare,2.382,ok
tpcds,10,A,Auto (default),1,query_63,explain,2.091,ok
tpcds,10,A,Auto (default),1,query_63,prepare,4.364,ok
tpcds,10,A,Auto (default),1,query_64,explain,0.948,ok
tpcds,10,A,Auto (default),1,query_64,prepare,2.814,ok
tpcds,10,A,Auto (default),1,query_65,explain,0.919,ok
tpcds,10,A,Auto (default),1,query_65,prepare,2.750,ok
tpcds,10,A,Auto (default),1,query_66,explain,5.047,ok
tpcds,10,A,Auto (default),1,query_66,prepare,7.503,ok
tpcds,10,A,Auto (default),1,query_67,explain,0.942,ok
tpcds,10,A,Auto (default),1,query_67,prepare,1.877,ok
tpcds,10,A,Auto (default),1,query_68,explain,3.355,ok
tpcds,10,A,Auto (default),1,query_68,prepare,5.421,ok
tpcds,10,A,Auto (default),1,query_69,explain,5.498,ok
tpcds,10,A,Auto (default),1,query_69,prepare,10.306,ok
tpcds,10,A,Auto (default),1,query_7,explain,1.173,ok
tpcds,10,A,Auto (default),1,query_7,prepare,1.898,ok
tpcds,10,A,Auto (default),1,query_70,explain,1.790,ok
tpcds,10,A,Auto (default),1,query_70,prepare,5.128,ok
tpcds,10,A,Auto (default),1,query_71,explain,1.493,ok
tpcds,10,A,Auto (default),1,query_71,prepare,3.297,ok
tpcds,10,A,Auto (default),1,query_72,explain,1.319,ok
tpcds,10,A,Auto (default),1,query_72,prepare,2.879,ok
tpcds,10,A,Auto (default),1,query_73,explain,1.434,ok
tpcds,10,A,Auto (default),1,query_73,prepare,2.518,ok
tpcds,10,A,Auto (default),1,query_74,explain,2.282,ok
tpcds,10,A,Auto (default),1,query_74,prepare,3.064,ok
tpcds,10,A,Auto (default),1,query_75,explain,1.700,ok
tpcds,10,A,Auto (default),1,query_75,prepare,3.353,ok
tpcds,10,A,Auto (default),1,query_76,explain,1.195,ok
tpcds,10,A,Auto (default),1,query_76,prepare,3.367,ok
tpcds,10,A,Auto (default),1,query_77,explain,1.159,ok
tpcds,10,A,Auto (default),1,query_77,prepare,2.612,ok
tpcds,10,A,Auto (default),1,query_78,explain,2.840,ok
tpcds,10,A,Auto (default),1,query_78,prepare,6.774,ok
tpcds,10,A,Auto (default),1,query_79,explain,1.281,ok
tpcds,10,A,Auto (default),1,query_79,prepare,2.427,ok
tpcds,10,A,Auto (default),1,query_8,explain,1.345,ok
tpcds,10,A,Auto (default),1,query_8,prepare,2.930,ok
tpcds,10,A,Auto (default),1,query_80,explain,1.175,ok
tpcds,10,A,Auto (default),1,query_80,prepare,1.980,ok
tpcds,10,A,Auto (default),1,query_81,explain,1.828,ok
tpcds,10,A,Auto (default),1,query_81,prepare,3.940,ok
tpcds,10,A,Auto (default),1,query_82,explain,0.664,ok
tpcds,10,A,Auto (default),1,query_82,prepare,1.533,ok
tpcds,10,A,Auto (default),1,query_83,explain,2.412,ok
tpcds,10,A,Auto (default),1,query_83,prepare,4.854,ok
tpcds,10,A,Auto (default),1,query_84,explain,1.752,ok
tpcds,10,A,Auto (default),1,query_84,prepare,3.275,ok
tpcds,10,A,Auto (default),1,query_85,explain,1.059,ok
tpcds,10,A,Auto (default),1,query_85,prepare,2.262,ok
tpcds,10,A,Auto (default),1,query_86,explain,1.123,ok
tpcds,10,A,Auto (default),1,query_86,prepare,2.479,ok
tpcds,10,A,Auto (default),1,query_87,explain,3.008,ok
tpcds,10,A,Auto (default),1,query_87,prepare,4.774,ok
tpcds,10,A,Auto (default),1,query_88,explain,1.251,ok
tpcds,10,A,Auto (default),1,query_88,prepare,2.962,ok
tpcds,10,A,Auto (default),1,query_89,explain,1.153,ok
tpcds,10,A,Auto (default),1,query_89,prepare,2.909,ok
tpcds,10,A,Auto (default),1,query_9,explain,1.903,ok
tpcds,10,A,Auto (default),1,query_9,prepare,3.936,ok
tpcds,10,A,Auto (default),1,query_90,explain,1.593,ok
tpcds,10,A,Auto (default),1,query_90,prepare,4.332,ok
tpcds,10,A,Auto (default),1,query_91,explain,2.715,ok
tpcds,10,A,Auto (default),1,query_91,prepare,3.882,ok
tpcds,10,A,Auto (default),1,query_92,explain,2.097,ok
tpcds,10,A,Auto (default),1,query_92,prepare,4.333,ok
tpcds,10,A,Auto (default),1,query_93,explain,1.695,ok
tpcds,10,A,Auto (default),1,query_93,prepare,5.469,ok
tpcds,10,A,Auto (default),1,query_94,explain,1.411,ok
tpcds,10,A,Auto (default),1,query_94,prepare,2.638,ok
tpcds,10,A,Auto (default),1,query_95,explain,2.127,ok
tpcds,10,A,Auto (default),1,query_95,prepare,5.092,ok
tpcds,10,A,Auto (default),1,query_96,explain,2.561,ok
tpcds,10,A,Auto (default),1,query_96,prepare,4.795,ok
tpcds,10,A,Auto (default),1,query_97,explain,2.120,ok
tpcds,10,A,Auto (default),1,query_97,prepare,3.442,ok
tpcds,10,A,Auto (default),1,query_98,explain,1.917,ok
tpcds,10,A,Auto (default),1,query_98,prepare,5.455,ok
tpcds,10,A,Auto (default),1,query_99,explain,1.226,ok
tpcds,10,A,Auto (default),1,query_99,prepare,3.243,ok
tpcds,10,A,Auto (default),2,__floor__,floor,0.168,ok
tpcds,10,A,Auto (default),2,query_1,explain,0.988,ok
tpcds,10,A,Auto (default),2,query_1,prepare,1.565,ok
tpcds,10,A,Auto (default),2,query_10,explain,3.346,ok
tpcds,10,A,Auto (default),2,query_10,prepare,7.379,ok
tpcds,10,A,Auto (default),2,query_11,explain,1.732,ok
tpcds,10,A,Auto (default),2,query_11,prepare,4.033,ok
tpcds,10,A,Auto (default),2,query_12,explain,1.883,ok
tpcds,10,A,Auto (default),2,query_12,prepare,2.995,ok
tpcds,10,A,Auto (default),2,query_13,explain,2.187,ok
tpcds,10,A,Auto (default),2,query_13,prepare,4.403,ok
tpcds,10,A,Auto (default),2,query_14,explain,1.214,ok
tpcds,10,A,Auto (default),2,query_14,prepare,2.116,ok
tpcds,10,A,Auto (default),2,query_15,explain,1.267,ok
tpcds,10,A,Auto (default),2,query_15,prepare,3.261,ok
tpcds,10,A,Auto (default),2,query_16,explain,1.631,ok
tpcds,10,A,Auto (default),2,query_16,prepare,4.397,ok
tpcds,10,A,Auto (default),2,query_17,explain,2.184,ok
tpcds,10,A,Auto (default),2,query_17,prepare,3.815,ok
tpcds,10,A,Auto (default),2,query_18,explain,2.069,ok
tpcds,10,A,Auto (default),2,query_18,prepare,4.346,ok
tpcds,10,A,Auto (default),2,query_19,explain,2.458,ok
tpcds,10,A,Auto (default),2,query_19,prepare,4.623,ok
tpcds,10,A,Auto (default),2,query_2,explain,0.981,ok
tpcds,10,A,Auto (default),2,query_2,prepare,2.093,ok
tpcds,10,A,Auto (default),2,query_20,explain,6.284,ok
tpcds,10,A,Auto (default),2,query_20,prepare,9.745,ok
tpcds,10,A,Auto (default),2,query_21,explain,0.932,ok
tpcds,10,A,Auto (default),2,query_21,prepare,2.501,ok
tpcds,10,A,Auto (default),2,query_22,explain,1.931,ok
tpcds,10,A,Auto (default),2,query_22,prepare,3.921,ok
tpcds,10,A,Auto (default),2,query_23,explain,1.689,ok
tpcds,10,A,Auto (default),2,query_23,prepare,3.316,ok
tpcds,10,A,Auto (default),2,query_24,explain,1.257,ok
tpcds,10,A,Auto (default),2,query_24,prepare,2.512,ok
tpcds,10,A,Auto (default),2,query_25,explain,1.330,ok
tpcds,10,A,Auto (default),2,query_25,prepare,2.396,ok
tpcds,10,A,Auto (default),2,query_26,explain,1.706,ok
tpcds,10,A,Auto (default),2,query_26,prepare,3.511,ok
tpcds,10,A,Auto (default),2,query_27,explain,1.130,ok
tpcds,10,A,Auto (default),2,query_27,prepare,2.551,ok
tpcds,10,A,Auto (default),2,query_28,explain,1.559,ok
tpcds,10,A,Auto (default),2,query_28,prepare,3.121,ok
tpcds,10,A,Auto (default),2,query_29,explain,1.884,ok
tpcds,10,A,Auto (default),2,query_29,prepare,4.217,ok
tpcds,10,A,Auto (default),2,query_3,explain,2.852,ok
tpcds,10,A,Auto (default),2,query_3,prepare,5.605,ok
tpcds,10,A,Auto (default),2,query_30,explain,1.432,ok
tpcds,10,A,Auto (default),2,query_30,prepare,3.121,ok
tpcds,10,A,Auto (default),2,query_31,explain,0.885,ok
tpcds,10,A,Auto (default),2,query_31,prepare,1.648,ok
tpcds,10,A,Auto (default),2,query_32,explain,0.757,ok
tpcds,10,A,Auto (default),2,query_32,prepare,2.443,ok
tpcds,10,A,Auto (default),2,query_33,explain,3.012,ok
tpcds,10,A,Auto (default),2,query_33,prepare,4.942,ok
tpcds,10,A,Auto (default),2,query_34,explain,1.097,ok
tpcds,10,A,Auto (default),2,query_34,prepare,3.403,ok
tpcds,10,A,Auto (default),2,query_35,explain,0.791,ok
tpcds,10,A,Auto (default),2,query_35,prepare,2.853,ok
tpcds,10,A,Auto (default),2,query_36,explain,2.129,ok
tpcds,10,A,Auto (default),2,query_36,prepare,4.439,ok
tpcds,10,A,Auto (default),2,query_37,explain,1.216,ok
tpcds,10,A,Auto (default),2,query_37,prepare,3.721,ok
tpcds,10,A,Auto (default),2,query_38,explain,0.821,ok
tpcds,10,A,Auto (default),2,query_38,prepare,1.732,ok
tpcds,10,A,Auto (default),2,query_39,explain,2.614,ok
tpcds,10,A,Auto (default),2,query_39,prepare,8.000,ok
tpcds,10,A,Auto (default),2,query_4,explain,1.446,ok
tpcds,10,A,Auto (default),2,query_4,prepare,3.035,ok
tpcds,10,A,Auto (default),2,query_40,explain,1.076,ok
tpcds,10,A,Auto (default),2,query_40,prepare,1.760,ok
tpcds,10,A,Auto (default),2,query_41,explain,2.108,ok
tpcds,10,A,Auto (default),2,query_41,prepare,4.206,ok
tpcds,10,A,Auto (default),2,query_42,explain,1.809,ok
tpcds,10,A,Auto (default),2,query_42,prepare,5.061,ok
tpcds,10,A,Auto (default),2,query_43,explain,2.205,ok
tpcds,10,A,Auto (default),2,query_43,prepare,3.371,ok
tpcds,10,A,Auto (default),2,query_44,explain,1.040,ok
tpcds,10,A,Auto (default),2,query_44,prepare,1.925,ok
tpcds,10,A,Auto (default),2,query_45,explain,0.619,ok
tpcds,10,A,Auto (default),2,query_45,prepare,1.598,ok
tpcds,10,A,Auto (default),2,query_46,explain,0.938,ok
tpcds,10,A,Auto (default),2,query_46,prepare,3.539,ok
tpcds,10,A,Auto (default),2,query_47,explain,1.512,ok
tpcds,10,A,Auto (default),2,query_47,prepare,3.448,ok
tpcds,10,A,Auto (default),2,query_48,explain,2.310,ok
tpcds,10,A,Auto (default),2,query_48,prepare,5.428,ok
tpcds,10,A,Auto (default),2,query_49,explain,2.016,ok
tpcds,10,A,Auto (default),2,query_49,prepare,3.375,ok
tpcds,10,A,Auto (default),2,query_5,explain,0.982,ok
tpcds,10,A,Auto (default),2,query_5,prepare,2.119,ok
tpcds,10,A,Auto (default),2,query_50,explain,2.080,ok
tpcds,10,A,Auto (default),2,query_50,prepare,3.994,ok
tpcds,10,A,Auto (default),2,query_51,explain,1.198,ok
tpcds,10,A,Auto (default),2,query_51,prepare,3.566,ok
tpcds,10,A,Auto (default),2,query_52,explain,0.699,ok
tpcds,10,A,Auto (default),2,query_52,prepare,1.479,ok
tpcds,10,A,Auto (default),2,query_53,explain,1.904,ok
tpcds,10,A,Auto (default),2,query_53,prepare,3.653,ok
tpcds,10,A,Auto (default),2,query_54,explain,1.080,ok
tpcds,10,A,Auto (default),2,query_54,prepare,2.389,ok
tpcds,10,A,Auto (default),2,query_55,explain,0.486,ok
tpcds,10,A,Auto (default),2,query_55,prepare,1.894,ok
tpcds,10,A,Auto (default),2,query_56,explain,1.038,ok
tpcds,10,A,Auto (default),2,query_56,prepare,3.306,ok
tpcds,10,A,Auto (default),2,query_57,explain,0.927,ok
tpcds,10,A,Auto (default),2,query_57,prepare,1.855,ok
tpcds,10,A,Auto (default),2,query_58,explain,1.204,ok
tpcds,10,A,Auto (default),2,query_58,prepare,2.523,ok
tpcds,10,A,Auto (default),2,query_59,explain,0.639,ok
tpcds,10,A,Auto (default),2,query_59,prepare,1.494,ok
tpcds,10,A,Auto (default),2,query_6,explain,2.846,ok
tpcds,10,A,Auto (default),2,query_6,prepare,6.382,ok
tpcds,10,A,Auto (default),2,query_60,explain,1.502,ok
tpcds,10,A,Auto (default),2,query_60,prepare,3.353,ok
tpcds,10,A,Auto (default),2,query_61,explain,0.672,ok
tpcds,10,A,Auto (default),2,query_61,prepare,1.461,ok
tpcds,10,A,Auto (default),2,query_62,explain,1.316,ok
tpcds,10,A,Auto (default),2,query_62,prepare,2.212,ok
tpcds,10,A,Auto (default),2,query_63,explain,1.902,ok
tpcds,10,A,Auto (default),2,query_63,prepare,3.980,ok
tpcds,10,A,Auto (default),2,query_64,explain,0.892,ok
tpcds,10,A,Auto (default),2,query_64,prepare,2.587,ok
tpcds,10,A,Auto (default),2,query_65,explain,0.884,ok
tpcds,10,A,Auto (default),2,query_65,prepare,2.670,ok
tpcds,10,A,Auto (default),2,query_66,explain,4.633,ok
tpcds,10,A,Auto (default),2,query_66,prepare,7.009,ok
tpcds,10,A,Auto (default),2,query_67,explain,0.868,ok
tpcds,10,A,Auto (default),2,query_67,prepare,1.752,ok
tpcds,10,A,Auto (default),2,query_68,explain,3.142,ok
tpcds,10,A,Auto (default),2,query_68,prepare,5.123,ok
tpcds,10,A,Auto (default),2,query_69,explain,5.376,ok
tpcds,10,A,Auto (default),2,query_69,prepare,9.669,ok
tpcds,10,A,Auto (default),2,query_7,explain,1.115,ok
tpcds,10,A,Auto (default),2,query_7,prepare,1.829,ok
tpcds,10,A,Auto (default),2,query_70,explain,1.679,ok
tpcds,10,A,Auto (default),2,query_70,prepare,4.903,ok
tpcds,10,A,Auto (default),2,query_71,explain,1.412,ok
tpcds,10,A,Auto (default),2,query_71,prepare,3.023,ok
tpcds,10,A,Auto (default),2,query_72,explain,1.273,ok
tpcds,10,A,Auto (default),2,query_72,prepare,2.725,ok
tpcds,10,A,Auto (default),2,query_73,explain,1.369,ok
tpcds,10,A,Auto (default),2,query_73,prepare,2.353,ok
tpcds,10,A,Auto (default),2,query_74,explain,2.191,ok
tpcds,10,A,Auto (default),2,query_74,prepare,2.922,ok
tpcds,10,A,Auto (default),2,query_75,explain,1.598,ok
tpcds,10,A,Auto (default),2,query_75,prepare,3.329,ok
tpcds,10,A,Auto (default),2,query_76,explain,1.126,ok
tpcds,10,A,Auto (default),2,query_76,prepare,3.136,ok
tpcds,10,A,Auto (default),2,query_77,explain,1.081,ok
tpcds,10,A,Auto (default),2,query_77,prepare,2.399,ok
tpcds,10,A,Auto (default),2,query_78,explain,2.749,ok
tpcds,10,A,Auto (default),2,query_78,prepare,6.051,ok
tpcds,10,A,Auto (default),2,query_79,explain,1.223,ok
tpcds,10,A,Auto (default),2,query_79,prepare,2.235,ok
tpcds,10,A,Auto (default),2,query_8,explain,1.250,ok
tpcds,10,A,Auto (default),2,query_8,prepare,2.731,ok
tpcds,10,A,Auto (default),2,query_80,explain,1.019,ok
tpcds,10,A,Auto (default),2,query_80,prepare,1.882,ok
tpcds,10,A,Auto (default),2,query_81,explain,1.707,ok
tpcds,10,A,Auto (default),2,query_81,prepare,3.658,ok
tpcds,10,A,Auto (default),2,query_82,explain,0.643,ok
tpcds,10,A,Auto (default),2,query_82,prepare,1.438,ok
tpcds,10,A,Auto (default),2,query_83,explain,2.244,ok
tpcds,10,A,Auto (default),2,query_83,prepare,4.458,ok
tpcds,10,A,Auto (default),2,query_84,explain,1.699,ok
tpcds,10,A,Auto (default),2,query_84,prepare,3.047,ok
tpcds,10,A,Auto (default),2,query_85,explain,0.999,ok
tpcds,10,A,Auto (default),2,query_85,prepare,2.133,ok
tpcds,10,A,Auto (default),2,query_86,explain,1.051,ok
tpcds,10,A,Auto (default),2,query_86,prepare,2.285,ok
tpcds,10,A,Auto (default),2,query_87,explain,2.811,ok
tpcds,10,A,Auto (default),2,query_87,prepare,4.556,ok
tpcds,10,A,Auto (default),2,query_88,explain,1.158,ok
tpcds,10,A,Auto (default),2,query_88,prepare,2.661,ok
tpcds,10,A,Auto (default),2,query_89,explain,1.096,ok
tpcds,10,A,Auto (default),2,query_89,prepare,2.452,ok
tpcds,10,A,Auto (default),2,query_9,explain,1.848,ok
tpcds,10,A,Auto (default),2,query_9,prepare,3.552,ok
tpcds,10,A,Auto (default),2,query_90,explain,1.488,ok
tpcds,10,A,Auto (default),2,query_90,prepare,3.914,ok
tpcds,10,A,Auto (default),2,query_91,explain,2.607,ok
tpcds,10,A,Auto (default),2,query_91,prepare,3.760,ok
tpcds,10,A,Auto (default),2,query_92,explain,1.951,ok
tpcds,10,A,Auto (default),2,query_92,prepare,4.185,ok
tpcds,10,A,Auto (default),2,query_93,explain,1.618,ok
tpcds,10,A,Auto (default),2,query_93,prepare,4.878,ok
tpcds,10,A,Auto (default),2,query_94,explain,1.288,ok
tpcds,10,A,Auto (default),2,query_94,prepare,2.497,ok
tpcds,10,A,Auto (default),2,query_95,explain,2.077,ok
tpcds,10,A,Auto (default),2,query_95,prepare,4.613,ok
tpcds,10,A,Auto (default),2,query_96,explain,2.474,ok
tpcds,10,A,Auto (default),2,query_96,prepare,4.610,ok
tpcds,10,A,Auto (default),2,query_97,explain,1.921,ok
tpcds,10,A,Auto (default),2,query_97,prepare,3.260,ok
tpcds,10,A,Auto (default),2,query_98,explain,1.841,ok
tpcds,10,A,Auto (default),2,query_98,prepare,4.983,ok
tpcds,10,A,Auto (default),2,query_99,explain,1.221,ok
tpcds,10,A,Auto (default),2,query_99,prepare,2.994,ok
tpcds,10,A,Auto (default),3,__floor__,floor,0.151,ok
tpcds,10,A,Auto (default),3,query_1,explain,1.057,ok
tpcds,10,A,Auto (default),3,query_1,prepare,1.088,ok
tpcds,10,A,Auto (default),3,query_10,explain,2.031,ok
tpcds,10,A,Auto (default),3,query_10,prepare,4.249,ok
tpcds,10,A,Auto (default),3,query_11,explain,0.722,ok
tpcds,10,A,Auto (default),3,query_11,prepare,2.113,ok
tpcds,10,A,Auto (default),3,query_12,explain,1.065,ok
tpcds,10,A,Auto (default),3,query_12,prepare,2.153,ok
tpcds,10,A,Auto (default),3,query_13,explain,1.619,ok
tpcds,10,A,Auto (default),3,query_13,prepare,3.005,ok
tpcds,10,A,Auto (default),3,query_14,explain,0.704,ok
tpcds,10,A,Auto (default),3,query_14,prepare,1.690,ok
tpcds,10,A,Auto (default),3,query_15,explain,0.674,ok
tpcds,10,A,Auto (default),3,query_15,prepare,1.799,ok
tpcds,10,A,Auto (default),3,query_16,explain,0.931,ok
tpcds,10,A,Auto (default),3,query_16,prepare,2.467,ok
tpcds,10,A,Auto (default),3,query_17,explain,1.180,ok
tpcds,10,A,Auto (default),3,query_17,prepare,2.190,ok
tpcds,10,A,Auto (default),3,query_18,explain,1.168,ok
tpcds,10,A,Auto (default),3,query_18,prepare,2.439,ok
tpcds,10,A,Auto (default),3,query_19,explain,2.445,ok
tpcds,10,A,Auto (default),3,query_19,prepare,4.543,ok
tpcds,10,A,Auto (default),3,query_2,explain,0.986,ok
tpcds,10,A,Auto (default),3,query_2,prepare,2.026,ok
tpcds,10,A,Auto (default),3,query_20,explain,6.299,ok
tpcds,10,A,Auto (default),3,query_20,prepare,9.734,ok
tpcds,10,A,Auto (default),3,query_21,explain,0.966,ok
tpcds,10,A,Auto (default),3,query_21,prepare,2.559,ok
tpcds,10,A,Auto (default),3,query_22,explain,1.991,ok
tpcds,10,A,Auto (default),3,query_22,prepare,3.926,ok
tpcds,10,A,Auto (default),3,query_23,explain,1.709,ok
tpcds,10,A,Auto (default),3,query_23,prepare,3.284,ok
tpcds,10,A,Auto (default),3,query_24,explain,1.281,ok
tpcds,10,A,Auto (default),3,query_24,prepare,2.507,ok
tpcds,10,A,Auto (default),3,query_25,explain,1.350,ok
tpcds,10,A,Auto (default),3,query_25,prepare,2.405,ok
tpcds,10,A,Auto (default),3,query_26,explain,1.733,ok
tpcds,10,A,Auto (default),3,query_26,prepare,3.471,ok
tpcds,10,A,Auto (default),3,query_27,explain,1.165,ok
tpcds,10,A,Auto (default),3,query_27,prepare,2.553,ok
tpcds,10,A,Auto (default),3,query_28,explain,1.578,ok
tpcds,10,A,Auto (default),3,query_28,prepare,3.170,ok
tpcds,10,A,Auto (default),3,query_29,explain,2.038,ok
tpcds,10,A,Auto (default),3,query_29,prepare,4.058,ok
tpcds,10,A,Auto (default),3,query_3,explain,2.828,ok
tpcds,10,A,Auto (default),3,query_3,prepare,5.566,ok
tpcds,10,A,Auto (default),3,query_30,explain,1.454,ok
tpcds,10,A,Auto (default),3,query_30,prepare,3.143,ok
tpcds,10,A,Auto (default),3,query_31,explain,0.922,ok
tpcds,10,A,Auto (default),3,query_31,prepare,1.680,ok
tpcds,10,A,Auto (default),3,query_32,explain,0.779,ok
tpcds,10,A,Auto (default),3,query_32,prepare,2.459,ok
tpcds,10,A,Auto (default),3,query_33,explain,3.000,ok
tpcds,10,A,Auto (default),3,query_33,prepare,4.894,ok
tpcds,10,A,Auto (default),3,query_34,explain,1.113,ok
tpcds,10,A,Auto (default),3,query_34,prepare,3.427,ok
tpcds,10,A,Auto (default),3,query_35,explain,0.811,ok
tpcds,10,A,Auto (default),3,query_35,prepare,2.912,ok
tpcds,10,A,Auto (default),3,query_36,explain,2.151,ok
tpcds,10,A,Auto (default),3,query_36,prepare,4.419,ok
tpcds,10,A,Auto (default),3,query_37,explain,1.227,ok
tpcds,10,A,Auto (default),3,query_37,prepare,3.722,ok
tpcds,10,A,Auto (default),3,query_38,explain,0.850,ok
tpcds,10,A,Auto (default),3,query_38,prepare,1.762,ok
tpcds,10,A,Auto (default),3,query_39,explain,2.618,ok
tpcds,10,A,Auto (default),3,query_39,prepare,7.840,ok
tpcds,10,A,Auto (default),3,query_4,explain,1.462,ok
tpcds,10,A,Auto (default),3,query_4,prepare,3.066,ok
tpcds,10,A,Auto (default),3,query_40,explain,1.095,ok
tpcds,10,A,Auto (default),3,query_40,prepare,1.773,ok
tpcds,10,A,Auto (default),3,query_41,explain,2.117,ok
tpcds,10,A,Auto (default),3,query_41,prepare,4.242,ok
tpcds,10,A,Auto (default),3,query_42,explain,1.757,ok
tpcds,10,A,Auto (default),3,query_42,prepare,5.039,ok
tpcds,10,A,Auto (default),3,query_43,explain,2.217,ok
tpcds,10,A,Auto (default),3,query_43,prepare,3.366,ok
tpcds,10,A,Auto (default),3,query_44,explain,1.068,ok
tpcds,10,A,Auto (default),3,query_44,prepare,1.837,ok
tpcds,10,A,Auto (default),3,query_45,explain,0.634,ok
tpcds,10,A,Auto (default),3,query_45,prepare,1.633,ok
tpcds,10,A,Auto (default),3,query_46,explain,0.970,ok
tpcds,10,A,Auto (default),3,query_46,prepare,3.514,ok
tpcds,10,A,Auto (default),3,query_47,explain,1.521,ok
tpcds,10,A,Auto (default),3,query_47,prepare,3.525,ok
tpcds,10,A,Auto (default),3,query_48,explain,2.302,ok
tpcds,10,A,Auto (default),3,query_48,prepare,5.393,ok
tpcds,10,A,Auto (default),3,query_49,explain,2.054,ok
tpcds,10,A,Auto (default),3,query_49,prepare,3.385,ok
tpcds,10,A,Auto (default),3,query_5,explain,1.008,ok
tpcds,10,A,Auto (default),3,query_5,prepare,2.130,ok
tpcds,10,A,Auto (default),3,query_50,explain,2.040,ok
tpcds,10,A,Auto (default),3,query_50,prepare,3.931,ok
tpcds,10,A,Auto (default),3,query_51,explain,1.216,ok
tpcds,10,A,Auto (default),3,query_51,prepare,3.559,ok
tpcds,10,A,Auto (default),3,query_52,explain,0.721,ok
tpcds,10,A,Auto (default),3,query_52,prepare,1.514,ok
tpcds,10,A,Auto (default),3,query_53,explain,1.950,ok
tpcds,10,A,Auto (default),3,query_53,prepare,3.617,ok
tpcds,10,A,Auto (default),3,query_54,explain,1.123,ok
tpcds,10,A,Auto (default),3,query_54,prepare,2.380,ok
tpcds,10,A,Auto (default),3,query_55,explain,0.523,ok
tpcds,10,A,Auto (default),3,query_55,prepare,1.863,ok
tpcds,10,A,Auto (default),3,query_56,explain,1.062,ok
tpcds,10,A,Auto (default),3,query_56,prepare,3.254,ok
tpcds,10,A,Auto (default),3,query_57,explain,0.947,ok
tpcds,10,A,Auto (default),3,query_57,prepare,1.887,ok
tpcds,10,A,Auto (default),3,query_58,explain,1.225,ok
tpcds,10,A,Auto (default),3,query_58,prepare,2.539,ok
tpcds,10,A,Auto (default),3,query_59,explain,0.688,ok
tpcds,10,A,Auto (default),3,query_59,prepare,1.510,ok
tpcds,10,A,Auto (default),3,query_6,explain,2.830,ok
tpcds,10,A,Auto (default),3,query_6,prepare,6.389,ok
tpcds,10,A,Auto (default),3,query_60,explain,1.510,ok
tpcds,10,A,Auto (default),3,query_60,prepare,3.313,ok
tpcds,10,A,Auto (default),3,query_61,explain,0.679,ok
tpcds,10,A,Auto (default),3,query_61,prepare,1.458,ok
tpcds,10,A,Auto (default),3,query_62,explain,1.310,ok
tpcds,10,A,Auto (default),3,query_62,prepare,2.238,ok
tpcds,10,A,Auto (default),3,query_63,explain,1.926,ok
tpcds,10,A,Auto (default),3,query_63,prepare,4.022,ok
tpcds,10,A,Auto (default),3,query_64,explain,0.923,ok
tpcds,10,A,Auto (default),3,query_64,prepare,2.620,ok
tpcds,10,A,Auto (default),3,query_65,explain,0.929,ok
tpcds,10,A,Auto (default),3,query_65,prepare,2.626,ok
tpcds,10,A,Auto (default),3,query_66,explain,4.576,ok
tpcds,10,A,Auto (default),3,query_66,prepare,6.954,ok
tpcds,10,A,Auto (default),3,query_67,explain,0.902,ok
tpcds,10,A,Auto (default),3,query_67,prepare,1.763,ok
tpcds,10,A,Auto (default),3,query_68,explain,3.176,ok
tpcds,10,A,Auto (default),3,query_68,prepare,5.059,ok
tpcds,10,A,Auto (default),3,query_69,explain,5.323,ok
tpcds,10,A,Auto (default),3,query_69,prepare,9.622,ok
tpcds,10,A,Auto (default),3,query_7,explain,1.149,ok
tpcds,10,A,Auto (default),3,query_7,prepare,1.827,ok
tpcds,10,A,Auto (default),3,query_70,explain,1.814,ok
tpcds,10,A,Auto (default),3,query_70,prepare,4.872,ok
tpcds,10,A,Auto (default),3,query_71,explain,1.459,ok
tpcds,10,A,Auto (default),3,query_71,prepare,3.074,ok
tpcds,10,A,Auto (default),3,query_72,explain,1.293,ok
tpcds,10,A,Auto (default),3,query_72,prepare,2.707,ok
tpcds,10,A,Auto (default),3,query_73,explain,1.388,ok
tpcds,10,A,Auto (default),3,query_73,prepare,2.350,ok
tpcds,10,A,Auto (default),3,query_74,explain,2.176,ok
tpcds,10,A,Auto (default),3,query_74,prepare,2.959,ok
tpcds,10,A,Auto (default),3,query_75,explain,1.610,ok
tpcds,10,A,Auto (default),3,query_75,prepare,3.220,ok
tpcds,10,A,Auto (default),3,query_76,explain,1.169,ok
tpcds,10,A,Auto (default),3,query_76,prepare,3.083,ok
tpcds,10,A,Auto (default),3,query_77,explain,1.109,ok
tpcds,10,A,Auto (default),3,query_77,prepare,2.386,ok
tpcds,10,A,Auto (default),3,query_78,explain,2.639,ok
tpcds,10,A,Auto (default),3,query_78,prepare,6.020,ok
tpcds,10,A,Auto (default),3,query_79,explain,1.254,ok
tpcds,10,A,Auto (default),3,query_79,prepare,2.233,ok
tpcds,10,A,Auto (default),3,query_8,explain,1.288,ok
tpcds,10,A,Auto (default),3,query_8,prepare,2.734,ok
tpcds,10,A,Auto (default),3,query_80,explain,1.033,ok
tpcds,10,A,Auto (default),3,query_80,prepare,1.910,ok
tpcds,10,A,Auto (default),3,query_81,explain,1.730,ok
tpcds,10,A,Auto (default),3,query_81,prepare,3.735,ok
tpcds,10,A,Auto (default),3,query_82,explain,0.672,ok
tpcds,10,A,Auto (default),3,query_82,prepare,1.408,ok
tpcds,10,A,Auto (default),3,query_83,explain,2.238,ok
tpcds,10,A,Auto (default),3,query_83,prepare,4.462,ok
tpcds,10,A,Auto (default),3,query_84,explain,1.738,ok
tpcds,10,A,Auto (default),3,query_84,prepare,3.057,ok
tpcds,10,A,Auto (default),3,query_85,explain,1.032,ok
tpcds,10,A,Auto (default),3,query_85,prepare,2.140,ok
tpcds,10,A,Auto (default),3,query_86,explain,1.067,ok
tpcds,10,A,Auto (default),3,query_86,prepare,2.254,ok
tpcds,10,A,Auto (default),3,query_87,explain,2.809,ok
tpcds,10,A,Auto (default),3,query_87,prepare,4.583,ok
tpcds,10,A,Auto (default),3,query_88,explain,1.172,ok
tpcds,10,A,Auto (default),3,query_88,prepare,2.673,ok
tpcds,10,A,Auto (default),3,query_89,explain,1.132,ok
tpcds,10,A,Auto (default),3,query_89,prepare,2.460,ok
tpcds,10,A,Auto (default),3,query_9,explain,1.859,ok
tpcds,10,A,Auto (default),3,query_9,prepare,3.502,ok
tpcds,10,A,Auto (default),3,query_90,explain,1.521,ok
tpcds,10,A,Auto (default),3,query_90,prepare,3.922,ok
tpcds,10,A,Auto (default),3,query_91,explain,2.603,ok
tpcds,10,A,Auto (default),3,query_91,prepare,3.760,ok
tpcds,10,A,Auto (default),3,query_92,explain,1.968,ok
tpcds,10,A,Auto (default),3,query_92,prepare,4.116,ok
tpcds,10,A,Auto (default),3,query_93,explain,1.631,ok
tpcds,10,A,Auto (default),3,query_93,prepare,5.307,ok
tpcds,10,A,Auto (default),3,query_94,explain,1.319,ok
tpcds,10,A,Auto (default),3,query_94,prepare,2.516,ok
tpcds,10,A,Auto (default),3,query_95,explain,2.077,ok
tpcds,10,A,Auto (default),3,query_95,prepare,4.675,ok
tpcds,10,A,Auto (default),3,query_96,explain,2.466,ok
tpcds,10,A,Auto (default),3,query_96,prepare,4.640,ok
tpcds,10,A,Auto (default),3,query_97,explain,1.953,ok
tpcds,10,A,Auto (default),3,query_97,prepare,3.266,ok
tpcds,10,A,Auto (default),3,query_98,explain,1.850,ok
tpcds,10,A,Auto (default),3,query_98,prepare,5.002,ok
tpcds,10,A,Auto (default),3,query_99,explain,1.225,ok
tpcds,10,A,Auto (default),3,query_99,prepare,3.043,ok
tpcds,10,A,Auto (default),4,__floor__,floor,0.367,ok
tpcds,10,A,Auto (default),4,query_1,explain,1.541,ok
tpcds,10,A,Auto (default),4,query_1,prepare,1.472,ok
tpcds,10,A,Auto (default),4,query_10,explain,2.711,ok
tpcds,10,A,Auto (default),4,query_10,prepare,8.126,ok
tpcds,10,A,Auto (default),4,query_11,explain,1.090,ok
tpcds,10,A,Auto (default),4,query_11,prepare,4.214,ok
tpcds,10,A,Auto (default),4,query_12,explain,2.207,ok
tpcds,10,A,Auto (default),4,query_12,prepare,3.911,ok
tpcds,10,A,Auto (default),4,query_13,explain,2.753,ok
tpcds,10,A,Auto (default),4,query_13,prepare,5.462,ok
tpcds,10,A,Auto (default),4,query_14,explain,1.591,ok
tpcds,10,A,Auto (default),4,query_14,prepare,3.557,ok
tpcds,10,A,Auto (default),4,query_15,explain,1.392,ok
tpcds,10,A,Auto (default),4,query_15,prepare,3.288,ok
tpcds,10,A,Auto (default),4,query_16,explain,1.702,ok
tpcds,10,A,Auto (default),4,query_16,prepare,4.368,ok
tpcds,10,A,Auto (default),4,query_17,explain,2.123,ok
tpcds,10,A,Auto (default),4,query_17,prepare,3.943,ok
tpcds,10,A,Auto (default),4,query_18,explain,1.515,ok
tpcds,10,A,Auto (default),4,query_18,prepare,2.472,ok
tpcds,10,A,Auto (default),4,query_19,explain,2.492,ok
tpcds,10,A,Auto (default),4,query_19,prepare,4.616,ok
tpcds,10,A,Auto (default),4,query_2,explain,1.133,ok
tpcds,10,A,Auto (default),4,query_2,prepare,2.039,ok
tpcds,10,A,Auto (default),4,query_20,explain,6.309,ok
tpcds,10,A,Auto (default),4,query_20,prepare,9.740,ok
tpcds,10,A,Auto (default),4,query_21,explain,0.946,ok
tpcds,10,A,Auto (default),4,query_21,prepare,2.544,ok
tpcds,10,A,Auto (default),4,query_22,explain,1.987,ok
tpcds,10,A,Auto (default),4,query_22,prepare,3.844,ok
tpcds,10,A,Auto (default),4,query_23,explain,1.700,ok
tpcds,10,A,Auto (default),4,query_23,prepare,3.386,ok
tpcds,10,A,Auto (default),4,query_24,explain,1.360,ok
tpcds,10,A,Auto (default),4,query_24,prepare,2.480,ok
tpcds,10,A,Auto (default),4,query_25,explain,1.339,ok
tpcds,10,A,Auto (default),4,query_25,prepare,2.388,ok
tpcds,10,A,Auto (default),4,query_26,explain,1.717,ok
tpcds,10,A,Auto (default),4,query_26,prepare,3.472,ok
tpcds,10,A,Auto (default),4,query_27,explain,1.191,ok
tpcds,10,A,Auto (default),4,query_27,prepare,2.715,ok
tpcds,10,A,Auto (default),4,query_28,explain,1.556,ok
tpcds,10,A,Auto (default),4,query_28,prepare,3.110,ok
tpcds,10,A,Auto (default),4,query_29,explain,1.930,ok
tpcds,10,A,Auto (default),4,query_29,prepare,4.080,ok
tpcds,10,A,Auto (default),4,query_3,explain,2.787,ok
tpcds,10,A,Auto (default),4,query_3,prepare,5.531,ok
tpcds,10,A,Auto (default),4,query_30,explain,1.433,ok
tpcds,10,A,Auto (default),4,query_30,prepare,3.201,ok
tpcds,10,A,Auto (default),4,query_31,explain,0.904,ok
tpcds,10,A,Auto (default),4,query_31,prepare,1.674,ok
tpcds,10,A,Auto (default),4,query_32,explain,0.760,ok
tpcds,10,A,Auto (default),4,query_32,prepare,2.417,ok
tpcds,10,A,Auto (default),4,query_33,explain,3.041,ok
tpcds,10,A,Auto (default),4,query_33,prepare,4.890,ok
tpcds,10,A,Auto (default),4,query_34,explain,1.116,ok
tpcds,10,A,Auto (default),4,query_34,prepare,3.402,ok
tpcds,10,A,Auto (default),4,query_35,explain,0.775,ok
tpcds,10,A,Auto (default),4,query_35,prepare,2.878,ok
tpcds,10,A,Auto (default),4,query_36,explain,2.146,ok
tpcds,10,A,Auto (default),4,query_36,prepare,4.461,ok
tpcds,10,A,Auto (default),4,query_37,explain,1.231,ok
tpcds,10,A,Auto (default),4,query_37,prepare,3.731,ok
tpcds,10,A,Auto (default),4,query_38,explain,0.841,ok
tpcds,10,A,Auto (default),4,query_38,prepare,1.739,ok
tpcds,10,A,Auto (default),4,query_39,explain,2.623,ok
tpcds,10,A,Auto (default),4,query_39,prepare,7.896,ok
tpcds,10,A,Auto (default),4,query_4,explain,1.540,ok
tpcds,10,A,Auto (default),4,query_4,prepare,3.078,ok
tpcds,10,A,Auto (default),4,query_40,explain,1.095,ok
tpcds,10,A,Auto (default),4,query_40,prepare,1.742,ok
tpcds,10,A,Auto (default),4,query_41,explain,2.142,ok
tpcds,10,A,Auto (default),4,query_41,prepare,4.206,ok
tpcds,10,A,Auto (default),4,query_42,explain,1.745,ok
tpcds,10,A,Auto (default),4,query_42,prepare,5.024,ok
tpcds,10,A,Auto (default),4,query_43,explain,2.267,ok
tpcds,10,A,Auto (default),4,query_43,prepare,3.356,ok
tpcds,10,A,Auto (default),4,query_44,explain,1.048,ok
tpcds,10,A,Auto (default),4,query_44,prepare,1.822,ok
tpcds,10,A,Auto (default),4,query_45,explain,0.613,ok
tpcds,10,A,Auto (default),4,query_45,prepare,1.521,ok
tpcds,10,A,Auto (default),4,query_46,explain,0.938,ok
tpcds,10,A,Auto (default),4,query_46,prepare,3.574,ok
tpcds,10,A,Auto (default),4,query_47,explain,1.524,ok
tpcds,10,A,Auto (default),4,query_47,prepare,3.461,ok
tpcds,10,A,Auto (default),4,query_48,explain,2.313,ok
tpcds,10,A,Auto (default),4,query_48,prepare,5.316,ok
tpcds,10,A,Auto (default),4,query_49,explain,2.151,ok
tpcds,10,A,Auto (default),4,query_49,prepare,3.383,ok
tpcds,10,A,Auto (default),4,query_5,explain,0.998,ok
tpcds,10,A,Auto (default),4,query_5,prepare,2.113,ok
tpcds,10,A,Auto (default),4,query_50,explain,2.027,ok
tpcds,10,A,Auto (default),4,query_50,prepare,3.926,ok
tpcds,10,A,Auto (default),4,query_51,explain,1.197,ok
tpcds,10,A,Auto (default),4,query_51,prepare,3.570,ok
tpcds,10,A,Auto (default),4,query_52,explain,0.704,ok
tpcds,10,A,Auto (default),4,query_52,prepare,1.497,ok
tpcds,10,A,Auto (default),4,query_53,explain,1.912,ok
tpcds,10,A,Auto (default),4,query_53,prepare,3.595,ok
tpcds,10,A,Auto (default),4,query_54,explain,1.076,ok
tpcds,10,A,Auto (default),4,query_54,prepare,2.373,ok
tpcds,10,A,Auto (default),4,query_55,explain,0.492,ok
tpcds,10,A,Auto (default),4,query_55,prepare,1.862,ok
tpcds,10,A,Auto (default),4,query_56,explain,1.071,ok
tpcds,10,A,Auto (default),4,query_56,prepare,3.441,ok
tpcds,10,A,Auto (default),4,query_57,explain,1.026,ok
tpcds,10,A,Auto (default),4,query_57,prepare,1.910,ok
tpcds,10,A,Auto (default),4,query_58,explain,1.244,ok
tpcds,10,A,Auto (default),4,query_58,prepare,2.771,ok
tpcds,10,A,Auto (default),4,query_59,explain,0.677,ok
tpcds,10,A,Auto (default),4,query_59,prepare,1.513,ok
tpcds,10,A,Auto (default),4,query_6,explain,3.122,ok
tpcds,10,A,Auto (default),4,query_6,prepare,6.604,ok
tpcds,10,A,Auto (default),4,query_60,explain,1.639,ok
tpcds,10,A,Auto (default),4,query_60,prepare,3.350,ok
tpcds,10,A,Auto (default),4,query_61,explain,0.660,ok
tpcds,10,A,Auto (default),4,query_61,prepare,1.454,ok
tpcds,10,A,Auto (default),4,query_62,explain,1.333,ok
tpcds,10,A,Auto (default),4,query_62,prepare,2.230,ok
tpcds,10,A,Auto (default),4,query_63,explain,1.969,ok
tpcds,10,A,Auto (default),4,query_63,prepare,4.019,ok
tpcds,10,A,Auto (default),4,query_64,explain,0.922,ok
tpcds,10,A,Auto (default),4,query_64,prepare,2.643,ok
tpcds,10,A,Auto (default),4,query_65,explain,0.887,ok
tpcds,10,A,Auto (default),4,query_65,prepare,2.573,ok
tpcds,10,A,Auto (default),4,query_66,explain,4.647,ok
tpcds,10,A,Auto (default),4,query_66,prepare,6.976,ok
tpcds,10,A,Auto (default),4,query_67,explain,0.914,ok
tpcds,10,A,Auto (default),4,query_67,prepare,1.718,ok
tpcds,10,A,Auto (default),4,query_68,explain,3.187,ok
tpcds,10,A,Auto (default),4,query_68,prepare,5.191,ok
tpcds,10,A,Auto (default),4,query_69,explain,5.298,ok
tpcds,10,A,Auto (default),4,query_69,prepare,9.645,ok
tpcds,10,A,Auto (default),4,query_7,explain,1.112,ok
tpcds,10,A,Auto (default),4,query_7,prepare,1.819,ok
tpcds,10,A,Auto (default),4,query_70,explain,1.730,ok
tpcds,10,A,Auto (default),4,query_70,prepare,4.960,ok
tpcds,10,A,Auto (default),4,query_71,explain,1.436,ok
tpcds,10,A,Auto (default),4,query_71,prepare,3.029,ok
tpcds,10,A,Auto (default),4,query_72,explain,1.265,ok
tpcds,10,A,Auto (default),4,query_72,prepare,2.694,ok
tpcds,10,A,Auto (default),4,query_73,explain,1.383,ok
tpcds,10,A,Auto (default),4,query_73,prepare,2.484,ok
tpcds,10,A,Auto (default),4,query_74,explain,2.197,ok
tpcds,10,A,Auto (default),4,query_74,prepare,2.935,ok
tpcds,10,A,Auto (default),4,query_75,explain,1.612,ok
tpcds,10,A,Auto (default),4,query_75,prepare,3.273,ok
tpcds,10,A,Auto (default),4,query_76,explain,1.141,ok
tpcds,10,A,Auto (default),4,query_76,prepare,3.079,ok
tpcds,10,A,Auto (default),4,query_77,explain,1.079,ok
tpcds,10,A,Auto (default),4,query_77,prepare,2.393,ok
tpcds,10,A,Auto (default),4,query_78,explain,2.694,ok
tpcds,10,A,Auto (default),4,query_78,prepare,6.065,ok
tpcds,10,A,Auto (default),4,query_79,explain,1.273,ok
tpcds,10,A,Auto (default),4,query_79,prepare,2.221,ok
tpcds,10,A,Auto (default),4,query_8,explain,1.323,ok
tpcds,10,A,Auto (default),4,query_8,prepare,2.715,ok
tpcds,10,A,Auto (default),4,query_80,explain,1.063,ok
tpcds,10,A,Auto (default),4,query_80,prepare,1.867,ok
tpcds,10,A,Auto (default),4,query_81,explain,1.753,ok
tpcds,10,A,Auto (default),4,query_81,prepare,3.673,ok
tpcds,10,A,Auto (default),4,query_82,explain,0.637,ok
tpcds,10,A,Auto (default),4,query_82,prepare,1.398,ok
tpcds,10,A,Auto (default),4,query_83,explain,2.222,ok
tpcds,10,A,Auto (default),4,query_83,prepare,4.445,ok
tpcds,10,A,Auto (default),4,query_84,explain,1.708,ok
tpcds,10,A,Auto (default),4,query_84,prepare,3.108,ok
tpcds,10,A,Auto (default),4,query_85,explain,1.025,ok
tpcds,10,A,Auto (default),4,query_85,prepare,2.100,ok
tpcds,10,A,Auto (default),4,query_86,explain,1.088,ok
tpcds,10,A,Auto (default),4,query_86,prepare,2.237,ok
tpcds,10,A,Auto (default),4,query_87,explain,2.812,ok
tpcds,10,A,Auto (default),4,query_87,prepare,4.622,ok
tpcds,10,A,Auto (default),4,query_88,explain,1.200,ok
tpcds,10,A,Auto (default),4,query_88,prepare,2.670,ok
tpcds,10,A,Auto (default),4,query_89,explain,1.111,ok
tpcds,10,A,Auto (default),4,query_89,prepare,2.449,ok
tpcds,10,A,Auto (default),4,query_9,explain,1.862,ok
tpcds,10,A,Auto (default),4,query_9,prepare,3.527,ok
tpcds,10,A,Auto (default),4,query_90,explain,1.508,ok
tpcds,10,A,Auto (default),4,query_90,prepare,3.882,ok
tpcds,10,A,Auto (default),4,query_91,explain,2.657,ok
tpcds,10,A,Auto (default),4,query_91,prepare,3.700,ok
tpcds,10,A,Auto (default),4,query_92,explain,2.013,ok
tpcds,10,A,Auto (default),4,query_92,prepare,4.218,ok
tpcds,10,A,Auto (default),4,query_93,explain,1.637,ok
tpcds,10,A,Auto (default),4,query_93,prepare,5.042,ok
tpcds,10,A,Auto (default),4,query_94,explain,1.420,ok
tpcds,10,A,Auto (default),4,query_94,prepare,2.511,ok
tpcds,10,A,Auto (default),4,query_95,explain,2.081,ok
tpcds,10,A,Auto (default),4,query_95,prepare,4.708,ok
tpcds,10,A,Auto (default),4,query_96,explain,2.522,ok
tpcds,10,A,Auto (default),4,query_96,prepare,4.694,ok
tpcds,10,A,Auto (default),4,query_97,explain,1.947,ok
tpcds,10,A,Auto (default),4,query_97,prepare,3.301,ok
tpcds,10,A,Auto (default),4,query_98,explain,1.882,ok
tpcds,10,A,Auto (default),4,query_98,prepare,5.107,ok
tpcds,10,A,Auto (default),4,query_99,explain,1.208,ok
tpcds,10,A,Auto (default),4,query_99,prepare,3.043,ok
tpcds,10,A,Auto (default),5,__floor__,floor,0.189,ok
tpcds,10,A,Auto (default),5,query_1,explain,1.002,ok
tpcds,10,A,Auto (default),5,query_1,prepare,1.355,ok
tpcds,10,A,Auto (default),5,query_10,explain,2.714,ok
tpcds,10,A,Auto (default),5,query_10,prepare,8.967,ok
tpcds,10,A,Auto (default),5,query_11,explain,1.347,ok
tpcds,10,A,Auto (default),5,query_11,prepare,3.413,ok
tpcds,10,A,Auto (default),5,query_12,explain,1.831,ok
tpcds,10,A,Auto (default),5,query_12,prepare,3.752,ok
tpcds,10,A,Auto (default),5,query_13,explain,3.369,ok
tpcds,10,A,Auto (default),5,query_13,prepare,5.327,ok
tpcds,10,A,Auto (default),5,query_14,explain,1.254,ok
tpcds,10,A,Auto (default),5,query_14,prepare,3.496,ok
tpcds,10,A,Auto (default),5,query_15,explain,1.642,ok
tpcds,10,A,Auto (default),5,query_15,prepare,4.221,ok
tpcds,10,A,Auto (default),5,query_16,explain,1.743,ok
tpcds,10,A,Auto (default),5,query_16,prepare,4.459,ok
tpcds,10,A,Auto (default),5,query_17,explain,2.102,ok
tpcds,10,A,Auto (default),5,query_17,prepare,4.006,ok
tpcds,10,A,Auto (default),5,query_18,explain,2.216,ok
tpcds,10,A,Auto (default),5,query_18,prepare,4.274,ok
tpcds,10,A,Auto (default),5,query_19,explain,4.699,ok
tpcds,10,A,Auto (default),5,query_19,prepare,7.592,ok
tpcds,10,A,Auto (default),5,query_2,explain,1.024,ok
tpcds,10,A,Auto (default),5,query_2,prepare,2.103,ok
tpcds,10,A,Auto (default),5,query_20,explain,6.346,ok
tpcds,10,A,Auto (default),5,query_20,prepare,9.812,ok
tpcds,10,A,Auto (default),5,query_21,explain,0.972,ok
tpcds,10,A,Auto (default),5,query_21,prepare,2.589,ok
tpcds,10,A,Auto (default),5,query_22,explain,1.973,ok
tpcds,10,A,Auto (default),5,query_22,prepare,3.914,ok
tpcds,10,A,Auto (default),5,query_23,explain,1.732,ok
tpcds,10,A,Auto (default),5,query_23,prepare,3.353,ok
tpcds,10,A,Auto (default),5,query_24,explain,1.305,ok
tpcds,10,A,Auto (default),5,query_24,prepare,2.552,ok
tpcds,10,A,Auto (default),5,query_25,explain,1.375,ok
tpcds,10,A,Auto (default),5,query_25,prepare,2.435,ok
tpcds,10,A,Auto (default),5,query_26,explain,1.746,ok
tpcds,10,A,Auto (default),5,query_26,prepare,3.542,ok
tpcds,10,A,Auto (default),5,query_27,explain,1.210,ok
tpcds,10,A,Auto (default),5,query_27,prepare,2.624,ok
tpcds,10,A,Auto (default),5,query_28,explain,1.600,ok
tpcds,10,A,Auto (default),5,query_28,prepare,3.187,ok
tpcds,10,A,Auto (default),5,query_29,explain,1.922,ok
tpcds,10,A,Auto (default),5,query_29,prepare,4.140,ok
tpcds,10,A,Auto (default),5,query_3,explain,2.824,ok
tpcds,10,A,Auto (default),5,query_3,prepare,5.617,ok
tpcds,10,A,Auto (default),5,query_30,explain,1.462,ok
tpcds,10,A,Auto (default),5,query_30,prepare,3.131,ok
tpcds,10,A,Auto (default),5,query_31,explain,0.918,ok
tpcds,10,A,Auto (default),5,query_31,prepare,1.685,ok
tpcds,10,A,Auto (default),5,query_32,explain,0.793,ok
tpcds,10,A,Auto (default),5,query_32,prepare,2.491,ok
tpcds,10,A,Auto (default),5,query_33,explain,3.042,ok
tpcds,10,A,Auto (default),5,query_33,prepare,4.993,ok
tpcds,10,A,Auto (default),5,query_34,explain,1.119,ok
tpcds,10,A,Auto (default),5,query_34,prepare,3.427,ok
tpcds,10,A,Auto (default),5,query_35,explain,0.822,ok
tpcds,10,A,Auto (default),5,query_35,prepare,2.931,ok
tpcds,10,A,Auto (default),5,query_36,explain,2.148,ok
tpcds,10,A,Auto (default),5,query_36,prepare,4.502,ok
tpcds,10,A,Auto (default),5,query_37,explain,1.237,ok
tpcds,10,A,Auto (default),5,query_37,prepare,3.765,ok
tpcds,10,A,Auto (default),5,query_38,explain,0.858,ok
tpcds,10,A,Auto (default),5,query_38,prepare,1.755,ok
tpcds,10,A,Auto (default),5,query_39,explain,2.703,ok
tpcds,10,A,Auto (default),5,query_39,prepare,7.924,ok
tpcds,10,A,Auto (default),5,query_4,explain,1.482,ok
tpcds,10,A,Auto (default),5,query_4,prepare,3.041,ok
tpcds,10,A,Auto (default),5,query_40,explain,1.121,ok
tpcds,10,A,Auto (default),5,query_40,prepare,1.794,ok
tpcds,10,A,Auto (default),5,query_41,explain,2.149,ok
tpcds,10,A,Auto (default),5,query_41,prepare,4.325,ok
tpcds,10,A,Auto (default),5,query_42,explain,1.765,ok
tpcds,10,A,Auto (default),5,query_42,prepare,5.044,ok
tpcds,10,A,Auto (default),5,query_43,explain,2.244,ok
tpcds,10,A,Auto (default),5,query_43,prepare,3.375,ok
tpcds,10,A,Auto (default),5,query_44,explain,1.068,ok
tpcds,10,A,Auto (default),5,query_44,prepare,1.844,ok
tpcds,10,A,Auto (default),5,query_45,explain,0.631,ok
tpcds,10,A,Auto (default),5,query_45,prepare,1.579,ok
tpcds,10,A,Auto (default),5,query_46,explain,0.980,ok
tpcds,10,A,Auto (default),5,query_46,prepare,3.682,ok
tpcds,10,A,Auto (default),5,query_47,explain,1.585,ok
tpcds,10,A,Auto (default),5,query_47,prepare,3.569,ok
tpcds,10,A,Auto (default),5,query_48,explain,2.312,ok
tpcds,10,A,Auto (default),5,query_48,prepare,5.374,ok
tpcds,10,A,Auto (default),5,query_49,explain,2.047,ok
tpcds,10,A,Auto (default),5,query_49,prepare,3.403,ok
tpcds,10,A,Auto (default),5,query_5,explain,1.008,ok
tpcds,10,A,Auto (default),5,query_5,prepare,2.140,ok
tpcds,10,A,Auto (default),5,query_50,explain,2.060,ok
tpcds,10,A,Auto (default),5,query_50,prepare,3.956,ok
tpcds,10,A,Auto (default),5,query_51,explain,1.220,ok
tpcds,10,A,Auto (default),5,query_51,prepare,3.663,ok
tpcds,10,A,Auto (default),5,query_52,explain,0.718,ok
tpcds,10,A,Auto (default),5,query_52,prepare,1.514,ok
tpcds,10,A,Auto (default),5,query_53,explain,1.966,ok
tpcds,10,A,Auto (default),5,query_53,prepare,3.710,ok
tpcds,10,A,Auto (default),5,query_54,explain,1.132,ok
tpcds,10,A,Auto (default),5,query_54,prepare,2.411,ok
tpcds,10,A,Auto (default),5,query_55,explain,0.514,ok
tpcds,10,A,Auto (default),5,query_55,prepare,1.887,ok
tpcds,10,A,Auto (default),5,query_56,explain,1.080,ok
tpcds,10,A,Auto (default),5,query_56,prepare,3.334,ok
tpcds,10,A,Auto (default),5,query_57,explain,0.959,ok
tpcds,10,A,Auto (default),5,query_57,prepare,1.887,ok
tpcds,10,A,Auto (default),5,query_58,explain,1.228,ok
tpcds,10,A,Auto (default),5,query_58,prepare,2.619,ok
tpcds,10,A,Auto (default),5,query_59,explain,0.674,ok
tpcds,10,A,Auto (default),5,query_59,prepare,1.540,ok
tpcds,10,A,Auto (default),5,query_6,explain,2.908,ok
tpcds,10,A,Auto (default),5,query_6,prepare,6.510,ok
tpcds,10,A,Auto (default),5,query_60,explain,1.532,ok
tpcds,10,A,Auto (default),5,query_60,prepare,3.323,ok
tpcds,10,A,Auto (default),5,query_61,explain,0.686,ok
tpcds,10,A,Auto (default),5,query_61,prepare,1.488,ok
tpcds,10,A,Auto (default),5,query_62,explain,1.347,ok
tpcds,10,A,Auto (default),5,query_62,prepare,2.237,ok
tpcds,10,A,Auto (default),5,query_63,explain,1.952,ok
tpcds,10,A,Auto (default),5,query_63,prepare,4.053,ok
tpcds,10,A,Auto (default),5,query_64,explain,0.925,ok
tpcds,10,A,Auto (default),5,query_64,prepare,2.645,ok
tpcds,10,A,Auto (default),5,query_65,explain,0.920,ok
tpcds,10,A,Auto (default),5,query_65,prepare,2.630,ok
tpcds,10,A,Auto (default),5,query_66,explain,4.657,ok
tpcds,10,A,Auto (default),5,query_66,prepare,7.031,ok
tpcds,10,A,Auto (default),5,query_67,explain,0.922,ok
tpcds,10,A,Auto (default),5,query_67,prepare,1.772,ok
tpcds,10,A,Auto (default),5,query_68,explain,3.197,ok
tpcds,10,A,Auto (default),5,query_68,prepare,5.093,ok
tpcds,10,A,Auto (default),5,query_69,explain,5.310,ok
tpcds,10,A,Auto (default),5,query_69,prepare,9.963,ok
tpcds,10,A,Auto (default),5,query_7,explain,1.177,ok
tpcds,10,A,Auto (default),5,query_7,prepare,1.872,ok
tpcds,10,A,Auto (default),5,query_70,explain,1.726,ok
tpcds,10,A,Auto (default),5,query_70,prepare,4.938,ok
tpcds,10,A,Auto (default),5,query_71,explain,1.497,ok
tpcds,10,A,Auto (default),5,query_71,prepare,3.087,ok
tpcds,10,A,Auto (default),5,query_72,explain,1.314,ok
tpcds,10,A,Auto (default),5,query_72,prepare,2.741,ok
tpcds,10,A,Auto (default),5,query_73,explain,1.408,ok
tpcds,10,A,Auto (default),5,query_73,prepare,2.363,ok
tpcds,10,A,Auto (default),5,query_74,explain,2.234,ok
tpcds,10,A,Auto (default),5,query_74,prepare,2.954,ok
tpcds,10,A,Auto (default),5,query_75,explain,1.643,ok
tpcds,10,A,Auto (default),5,query_75,prepare,3.278,ok
tpcds,10,A,Auto (default),5,query_76,explain,1.167,ok
tpcds,10,A,Auto (default),5,query_76,prepare,3.123,ok
tpcds,10,A,Auto (default),5,query_77,explain,1.117,ok
tpcds,10,A,Auto (default),5,query_77,prepare,2.411,ok
tpcds,10,A,Auto (default),5,query_78,explain,2.684,ok
tpcds,10,A,Auto (default),5,query_78,prepare,6.084,ok
tpcds,10,A,Auto (default),5,query_79,explain,1.264,ok
tpcds,10,A,Auto (default),5,query_79,prepare,2.297,ok
tpcds,10,A,Auto (default),5,query_8,explain,1.298,ok
tpcds,10,A,Auto (default),5,query_8,prepare,2.756,ok
tpcds,10,A,Auto (default),5,query_80,explain,1.072,ok
tpcds,10,A,Auto (default),5,query_80,prepare,1.942,ok
tpcds,10,A,Auto (default),5,query_81,explain,1.775,ok
tpcds,10,A,Auto (default),5,query_81,prepare,3.738,ok
tpcds,10,A,Auto (default),5,query_82,explain,0.649,ok
tpcds,10,A,Auto (default),5,query_82,prepare,1.454,ok
tpcds,10,A,Auto (default),5,query_83,explain,2.266,ok
tpcds,10,A,Auto (default),5,query_83,prepare,4.526,ok
tpcds,10,A,Auto (default),5,query_84,explain,1.728,ok
tpcds,10,A,Auto (default),5,query_84,prepare,3.085,ok
tpcds,10,A,Auto (default),5,query_85,explain,1.039,ok
tpcds,10,A,Auto (default),5,query_85,prepare,2.157,ok
tpcds,10,A,Auto (default),5,query_86,explain,1.072,ok
tpcds,10,A,Auto (default),5,query_86,prepare,2.295,ok
tpcds,10,A,Auto (default),5,query_87,explain,2.842,ok
tpcds,10,A,Auto (default),5,query_87,prepare,4.677,ok
tpcds,10,A,Auto (default),5,query_88,explain,1.184,ok
tpcds,10,A,Auto (default),5,query_88,prepare,2.687,ok
tpcds,10,A,Auto (default),5,query_89,explain,1.153,ok
tpcds,10,A,Auto (default),5,query_89,prepare,2.476,ok
tpcds,10,A,Auto (default),5,query_9,explain,1.873,ok
tpcds,10,A,Auto (default),5,query_9,prepare,3.534,ok
tpcds,10,A,Auto (default),5,query_90,explain,1.535,ok
tpcds,10,A,Auto (default),5,query_90,prepare,3.998,ok
tpcds,10,A,Auto (default),5,query_91,explain,2.641,ok
tpcds,10,A,Auto (default),5,query_91,prepare,3.754,ok
tpcds,10,A,Auto (default),5,query_92,explain,1.988,ok
tpcds,10,A,Auto (default),5,query_92,prepare,4.159,ok
tpcds,10,A,Auto (default),5,query_93,explain,1.635,ok
tpcds,10,A,Auto (default),5,query_93,prepare,4.900,ok
tpcds,10,A,Auto (default),5,query_94,explain,1.318,ok
tpcds,10,A,Auto (default),5,query_94,prepare,2.558,ok
tpcds,10,A,Auto (default),5,query_95,explain,2.102,ok
tpcds,10,A,Auto (default),5,query_95,prepare,4.767,ok
tpcds,10,A,Auto (default),5,query_96,explain,2.469,ok
tpcds,10,A,Auto (default),5,query_96,prepare,4.708,ok
tpcds,10,A,Auto (default),5,query_97,explain,1.953,ok
tpcds,10,A,Auto (default),5,query_97,prepare,3.273,ok
tpcds,10,A,Auto (default),5,query_98,explain,1.857,ok
tpcds,10,A,Auto (default),5,query_98,prepare,5.033,ok
tpcds,10,A,Auto (default),5,query_99,explain,1.215,ok
tpcds,10,A,Auto (default),5,query_99,prepare,3.052,ok
tpcds,10,c,Cheap,1,__floor__,floor,1.531,ok
tpcds,10,c,Cheap,1,query_1,explain,4.115,ok
tpcds,10,c,Cheap,1,query_1,prepare,11.851,ok
tpcds,10,c,Cheap,1,query_10,explain,6.719,ok
tpcds,10,c,Cheap,1,query_10,prepare,47.061,ok
tpcds,10,c,Cheap,1,query_11,explain,2.417,ok
tpcds,10,c,Cheap,1,query_11,prepare,18.428,ok
tpcds,10,c,Cheap,1,query_12,explain,2.664,ok
tpcds,10,c,Cheap,1,query_12,prepare,15.253,ok
tpcds,10,c,Cheap,1,query_13,explain,3.386,ok
tpcds,10,c,Cheap,1,query_13,prepare,20.215,ok
tpcds,10,c,Cheap,1,query_14,explain,3.284,ok
tpcds,10,c,Cheap,1,query_14,prepare,14.144,ok
tpcds,10,c,Cheap,1,query_15,explain,2.343,ok
tpcds,10,c,Cheap,1,query_15,prepare,13.905,ok
tpcds,10,c,Cheap,1,query_16,explain,2.576,ok
tpcds,10,c,Cheap,1,query_16,prepare,20.232,ok
tpcds,10,c,Cheap,1,query_17,explain,2.924,ok
tpcds,10,c,Cheap,1,query_17,prepare,12.397,ok
tpcds,10,c,Cheap,1,query_18,explain,2.823,ok
tpcds,10,c,Cheap,1,query_18,prepare,16.983,ok
tpcds,10,c,Cheap,1,query_19,explain,4.192,ok
tpcds,10,c,Cheap,1,query_19,prepare,31.002,ok
tpcds,10,c,Cheap,1,query_2,explain,2.794,ok
tpcds,10,c,Cheap,1,query_2,prepare,15.001,ok
tpcds,10,c,Cheap,1,query_20,explain,8.264,ok
tpcds,10,c,Cheap,1,query_20,prepare,45.302,ok
tpcds,10,c,Cheap,1,query_21,explain,2.954,ok
tpcds,10,c,Cheap,1,query_21,prepare,23.317,ok
tpcds,10,c,Cheap,1,query_22,explain,3.726,ok
tpcds,10,c,Cheap,1,query_22,prepare,25.294,ok
tpcds,10,c,Cheap,1,query_23,explain,3.603,ok
tpcds,10,c,Cheap,1,query_23,prepare,20.993,ok
tpcds,10,c,Cheap,1,query_24,explain,3.007,ok
tpcds,10,c,Cheap,1,query_24,prepare,18.384,ok
tpcds,10,c,Cheap,1,query_25,explain,3.051,ok
tpcds,10,c,Cheap,1,query_25,prepare,12.735,ok
tpcds,10,c,Cheap,1,query_26,explain,3.319,ok
tpcds,10,c,Cheap,1,query_26,prepare,22.454,ok
tpcds,10,c,Cheap,1,query_27,explain,2.920,ok
tpcds,10,c,Cheap,1,query_27,prepare,18.413,ok
tpcds,10,c,Cheap,1,query_28,explain,3.227,ok
tpcds,10,c,Cheap,1,query_28,prepare,20.577,ok
tpcds,10,c,Cheap,1,query_29,explain,3.569,ok
tpcds,10,c,Cheap,1,query_29,prepare,30.340,ok
tpcds,10,c,Cheap,1,query_3,explain,4.697,ok
tpcds,10,c,Cheap,1,query_3,prepare,32.599,ok
tpcds,10,c,Cheap,1,query_30,explain,3.246,ok
tpcds,10,c,Cheap,1,query_30,prepare,21.638,ok
tpcds,10,c,Cheap,1,query_31,explain,2.732,ok
tpcds,10,c,Cheap,1,query_31,prepare,11.555,ok
tpcds,10,c,Cheap,1,query_32,explain,2.417,ok
tpcds,10,c,Cheap,1,query_32,prepare,24.960,ok
tpcds,10,c,Cheap,1,query_33,explain,4.922,ok
tpcds,10,c,Cheap,1,query_33,prepare,27.556,ok
tpcds,10,c,Cheap,1,query_34,explain,2.791,ok
tpcds,10,c,Cheap,1,query_34,prepare,29.261,ok
tpcds,10,c,Cheap,1,query_35,explain,2.491,ok
tpcds,10,c,Cheap,1,query_35,prepare,28.843,ok
tpcds,10,c,Cheap,1,query_36,explain,4.010,ok
tpcds,10,c,Cheap,1,query_36,prepare,31.633,ok
tpcds,10,c,Cheap,1,query_37,explain,3.050,ok
tpcds,10,c,Cheap,1,query_37,prepare,43.340,ok
tpcds,10,c,Cheap,1,query_38,explain,2.773,ok
tpcds,10,c,Cheap,1,query_38,prepare,11.390,ok
tpcds,10,c,Cheap,1,query_39,explain,4.408,ok
tpcds,10,c,Cheap,1,query_39,prepare,67.627,ok
tpcds,10,c,Cheap,1,query_4,explain,4.105,ok
tpcds,10,c,Cheap,1,query_4,prepare,26.213,ok
tpcds,10,c,Cheap,1,query_40,explain,2.954,ok
tpcds,10,c,Cheap,1,query_40,prepare,9.962,ok
tpcds,10,c,Cheap,1,query_41,explain,3.866,ok
tpcds,10,c,Cheap,1,query_41,prepare,27.398,ok
tpcds,10,c,Cheap,1,query_42,explain,3.603,ok
tpcds,10,c,Cheap,1,query_42,prepare,43.225,ok
tpcds,10,c,Cheap,1,query_43,explain,4.404,ok
tpcds,10,c,Cheap,1,query_43,prepare,16.721,ok
tpcds,10,c,Cheap,1,query_44,explain,2.772,ok
tpcds,10,c,Cheap,1,query_44,prepare,10.995,ok
tpcds,10,c,Cheap,1,query_45,explain,2.114,ok
tpcds,10,c,Cheap,1,query_45,prepare,11.851,ok
tpcds,10,c,Cheap,1,query_46,explain,2.529,ok
tpcds,10,c,Cheap,1,query_46,prepare,26.567,ok
tpcds,10,c,Cheap,1,query_47,explain,4.345,ok
tpcds,10,c,Cheap,1,query_47,prepare,22.356,ok
tpcds,10,c,Cheap,1,query_48,explain,4.362,ok
tpcds,10,c,Cheap,1,query_48,prepare,51.343,ok
tpcds,10,c,Cheap,1,query_49,explain,3.862,ok
tpcds,10,c,Cheap,1,query_49,prepare,23.925,ok
tpcds,10,c,Cheap,1,query_5,explain,2.704,ok
tpcds,10,c,Cheap,1,query_5,prepare,14.102,ok
tpcds,10,c,Cheap,1,query_50,explain,3.676,ok
tpcds,10,c,Cheap,1,query_50,prepare,27.049,ok
tpcds,10,c,Cheap,1,query_51,explain,2.862,ok
tpcds,10,c,Cheap,1,query_51,prepare,34.032,ok
tpcds,10,c,Cheap,1,query_52,explain,2.371,ok
tpcds,10,c,Cheap,1,query_52,prepare,9.488,ok
tpcds,10,c,Cheap,1,query_53,explain,3.488,ok
tpcds,10,c,Cheap,1,query_53,prepare,22.949,ok
tpcds,10,c,Cheap,1,query_54,explain,2.746,ok
tpcds,10,c,Cheap,1,query_54,prepare,17.962,ok
tpcds,10,c,Cheap,1,query_55,explain,1.990,ok
tpcds,10,c,Cheap,1,query_55,prepare,22.472,ok
tpcds,10,c,Cheap,1,query_56,explain,2.753,ok
tpcds,10,c,Cheap,1,query_56,prepare,31.169,ok
tpcds,10,c,Cheap,1,query_57,explain,2.790,ok
tpcds,10,c,Cheap,1,query_57,prepare,13.061,ok
tpcds,10,c,Cheap,1,query_58,explain,2.778,ok
tpcds,10,c,Cheap,1,query_58,prepare,17.229,ok
tpcds,10,c,Cheap,1,query_59,explain,2.219,ok
tpcds,10,c,Cheap,1,query_59,prepare,11.127,ok
tpcds,10,c,Cheap,1,query_6,explain,4.596,ok
tpcds,10,c,Cheap,1,query_6,prepare,45.058,ok
tpcds,10,c,Cheap,1,query_60,explain,3.544,ok
tpcds,10,c,Cheap,1,query_60,prepare,26.834,ok
tpcds,10,c,Cheap,1,query_61,explain,2.260,ok
tpcds,10,c,Cheap,1,query_61,prepare,11.182,ok
tpcds,10,c,Cheap,1,query_62,explain,2.941,ok
tpcds,10,c,Cheap,1,query_62,prepare,13.647,ok
tpcds,10,c,Cheap,1,query_63,explain,3.662,ok
tpcds,10,c,Cheap,1,query_63,prepare,28.122,ok
tpcds,10,c,Cheap,1,query_64,explain,2.644,ok
tpcds,10,c,Cheap,1,query_64,prepare,25.526,ok
tpcds,10,c,Cheap,1,query_65,explain,2.555,ok
tpcds,10,c,Cheap,1,query_65,prepare,25.393,ok
tpcds,10,c,Cheap,1,query_66,explain,6.341,ok
tpcds,10,c,Cheap,1,query_66,prepare,34.544,ok
tpcds,10,c,Cheap,1,query_67,explain,2.631,ok
tpcds,10,c,Cheap,1,query_67,prepare,12.863,ok
tpcds,10,c,Cheap,1,query_68,explain,4.829,ok
tpcds,10,c,Cheap,1,query_68,prepare,24.432,ok
tpcds,10,c,Cheap,1,query_69,explain,7.036,ok
tpcds,10,c,Cheap,1,query_69,prepare,57.287,ok
tpcds,10,c,Cheap,1,query_7,explain,3.268,ok
tpcds,10,c,Cheap,1,query_7,prepare,10.142,ok
tpcds,10,c,Cheap,1,query_70,explain,3.450,ok
tpcds,10,c,Cheap,1,query_70,prepare,43.239,ok
tpcds,10,c,Cheap,1,query_71,explain,3.288,ok
tpcds,10,c,Cheap,1,query_71,prepare,22.391,ok
tpcds,10,c,Cheap,1,query_72,explain,3.018,ok
tpcds,10,c,Cheap,1,query_72,prepare,17.196,ok
tpcds,10,c,Cheap,1,query_73,explain,3.043,ok
tpcds,10,c,Cheap,1,query_73,prepare,12.716,ok
tpcds,10,c,Cheap,1,query_74,explain,3.829,ok
tpcds,10,c,Cheap,1,query_74,prepare,9.759,ok
tpcds,10,c,Cheap,1,query_75,explain,3.181,ok
tpcds,10,c,Cheap,1,query_75,prepare,22.187,ok
tpcds,10,c,Cheap,1,query_76,explain,2.913,ok
tpcds,10,c,Cheap,1,query_76,prepare,26.766,ok
tpcds,10,c,Cheap,1,query_77,explain,2.713,ok
tpcds,10,c,Cheap,1,query_77,prepare,17.890,ok
tpcds,10,c,Cheap,1,query_78,explain,4.370,ok
tpcds,10,c,Cheap,1,query_78,prepare,44.608,ok
tpcds,10,c,Cheap,1,query_79,explain,3.288,ok
tpcds,10,c,Cheap,1,query_79,prepare,14.173,ok
tpcds,10,c,Cheap,1,query_8,explain,3.862,ok
tpcds,10,c,Cheap,1,query_8,prepare,20.990,ok
tpcds,10,c,Cheap,1,query_80,explain,3.044,ok
tpcds,10,c,Cheap,1,query_80,prepare,11.877,ok
tpcds,10,c,Cheap,1,query_81,explain,3.440,ok
tpcds,10,c,Cheap,1,query_81,prepare,24.610,ok
tpcds,10,c,Cheap,1,query_82,explain,2.219,ok
tpcds,10,c,Cheap,1,query_82,prepare,10.593,ok
tpcds,10,c,Cheap,1,query_83,explain,3.928,ok
tpcds,10,c,Cheap,1,query_83,prepare,30.746,ok
tpcds,10,c,Cheap,1,query_84,explain,3.410,ok
tpcds,10,c,Cheap,1,query_84,prepare,16.699,ok
tpcds,10,c,Cheap,1,query_85,explain,2.677,ok
tpcds,10,c,Cheap,1,query_85,prepare,14.702,ok
tpcds,10,c,Cheap,1,query_86,explain,2.685,ok
tpcds,10,c,Cheap,1,query_86,prepare,15.888,ok
tpcds,10,c,Cheap,1,query_87,explain,4.407,ok
tpcds,10,c,Cheap,1,query_87,prepare,24.169,ok
tpcds,10,c,Cheap,1,query_88,explain,2.924,ok
tpcds,10,c,Cheap,1,query_88,prepare,19.399,ok
tpcds,10,c,Cheap,1,query_89,explain,2.972,ok
tpcds,10,c,Cheap,1,query_89,prepare,17.900,ok
tpcds,10,c,Cheap,1,query_9,explain,3.591,ok
tpcds,10,c,Cheap,1,query_9,prepare,21.938,ok
tpcds,10,c,Cheap,1,query_90,explain,3.237,ok
tpcds,10,c,Cheap,1,query_90,prepare,32.517,ok
tpcds,10,c,Cheap,1,query_91,explain,4.522,ok
tpcds,10,c,Cheap,1,query_91,prepare,12.751,ok
tpcds,10,c,Cheap,1,query_92,explain,3.673,ok
tpcds,10,c,Cheap,1,query_92,prepare,30.141,ok
tpcds,10,c,Cheap,1,query_93,explain,3.346,ok
tpcds,10,c,Cheap,1,query_93,prepare,54.153,ok
tpcds,10,c,Cheap,1,query_94,explain,3.273,ok
tpcds,10,c,Cheap,1,query_94,prepare,18.407,ok
tpcds,10,c,Cheap,1,query_95,explain,3.891,ok
tpcds,10,c,Cheap,1,query_95,prepare,33.440,ok
tpcds,10,c,Cheap,1,query_96,explain,4.592,ok
tpcds,10,c,Cheap,1,query_96,prepare,30.672,ok
tpcds,10,c,Cheap,1,query_97,explain,3.716,ok
tpcds,10,c,Cheap,1,query_97,prepare,16.331,ok
tpcds,10,c,Cheap,1,query_98,explain,3.452,ok
tpcds,10,c,Cheap,1,query_98,prepare,41.065,ok
tpcds,10,c,Cheap,1,query_99,explain,2.997,ok
tpcds,10,c,Cheap,1,query_99,prepare,25.015,ok
tpcds,10,c,Cheap,2,__floor__,floor,1.387,ok
tpcds,10,c,Cheap,2,query_1,explain,3.312,ok
tpcds,10,c,Cheap,2,query_1,prepare,11.759,ok
tpcds,10,c,Cheap,2,query_10,explain,7.290,ok
tpcds,10,c,Cheap,2,query_10,prepare,48.643,ok
tpcds,10,c,Cheap,2,query_11,explain,2.180,ok
tpcds,10,c,Cheap,2,query_11,prepare,18.691,ok
tpcds,10,c,Cheap,2,query_12,explain,2.697,ok
tpcds,10,c,Cheap,2,query_12,prepare,14.917,ok
tpcds,10,c,Cheap,2,query_13,explain,3.273,ok
tpcds,10,c,Cheap,2,query_13,prepare,18.310,ok
tpcds,10,c,Cheap,2,query_14,explain,2.155,ok
tpcds,10,c,Cheap,2,query_14,prepare,12.959,ok
tpcds,10,c,Cheap,2,query_15,explain,2.147,ok
tpcds,10,c,Cheap,2,query_15,prepare,13.439,ok
tpcds,10,c,Cheap,2,query_16,explain,2.397,ok
tpcds,10,c,Cheap,2,query_16,prepare,19.692,ok
tpcds,10,c,Cheap,2,query_17,explain,2.657,ok
tpcds,10,c,Cheap,2,query_17,prepare,12.471,ok
tpcds,10,c,Cheap,2,query_18,explain,2.668,ok
tpcds,10,c,Cheap,2,query_18,prepare,16.360,ok
tpcds,10,c,Cheap,2,query_19,explain,3.910,ok
tpcds,10,c,Cheap,2,query_19,prepare,30.007,ok
tpcds,10,c,Cheap,2,query_2,explain,2.545,ok
tpcds,10,c,Cheap,2,query_2,prepare,14.646,ok
tpcds,10,c,Cheap,2,query_20,explain,7.951,ok
tpcds,10,c,Cheap,2,query_20,prepare,43.928,ok
tpcds,10,c,Cheap,2,query_21,explain,2.691,ok
tpcds,10,c,Cheap,2,query_21,prepare,22.844,ok
tpcds,10,c,Cheap,2,query_22,explain,3.464,ok
tpcds,10,c,Cheap,2,query_22,prepare,24.817,ok
tpcds,10,c,Cheap,2,query_23,explain,3.270,ok
tpcds,10,c,Cheap,2,query_23,prepare,20.688,ok
tpcds,10,c,Cheap,2,query_24,explain,2.797,ok
tpcds,10,c,Cheap,2,query_24,prepare,18.094,ok
tpcds,10,c,Cheap,2,query_25,explain,2.871,ok
tpcds,10,c,Cheap,2,query_25,prepare,12.456,ok
tpcds,10,c,Cheap,2,query_26,explain,3.151,ok
tpcds,10,c,Cheap,2,query_26,prepare,22.080,ok
tpcds,10,c,Cheap,2,query_27,explain,2.693,ok
tpcds,10,c,Cheap,2,query_27,prepare,17.915,ok
tpcds,10,c,Cheap,2,query_28,explain,3.053,ok
tpcds,10,c,Cheap,2,query_28,prepare,20.272,ok
tpcds,10,c,Cheap,2,query_29,explain,3.361,ok
tpcds,10,c,Cheap,2,query_29,prepare,29.233,ok
tpcds,10,c,Cheap,2,query_3,explain,4.349,ok
tpcds,10,c,Cheap,2,query_3,prepare,31.949,ok
tpcds,10,c,Cheap,2,query_30,explain,2.946,ok
tpcds,10,c,Cheap,2,query_30,prepare,21.160,ok
tpcds,10,c,Cheap,2,query_31,explain,2.522,ok
tpcds,10,c,Cheap,2,query_31,prepare,11.519,ok
tpcds,10,c,Cheap,2,query_32,explain,2.271,ok
tpcds,10,c,Cheap,2,query_32,prepare,24.505,ok
tpcds,10,c,Cheap,2,query_33,explain,4.568,ok
tpcds,10,c,Cheap,2,query_33,prepare,27.044,ok
tpcds,10,c,Cheap,2,query_34,explain,2.595,ok
tpcds,10,c,Cheap,2,query_34,prepare,28.676,ok
tpcds,10,c,Cheap,2,query_35,explain,2.318,ok
tpcds,10,c,Cheap,2,query_35,prepare,28.261,ok
tpcds,10,c,Cheap,2,query_36,explain,3.715,ok
tpcds,10,c,Cheap,2,query_36,prepare,31.197,ok
tpcds,10,c,Cheap,2,query_37,explain,2.755,ok
tpcds,10,c,Cheap,2,query_37,prepare,42.269,ok
tpcds,10,c,Cheap,2,query_38,explain,2.424,ok
tpcds,10,c,Cheap,2,query_38,prepare,11.098,ok
tpcds,10,c,Cheap,2,query_39,explain,4.171,ok
tpcds,10,c,Cheap,2,query_39,prepare,65.751,ok
tpcds,10,c,Cheap,2,query_4,explain,3.624,ok
tpcds,10,c,Cheap,2,query_4,prepare,25.470,ok
tpcds,10,c,Cheap,2,query_40,explain,2.648,ok
tpcds,10,c,Cheap,2,query_40,prepare,9.745,ok
tpcds,10,c,Cheap,2,query_41,explain,3.625,ok
tpcds,10,c,Cheap,2,query_41,prepare,26.722,ok
tpcds,10,c,Cheap,2,query_42,explain,3.340,ok
tpcds,10,c,Cheap,2,query_42,prepare,42.458,ok
tpcds,10,c,Cheap,2,query_43,explain,3.877,ok
tpcds,10,c,Cheap,2,query_43,prepare,16.131,ok
tpcds,10,c,Cheap,2,query_44,explain,2.515,ok
tpcds,10,c,Cheap,2,query_44,prepare,10.629,ok
tpcds,10,c,Cheap,2,query_45,explain,2.005,ok
tpcds,10,c,Cheap,2,query_45,prepare,11.616,ok
tpcds,10,c,Cheap,2,query_46,explain,2.369,ok
tpcds,10,c,Cheap,2,query_46,prepare,25.429,ok
tpcds,10,c,Cheap,2,query_47,explain,2.994,ok
tpcds,10,c,Cheap,2,query_47,prepare,21.215,ok
tpcds,10,c,Cheap,2,query_48,explain,3.825,ok
tpcds,10,c,Cheap,2,query_48,prepare,50.586,ok
tpcds,10,c,Cheap,2,query_49,explain,3.591,ok
tpcds,10,c,Cheap,2,query_49,prepare,23.585,ok
tpcds,10,c,Cheap,2,query_5,explain,2.455,ok
tpcds,10,c,Cheap,2,query_5,prepare,13.812,ok
tpcds,10,c,Cheap,2,query_50,explain,3.466,ok
tpcds,10,c,Cheap,2,query_50,prepare,26.799,ok
tpcds,10,c,Cheap,2,query_51,explain,2.646,ok
tpcds,10,c,Cheap,2,query_51,prepare,33.564,ok
tpcds,10,c,Cheap,2,query_52,explain,2.166,ok
tpcds,10,c,Cheap,2,query_52,prepare,9.255,ok
tpcds,10,c,Cheap,2,query_53,explain,3.426,ok
tpcds,10,c,Cheap,2,query_53,prepare,22.621,ok
tpcds,10,c,Cheap,2,query_54,explain,2.522,ok
tpcds,10,c,Cheap,2,query_54,prepare,17.811,ok
tpcds,10,c,Cheap,2,query_55,explain,1.890,ok
tpcds,10,c,Cheap,2,query_55,prepare,22.072,ok
tpcds,10,c,Cheap,2,query_56,explain,2.590,ok
tpcds,10,c,Cheap,2,query_56,prepare,30.604,ok
tpcds,10,c,Cheap,2,query_57,explain,2.424,ok
tpcds,10,c,Cheap,2,query_57,prepare,12.746,ok
tpcds,10,c,Cheap,2,query_58,explain,2.613,ok
tpcds,10,c,Cheap,2,query_58,prepare,16.931,ok
tpcds,10,c,Cheap,2,query_59,explain,2.034,ok
tpcds,10,c,Cheap,2,query_59,prepare,10.998,ok
tpcds,10,c,Cheap,2,query_6,explain,4.249,ok
tpcds,10,c,Cheap,2,query_6,prepare,44.472,ok
tpcds,10,c,Cheap,2,query_60,explain,3.082,ok
tpcds,10,c,Cheap,2,query_60,prepare,26.538,ok
tpcds,10,c,Cheap,2,query_61,explain,2.275,ok
tpcds,10,c,Cheap,2,query_61,prepare,11.025,ok
tpcds,10,c,Cheap,2,query_62,explain,2.802,ok
tpcds,10,c,Cheap,2,query_62,prepare,13.397,ok
tpcds,10,c,Cheap,2,query_63,explain,3.393,ok
tpcds,10,c,Cheap,2,query_63,prepare,27.904,ok
tpcds,10,c,Cheap,2,query_64,explain,2.412,ok
tpcds,10,c,Cheap,2,query_64,prepare,25.172,ok
tpcds,10,c,Cheap,2,query_65,explain,2.397,ok
tpcds,10,c,Cheap,2,query_65,prepare,25.214,ok
tpcds,10,c,Cheap,2,query_66,explain,6.103,ok
tpcds,10,c,Cheap,2,query_66,prepare,34.188,ok
tpcds,10,c,Cheap,2,query_67,explain,2.398,ok
tpcds,10,c,Cheap,2,query_67,prepare,12.576,ok
tpcds,10,c,Cheap,2,query_68,explain,4.671,ok
tpcds,10,c,Cheap,2,query_68,prepare,24.013,ok
tpcds,10,c,Cheap,2,query_69,explain,6.792,ok
tpcds,10,c,Cheap,2,query_69,prepare,55.959,ok
tpcds,10,c,Cheap,2,query_7,explain,2.771,ok
tpcds,10,c,Cheap,2,query_7,prepare,9.848,ok
tpcds,10,c,Cheap,2,query_70,explain,3.220,ok
tpcds,10,c,Cheap,2,query_70,prepare,42.643,ok
tpcds,10,c,Cheap,2,query_71,explain,2.972,ok
tpcds,10,c,Cheap,2,query_71,prepare,22.133,ok
tpcds,10,c,Cheap,2,query_72,explain,2.776,ok
tpcds,10,c,Cheap,2,query_72,prepare,16.966,ok
tpcds,10,c,Cheap,2,query_73,explain,2.850,ok
tpcds,10,c,Cheap,2,query_73,prepare,12.499,ok
tpcds,10,c,Cheap,2,query_74,explain,3.577,ok
tpcds,10,c,Cheap,2,query_74,prepare,9.650,ok
tpcds,10,c,Cheap,2,query_75,explain,3.032,ok
tpcds,10,c,Cheap,2,query_75,prepare,21.810,ok
tpcds,10,c,Cheap,2,query_76,explain,2.578,ok
tpcds,10,c,Cheap,2,query_76,prepare,26.404,ok
tpcds,10,c,Cheap,2,query_77,explain,2.503,ok
tpcds,10,c,Cheap,2,query_77,prepare,17.707,ok
tpcds,10,c,Cheap,2,query_78,explain,4.053,ok
tpcds,10,c,Cheap,2,query_78,prepare,44.059,ok
tpcds,10,c,Cheap,2,query_79,explain,2.931,ok
tpcds,10,c,Cheap,2,query_79,prepare,13.023,ok
tpcds,10,c,Cheap,2,query_8,explain,2.672,ok
tpcds,10,c,Cheap,2,query_8,prepare,19.669,ok
tpcds,10,c,Cheap,2,query_80,explain,2.469,ok
tpcds,10,c,Cheap,2,query_80,prepare,11.529,ok
tpcds,10,c,Cheap,2,query_81,explain,3.127,ok
tpcds,10,c,Cheap,2,query_81,prepare,24.052,ok
tpcds,10,c,Cheap,2,query_82,explain,2.207,ok
tpcds,10,c,Cheap,2,query_82,prepare,10.411,ok
tpcds,10,c,Cheap,2,query_83,explain,3.851,ok
tpcds,10,c,Cheap,2,query_83,prepare,30.141,ok
tpcds,10,c,Cheap,2,query_84,explain,3.146,ok
tpcds,10,c,Cheap,2,query_84,prepare,16.322,ok
tpcds,10,c,Cheap,2,query_85,explain,2.464,ok
tpcds,10,c,Cheap,2,query_85,prepare,14.438,ok
tpcds,10,c,Cheap,2,query_86,explain,2.458,ok
tpcds,10,c,Cheap,2,query_86,prepare,15.637,ok
tpcds,10,c,Cheap,2,query_87,explain,4.175,ok
tpcds,10,c,Cheap,2,query_87,prepare,23.727,ok
tpcds,10,c,Cheap,2,query_88,explain,2.628,ok
tpcds,10,c,Cheap,2,query_88,prepare,18.820,ok
tpcds,10,c,Cheap,2,query_89,explain,2.536,ok
tpcds,10,c,Cheap,2,query_89,prepare,17.360,ok
tpcds,10,c,Cheap,2,query_9,explain,3.258,ok
tpcds,10,c,Cheap,2,query_9,prepare,21.352,ok
tpcds,10,c,Cheap,2,query_90,explain,2.948,ok
tpcds,10,c,Cheap,2,query_90,prepare,31.602,ok
tpcds,10,c,Cheap,2,query_91,explain,4.176,ok
tpcds,10,c,Cheap,2,query_91,prepare,12.587,ok
tpcds,10,c,Cheap,2,query_92,explain,3.406,ok
tpcds,10,c,Cheap,2,query_92,prepare,29.714,ok
tpcds,10,c,Cheap,2,query_93,explain,3.137,ok
tpcds,10,c,Cheap,2,query_93,prepare,53.768,ok
tpcds,10,c,Cheap,2,query_94,explain,3.054,ok
tpcds,10,c,Cheap,2,query_94,prepare,18.169,ok
tpcds,10,c,Cheap,2,query_95,explain,3.624,ok
tpcds,10,c,Cheap,2,query_95,prepare,32.948,ok
tpcds,10,c,Cheap,2,query_96,explain,4.033,ok
tpcds,10,c,Cheap,2,query_96,prepare,30.116,ok
tpcds,10,c,Cheap,2,query_97,explain,3.432,ok
tpcds,10,c,Cheap,2,query_97,prepare,16.324,ok
tpcds,10,c,Cheap,2,query_98,explain,3.258,ok
tpcds,10,c,Cheap,2,query_98,prepare,40.569,ok
tpcds,10,c,Cheap,2,query_99,explain,2.707,ok
tpcds,10,c,Cheap,2,query_99,prepare,25.036,ok
tpcds,10,c,Cheap,3,__floor__,floor,2.836,ok
tpcds,10,c,Cheap,3,query_1,explain,4.575,ok
tpcds,10,c,Cheap,3,query_1,prepare,12.185,ok
tpcds,10,c,Cheap,3,query_10,explain,6.833,ok
tpcds,10,c,Cheap,3,query_10,prepare,48.364,ok
tpcds,10,c,Cheap,3,query_11,explain,2.481,ok
tpcds,10,c,Cheap,3,query_11,prepare,18.426,ok
tpcds,10,c,Cheap,3,query_12,explain,2.924,ok
tpcds,10,c,Cheap,3,query_12,prepare,15.121,ok
tpcds,10,c,Cheap,3,query_13,explain,3.473,ok
tpcds,10,c,Cheap,3,query_13,prepare,18.753,ok
tpcds,10,c,Cheap,3,query_14,explain,2.291,ok
tpcds,10,c,Cheap,3,query_14,prepare,13.386,ok
tpcds,10,c,Cheap,3,query_15,explain,2.222,ok
tpcds,10,c,Cheap,3,query_15,prepare,13.923,ok
tpcds,10,c,Cheap,3,query_16,explain,2.515,ok
tpcds,10,c,Cheap,3,query_16,prepare,20.065,ok
tpcds,10,c,Cheap,3,query_17,explain,2.808,ok
tpcds,10,c,Cheap,3,query_17,prepare,12.548,ok
tpcds,10,c,Cheap,3,query_18,explain,2.831,ok
tpcds,10,c,Cheap,3,query_18,prepare,16.667,ok
tpcds,10,c,Cheap,3,query_19,explain,4.168,ok
tpcds,10,c,Cheap,3,query_19,prepare,30.766,ok
tpcds,10,c,Cheap,3,query_2,explain,2.783,ok
tpcds,10,c,Cheap,3,query_2,prepare,15.084,ok
tpcds,10,c,Cheap,3,query_20,explain,8.253,ok
tpcds,10,c,Cheap,3,query_20,prepare,45.576,ok
tpcds,10,c,Cheap,3,query_21,explain,3.107,ok
tpcds,10,c,Cheap,3,query_21,prepare,23.545,ok
tpcds,10,c,Cheap,3,query_22,explain,3.725,ok
tpcds,10,c,Cheap,3,query_22,prepare,24.928,ok
tpcds,10,c,Cheap,3,query_23,explain,3.529,ok
tpcds,10,c,Cheap,3,query_23,prepare,21.161,ok
tpcds,10,c,Cheap,3,query_24,explain,3.019,ok
tpcds,10,c,Cheap,3,query_24,prepare,18.433,ok
tpcds,10,c,Cheap,3,query_25,explain,3.103,ok
tpcds,10,c,Cheap,3,query_25,prepare,12.677,ok
tpcds,10,c,Cheap,3,query_26,explain,3.356,ok
tpcds,10,c,Cheap,3,query_26,prepare,22.480,ok
tpcds,10,c,Cheap,3,query_27,explain,2.877,ok
tpcds,10,c,Cheap,3,query_27,prepare,18.360,ok
tpcds,10,c,Cheap,3,query_28,explain,3.269,ok
tpcds,10,c,Cheap,3,query_28,prepare,20.553,ok
tpcds,10,c,Cheap,3,query_29,explain,3.565,ok
tpcds,10,c,Cheap,3,query_29,prepare,29.762,ok
tpcds,10,c,Cheap,3,query_3,explain,4.573,ok
tpcds,10,c,Cheap,3,query_3,prepare,32.284,ok
tpcds,10,c,Cheap,3,query_30,explain,3.201,ok
tpcds,10,c,Cheap,3,query_30,prepare,21.415,ok
tpcds,10,c,Cheap,3,query_31,explain,2.603,ok
tpcds,10,c,Cheap,3,query_31,prepare,11.521,ok
tpcds,10,c,Cheap,3,query_32,explain,2.333,ok
tpcds,10,c,Cheap,3,query_32,prepare,26.013,ok
tpcds,10,c,Cheap,3,query_33,explain,6.264,ok
tpcds,10,c,Cheap,3,query_33,prepare,28.100,ok
tpcds,10,c,Cheap,3,query_34,explain,2.982,ok
tpcds,10,c,Cheap,3,query_34,prepare,29.238,ok
tpcds,10,c,Cheap,3,query_35,explain,2.517,ok
tpcds,10,c,Cheap,3,query_35,prepare,28.760,ok
tpcds,10,c,Cheap,3,query_36,explain,4.056,ok
tpcds,10,c,Cheap,3,query_36,prepare,31.312,ok
tpcds,10,c,Cheap,3,query_37,explain,3.069,ok
tpcds,10,c,Cheap,3,query_37,prepare,43.278,ok
tpcds,10,c,Cheap,3,query_38,explain,2.820,ok
tpcds,10,c,Cheap,3,query_38,prepare,11.453,ok
tpcds,10,c,Cheap,3,query_39,explain,4.504,ok
tpcds,10,c,Cheap,3,query_39,prepare,67.650,ok
tpcds,10,c,Cheap,3,query_4,explain,4.124,ok
tpcds,10,c,Cheap,3,query_4,prepare,26.311,ok
tpcds,10,c,Cheap,3,query_40,explain,2.888,ok
tpcds,10,c,Cheap,3,query_40,prepare,9.884,ok
tpcds,10,c,Cheap,3,query_41,explain,3.803,ok
tpcds,10,c,Cheap,3,query_41,prepare,27.115,ok
tpcds,10,c,Cheap,3,query_42,explain,3.750,ok
tpcds,10,c,Cheap,3,query_42,prepare,42.870,ok
tpcds,10,c,Cheap,3,query_43,explain,4.324,ok
tpcds,10,c,Cheap,3,query_43,prepare,16.445,ok
tpcds,10,c,Cheap,3,query_44,explain,2.620,ok
tpcds,10,c,Cheap,3,query_44,prepare,10.777,ok
tpcds,10,c,Cheap,3,query_45,explain,2.129,ok
tpcds,10,c,Cheap,3,query_45,prepare,11.802,ok
tpcds,10,c,Cheap,3,query_46,explain,2.484,ok
tpcds,10,c,Cheap,3,query_46,prepare,25.614,ok
tpcds,10,c,Cheap,3,query_47,explain,3.148,ok
tpcds,10,c,Cheap,3,query_47,prepare,21.165,ok
tpcds,10,c,Cheap,3,query_48,explain,4.089,ok
tpcds,10,c,Cheap,3,query_48,prepare,50.923,ok
tpcds,10,c,Cheap,3,query_49,explain,4.001,ok
tpcds,10,c,Cheap,3,query_49,prepare,23.666,ok
tpcds,10,c,Cheap,3,query_5,explain,2.606,ok
tpcds,10,c,Cheap,3,query_5,prepare,13.877,ok
tpcds,10,c,Cheap,3,query_50,explain,3.631,ok
tpcds,10,c,Cheap,3,query_50,prepare,26.785,ok
tpcds,10,c,Cheap,3,query_51,explain,2.774,ok
tpcds,10,c,Cheap,3,query_51,prepare,33.845,ok
tpcds,10,c,Cheap,3,query_52,explain,2.366,ok
tpcds,10,c,Cheap,3,query_52,prepare,9.317,ok
tpcds,10,c,Cheap,3,query_53,explain,3.427,ok
tpcds,10,c,Cheap,3,query_53,prepare,22.864,ok
tpcds,10,c,Cheap,3,query_54,explain,2.608,ok
tpcds,10,c,Cheap,3,query_54,prepare,17.782,ok
tpcds,10,c,Cheap,3,query_55,explain,1.922,ok
tpcds,10,c,Cheap,3,query_55,prepare,22.171,ok
tpcds,10,c,Cheap,3,query_56,explain,2.753,ok
tpcds,10,c,Cheap,3,query_56,prepare,31.158,ok
tpcds,10,c,Cheap,3,query_57,explain,2.726,ok
tpcds,10,c,Cheap,3,query_57,prepare,13.129,ok
tpcds,10,c,Cheap,3,query_58,explain,2.773,ok
tpcds,10,c,Cheap,3,query_58,prepare,17.181,ok
tpcds,10,c,Cheap,3,query_59,explain,2.151,ok
tpcds,10,c,Cheap,3,query_59,prepare,11.179,ok
tpcds,10,c,Cheap,3,query_6,explain,4.509,ok
tpcds,10,c,Cheap,3,query_6,prepare,45.039,ok
tpcds,10,c,Cheap,3,query_60,explain,3.512,ok
tpcds,10,c,Cheap,3,query_60,prepare,27.051,ok
tpcds,10,c,Cheap,3,query_61,explain,2.344,ok
tpcds,10,c,Cheap,3,query_61,prepare,11.192,ok
tpcds,10,c,Cheap,3,query_62,explain,2.981,ok
tpcds,10,c,Cheap,3,query_62,prepare,13.561,ok
tpcds,10,c,Cheap,3,query_63,explain,3.680,ok
tpcds,10,c,Cheap,3,query_63,prepare,28.470,ok
tpcds,10,c,Cheap,3,query_64,explain,2.638,ok
tpcds,10,c,Cheap,3,query_64,prepare,26.871,ok
tpcds,10,c,Cheap,3,query_65,explain,3.748,ok
tpcds,10,c,Cheap,3,query_65,prepare,26.202,ok
tpcds,10,c,Cheap,3,query_66,explain,6.520,ok
tpcds,10,c,Cheap,3,query_66,prepare,34.636,ok
tpcds,10,c,Cheap,3,query_67,explain,2.751,ok
tpcds,10,c,Cheap,3,query_67,prepare,12.863,ok
tpcds,10,c,Cheap,3,query_68,explain,4.919,ok
tpcds,10,c,Cheap,3,query_68,prepare,24.593,ok
tpcds,10,c,Cheap,3,query_69,explain,7.135,ok
tpcds,10,c,Cheap,3,query_69,prepare,58.346,ok
tpcds,10,c,Cheap,3,query_7,explain,3.863,ok
tpcds,10,c,Cheap,3,query_7,prepare,10.691,ok
tpcds,10,c,Cheap,3,query_70,explain,3.509,ok
tpcds,10,c,Cheap,3,query_70,prepare,43.249,ok
tpcds,10,c,Cheap,3,query_71,explain,3.318,ok
tpcds,10,c,Cheap,3,query_71,prepare,22.405,ok
tpcds,10,c,Cheap,3,query_72,explain,3.037,ok
tpcds,10,c,Cheap,3,query_72,prepare,17.567,ok
tpcds,10,c,Cheap,3,query_73,explain,3.426,ok
tpcds,10,c,Cheap,3,query_73,prepare,12.912,ok
tpcds,10,c,Cheap,3,query_74,explain,3.814,ok
tpcds,10,c,Cheap,3,query_74,prepare,9.842,ok
tpcds,10,c,Cheap,3,query_75,explain,3.216,ok
tpcds,10,c,Cheap,3,query_75,prepare,22.208,ok
tpcds,10,c,Cheap,3,query_76,explain,2.857,ok
tpcds,10,c,Cheap,3,query_76,prepare,26.743,ok
tpcds,10,c,Cheap,3,query_77,explain,2.653,ok
tpcds,10,c,Cheap,3,query_77,prepare,17.878,ok
tpcds,10,c,Cheap,3,query_78,explain,4.445,ok
tpcds,10,c,Cheap,3,query_78,prepare,44.452,ok
tpcds,10,c,Cheap,3,query_79,explain,3.305,ok
tpcds,10,c,Cheap,3,query_79,prepare,13.310,ok
tpcds,10,c,Cheap,3,query_8,explain,2.873,ok
tpcds,10,c,Cheap,3,query_8,prepare,19.800,ok
tpcds,10,c,Cheap,3,query_80,explain,2.653,ok
tpcds,10,c,Cheap,3,query_80,prepare,11.735,ok
tpcds,10,c,Cheap,3,query_81,explain,3.321,ok
tpcds,10,c,Cheap,3,query_81,prepare,24.421,ok
tpcds,10,c,Cheap,3,query_82,explain,2.174,ok
tpcds,10,c,Cheap,3,query_82,prepare,10.571,ok
tpcds,10,c,Cheap,3,query_83,explain,3.815,ok
tpcds,10,c,Cheap,3,query_83,prepare,30.432,ok
tpcds,10,c,Cheap,3,query_84,explain,3.372,ok
tpcds,10,c,Cheap,3,query_84,prepare,16.545,ok
tpcds,10,c,Cheap,3,query_85,explain,2.590,ok
tpcds,10,c,Cheap,3,query_85,prepare,14.719,ok
tpcds,10,c,Cheap,3,query_86,explain,2.608,ok
tpcds,10,c,Cheap,3,query_86,prepare,15.819,ok
tpcds,10,c,Cheap,3,query_87,explain,4.328,ok
tpcds,10,c,Cheap,3,query_87,prepare,24.218,ok
tpcds,10,c,Cheap,3,query_88,explain,2.888,ok
tpcds,10,c,Cheap,3,query_88,prepare,19.210,ok
tpcds,10,c,Cheap,3,query_89,explain,2.699,ok
tpcds,10,c,Cheap,3,query_89,prepare,17.847,ok
tpcds,10,c,Cheap,3,query_9,explain,3.478,ok
tpcds,10,c,Cheap,3,query_9,prepare,21.754,ok
tpcds,10,c,Cheap,3,query_90,explain,3.210,ok
tpcds,10,c,Cheap,3,query_90,prepare,32.324,ok
tpcds,10,c,Cheap,3,query_91,explain,4.500,ok
tpcds,10,c,Cheap,3,query_91,prepare,12.658,ok
tpcds,10,c,Cheap,3,query_92,explain,3.619,ok
tpcds,10,c,Cheap,3,query_92,prepare,30.025,ok
tpcds,10,c,Cheap,3,query_93,explain,3.320,ok
tpcds,10,c,Cheap,3,query_93,prepare,55.013,ok
tpcds,10,c,Cheap,3,query_94,explain,3.551,ok
tpcds,10,c,Cheap,3,query_94,prepare,18.698,ok
tpcds,10,c,Cheap,3,query_95,explain,4.236,ok
tpcds,10,c,Cheap,3,query_95,prepare,33.356,ok
tpcds,10,c,Cheap,3,query_96,explain,4.419,ok
tpcds,10,c,Cheap,3,query_96,prepare,30.847,ok
tpcds,10,c,Cheap,3,query_97,explain,3.689,ok
tpcds,10,c,Cheap,3,query_97,prepare,17.223,ok
tpcds,10,c,Cheap,3,query_98,explain,4.650,ok
tpcds,10,c,Cheap,3,query_98,prepare,42.281,ok
tpcds,10,c,Cheap,3,query_99,explain,3.216,ok
tpcds,10,c,Cheap,3,query_99,prepare,25.335,ok
tpcds,10,c,Cheap,4,__floor__,floor,1.465,ok
tpcds,10,c,Cheap,4,query_1,explain,3.154,ok
tpcds,10,c,Cheap,4,query_1,prepare,8.815,ok
tpcds,10,c,Cheap,4,query_10,explain,4.956,ok
tpcds,10,c,Cheap,4,query_10,prepare,46.890,ok
tpcds,10,c,Cheap,4,query_11,explain,2.210,ok
tpcds,10,c,Cheap,4,query_11,prepare,18.174,ok
tpcds,10,c,Cheap,4,query_12,explain,2.490,ok
tpcds,10,c,Cheap,4,query_12,prepare,14.846,ok
tpcds,10,c,Cheap,4,query_13,explain,3.161,ok
tpcds,10,c,Cheap,4,query_13,prepare,18.257,ok
tpcds,10,c,Cheap,4,query_14,explain,2.117,ok
tpcds,10,c,Cheap,4,query_14,prepare,13.004,ok
tpcds,10,c,Cheap,4,query_15,explain,2.068,ok
tpcds,10,c,Cheap,4,query_15,prepare,13.621,ok
tpcds,10,c,Cheap,4,query_16,explain,2.395,ok
tpcds,10,c,Cheap,4,query_16,prepare,19.598,ok
tpcds,10,c,Cheap,4,query_17,explain,2.653,ok
tpcds,10,c,Cheap,4,query_17,prepare,12.139,ok
tpcds,10,c,Cheap,4,query_18,explain,2.646,ok
tpcds,10,c,Cheap,4,query_18,prepare,16.235,ok
tpcds,10,c,Cheap,4,query_19,explain,3.902,ok
tpcds,10,c,Cheap,4,query_19,prepare,29.873,ok
tpcds,10,c,Cheap,4,query_2,explain,2.598,ok
tpcds,10,c,Cheap,4,query_2,prepare,14.911,ok
tpcds,10,c,Cheap,4,query_20,explain,7.890,ok
tpcds,10,c,Cheap,4,query_20,prepare,44.066,ok
tpcds,10,c,Cheap,4,query_21,explain,2.745,ok
tpcds,10,c,Cheap,4,query_21,prepare,22.822,ok
tpcds,10,c,Cheap,4,query_22,explain,3.511,ok
tpcds,10,c,Cheap,4,query_22,prepare,24.690,ok
tpcds,10,c,Cheap,4,query_23,explain,3.299,ok
tpcds,10,c,Cheap,4,query_23,prepare,20.962,ok
tpcds,10,c,Cheap,4,query_24,explain,2.827,ok
tpcds,10,c,Cheap,4,query_24,prepare,18.131,ok
tpcds,10,c,Cheap,4,query_25,explain,2.889,ok
tpcds,10,c,Cheap,4,query_25,prepare,12.475,ok
tpcds,10,c,Cheap,4,query_26,explain,3.206,ok
tpcds,10,c,Cheap,4,query_26,prepare,22.010,ok
tpcds,10,c,Cheap,4,query_27,explain,2.702,ok
tpcds,10,c,Cheap,4,query_27,prepare,17.972,ok
tpcds,10,c,Cheap,4,query_28,explain,3.081,ok
tpcds,10,c,Cheap,4,query_28,prepare,20.309,ok
tpcds,10,c,Cheap,4,query_29,explain,3.378,ok
tpcds,10,c,Cheap,4,query_29,prepare,29.535,ok
tpcds,10,c,Cheap,4,query_3,explain,4.398,ok
tpcds,10,c,Cheap,4,query_3,prepare,31.753,ok
tpcds,10,c,Cheap,4,query_30,explain,2.983,ok
tpcds,10,c,Cheap,4,query_30,prepare,21.180,ok
tpcds,10,c,Cheap,4,query_31,explain,2.447,ok
tpcds,10,c,Cheap,4,query_31,prepare,11.372,ok
tpcds,10,c,Cheap,4,query_32,explain,2.198,ok
tpcds,10,c,Cheap,4,query_32,prepare,24.648,ok
tpcds,10,c,Cheap,4,query_33,explain,4.629,ok
tpcds,10,c,Cheap,4,query_33,prepare,27.063,ok
tpcds,10,c,Cheap,4,query_34,explain,2.603,ok
tpcds,10,c,Cheap,4,query_34,prepare,28.805,ok
tpcds,10,c,Cheap,4,query_35,explain,2.283,ok
tpcds,10,c,Cheap,4,query_35,prepare,28.218,ok
tpcds,10,c,Cheap,4,query_36,explain,3.741,ok
tpcds,10,c,Cheap,4,query_36,prepare,31.710,ok
tpcds,10,c,Cheap,4,query_37,explain,2.783,ok
tpcds,10,c,Cheap,4,query_37,prepare,42.338,ok
tpcds,10,c,Cheap,4,query_38,explain,2.438,ok
tpcds,10,c,Cheap,4,query_38,prepare,11.145,ok
tpcds,10,c,Cheap,4,query_39,explain,4.189,ok
tpcds,10,c,Cheap,4,query_39,prepare,65.898,ok
tpcds,10,c,Cheap,4,query_4,explain,3.428,ok
tpcds,10,c,Cheap,4,query_4,prepare,25.380,ok
tpcds,10,c,Cheap,4,query_40,explain,2.553,ok
tpcds,10,c,Cheap,4,query_40,prepare,9.715,ok
tpcds,10,c,Cheap,4,query_41,explain,3.590,ok
tpcds,10,c,Cheap,4,query_41,prepare,26.679,ok
tpcds,10,c,Cheap,4,query_42,explain,3.293,ok
tpcds,10,c,Cheap,4,query_42,prepare,42.521,ok
tpcds,10,c,Cheap,4,query_43,explain,3.854,ok
tpcds,10,c,Cheap,4,query_43,prepare,16.104,ok
tpcds,10,c,Cheap,4,query_44,explain,2.490,ok
tpcds,10,c,Cheap,4,query_44,prepare,10.569,ok
tpcds,10,c,Cheap,4,query_45,explain,2.018,ok
tpcds,10,c,Cheap,4,query_45,prepare,11.596,ok
tpcds,10,c,Cheap,4,query_46,explain,2.336,ok
tpcds,10,c,Cheap,4,query_46,prepare,25.379,ok
tpcds,10,c,Cheap,4,query_47,explain,2.961,ok
tpcds,10,c,Cheap,4,query_47,prepare,21.147,ok
tpcds,10,c,Cheap,4,query_48,explain,3.805,ok
tpcds,10,c,Cheap,4,query_48,prepare,50.707,ok
tpcds,10,c,Cheap,4,query_49,explain,3.590,ok
tpcds,10,c,Cheap,4,query_49,prepare,23.594,ok
tpcds,10,c,Cheap,4,query_5,explain,2.417,ok
tpcds,10,c,Cheap,4,query_5,prepare,13.844,ok
tpcds,10,c,Cheap,4,query_50,explain,3.488,ok
tpcds,10,c,Cheap,4,query_50,prepare,26.823,ok
tpcds,10,c,Cheap,4,query_51,explain,2.630,ok
tpcds,10,c,Cheap,4,query_51,prepare,33.727,ok
tpcds,10,c,Cheap,4,query_52,explain,2.166,ok
tpcds,10,c,Cheap,4,query_52,prepare,9.300,ok
tpcds,10,c,Cheap,4,query_53,explain,3.330,ok
tpcds,10,c,Cheap,4,query_53,prepare,22.629,ok
tpcds,10,c,Cheap,4,query_54,explain,2.509,ok
tpcds,10,c,Cheap,4,query_54,prepare,17.786,ok
tpcds,10,c,Cheap,4,query_55,explain,1.883,ok
tpcds,10,c,Cheap,4,query_55,prepare,22.119,ok
tpcds,10,c,Cheap,4,query_56,explain,2.609,ok
tpcds,10,c,Cheap,4,query_56,prepare,30.809,ok
tpcds,10,c,Cheap,4,query_57,explain,2.503,ok
tpcds,10,c,Cheap,4,query_57,prepare,12.822,ok
tpcds,10,c,Cheap,4,query_58,explain,2.619,ok
tpcds,10,c,Cheap,4,query_58,prepare,17.037,ok
tpcds,10,c,Cheap,4,query_59,explain,2.044,ok
tpcds,10,c,Cheap,4,query_59,prepare,11.029,ok
tpcds,10,c,Cheap,4,query_6,explain,4.277,ok
tpcds,10,c,Cheap,4,query_6,prepare,44.568,ok
tpcds,10,c,Cheap,4,query_60,explain,3.114,ok
tpcds,10,c,Cheap,4,query_60,prepare,26.617,ok
tpcds,10,c,Cheap,4,query_61,explain,2.103,ok
tpcds,10,c,Cheap,4,query_61,prepare,11.135,ok
tpcds,10,c,Cheap,4,query_62,explain,2.812,ok
tpcds,10,c,Cheap,4,query_62,prepare,13.495,ok
tpcds,10,c,Cheap,4,query_63,explain,3.419,ok
tpcds,10,c,Cheap,4,query_63,prepare,27.967,ok
tpcds,10,c,Cheap,4,query_64,explain,2.426,ok
tpcds,10,c,Cheap,4,query_64,prepare,25.211,ok
tpcds,10,c,Cheap,4,query_65,explain,2.387,ok
tpcds,10,c,Cheap,4,query_65,prepare,25.117,ok
tpcds,10,c,Cheap,4,query_66,explain,6.105,ok
tpcds,10,c,Cheap,4,query_66,prepare,34.331,ok
tpcds,10,c,Cheap,4,query_67,explain,2.399,ok
tpcds,10,c,Cheap,4,query_67,prepare,12.579,ok
tpcds,10,c,Cheap,4,query_68,explain,4.697,ok
tpcds,10,c,Cheap,4,query_68,prepare,24.064,ok
tpcds,10,c,Cheap,4,query_69,explain,6.805,ok
tpcds,10,c,Cheap,4,query_69,prepare,56.316,ok
tpcds,10,c,Cheap,4,query_7,explain,2.866,ok
tpcds,10,c,Cheap,4,query_7,prepare,9.923,ok
tpcds,10,c,Cheap,4,query_70,explain,3.263,ok
tpcds,10,c,Cheap,4,query_70,prepare,42.822,ok
tpcds,10,c,Cheap,4,query_71,explain,3.030,ok
tpcds,10,c,Cheap,4,query_71,prepare,22.181,ok
tpcds,10,c,Cheap,4,query_72,explain,2.835,ok
tpcds,10,c,Cheap,4,query_72,prepare,16.994,ok
tpcds,10,c,Cheap,4,query_73,explain,2.905,ok
tpcds,10,c,Cheap,4,query_73,prepare,12.591,ok
tpcds,10,c,Cheap,4,query_74,explain,3.750,ok
tpcds,10,c,Cheap,4,query_74,prepare,9.681,ok
tpcds,10,c,Cheap,4,query_75,explain,3.052,ok
tpcds,10,c,Cheap,4,query_75,prepare,21.963,ok
tpcds,10,c,Cheap,4,query_76,explain,2.598,ok
tpcds,10,c,Cheap,4,query_76,prepare,26.488,ok
tpcds,10,c,Cheap,4,query_77,explain,2.507,ok
tpcds,10,c,Cheap,4,query_77,prepare,17.820,ok
tpcds,10,c,Cheap,4,query_78,explain,4.064,ok
tpcds,10,c,Cheap,4,query_78,prepare,43.710,ok
tpcds,10,c,Cheap,4,query_79,explain,2.941,ok
tpcds,10,c,Cheap,4,query_79,prepare,13.045,ok
tpcds,10,c,Cheap,4,query_8,explain,2.709,ok
tpcds,10,c,Cheap,4,query_8,prepare,19.679,ok
tpcds,10,c,Cheap,4,query_80,explain,2.486,ok
tpcds,10,c,Cheap,4,query_80,prepare,11.581,ok
tpcds,10,c,Cheap,4,query_81,explain,3.144,ok
tpcds,10,c,Cheap,4,query_81,prepare,24.188,ok
tpcds,10,c,Cheap,4,query_82,explain,2.050,ok
tpcds,10,c,Cheap,4,query_82,prepare,10.468,ok
tpcds,10,c,Cheap,4,query_83,explain,3.670,ok
tpcds,10,c,Cheap,4,query_83,prepare,30.233,ok
tpcds,10,c,Cheap,4,query_84,explain,3.184,ok
tpcds,10,c,Cheap,4,query_84,prepare,16.443,ok
tpcds,10,c,Cheap,4,query_85,explain,2.488,ok
tpcds,10,c,Cheap,4,query_85,prepare,14.534,ok
tpcds,10,c,Cheap,4,query_86,explain,2.484,ok
tpcds,10,c,Cheap,4,query_86,prepare,15.755,ok
tpcds,10,c,Cheap,4,query_87,explain,4.206,ok
tpcds,10,c,Cheap,4,query_87,prepare,23.952,ok
tpcds,10,c,Cheap,4,query_88,explain,2.684,ok
tpcds,10,c,Cheap,4,query_88,prepare,18.980,ok
tpcds,10,c,Cheap,4,query_89,explain,2.555,ok
tpcds,10,c,Cheap,4,query_89,prepare,18.432,ok
tpcds,10,c,Cheap,4,query_9,explain,3.338,ok
tpcds,10,c,Cheap,4,query_9,prepare,21.596,ok
tpcds,10,c,Cheap,4,query_90,explain,2.987,ok
tpcds,10,c,Cheap,4,query_90,prepare,32.143,ok
tpcds,10,c,Cheap,4,query_91,explain,4.187,ok
tpcds,10,c,Cheap,4,query_91,prepare,12.560,ok
tpcds,10,c,Cheap,4,query_92,explain,3.459,ok
tpcds,10,c,Cheap,4,query_92,prepare,29.733,ok
tpcds,10,c,Cheap,4,query_93,explain,3.112,ok
tpcds,10,c,Cheap,4,query_93,prepare,53.856,ok
tpcds,10,c,Cheap,4,query_94,explain,2.885,ok
tpcds,10,c,Cheap,4,query_94,prepare,18.193,ok
tpcds,10,c,Cheap,4,query_95,explain,3.630,ok
tpcds,10,c,Cheap,4,query_95,prepare,32.907,ok
tpcds,10,c,Cheap,4,query_96,explain,4.001,ok
tpcds,10,c,Cheap,4,query_96,prepare,30.125,ok
tpcds,10,c,Cheap,4,query_97,explain,3.419,ok
tpcds,10,c,Cheap,4,query_97,prepare,16.058,ok
tpcds,10,c,Cheap,4,query_98,explain,3.234,ok
tpcds,10,c,Cheap,4,query_98,prepare,40.638,ok
tpcds,10,c,Cheap,4,query_99,explain,2.741,ok
tpcds,10,c,Cheap,4,query_99,prepare,24.802,ok
tpcds,10,c,Cheap,5,__floor__,floor,1.554,ok
tpcds,10,c,Cheap,5,query_1,explain,2.944,ok
tpcds,10,c,Cheap,5,query_1,prepare,7.350,ok
tpcds,10,c,Cheap,5,query_10,explain,5.662,ok
tpcds,10,c,Cheap,5,query_10,prepare,44.706,ok
tpcds,10,c,Cheap,5,query_11,explain,3.168,ok
tpcds,10,c,Cheap,5,query_11,prepare,19.185,ok
tpcds,10,c,Cheap,5,query_12,explain,2.890,ok
tpcds,10,c,Cheap,5,query_12,prepare,15.306,ok
tpcds,10,c,Cheap,5,query_13,explain,3.439,ok
tpcds,10,c,Cheap,5,query_13,prepare,19.071,ok
tpcds,10,c,Cheap,5,query_14,explain,2.364,ok
tpcds,10,c,Cheap,5,query_14,prepare,13.423,ok
tpcds,10,c,Cheap,5,query_15,explain,2.200,ok
tpcds,10,c,Cheap,5,query_15,prepare,14.118,ok
tpcds,10,c,Cheap,5,query_16,explain,2.552,ok
tpcds,10,c,Cheap,5,query_16,prepare,20.715,ok
tpcds,10,c,Cheap,5,query_17,explain,4.191,ok
tpcds,10,c,Cheap,5,query_17,prepare,13.736,ok
tpcds,10,c,Cheap,5,query_18,explain,3.825,ok
tpcds,10,c,Cheap,5,query_18,prepare,17.644,ok
tpcds,10,c,Cheap,5,query_19,explain,4.367,ok
tpcds,10,c,Cheap,5,query_19,prepare,31.321,ok
tpcds,10,c,Cheap,5,query_2,explain,2.810,ok
tpcds,10,c,Cheap,5,query_2,prepare,14.987,ok
tpcds,10,c,Cheap,5,query_20,explain,8.438,ok
tpcds,10,c,Cheap,5,query_20,prepare,46.442,ok
tpcds,10,c,Cheap,5,query_21,explain,3.054,ok
tpcds,10,c,Cheap,5,query_21,prepare,23.664,ok
tpcds,10,c,Cheap,5,query_22,explain,3.789,ok
tpcds,10,c,Cheap,5,query_22,prepare,25.444,ok
tpcds,10,c,Cheap,5,query_23,explain,3.553,ok
tpcds,10,c,Cheap,5,query_23,prepare,21.224,ok
tpcds,10,c,Cheap,5,query_24,explain,3.059,ok
tpcds,10,c,Cheap,5,query_24,prepare,18.638,ok
tpcds,10,c,Cheap,5,query_25,explain,3.095,ok
tpcds,10,c,Cheap,5,query_25,prepare,12.740,ok
tpcds,10,c,Cheap,5,query_26,explain,3.355,ok
tpcds,10,c,Cheap,5,query_26,prepare,22.566,ok
tpcds,10,c,Cheap,5,query_27,explain,3.118,ok
tpcds,10,c,Cheap,5,query_27,prepare,18.556,ok
tpcds,10,c,Cheap,5,query_28,explain,3.279,ok
tpcds,10,c,Cheap,5,query_28,prepare,20.776,ok
tpcds,10,c,Cheap,5,query_29,explain,3.608,ok
tpcds,10,c,Cheap,5,query_29,prepare,30.747,ok
tpcds,10,c,Cheap,5,query_3,explain,4.785,ok
tpcds,10,c,Cheap,5,query_3,prepare,32.970,ok
tpcds,10,c,Cheap,5,query_30,explain,3.303,ok
tpcds,10,c,Cheap,5,query_30,prepare,21.675,ok
tpcds,10,c,Cheap,5,query_31,explain,2.737,ok
tpcds,10,c,Cheap,5,query_31,prepare,11.728,ok
tpcds,10,c,Cheap,5,query_32,explain,2.317,ok
tpcds,10,c,Cheap,5,query_32,prepare,24.885,ok
tpcds,10,c,Cheap,5,query_33,explain,4.861,ok
tpcds,10,c,Cheap,5,query_33,prepare,27.724,ok
tpcds,10,c,Cheap,5,query_34,explain,2.733,ok
tpcds,10,c,Cheap,5,query_34,prepare,29.641,ok
tpcds,10,c,Cheap,5,query_35,explain,2.459,ok
tpcds,10,c,Cheap,5,query_35,prepare,29.210,ok
tpcds,10,c,Cheap,5,query_36,explain,3.818,ok
tpcds,10,c,Cheap,5,query_36,prepare,31.700,ok
tpcds,10,c,Cheap,5,query_37,explain,2.933,ok
tpcds,10,c,Cheap,5,query_37,prepare,43.949,ok
tpcds,10,c,Cheap,5,query_38,explain,2.644,ok
tpcds,10,c,Cheap,5,query_38,prepare,11.367,ok
tpcds,10,c,Cheap,5,query_39,explain,4.315,ok
tpcds,10,c,Cheap,5,query_39,prepare,70.537,ok
tpcds,10,c,Cheap,5,query_4,explain,4.068,ok
tpcds,10,c,Cheap,5,query_4,prepare,26.078,ok
tpcds,10,c,Cheap,5,query_40,explain,2.841,ok
tpcds,10,c,Cheap,5,query_40,prepare,9.902,ok
tpcds,10,c,Cheap,5,query_41,explain,3.860,ok
tpcds,10,c,Cheap,5,query_41,prepare,27.393,ok
tpcds,10,c,Cheap,5,query_42,explain,3.564,ok
tpcds,10,c,Cheap,5,query_42,prepare,43.434,ok
tpcds,10,c,Cheap,5,query_43,explain,4.381,ok
tpcds,10,c,Cheap,5,query_43,prepare,16.630,ok
tpcds,10,c,Cheap,5,query_44,explain,2.743,ok
tpcds,10,c,Cheap,5,query_44,prepare,10.826,ok
tpcds,10,c,Cheap,5,query_45,explain,2.156,ok
tpcds,10,c,Cheap,5,query_45,prepare,11.841,ok
tpcds,10,c,Cheap,5,query_46,explain,2.517,ok
tpcds,10,c,Cheap,5,query_46,prepare,25.851,ok
tpcds,10,c,Cheap,5,query_47,explain,3.210,ok
tpcds,10,c,Cheap,5,query_47,prepare,21.730,ok
tpcds,10,c,Cheap,5,query_48,explain,4.069,ok
tpcds,10,c,Cheap,5,query_48,prepare,52.278,ok
tpcds,10,c,Cheap,5,query_49,explain,4.598,ok
tpcds,10,c,Cheap,5,query_49,prepare,24.167,ok
tpcds,10,c,Cheap,5,query_5,explain,2.869,ok
tpcds,10,c,Cheap,5,query_5,prepare,14.247,ok
tpcds,10,c,Cheap,5,query_50,explain,3.670,ok
tpcds,10,c,Cheap,5,query_50,prepare,27.165,ok
tpcds,10,c,Cheap,5,query_51,explain,2.877,ok
tpcds,10,c,Cheap,5,query_51,prepare,33.915,ok
tpcds,10,c,Cheap,5,query_52,explain,2.399,ok
tpcds,10,c,Cheap,5,query_52,prepare,9.400,ok
tpcds,10,c,Cheap,5,query_53,explain,3.504,ok
tpcds,10,c,Cheap,5,query_53,prepare,22.754,ok
tpcds,10,c,Cheap,5,query_54,explain,2.643,ok
tpcds,10,c,Cheap,5,query_54,prepare,17.902,ok
tpcds,10,c,Cheap,5,query_55,explain,2.005,ok
tpcds,10,c,Cheap,5,query_55,prepare,22.398,ok
tpcds,10,c,Cheap,5,query_56,explain,2.801,ok
tpcds,10,c,Cheap,5,query_56,prepare,31.397,ok
tpcds,10,c,Cheap,5,query_57,explain,2.685,ok
tpcds,10,c,Cheap,5,query_57,prepare,12.994,ok
tpcds,10,c,Cheap,5,query_58,explain,2.785,ok
tpcds,10,c,Cheap,5,query_58,prepare,17.197,ok
tpcds,10,c,Cheap,5,query_59,explain,2.191,ok
tpcds,10,c,Cheap,5,query_59,prepare,11.130,ok
tpcds,10,c,Cheap,5,query_6,explain,4.530,ok
tpcds,10,c,Cheap,5,query_6,prepare,45.171,ok
tpcds,10,c,Cheap,5,query_60,explain,3.545,ok
tpcds,10,c,Cheap,5,query_60,prepare,26.952,ok
tpcds,10,c,Cheap,5,query_61,explain,2.337,ok
tpcds,10,c,Cheap,5,query_61,prepare,11.268,ok
tpcds,10,c,Cheap,5,query_62,explain,2.968,ok
tpcds,10,c,Cheap,5,query_62,prepare,13.578,ok
tpcds,10,c,Cheap,5,query_63,explain,3.638,ok
tpcds,10,c,Cheap,5,query_63,prepare,28.552,ok
tpcds,10,c,Cheap,5,query_64,explain,2.684,ok
tpcds,10,c,Cheap,5,query_64,prepare,25.667,ok
tpcds,10,c,Cheap,5,query_65,explain,2.569,ok
tpcds,10,c,Cheap,5,query_65,prepare,25.416,ok
tpcds,10,c,Cheap,5,query_66,explain,6.345,ok
tpcds,10,c,Cheap,5,query_66,prepare,35.269,ok
tpcds,10,c,Cheap,5,query_67,explain,2.690,ok
tpcds,10,c,Cheap,5,query_67,prepare,12.828,ok
tpcds,10,c,Cheap,5,query_68,explain,4.931,ok
tpcds,10,c,Cheap,5,query_68,prepare,24.546,ok
tpcds,10,c,Cheap,5,query_69,explain,7.095,ok
tpcds,10,c,Cheap,5,query_69,prepare,58.113,ok
tpcds,10,c,Cheap,5,query_7,explain,3.249,ok
tpcds,10,c,Cheap,5,query_7,prepare,10.140,ok
tpcds,10,c,Cheap,5,query_70,explain,3.430,ok
tpcds,10,c,Cheap,5,query_70,prepare,43.729,ok
tpcds,10,c,Cheap,5,query_71,explain,3.326,ok
tpcds,10,c,Cheap,5,query_71,prepare,22.584,ok
tpcds,10,c,Cheap,5,query_72,explain,3.103,ok
tpcds,10,c,Cheap,5,query_72,prepare,17.407,ok
tpcds,10,c,Cheap,5,query_73,explain,3.075,ok
tpcds,10,c,Cheap,5,query_73,prepare,12.832,ok
tpcds,10,c,Cheap,5,query_74,explain,3.859,ok
tpcds,10,c,Cheap,5,query_74,prepare,9.911,ok
tpcds,10,c,Cheap,5,query_75,explain,3.309,ok
tpcds,10,c,Cheap,5,query_75,prepare,22.211,ok
tpcds,10,c,Cheap,5,query_76,explain,2.754,ok
tpcds,10,c,Cheap,5,query_76,prepare,26.851,ok
tpcds,10,c,Cheap,5,query_77,explain,2.733,ok
tpcds,10,c,Cheap,5,query_77,prepare,17.936,ok
tpcds,10,c,Cheap,5,query_78,explain,4.356,ok
tpcds,10,c,Cheap,5,query_78,prepare,45.125,ok
tpcds,10,c,Cheap,5,query_79,explain,3.345,ok
tpcds,10,c,Cheap,5,query_79,prepare,13.421,ok
tpcds,10,c,Cheap,5,query_8,explain,2.967,ok
tpcds,10,c,Cheap,5,query_8,prepare,19.990,ok
tpcds,10,c,Cheap,5,query_80,explain,2.683,ok
tpcds,10,c,Cheap,5,query_80,prepare,12.231,ok
tpcds,10,c,Cheap,5,query_81,explain,3.566,ok
tpcds,10,c,Cheap,5,query_81,prepare,25.360,ok
tpcds,10,c,Cheap,5,query_82,explain,3.131,ok
tpcds,10,c,Cheap,5,query_82,prepare,11.101,ok
tpcds,10,c,Cheap,5,query_83,explain,4.085,ok
tpcds,10,c,Cheap,5,query_83,prepare,30.792,ok
tpcds,10,c,Cheap,5,query_84,explain,3.524,ok
tpcds,10,c,Cheap,5,query_84,prepare,16.908,ok
tpcds,10,c,Cheap,5,query_85,explain,2.652,ok
tpcds,10,c,Cheap,5,query_85,prepare,14.779,ok
tpcds,10,c,Cheap,5,query_86,explain,2.697,ok
tpcds,10,c,Cheap,5,query_86,prepare,15.918,ok
tpcds,10,c,Cheap,5,query_87,explain,4.389,ok
tpcds,10,c,Cheap,5,query_87,prepare,24.083,ok
tpcds,10,c,Cheap,5,query_88,explain,2.936,ok
tpcds,10,c,Cheap,5,query_88,prepare,19.629,ok
tpcds,10,c,Cheap,5,query_89,explain,2.753,ok
tpcds,10,c,Cheap,5,query_89,prepare,18.047,ok
tpcds,10,c,Cheap,5,query_9,explain,3.455,ok
tpcds,10,c,Cheap,5,query_9,prepare,21.840,ok
tpcds,10,c,Cheap,5,query_90,explain,3.135,ok
tpcds,10,c,Cheap,5,query_90,prepare,32.293,ok
tpcds,10,c,Cheap,5,query_91,explain,4.588,ok
tpcds,10,c,Cheap,5,query_91,prepare,12.764,ok
tpcds,10,c,Cheap,5,query_92,explain,3.637,ok
tpcds,10,c,Cheap,5,query_92,prepare,30.177,ok
tpcds,10,c,Cheap,5,query_93,explain,3.384,ok
tpcds,10,c,Cheap,5,query_93,prepare,54.473,ok
tpcds,10,c,Cheap,5,query_94,explain,3.411,ok
tpcds,10,c,Cheap,5,query_94,prepare,18.537,ok
tpcds,10,c,Cheap,5,query_95,explain,3.961,ok
tpcds,10,c,Cheap,5,query_95,prepare,33.491,ok
tpcds,10,c,Cheap,5,query_96,explain,4.482,ok
tpcds,10,c,Cheap,5,query_96,prepare,30.588,ok
tpcds,10,c,Cheap,5,query_97,explain,3.901,ok
tpcds,10,c,Cheap,5,query_97,prepare,16.395,ok
tpcds,10,c,Cheap,5,query_98,explain,3.445,ok
tpcds,10,c,Cheap,5,query_98,prepare,41.077,ok
tpcds,10,c,Cheap,5,query_99,explain,3.051,ok
tpcds,10,c,Cheap,5,query_99,prepare,25.065,ok
tpcds,10,o,Optimized,1,__floor__,floor,4.879,ok
tpcds,10,o,Optimized,1,query_1,explain,5.968,ok
tpcds,10,o,Optimized,1,query_1,prepare,33.542,ok
tpcds,10,o,Optimized,1,query_10,explain,7.591,ok
tpcds,10,o,Optimized,1,query_10,prepare,194.925,ok
tpcds,10,o,Optimized,1,query_11,explain,7.422,ok
tpcds,10,o,Optimized,1,query_11,prepare,125.132,ok
tpcds,10,o,Optimized,1,query_12,explain,7.451,ok
tpcds,10,o,Optimized,1,query_12,prepare,93.580,ok
tpcds,10,o,Optimized,1,query_13,explain,8.774,ok
tpcds,10,o,Optimized,1,query_13,prepare,117.377,ok
tpcds,10,o,Optimized,1,query_14,explain,7.120,ok
tpcds,10,o,Optimized,1,query_14,prepare,79.760,ok
tpcds,10,o,Optimized,1,query_15,explain,6.486,ok
tpcds,10,o,Optimized,1,query_15,prepare,92.118,ok
tpcds,10,o,Optimized,1,query_16,explain,7.663,ok
tpcds,10,o,Optimized,1,query_16,prepare,130.277,ok
tpcds,10,o,Optimized,1,query_17,explain,7.465,ok
tpcds,10,o,Optimized,1,query_17,prepare,81.450,ok
tpcds,10,o,Optimized,1,query_18,explain,7.321,ok
tpcds,10,o,Optimized,1,query_18,prepare,104.622,ok
tpcds,10,o,Optimized,1,query_19,explain,9.381,ok
tpcds,10,o,Optimized,1,query_19,prepare,188.268,ok
tpcds,10,o,Optimized,1,query_2,explain,8.049,ok
tpcds,10,o,Optimized,1,query_2,prepare,87.481,ok
tpcds,10,o,Optimized,1,query_20,explain,13.905,ok
tpcds,10,o,Optimized,1,query_20,prepare,262.729,ok
tpcds,10,o,Optimized,1,query_21,explain,8.038,ok
tpcds,10,o,Optimized,1,query_21,prepare,139.272,ok
tpcds,10,o,Optimized,1,query_22,explain,8.517,ok
tpcds,10,o,Optimized,1,query_22,prepare,179.913,ok
tpcds,10,o,Optimized,1,query_23,explain,8.869,ok
tpcds,10,o,Optimized,1,query_23,prepare,133.007,ok
tpcds,10,o,Optimized,1,query_24,explain,7.711,ok
tpcds,10,o,Optimized,1,query_24,prepare,102.541,ok
tpcds,10,o,Optimized,1,query_25,explain,7.835,ok
tpcds,10,o,Optimized,1,query_25,prepare,79.328,ok
tpcds,10,o,Optimized,1,query_26,explain,8.003,ok
tpcds,10,o,Optimized,1,query_26,prepare,166.550,ok
tpcds,10,o,Optimized,1,query_27,explain,8.328,ok
tpcds,10,o,Optimized,1,query_27,prepare,121.960,ok
tpcds,10,o,Optimized,1,query_28,explain,8.158,ok
tpcds,10,o,Optimized,1,query_28,prepare,146.236,ok
tpcds,10,o,Optimized,1,query_29,explain,8.362,ok
tpcds,10,o,Optimized,1,query_29,prepare,199.149,ok
tpcds,10,o,Optimized,1,query_3,explain,9.683,ok
tpcds,10,o,Optimized,1,query_3,prepare,224.103,ok
tpcds,10,o,Optimized,1,query_30,explain,8.272,ok
tpcds,10,o,Optimized,1,query_30,prepare,139.646,ok
tpcds,10,o,Optimized,1,query_31,explain,7.508,ok
tpcds,10,o,Optimized,1,query_31,prepare,64.977,ok
tpcds,10,o,Optimized,1,query_32,explain,7.018,ok
tpcds,10,o,Optimized,1,query_32,prepare,153.700,ok
tpcds,10,o,Optimized,1,query_33,explain,10.117,ok
tpcds,10,o,Optimized,1,query_33,prepare,140.921,ok
tpcds,10,o,Optimized,1,query_34,explain,7.371,ok
tpcds,10,o,Optimized,1,query_34,prepare,205.781,ok
tpcds,10,o,Optimized,1,query_35,explain,7.260,ok
tpcds,10,o,Optimized,1,query_35,prepare,209.444,ok
tpcds,10,o,Optimized,1,query_36,explain,8.979,ok
tpcds,10,o,Optimized,1,query_36,prepare,205.591,ok
tpcds,10,o,Optimized,1,query_37,explain,7.901,ok
tpcds,10,o,Optimized,1,query_37,prepare,239.599,ok
tpcds,10,o,Optimized,1,query_38,explain,7.676,ok
tpcds,10,o,Optimized,1,query_38,prepare,75.737,ok
tpcds,10,o,Optimized,1,query_39,explain,8.949,ok
tpcds,10,o,Optimized,1,query_39,prepare,498.232,ok
tpcds,10,o,Optimized,1,query_4,explain,9.160,ok
tpcds,10,o,Optimized,1,query_4,prepare,151.793,ok
tpcds,10,o,Optimized,1,query_40,explain,7.526,ok
tpcds,10,o,Optimized,1,query_40,prepare,62.724,ok
tpcds,10,o,Optimized,1,query_41,explain,8.337,ok
tpcds,10,o,Optimized,1,query_41,prepare,166.410,ok
tpcds,10,o,Optimized,1,query_42,explain,8.541,ok
tpcds,10,o,Optimized,1,query_42,prepare,313.954,ok
tpcds,10,o,Optimized,1,query_43,explain,9.447,ok
tpcds,10,o,Optimized,1,query_43,prepare,108.565,ok
tpcds,10,o,Optimized,1,query_44,explain,7.148,ok
tpcds,10,o,Optimized,1,query_44,prepare,63.019,ok
tpcds,10,o,Optimized,1,query_45,explain,6.514,ok
tpcds,10,o,Optimized,1,query_45,prepare,80.272,ok
tpcds,10,o,Optimized,1,query_46,explain,6.769,ok
tpcds,10,o,Optimized,1,query_46,prepare,241.079,ok
tpcds,10,o,Optimized,1,query_47,explain,8.498,ok
tpcds,10,o,Optimized,1,query_47,prepare,167.945,ok
tpcds,10,o,Optimized,1,query_48,explain,9.241,ok
tpcds,10,o,Optimized,1,query_48,prepare,291.398,ok
tpcds,10,o,Optimized,1,query_49,explain,8.728,ok
tpcds,10,o,Optimized,1,query_49,prepare,128.692,ok
tpcds,10,o,Optimized,1,query_5,explain,7.171,ok
tpcds,10,o,Optimized,1,query_5,prepare,88.240,ok
tpcds,10,o,Optimized,1,query_50,explain,8.246,ok
tpcds,10,o,Optimized,1,query_50,prepare,161.926,ok
tpcds,10,o,Optimized,1,query_51,explain,7.792,ok
tpcds,10,o,Optimized,1,query_51,prepare,221.204,ok
tpcds,10,o,Optimized,1,query_52,explain,7.093,ok
tpcds,10,o,Optimized,1,query_52,prepare,66.159,ok
tpcds,10,o,Optimized,1,query_53,explain,7.936,ok
tpcds,10,o,Optimized,1,query_53,prepare,139.627,ok
tpcds,10,o,Optimized,1,query_54,explain,7.322,ok
tpcds,10,o,Optimized,1,query_54,prepare,122.446,ok
tpcds,10,o,Optimized,1,query_55,explain,6.456,ok
tpcds,10,o,Optimized,1,query_55,prepare,128.134,ok
tpcds,10,o,Optimized,1,query_56,explain,7.548,ok
tpcds,10,o,Optimized,1,query_56,prepare,209.053,ok
tpcds,10,o,Optimized,1,query_57,explain,7.617,ok
tpcds,10,o,Optimized,1,query_57,prepare,78.471,ok
tpcds,10,o,Optimized,1,query_58,explain,7.436,ok
tpcds,10,o,Optimized,1,query_58,prepare,102.702,ok
tpcds,10,o,Optimized,1,query_59,explain,6.691,ok
tpcds,10,o,Optimized,1,query_59,prepare,74.619,ok
tpcds,10,o,Optimized,1,query_6,explain,9.516,ok
tpcds,10,o,Optimized,1,query_6,prepare,288.264,ok
tpcds,10,o,Optimized,1,query_60,explain,8.657,ok
tpcds,10,o,Optimized,1,query_60,prepare,175.083,ok
tpcds,10,o,Optimized,1,query_61,explain,7.144,ok
tpcds,10,o,Optimized,1,query_61,prepare,66.791,ok
tpcds,10,o,Optimized,1,query_62,explain,7.421,ok
tpcds,10,o,Optimized,1,query_62,prepare,82.762,ok
tpcds,10,o,Optimized,1,query_63,explain,8.402,ok
tpcds,10,o,Optimized,1,query_63,prepare,167.484,ok
tpcds,10,o,Optimized,1,query_64,explain,7.555,ok
tpcds,10,o,Optimized,1,query_64,prepare,162.090,ok
tpcds,10,o,Optimized,1,query_65,explain,7.220,ok
tpcds,10,o,Optimized,1,query_65,prepare,160.726,ok
tpcds,10,o,Optimized,1,query_66,explain,11.261,ok
tpcds,10,o,Optimized,1,query_66,prepare,242.862,ok
tpcds,10,o,Optimized,1,query_67,explain,7.773,ok
tpcds,10,o,Optimized,1,query_67,prepare,72.432,ok
tpcds,10,o,Optimized,1,query_68,explain,9.383,ok
tpcds,10,o,Optimized,1,query_68,prepare,155.812,ok
tpcds,10,o,Optimized,1,query_69,explain,12.105,ok
tpcds,10,o,Optimized,1,query_69,prepare,393.621,ok
tpcds,10,o,Optimized,1,query_7,explain,8.599,ok
tpcds,10,o,Optimized,1,query_7,prepare,57.070,ok
tpcds,10,o,Optimized,1,query_70,explain,7.842,ok
tpcds,10,o,Optimized,1,query_70,prepare,307.203,ok
tpcds,10,o,Optimized,1,query_71,explain,8.334,ok
tpcds,10,o,Optimized,1,query_71,prepare,143.840,ok
tpcds,10,o,Optimized,1,query_72,explain,8.261,ok
tpcds,10,o,Optimized,1,query_72,prepare,128.848,ok
tpcds,10,o,Optimized,1,query_73,explain,8.112,ok
tpcds,10,o,Optimized,1,query_73,prepare,76.512,ok
tpcds,10,o,Optimized,1,query_74,explain,8.940,ok
tpcds,10,o,Optimized,1,query_74,prepare,54.164,ok
tpcds,10,o,Optimized,1,query_75,explain,7.939,ok
tpcds,10,o,Optimized,1,query_75,prepare,129.560,ok
tpcds,10,o,Optimized,1,query_76,explain,7.450,ok
tpcds,10,o,Optimized,1,query_76,prepare,176.504,ok
tpcds,10,o,Optimized,1,query_77,explain,7.351,ok
tpcds,10,o,Optimized,1,query_77,prepare,122.724,ok
tpcds,10,o,Optimized,1,query_78,explain,8.925,ok
tpcds,10,o,Optimized,1,query_78,prepare,294.147,ok
tpcds,10,o,Optimized,1,query_79,explain,8.624,ok
tpcds,10,o,Optimized,1,query_79,prepare,79.747,ok
tpcds,10,o,Optimized,1,query_8,explain,7.244,ok
tpcds,10,o,Optimized,1,query_8,prepare,125.803,ok
tpcds,10,o,Optimized,1,query_80,explain,8.088,ok
tpcds,10,o,Optimized,1,query_80,prepare,71.604,ok
tpcds,10,o,Optimized,1,query_81,explain,7.713,ok
tpcds,10,o,Optimized,1,query_81,prepare,168.941,ok
tpcds,10,o,Optimized,1,query_82,explain,6.924,ok
tpcds,10,o,Optimized,1,query_82,prepare,64.893,ok
tpcds,10,o,Optimized,1,query_83,explain,8.345,ok
tpcds,10,o,Optimized,1,query_83,prepare,210.103,ok
tpcds,10,o,Optimized,1,query_84,explain,8.213,ok
tpcds,10,o,Optimized,1,query_84,prepare,104.661,ok
tpcds,10,o,Optimized,1,query_85,explain,7.203,ok
tpcds,10,o,Optimized,1,query_85,prepare,88.969,ok
tpcds,10,o,Optimized,1,query_86,explain,7.224,ok
tpcds,10,o,Optimized,1,query_86,prepare,91.602,ok
tpcds,10,o,Optimized,1,query_87,explain,9.225,ok
tpcds,10,o,Optimized,1,query_87,prepare,151.080,ok
tpcds,10,o,Optimized,1,query_88,explain,8.275,ok
tpcds,10,o,Optimized,1,query_88,prepare,132.497,ok
tpcds,10,o,Optimized,1,query_89,explain,7.651,ok
tpcds,10,o,Optimized,1,query_89,prepare,114.388,ok
tpcds,10,o,Optimized,1,query_9,explain,8.155,ok
tpcds,10,o,Optimized,1,query_9,prepare,129.822,ok
tpcds,10,o,Optimized,1,query_90,explain,8.016,ok
tpcds,10,o,Optimized,1,query_90,prepare,209.422,ok
tpcds,10,o,Optimized,1,query_91,explain,9.723,ok
tpcds,10,o,Optimized,1,query_91,prepare,75.335,ok
tpcds,10,o,Optimized,1,query_92,explain,8.254,ok
tpcds,10,o,Optimized,1,query_92,prepare,195.814,ok
tpcds,10,o,Optimized,1,query_93,explain,8.191,ok
tpcds,10,o,Optimized,1,query_93,prepare,313.231,ok
tpcds,10,o,Optimized,1,query_94,explain,7.796,ok
tpcds,10,o,Optimized,1,query_94,prepare,101.881,ok
tpcds,10,o,Optimized,1,query_95,explain,9.127,ok
tpcds,10,o,Optimized,1,query_95,prepare,233.413,ok
tpcds,10,o,Optimized,1,query_96,explain,9.117,ok
tpcds,10,o,Optimized,1,query_96,prepare,202.940,ok
tpcds,10,o,Optimized,1,query_97,explain,8.854,ok
tpcds,10,o,Optimized,1,query_97,prepare,106.058,ok
tpcds,10,o,Optimized,1,query_98,explain,8.345,ok
tpcds,10,o,Optimized,1,query_98,prepare,277.161,ok
tpcds,10,o,Optimized,1,query_99,explain,8.009,ok
tpcds,10,o,Optimized,1,query_99,prepare,165.878,ok
tpcds,10,o,Optimized,2,__floor__,floor,5.006,ok
tpcds,10,o,Optimized,2,query_1,explain,6.074,ok
tpcds,10,o,Optimized,2,query_1,prepare,34.559,ok
tpcds,10,o,Optimized,2,query_10,explain,7.759,ok
tpcds,10,o,Optimized,2,query_10,prepare,207.257,ok
tpcds,10,o,Optimized,2,query_11,explain,7.390,ok
tpcds,10,o,Optimized,2,query_11,prepare,126.797,ok
tpcds,10,o,Optimized,2,query_12,explain,7.720,ok
tpcds,10,o,Optimized,2,query_12,prepare,94.644,ok
tpcds,10,o,Optimized,2,query_13,explain,8.611,ok
tpcds,10,o,Optimized,2,query_13,prepare,119.119,ok
tpcds,10,o,Optimized,2,query_14,explain,7.090,ok
tpcds,10,o,Optimized,2,query_14,prepare,81.083,ok
tpcds,10,o,Optimized,2,query_15,explain,6.772,ok
tpcds,10,o,Optimized,2,query_15,prepare,93.456,ok
tpcds,10,o,Optimized,2,query_16,explain,7.436,ok
tpcds,10,o,Optimized,2,query_16,prepare,132.303,ok
tpcds,10,o,Optimized,2,query_17,explain,7.770,ok
tpcds,10,o,Optimized,2,query_17,prepare,82.139,ok
tpcds,10,o,Optimized,2,query_18,explain,7.585,ok
tpcds,10,o,Optimized,2,query_18,prepare,102.870,ok
tpcds,10,o,Optimized,2,query_19,explain,9.368,ok
tpcds,10,o,Optimized,2,query_19,prepare,195.610,ok
tpcds,10,o,Optimized,2,query_2,explain,7.563,ok
tpcds,10,o,Optimized,2,query_2,prepare,85.496,ok
tpcds,10,o,Optimized,2,query_20,explain,12.758,ok
tpcds,10,o,Optimized,2,query_20,prepare,264.326,ok
tpcds,10,o,Optimized,2,query_21,explain,7.557,ok
tpcds,10,o,Optimized,2,query_21,prepare,138.149,ok
tpcds,10,o,Optimized,2,query_22,explain,7.941,ok
tpcds,10,o,Optimized,2,query_22,prepare,177.793,ok
tpcds,10,o,Optimized,2,query_23,explain,8.113,ok
tpcds,10,o,Optimized,2,query_23,prepare,131.903,ok
tpcds,10,o,Optimized,2,query_24,explain,7.074,ok
tpcds,10,o,Optimized,2,query_24,prepare,102.025,ok
tpcds,10,o,Optimized,2,query_25,explain,7.508,ok
tpcds,10,o,Optimized,2,query_25,prepare,77.934,ok
tpcds,10,o,Optimized,2,query_26,explain,7.269,ok
tpcds,10,o,Optimized,2,query_26,prepare,164.560,ok
tpcds,10,o,Optimized,2,query_27,explain,6.896,ok
tpcds,10,o,Optimized,2,query_27,prepare,120.196,ok
tpcds,10,o,Optimized,2,query_28,explain,7.331,ok
tpcds,10,o,Optimized,2,query_28,prepare,144.804,ok
tpcds,10,o,Optimized,2,query_29,explain,7.607,ok
tpcds,10,o,Optimized,2,query_29,prepare,197.312,ok
tpcds,10,o,Optimized,2,query_3,explain,8.899,ok
tpcds,10,o,Optimized,2,query_3,prepare,223.092,ok
tpcds,10,o,Optimized,2,query_30,explain,7.384,ok
tpcds,10,o,Optimized,2,query_30,prepare,136.449,ok
tpcds,10,o,Optimized,2,query_31,explain,7.297,ok
tpcds,10,o,Optimized,2,query_31,prepare,63.925,ok
tpcds,10,o,Optimized,2,query_32,explain,6.276,ok
tpcds,10,o,Optimized,2,query_32,prepare,152.745,ok
tpcds,10,o,Optimized,2,query_33,explain,9.170,ok
tpcds,10,o,Optimized,2,query_33,prepare,138.113,ok
tpcds,10,o,Optimized,2,query_34,explain,6.663,ok
tpcds,10,o,Optimized,2,query_34,prepare,206.437,ok
tpcds,10,o,Optimized,2,query_35,explain,7.042,ok
tpcds,10,o,Optimized,2,query_35,prepare,209.390,ok
tpcds,10,o,Optimized,2,query_36,explain,8.453,ok
tpcds,10,o,Optimized,2,query_36,prepare,202.587,ok
tpcds,10,o,Optimized,2,query_37,explain,7.312,ok
tpcds,10,o,Optimized,2,query_37,prepare,238.144,ok
tpcds,10,o,Optimized,2,query_38,explain,6.953,ok
tpcds,10,o,Optimized,2,query_38,prepare,74.557,ok
tpcds,10,o,Optimized,2,query_39,explain,8.152,ok
tpcds,10,o,Optimized,2,query_39,prepare,507.097,ok
tpcds,10,o,Optimized,2,query_4,explain,8.270,ok
tpcds,10,o,Optimized,2,query_4,prepare,150.353,ok
tpcds,10,o,Optimized,2,query_40,explain,6.640,ok
tpcds,10,o,Optimized,2,query_40,prepare,61.869,ok
tpcds,10,o,Optimized,2,query_41,explain,7.457,ok
tpcds,10,o,Optimized,2,query_41,prepare,166.631,ok
tpcds,10,o,Optimized,2,query_42,explain,8.122,ok
tpcds,10,o,Optimized,2,query_42,prepare,314.051,ok
tpcds,10,o,Optimized,2,query_43,explain,8.509,ok
tpcds,10,o,Optimized,2,query_43,prepare,107.891,ok
tpcds,10,o,Optimized,2,query_44,explain,6.620,ok
tpcds,10,o,Optimized,2,query_44,prepare,62.942,ok
tpcds,10,o,Optimized,2,query_45,explain,5.830,ok
tpcds,10,o,Optimized,2,query_45,prepare,79.783,ok
tpcds,10,o,Optimized,2,query_46,explain,6.374,ok
tpcds,10,o,Optimized,2,query_46,prepare,239.738,ok
tpcds,10,o,Optimized,2,query_47,explain,7.427,ok
tpcds,10,o,Optimized,2,query_47,prepare,167.413,ok
tpcds,10,o,Optimized,2,query_48,explain,8.126,ok
tpcds,10,o,Optimized,2,query_48,prepare,290.647,ok
tpcds,10,o,Optimized,2,query_49,explain,8.124,ok
tpcds,10,o,Optimized,2,query_49,prepare,126.973,ok
tpcds,10,o,Optimized,2,query_5,explain,6.527,ok
tpcds,10,o,Optimized,2,query_5,prepare,87.615,ok
tpcds,10,o,Optimized,2,query_50,explain,7.434,ok
tpcds,10,o,Optimized,2,query_50,prepare,159.592,ok
tpcds,10,o,Optimized,2,query_51,explain,6.924,ok
tpcds,10,o,Optimized,2,query_51,prepare,221.071,ok
tpcds,10,o,Optimized,2,query_52,explain,6.415,ok
tpcds,10,o,Optimized,2,query_52,prepare,64.883,ok
tpcds,10,o,Optimized,2,query_53,explain,7.237,ok
tpcds,10,o,Optimized,2,query_53,prepare,138.719,ok
tpcds,10,o,Optimized,2,query_54,explain,6.769,ok
tpcds,10,o,Optimized,2,query_54,prepare,121.420,ok
tpcds,10,o,Optimized,2,query_55,explain,5.811,ok
tpcds,10,o,Optimized,2,query_55,prepare,127.543,ok
tpcds,10,o,Optimized,2,query_56,explain,6.961,ok
tpcds,10,o,Optimized,2,query_56,prepare,208.682,ok
tpcds,10,o,Optimized,2,query_57,explain,6.906,ok
tpcds,10,o,Optimized,2,query_57,prepare,76.474,ok
tpcds,10,o,Optimized,2,query_58,explain,6.465,ok
tpcds,10,o,Optimized,2,query_58,prepare,101.683,ok
tpcds,10,o,Optimized,2,query_59,explain,5.943,ok
tpcds,10,o,Optimized,2,query_59,prepare,72.574,ok
tpcds,10,o,Optimized,2,query_6,explain,8.188,ok
tpcds,10,o,Optimized,2,query_6,prepare,287.934,ok
tpcds,10,o,Optimized,2,query_60,explain,7.564,ok
tpcds,10,o,Optimized,2,query_60,prepare,176.774,ok
tpcds,10,o,Optimized,2,query_61,explain,6.189,ok
tpcds,10,o,Optimized,2,query_61,prepare,66.294,ok
tpcds,10,o,Optimized,2,query_62,explain,6.840,ok
tpcds,10,o,Optimized,2,query_62,prepare,82.233,ok
tpcds,10,o,Optimized,2,query_63,explain,7.482,ok
tpcds,10,o,Optimized,2,query_63,prepare,164.683,ok
tpcds,10,o,Optimized,2,query_64,explain,6.883,ok
tpcds,10,o,Optimized,2,query_64,prepare,160.230,ok
tpcds,10,o,Optimized,2,query_65,explain,6.835,ok
tpcds,10,o,Optimized,2,query_65,prepare,159.253,ok
tpcds,10,o,Optimized,2,query_66,explain,10.642,ok
tpcds,10,o,Optimized,2,query_66,prepare,242.342,ok
tpcds,10,o,Optimized,2,query_67,explain,6.804,ok
tpcds,10,o,Optimized,2,query_67,prepare,70.985,ok
tpcds,10,o,Optimized,2,query_68,explain,8.621,ok
tpcds,10,o,Optimized,2,query_68,prepare,154.157,ok
tpcds,10,o,Optimized,2,query_69,explain,11.425,ok
tpcds,10,o,Optimized,2,query_69,prepare,392.949,ok
tpcds,10,o,Optimized,2,query_7,explain,7.471,ok
tpcds,10,o,Optimized,2,query_7,prepare,56.108,ok
tpcds,10,o,Optimized,2,query_70,explain,7.178,ok
tpcds,10,o,Optimized,2,query_70,prepare,307.395,ok
tpcds,10,o,Optimized,2,query_71,explain,7.566,ok
tpcds,10,o,Optimized,2,query_71,prepare,142.278,ok
tpcds,10,o,Optimized,2,query_72,explain,7.062,ok
tpcds,10,o,Optimized,2,query_72,prepare,127.612,ok
tpcds,10,o,Optimized,2,query_73,explain,7.079,ok
tpcds,10,o,Optimized,2,query_73,prepare,73.040,ok
tpcds,10,o,Optimized,2,query_74,explain,7.604,ok
tpcds,10,o,Optimized,2,query_74,prepare,53.293,ok
tpcds,10,o,Optimized,2,query_75,explain,7.083,ok
tpcds,10,o,Optimized,2,query_75,prepare,128.821,ok
tpcds,10,o,Optimized,2,query_76,explain,6.676,ok
tpcds,10,o,Optimized,2,query_76,prepare,175.709,ok
tpcds,10,o,Optimized,2,query_77,explain,6.685,ok
tpcds,10,o,Optimized,2,query_77,prepare,121.552,ok
tpcds,10,o,Optimized,2,query_78,explain,8.218,ok
tpcds,10,o,Optimized,2,query_78,prepare,294.279,ok
tpcds,10,o,Optimized,2,query_79,explain,7.470,ok
tpcds,10,o,Optimized,2,query_79,prepare,78.671,ok
tpcds,10,o,Optimized,2,query_8,explain,6.646,ok
tpcds,10,o,Optimized,2,query_8,prepare,122.487,ok
tpcds,10,o,Optimized,2,query_80,explain,6.632,ok
tpcds,10,o,Optimized,2,query_80,prepare,71.098,ok
tpcds,10,o,Optimized,2,query_81,explain,7.098,ok
tpcds,10,o,Optimized,2,query_81,prepare,169.313,ok
tpcds,10,o,Optimized,2,query_82,explain,6.697,ok
tpcds,10,o,Optimized,2,query_82,prepare,63.990,ok
tpcds,10,o,Optimized,2,query_83,explain,7.842,ok
tpcds,10,o,Optimized,2,query_83,prepare,210.190,ok
tpcds,10,o,Optimized,2,query_84,explain,7.607,ok
tpcds,10,o,Optimized,2,query_84,prepare,103.996,ok
tpcds,10,o,Optimized,2,query_85,explain,6.840,ok
tpcds,10,o,Optimized,2,query_85,prepare,88.157,ok
tpcds,10,o,Optimized,2,query_86,explain,6.452,ok
tpcds,10,o,Optimized,2,query_86,prepare,90.677,ok
tpcds,10,o,Optimized,2,query_87,explain,8.255,ok
tpcds,10,o,Optimized,2,query_87,prepare,149.379,ok
tpcds,10,o,Optimized,2,query_88,explain,7.419,ok
tpcds,10,o,Optimized,2,query_88,prepare,131.782,ok
tpcds,10,o,Optimized,2,query_89,explain,6.829,ok
tpcds,10,o,Optimized,2,query_89,prepare,113.450,ok
tpcds,10,o,Optimized,2,query_9,explain,7.692,ok
tpcds,10,o,Optimized,2,query_9,prepare,129.014,ok
tpcds,10,o,Optimized,2,query_90,explain,7.282,ok
tpcds,10,o,Optimized,2,query_90,prepare,209.684,ok
tpcds,10,o,Optimized,2,query_91,explain,9.029,ok
tpcds,10,o,Optimized,2,query_91,prepare,74.134,ok
tpcds,10,o,Optimized,2,query_92,explain,7.941,ok
tpcds,10,o,Optimized,2,query_92,prepare,194.028,ok
tpcds,10,o,Optimized,2,query_93,explain,7.812,ok
tpcds,10,o,Optimized,2,query_93,prepare,314.666,ok
tpcds,10,o,Optimized,2,query_94,explain,7.371,ok
tpcds,10,o,Optimized,2,query_94,prepare,101.365,ok
tpcds,10,o,Optimized,2,query_95,explain,8.084,ok
tpcds,10,o,Optimized,2,query_95,prepare,233.429,ok
tpcds,10,o,Optimized,2,query_96,explain,8.845,ok
tpcds,10,o,Optimized,2,query_96,prepare,202.276,ok
tpcds,10,o,Optimized,2,query_97,explain,8.077,ok
tpcds,10,o,Optimized,2,query_97,prepare,103.984,ok
tpcds,10,o,Optimized,2,query_98,explain,7.270,ok
tpcds,10,o,Optimized,2,query_98,prepare,276.397,ok
tpcds,10,o,Optimized,2,query_99,explain,7.074,ok
tpcds,10,o,Optimized,2,query_99,prepare,163.988,ok
tpcds,10,o,Optimized,3,__floor__,floor,4.868,ok
tpcds,10,o,Optimized,3,query_1,explain,5.647,ok
tpcds,10,o,Optimized,3,query_1,prepare,33.641,ok
tpcds,10,o,Optimized,3,query_10,explain,7.286,ok
tpcds,10,o,Optimized,3,query_10,prepare,196.081,ok
tpcds,10,o,Optimized,3,query_11,explain,6.557,ok
tpcds,10,o,Optimized,3,query_11,prepare,124.275,ok
tpcds,10,o,Optimized,3,query_12,explain,6.671,ok
tpcds,10,o,Optimized,3,query_12,prepare,90.633,ok
tpcds,10,o,Optimized,3,query_13,explain,7.149,ok
tpcds,10,o,Optimized,3,query_13,prepare,117.505,ok
tpcds,10,o,Optimized,3,query_14,explain,6.203,ok
tpcds,10,o,Optimized,3,query_14,prepare,79.591,ok
tpcds,10,o,Optimized,3,query_15,explain,6.234,ok
tpcds,10,o,Optimized,3,query_15,prepare,92.109,ok
tpcds,10,o,Optimized,3,query_16,explain,6.483,ok
tpcds,10,o,Optimized,3,query_16,prepare,129.749,ok
tpcds,10,o,Optimized,3,query_17,explain,7.211,ok
tpcds,10,o,Optimized,3,query_17,prepare,80.584,ok
tpcds,10,o,Optimized,3,query_18,explain,6.648,ok
tpcds,10,o,Optimized,3,query_18,prepare,101.708,ok
tpcds,10,o,Optimized,3,query_19,explain,7.955,ok
tpcds,10,o,Optimized,3,query_19,prepare,187.896,ok
tpcds,10,o,Optimized,3,query_2,explain,7.062,ok
tpcds,10,o,Optimized,3,query_2,prepare,85.247,ok
tpcds,10,o,Optimized,3,query_20,explain,12.406,ok
tpcds,10,o,Optimized,3,query_20,prepare,264.441,ok
tpcds,10,o,Optimized,3,query_21,explain,7.316,ok
tpcds,10,o,Optimized,3,query_21,prepare,137.405,ok
tpcds,10,o,Optimized,3,query_22,explain,7.630,ok
tpcds,10,o,Optimized,3,query_22,prepare,178.949,ok
tpcds,10,o,Optimized,3,query_23,explain,7.556,ok
tpcds,10,o,Optimized,3,query_23,prepare,132.391,ok
tpcds,10,o,Optimized,3,query_24,explain,6.870,ok
tpcds,10,o,Optimized,3,query_24,prepare,101.231,ok
tpcds,10,o,Optimized,3,query_25,explain,7.454,ok
tpcds,10,o,Optimized,3,query_25,prepare,78.573,ok
tpcds,10,o,Optimized,3,query_26,explain,7.274,ok
tpcds,10,o,Optimized,3,query_26,prepare,163.491,ok
tpcds,10,o,Optimized,3,query_27,explain,7.306,ok
tpcds,10,o,Optimized,3,query_27,prepare,120.363,ok
tpcds,10,o,Optimized,3,query_28,explain,7.465,ok
tpcds,10,o,Optimized,3,query_28,prepare,144.478,ok
tpcds,10,o,Optimized,3,query_29,explain,7.748,ok
tpcds,10,o,Optimized,3,query_29,prepare,198.314,ok
tpcds,10,o,Optimized,3,query_3,explain,8.669,ok
tpcds,10,o,Optimized,3,query_3,prepare,222.181,ok
tpcds,10,o,Optimized,3,query_30,explain,7.369,ok
tpcds,10,o,Optimized,3,query_30,prepare,136.084,ok
tpcds,10,o,Optimized,3,query_31,explain,6.807,ok
tpcds,10,o,Optimized,3,query_31,prepare,64.740,ok
tpcds,10,o,Optimized,3,query_32,explain,6.450,ok
tpcds,10,o,Optimized,3,query_32,prepare,153.090,ok
tpcds,10,o,Optimized,3,query_33,explain,8.912,ok
tpcds,10,o,Optimized,3,query_33,prepare,138.835,ok
tpcds,10,o,Optimized,3,query_34,explain,6.618,ok
tpcds,10,o,Optimized,3,query_34,prepare,205.045,ok
tpcds,10,o,Optimized,3,query_35,explain,6.442,ok
tpcds,10,o,Optimized,3,query_35,prepare,209.829,ok
tpcds,10,o,Optimized,3,query_36,explain,8.418,ok
tpcds,10,o,Optimized,3,query_36,prepare,203.436,ok
tpcds,10,o,Optimized,3,query_37,explain,7.292,ok
tpcds,10,o,Optimized,3,query_37,prepare,238.625,ok
tpcds,10,o,Optimized,3,query_38,explain,6.771,ok
tpcds,10,o,Optimized,3,query_38,prepare,74.915,ok
tpcds,10,o,Optimized,3,query_39,explain,8.184,ok
tpcds,10,o,Optimized,3,query_39,prepare,504.850,ok
tpcds,10,o,Optimized,3,query_4,explain,7.736,ok
tpcds,10,o,Optimized,3,query_4,prepare,149.594,ok
tpcds,10,o,Optimized,3,query_40,explain,6.841,ok
tpcds,10,o,Optimized,3,query_40,prepare,62.210,ok
tpcds,10,o,Optimized,3,query_41,explain,7.537,ok
tpcds,10,o,Optimized,3,query_41,prepare,167.148,ok
tpcds,10,o,Optimized,3,query_42,explain,8.090,ok
tpcds,10,o,Optimized,3,query_42,prepare,314.985,ok
tpcds,10,o,Optimized,3,query_43,explain,8.501,ok
tpcds,10,o,Optimized,3,query_43,prepare,108.185,ok
tpcds,10,o,Optimized,3,query_44,explain,6.695,ok
tpcds,10,o,Optimized,3,query_44,prepare,63.203,ok
tpcds,10,o,Optimized,3,query_45,explain,5.914,ok
tpcds,10,o,Optimized,3,query_45,prepare,79.768,ok
tpcds,10,o,Optimized,3,query_46,explain,6.636,ok
tpcds,10,o,Optimized,3,query_46,prepare,240.431,ok
tpcds,10,o,Optimized,3,query_47,explain,7.409,ok
tpcds,10,o,Optimized,3,query_47,prepare,167.608,ok
tpcds,10,o,Optimized,3,query_48,explain,8.026,ok
tpcds,10,o,Optimized,3,query_48,prepare,292.237,ok
tpcds,10,o,Optimized,3,query_49,explain,7.893,ok
tpcds,10,o,Optimized,3,query_49,prepare,126.852,ok
tpcds,10,o,Optimized,3,query_5,explain,6.419,ok
tpcds,10,o,Optimized,3,query_5,prepare,87.280,ok
tpcds,10,o,Optimized,3,query_50,explain,7.743,ok
tpcds,10,o,Optimized,3,query_50,prepare,159.380,ok
tpcds,10,o,Optimized,3,query_51,explain,7.170,ok
tpcds,10,o,Optimized,3,query_51,prepare,220.462,ok
tpcds,10,o,Optimized,3,query_52,explain,6.274,ok
tpcds,10,o,Optimized,3,query_52,prepare,65.214,ok
tpcds,10,o,Optimized,3,query_53,explain,7.148,ok
tpcds,10,o,Optimized,3,query_53,prepare,138.727,ok
tpcds,10,o,Optimized,3,query_54,explain,6.816,ok
tpcds,10,o,Optimized,3,query_54,prepare,121.202,ok
tpcds,10,o,Optimized,3,query_55,explain,5.764,ok
tpcds,10,o,Optimized,3,query_55,prepare,127.014,ok
tpcds,10,o,Optimized,3,query_56,explain,6.952,ok
tpcds,10,o,Optimized,3,query_56,prepare,209.368,ok
tpcds,10,o,Optimized,3,query_57,explain,6.894,ok
tpcds,10,o,Optimized,3,query_57,prepare,76.357,ok
tpcds,10,o,Optimized,3,query_58,explain,6.625,ok
tpcds,10,o,Optimized,3,query_58,prepare,101.570,ok
tpcds,10,o,Optimized,3,query_59,explain,6.038,ok
tpcds,10,o,Optimized,3,query_59,prepare,73.064,ok
tpcds,10,o,Optimized,3,query_6,explain,8.358,ok
tpcds,10,o,Optimized,3,query_6,prepare,289.806,ok
tpcds,10,o,Optimized,3,query_60,explain,7.785,ok
tpcds,10,o,Optimized,3,query_60,prepare,175.232,ok
tpcds,10,o,Optimized,3,query_61,explain,6.283,ok
tpcds,10,o,Optimized,3,query_61,prepare,66.362,ok
tpcds,10,o,Optimized,3,query_62,explain,6.836,ok
tpcds,10,o,Optimized,3,query_62,prepare,82.988,ok
tpcds,10,o,Optimized,3,query_63,explain,7.783,ok
tpcds,10,o,Optimized,3,query_63,prepare,165.414,ok
tpcds,10,o,Optimized,3,query_64,explain,6.922,ok
tpcds,10,o,Optimized,3,query_64,prepare,159.761,ok
tpcds,10,o,Optimized,3,query_65,explain,6.909,ok
tpcds,10,o,Optimized,3,query_65,prepare,159.590,ok
tpcds,10,o,Optimized,3,query_66,explain,10.272,ok
tpcds,10,o,Optimized,3,query_66,prepare,243.053,ok
tpcds,10,o,Optimized,3,query_67,explain,6.887,ok
tpcds,10,o,Optimized,3,query_67,prepare,71.171,ok
tpcds,10,o,Optimized,3,query_68,explain,8.673,ok
tpcds,10,o,Optimized,3,query_68,prepare,155.970,ok
tpcds,10,o,Optimized,3,query_69,explain,11.525,ok
tpcds,10,o,Optimized,3,query_69,prepare,392.762,ok
tpcds,10,o,Optimized,3,query_7,explain,7.276,ok
tpcds,10,o,Optimized,3,query_7,prepare,56.163,ok
tpcds,10,o,Optimized,3,query_70,explain,7.118,ok
tpcds,10,o,Optimized,3,query_70,prepare,307.402,ok
tpcds,10,o,Optimized,3,query_71,explain,7.404,ok
tpcds,10,o,Optimized,3,query_71,prepare,142.403,ok
tpcds,10,o,Optimized,3,query_72,explain,7.289,ok
tpcds,10,o,Optimized,3,query_72,prepare,127.442,ok
tpcds,10,o,Optimized,3,query_73,explain,7.310,ok
tpcds,10,o,Optimized,3,query_73,prepare,73.101,ok
tpcds,10,o,Optimized,3,query_74,explain,7.646,ok
tpcds,10,o,Optimized,3,query_74,prepare,53.034,ok
tpcds,10,o,Optimized,3,query_75,explain,7.252,ok
tpcds,10,o,Optimized,3,query_75,prepare,127.173,ok
tpcds,10,o,Optimized,3,query_76,explain,6.669,ok
tpcds,10,o,Optimized,3,query_76,prepare,174.969,ok
tpcds,10,o,Optimized,3,query_77,explain,6.631,ok
tpcds,10,o,Optimized,3,query_77,prepare,121.645,ok
tpcds,10,o,Optimized,3,query_78,explain,8.502,ok
tpcds,10,o,Optimized,3,query_78,prepare,293.648,ok
tpcds,10,o,Optimized,3,query_79,explain,7.354,ok
tpcds,10,o,Optimized,3,query_79,prepare,78.980,ok
tpcds,10,o,Optimized,3,query_8,explain,6.680,ok
tpcds,10,o,Optimized,3,query_8,prepare,122.704,ok
tpcds,10,o,Optimized,3,query_80,explain,7.031,ok
tpcds,10,o,Optimized,3,query_80,prepare,70.518,ok
tpcds,10,o,Optimized,3,query_81,explain,6.979,ok
tpcds,10,o,Optimized,3,query_81,prepare,167.501,ok
tpcds,10,o,Optimized,3,query_82,explain,6.051,ok
tpcds,10,o,Optimized,3,query_82,prepare,64.526,ok
tpcds,10,o,Optimized,3,query_83,explain,7.804,ok
tpcds,10,o,Optimized,3,query_83,prepare,209.082,ok
tpcds,10,o,Optimized,3,query_84,explain,7.618,ok
tpcds,10,o,Optimized,3,query_84,prepare,103.841,ok
tpcds,10,o,Optimized,3,query_85,explain,7.032,ok
tpcds,10,o,Optimized,3,query_85,prepare,88.365,ok
tpcds,10,o,Optimized,3,query_86,explain,6.409,ok
tpcds,10,o,Optimized,3,query_86,prepare,90.499,ok
tpcds,10,o,Optimized,3,query_87,explain,8.180,ok
tpcds,10,o,Optimized,3,query_87,prepare,149.625,ok
tpcds,10,o,Optimized,3,query_88,explain,7.207,ok
tpcds,10,o,Optimized,3,query_88,prepare,131.975,ok
tpcds,10,o,Optimized,3,query_89,explain,7.403,ok
tpcds,10,o,Optimized,3,query_89,prepare,114.079,ok
tpcds,10,o,Optimized,3,query_9,explain,7.534,ok
tpcds,10,o,Optimized,3,query_9,prepare,130.318,ok
tpcds,10,o,Optimized,3,query_90,explain,7.286,ok
tpcds,10,o,Optimized,3,query_90,prepare,210.257,ok
tpcds,10,o,Optimized,3,query_91,explain,9.017,ok
tpcds,10,o,Optimized,3,query_91,prepare,75.462,ok
tpcds,10,o,Optimized,3,query_92,explain,7.675,ok
tpcds,10,o,Optimized,3,query_92,prepare,195.015,ok
tpcds,10,o,Optimized,3,query_93,explain,7.583,ok
tpcds,10,o,Optimized,3,query_93,prepare,314.054,ok
tpcds,10,o,Optimized,3,query_94,explain,7.115,ok
tpcds,10,o,Optimized,3,query_94,prepare,102.429,ok
tpcds,10,o,Optimized,3,query_95,explain,8.396,ok
tpcds,10,o,Optimized,3,query_95,prepare,234.322,ok
tpcds,10,o,Optimized,3,query_96,explain,8.584,ok
tpcds,10,o,Optimized,3,query_96,prepare,203.566,ok
tpcds,10,o,Optimized,3,query_97,explain,8.019,ok
tpcds,10,o,Optimized,3,query_97,prepare,104.717,ok
tpcds,10,o,Optimized,3,query_98,explain,7.568,ok
tpcds,10,o,Optimized,3,query_98,prepare,278.332,ok
tpcds,10,o,Optimized,3,query_99,explain,7.122,ok
tpcds,10,o,Optimized,3,query_99,prepare,165.479,ok
tpcds,10,o,Optimized,4,__floor__,floor,6.951,ok
tpcds,10,o,Optimized,4,query_1,explain,8.775,ok
tpcds,10,o,Optimized,4,query_1,prepare,42.585,ok
tpcds,10,o,Optimized,4,query_10,explain,7.070,ok
tpcds,10,o,Optimized,4,query_10,prepare,190.863,ok
tpcds,10,o,Optimized,4,query_11,explain,6.048,ok
tpcds,10,o,Optimized,4,query_11,prepare,122.856,ok
tpcds,10,o,Optimized,4,query_12,explain,6.339,ok
tpcds,10,o,Optimized,4,query_12,prepare,89.557,ok
tpcds,10,o,Optimized,4,query_13,explain,7.025,ok
tpcds,10,o,Optimized,4,query_13,prepare,115.355,ok
tpcds,10,o,Optimized,4,query_14,explain,5.907,ok
tpcds,10,o,Optimized,4,query_14,prepare,78.083,ok
tpcds,10,o,Optimized,4,query_15,explain,5.835,ok
tpcds,10,o,Optimized,4,query_15,prepare,90.108,ok
tpcds,10,o,Optimized,4,query_16,explain,6.264,ok
tpcds,10,o,Optimized,4,query_16,prepare,128.280,ok
tpcds,10,o,Optimized,4,query_17,explain,6.644,ok
tpcds,10,o,Optimized,4,query_17,prepare,79.572,ok
tpcds,10,o,Optimized,4,query_18,explain,6.510,ok
tpcds,10,o,Optimized,4,query_18,prepare,100.186,ok
tpcds,10,o,Optimized,4,query_19,explain,7.791,ok
tpcds,10,o,Optimized,4,query_19,prepare,184.251,ok
tpcds,10,o,Optimized,4,query_2,explain,6.541,ok
tpcds,10,o,Optimized,4,query_2,prepare,84.530,ok
tpcds,10,o,Optimized,4,query_20,explain,11.844,ok
tpcds,10,o,Optimized,4,query_20,prepare,259.926,ok
tpcds,10,o,Optimized,4,query_21,explain,6.589,ok
tpcds,10,o,Optimized,4,query_21,prepare,136.515,ok
tpcds,10,o,Optimized,4,query_22,explain,7.397,ok
tpcds,10,o,Optimized,4,query_22,prepare,177.023,ok
tpcds,10,o,Optimized,4,query_23,explain,7.437,ok
tpcds,10,o,Optimized,4,query_23,prepare,130.820,ok
tpcds,10,o,Optimized,4,query_24,explain,6.683,ok
tpcds,10,o,Optimized,4,query_24,prepare,100.199,ok
tpcds,10,o,Optimized,4,query_25,explain,6.828,ok
tpcds,10,o,Optimized,4,query_25,prepare,77.409,ok
tpcds,10,o,Optimized,4,query_26,explain,7.073,ok
tpcds,10,o,Optimized,4,query_26,prepare,161.623,ok
tpcds,10,o,Optimized,4,query_27,explain,6.700,ok
tpcds,10,o,Optimized,4,query_27,prepare,119.521,ok
tpcds,10,o,Optimized,4,query_28,explain,7.009,ok
tpcds,10,o,Optimized,4,query_28,prepare,143.017,ok
tpcds,10,o,Optimized,4,query_29,explain,7.300,ok
tpcds,10,o,Optimized,4,query_29,prepare,197.132,ok
tpcds,10,o,Optimized,4,query_3,explain,8.574,ok
tpcds,10,o,Optimized,4,query_3,prepare,220.764,ok
tpcds,10,o,Optimized,4,query_30,explain,7.106,ok
tpcds,10,o,Optimized,4,query_30,prepare,135.966,ok
tpcds,10,o,Optimized,4,query_31,explain,6.526,ok
tpcds,10,o,Optimized,4,query_31,prepare,63.510,ok
tpcds,10,o,Optimized,4,query_32,explain,6.130,ok
tpcds,10,o,Optimized,4,query_32,prepare,151.226,ok
tpcds,10,o,Optimized,4,query_33,explain,8.711,ok
tpcds,10,o,Optimized,4,query_33,prepare,137.608,ok
tpcds,10,o,Optimized,4,query_34,explain,6.472,ok
tpcds,10,o,Optimized,4,query_34,prepare,203.066,ok
tpcds,10,o,Optimized,4,query_35,explain,6.259,ok
tpcds,10,o,Optimized,4,query_35,prepare,206.458,ok
tpcds,10,o,Optimized,4,query_36,explain,7.652,ok
tpcds,10,o,Optimized,4,query_36,prepare,200.727,ok
tpcds,10,o,Optimized,4,query_37,explain,6.651,ok
tpcds,10,o,Optimized,4,query_37,prepare,234.943,ok
tpcds,10,o,Optimized,4,query_38,explain,6.380,ok
tpcds,10,o,Optimized,4,query_38,prepare,74.440,ok
tpcds,10,o,Optimized,4,query_39,explain,8.123,ok
tpcds,10,o,Optimized,4,query_39,prepare,492.728,ok
tpcds,10,o,Optimized,4,query_4,explain,7.565,ok
tpcds,10,o,Optimized,4,query_4,prepare,148.245,ok
tpcds,10,o,Optimized,4,query_40,explain,6.470,ok
tpcds,10,o,Optimized,4,query_40,prepare,61.282,ok
tpcds,10,o,Optimized,4,query_41,explain,7.346,ok
tpcds,10,o,Optimized,4,query_41,prepare,163.583,ok
tpcds,10,o,Optimized,4,query_42,explain,7.301,ok
tpcds,10,o,Optimized,4,query_42,prepare,310.891,ok
tpcds,10,o,Optimized,4,query_43,explain,7.872,ok
tpcds,10,o,Optimized,4,query_43,prepare,107.232,ok
tpcds,10,o,Optimized,4,query_44,explain,6.437,ok
tpcds,10,o,Optimized,4,query_44,prepare,62.091,ok
tpcds,10,o,Optimized,4,query_45,explain,5.721,ok
tpcds,10,o,Optimized,4,query_45,prepare,79.021,ok
tpcds,10,o,Optimized,4,query_46,explain,6.166,ok
tpcds,10,o,Optimized,4,query_46,prepare,236.360,ok
tpcds,10,o,Optimized,4,query_47,explain,6.939,ok
tpcds,10,o,Optimized,4,query_47,prepare,165.866,ok
tpcds,10,o,Optimized,4,query_48,explain,7.802,ok
tpcds,10,o,Optimized,4,query_48,prepare,289.794,ok
tpcds,10,o,Optimized,4,query_49,explain,7.491,ok
tpcds,10,o,Optimized,4,query_49,prepare,125.587,ok
tpcds,10,o,Optimized,4,query_5,explain,6.307,ok
tpcds,10,o,Optimized,4,query_5,prepare,86.502,ok
tpcds,10,o,Optimized,4,query_50,explain,7.349,ok
tpcds,10,o,Optimized,4,query_50,prepare,158.444,ok
tpcds,10,o,Optimized,4,query_51,explain,6.498,ok
tpcds,10,o,Optimized,4,query_51,prepare,218.324,ok
tpcds,10,o,Optimized,4,query_52,explain,6.077,ok
tpcds,10,o,Optimized,4,query_52,prepare,64.569,ok
tpcds,10,o,Optimized,4,query_53,explain,7.050,ok
tpcds,10,o,Optimized,4,query_53,prepare,137.330,ok
tpcds,10,o,Optimized,4,query_54,explain,6.370,ok
tpcds,10,o,Optimized,4,query_54,prepare,120.886,ok
tpcds,10,o,Optimized,4,query_55,explain,5.652,ok
tpcds,10,o,Optimized,4,query_55,prepare,126.025,ok
tpcds,10,o,Optimized,4,query_56,explain,6.570,ok
tpcds,10,o,Optimized,4,query_56,prepare,208.039,ok
tpcds,10,o,Optimized,4,query_57,explain,6.403,ok
tpcds,10,o,Optimized,4,query_57,prepare,76.158,ok
tpcds,10,o,Optimized,4,query_58,explain,6.432,ok
tpcds,10,o,Optimized,4,query_58,prepare,100.753,ok
tpcds,10,o,Optimized,4,query_59,explain,5.914,ok
tpcds,10,o,Optimized,4,query_59,prepare,72.044,ok
tpcds,10,o,Optimized,4,query_6,explain,8.143,ok
tpcds,10,o,Optimized,4,query_6,prepare,285.606,ok
tpcds,10,o,Optimized,4,query_60,explain,7.243,ok
tpcds,10,o,Optimized,4,query_60,prepare,174.108,ok
tpcds,10,o,Optimized,4,query_61,explain,6.008,ok
tpcds,10,o,Optimized,4,query_61,prepare,65.353,ok
tpcds,10,o,Optimized,4,query_62,explain,6.637,ok
tpcds,10,o,Optimized,4,query_62,prepare,80.989,ok
tpcds,10,o,Optimized,4,query_63,explain,7.374,ok
tpcds,10,o,Optimized,4,query_63,prepare,163.516,ok
tpcds,10,o,Optimized,4,query_64,explain,6.530,ok
tpcds,10,o,Optimized,4,query_64,prepare,158.611,ok
tpcds,10,o,Optimized,4,query_65,explain,6.494,ok
tpcds,10,o,Optimized,4,query_65,prepare,158.219,ok
tpcds,10,o,Optimized,4,query_66,explain,10.129,ok
tpcds,10,o,Optimized,4,query_66,prepare,240.725,ok
tpcds,10,o,Optimized,4,query_67,explain,6.351,ok
tpcds,10,o,Optimized,4,query_67,prepare,70.937,ok
tpcds,10,o,Optimized,4,query_68,explain,8.672,ok
tpcds,10,o,Optimized,4,query_68,prepare,153.541,ok
tpcds,10,o,Optimized,4,query_69,explain,11.049,ok
tpcds,10,o,Optimized,4,query_69,prepare,387.212,ok
tpcds,10,o,Optimized,4,query_7,explain,6.972,ok
tpcds,10,o,Optimized,4,query_7,prepare,55.836,ok
tpcds,10,o,Optimized,4,query_70,explain,7.155,ok
tpcds,10,o,Optimized,4,query_70,prepare,304.534,ok
tpcds,10,o,Optimized,4,query_71,explain,7.036,ok
tpcds,10,o,Optimized,4,query_71,prepare,141.367,ok
tpcds,10,o,Optimized,4,query_72,explain,6.872,ok
tpcds,10,o,Optimized,4,query_72,prepare,126.316,ok
tpcds,10,o,Optimized,4,query_73,explain,6.919,ok
tpcds,10,o,Optimized,4,query_73,prepare,72.399,ok
tpcds,10,o,Optimized,4,query_74,explain,7.584,ok
tpcds,10,o,Optimized,4,query_74,prepare,52.767,ok
tpcds,10,o,Optimized,4,query_75,explain,6.971,ok
tpcds,10,o,Optimized,4,query_75,prepare,126.950,ok
tpcds,10,o,Optimized,4,query_76,explain,6.526,ok
tpcds,10,o,Optimized,4,query_76,prepare,174.200,ok
tpcds,10,o,Optimized,4,query_77,explain,6.401,ok
tpcds,10,o,Optimized,4,query_77,prepare,120.697,ok
tpcds,10,o,Optimized,4,query_78,explain,7.969,ok
tpcds,10,o,Optimized,4,query_78,prepare,291.329,ok
tpcds,10,o,Optimized,4,query_79,explain,7.085,ok
tpcds,10,o,Optimized,4,query_79,prepare,78.088,ok
tpcds,10,o,Optimized,4,query_8,explain,6.461,ok
tpcds,10,o,Optimized,4,query_8,prepare,121.389,ok
tpcds,10,o,Optimized,4,query_80,explain,6.352,ok
tpcds,10,o,Optimized,4,query_80,prepare,70.227,ok
tpcds,10,o,Optimized,4,query_81,explain,7.023,ok
tpcds,10,o,Optimized,4,query_81,prepare,166.323,ok
tpcds,10,o,Optimized,4,query_82,explain,5.991,ok
tpcds,10,o,Optimized,4,query_82,prepare,63.347,ok
tpcds,10,o,Optimized,4,query_83,explain,7.521,ok
tpcds,10,o,Optimized,4,query_83,prepare,207.238,ok
tpcds,10,o,Optimized,4,query_84,explain,7.066,ok
tpcds,10,o,Optimized,4,query_84,prepare,102.097,ok
tpcds,10,o,Optimized,4,query_85,explain,6.321,ok
tpcds,10,o,Optimized,4,query_85,prepare,87.187,ok
tpcds,10,o,Optimized,4,query_86,explain,6.255,ok
tpcds,10,o,Optimized,4,query_86,prepare,89.374,ok
tpcds,10,o,Optimized,4,query_87,explain,8.023,ok
tpcds,10,o,Optimized,4,query_87,prepare,147.994,ok
tpcds,10,o,Optimized,4,query_88,explain,6.660,ok
tpcds,10,o,Optimized,4,query_88,prepare,130.044,ok
tpcds,10,o,Optimized,4,query_89,explain,6.586,ok
tpcds,10,o,Optimized,4,query_89,prepare,111.752,ok
tpcds,10,o,Optimized,4,query_9,explain,7.112,ok
tpcds,10,o,Optimized,4,query_9,prepare,127.502,ok
tpcds,10,o,Optimized,4,query_90,explain,6.922,ok
tpcds,10,o,Optimized,4,query_90,prepare,206.409,ok
tpcds,10,o,Optimized,4,query_91,explain,8.154,ok
tpcds,10,o,Optimized,4,query_91,prepare,73.482,ok
tpcds,10,o,Optimized,4,query_92,explain,7.757,ok
tpcds,10,o,Optimized,4,query_92,prepare,190.586,ok
tpcds,10,o,Optimized,4,query_93,explain,7.088,ok
tpcds,10,o,Optimized,4,query_93,prepare,308.669,ok
tpcds,10,o,Optimized,4,query_94,explain,6.944,ok
tpcds,10,o,Optimized,4,query_94,prepare,100.577,ok
tpcds,10,o,Optimized,4,query_95,explain,7.592,ok
tpcds,10,o,Optimized,4,query_95,prepare,230.428,ok
tpcds,10,o,Optimized,4,query_96,explain,8.201,ok
tpcds,10,o,Optimized,4,query_96,prepare,200.776,ok
tpcds,10,o,Optimized,4,query_97,explain,7.620,ok
tpcds,10,o,Optimized,4,query_97,prepare,103.323,ok
tpcds,10,o,Optimized,4,query_98,explain,7.069,ok
tpcds,10,o,Optimized,4,query_98,prepare,273.769,ok
tpcds,10,o,Optimized,4,query_99,explain,6.702,ok
tpcds,10,o,Optimized,4,query_99,prepare,163.088,ok
tpcds,10,o,Optimized,5,__floor__,floor,4.648,ok
tpcds,10,o,Optimized,5,query_1,explain,5.384,ok
tpcds,10,o,Optimized,5,query_1,prepare,32.708,ok
tpcds,10,o,Optimized,5,query_10,explain,6.870,ok
tpcds,10,o,Optimized,5,query_10,prepare,192.002,ok
tpcds,10,o,Optimized,5,query_11,explain,6.026,ok
tpcds,10,o,Optimized,5,query_11,prepare,122.643,ok
tpcds,10,o,Optimized,5,query_12,explain,6.431,ok
tpcds,10,o,Optimized,5,query_12,prepare,89.903,ok
tpcds,10,o,Optimized,5,query_13,explain,7.028,ok
tpcds,10,o,Optimized,5,query_13,prepare,115.289,ok
tpcds,10,o,Optimized,5,query_14,explain,5.924,ok
tpcds,10,o,Optimized,5,query_14,prepare,78.316,ok
tpcds,10,o,Optimized,5,query_15,explain,5.874,ok
tpcds,10,o,Optimized,5,query_15,prepare,90.426,ok
tpcds,10,o,Optimized,5,query_16,explain,6.410,ok
tpcds,10,o,Optimized,5,query_16,prepare,128.039,ok
tpcds,10,o,Optimized,5,query_17,explain,6.493,ok
tpcds,10,o,Optimized,5,query_17,prepare,79.661,ok
tpcds,10,o,Optimized,5,query_18,explain,6.584,ok
tpcds,10,o,Optimized,5,query_18,prepare,100.161,ok
tpcds,10,o,Optimized,5,query_19,explain,7.816,ok
tpcds,10,o,Optimized,5,query_19,prepare,184.666,ok
tpcds,10,o,Optimized,5,query_2,explain,6.672,ok
tpcds,10,o,Optimized,5,query_2,prepare,84.470,ok
tpcds,10,o,Optimized,5,query_20,explain,12.019,ok
tpcds,10,o,Optimized,5,query_20,prepare,259.797,ok
tpcds,10,o,Optimized,5,query_21,explain,6.785,ok
tpcds,10,o,Optimized,5,query_21,prepare,136.833,ok
tpcds,10,o,Optimized,5,query_22,explain,7.388,ok
tpcds,10,o,Optimized,5,query_22,prepare,177.015,ok
tpcds,10,o,Optimized,5,query_23,explain,7.366,ok
tpcds,10,o,Optimized,5,query_23,prepare,131.150,ok
tpcds,10,o,Optimized,5,query_24,explain,6.699,ok
tpcds,10,o,Optimized,5,query_24,prepare,100.190,ok
tpcds,10,o,Optimized,5,query_25,explain,6.685,ok
tpcds,10,o,Optimized,5,query_25,prepare,77.245,ok
tpcds,10,o,Optimized,5,query_26,explain,7.254,ok
tpcds,10,o,Optimized,5,query_26,prepare,161.568,ok
tpcds,10,o,Optimized,5,query_27,explain,6.676,ok
tpcds,10,o,Optimized,5,query_27,prepare,119.272,ok
tpcds,10,o,Optimized,5,query_28,explain,7.009,ok
tpcds,10,o,Optimized,5,query_28,prepare,143.996,ok
tpcds,10,o,Optimized,5,query_29,explain,7.256,ok
tpcds,10,o,Optimized,5,query_29,prepare,196.164,ok
tpcds,10,o,Optimized,5,query_3,explain,8.358,ok
tpcds,10,o,Optimized,5,query_3,prepare,220.381,ok
tpcds,10,o,Optimized,5,query_30,explain,7.005,ok
tpcds,10,o,Optimized,5,query_30,prepare,136.382,ok
tpcds,10,o,Optimized,5,query_31,explain,6.456,ok
tpcds,10,o,Optimized,5,query_31,prepare,63.400,ok
tpcds,10,o,Optimized,5,query_32,explain,6.052,ok
tpcds,10,o,Optimized,5,query_32,prepare,151.061,ok
tpcds,10,o,Optimized,5,query_33,explain,8.615,ok
tpcds,10,o,Optimized,5,query_33,prepare,137.325,ok
tpcds,10,o,Optimized,5,query_34,explain,6.385,ok
tpcds,10,o,Optimized,5,query_34,prepare,203.261,ok
tpcds,10,o,Optimized,5,query_35,explain,6.243,ok
tpcds,10,o,Optimized,5,query_35,prepare,206.156,ok
tpcds,10,o,Optimized,5,query_36,explain,7.732,ok
tpcds,10,o,Optimized,5,query_36,prepare,201.427,ok
tpcds,10,o,Optimized,5,query_37,explain,6.755,ok
tpcds,10,o,Optimized,5,query_37,prepare,235.092,ok
tpcds,10,o,Optimized,5,query_38,explain,6.397,ok
tpcds,10,o,Optimized,5,query_38,prepare,74.350,ok
tpcds,10,o,Optimized,5,query_39,explain,8.098,ok
tpcds,10,o,Optimized,5,query_39,prepare,493.082,ok
tpcds,10,o,Optimized,5,query_4,explain,7.579,ok
tpcds,10,o,Optimized,5,query_4,prepare,149.076,ok
tpcds,10,o,Optimized,5,query_40,explain,6.557,ok
tpcds,10,o,Optimized,5,query_40,prepare,61.352,ok
tpcds,10,o,Optimized,5,query_41,explain,7.501,ok
tpcds,10,o,Optimized,5,query_41,prepare,164.030,ok
tpcds,10,o,Optimized,5,query_42,explain,7.417,ok
tpcds,10,o,Optimized,5,query_42,prepare,309.939,ok
tpcds,10,o,Optimized,5,query_43,explain,7.885,ok
tpcds,10,o,Optimized,5,query_43,prepare,107.403,ok
tpcds,10,o,Optimized,5,query_44,explain,6.302,ok
tpcds,10,o,Optimized,5,query_44,prepare,62.107,ok
tpcds,10,o,Optimized,5,query_45,explain,5.652,ok
tpcds,10,o,Optimized,5,query_45,prepare,78.599,ok
tpcds,10,o,Optimized,5,query_46,explain,6.089,ok
tpcds,10,o,Optimized,5,query_46,prepare,236.152,ok
tpcds,10,o,Optimized,5,query_47,explain,7.007,ok
tpcds,10,o,Optimized,5,query_47,prepare,166.700,ok
tpcds,10,o,Optimized,5,query_48,explain,7.895,ok
tpcds,10,o,Optimized,5,query_48,prepare,287.335,ok
tpcds,10,o,Optimized,5,query_49,explain,7.523,ok
tpcds,10,o,Optimized,5,query_49,prepare,125.300,ok
tpcds,10,o,Optimized,5,query_5,explain,6.193,ok
tpcds,10,o,Optimized,5,query_5,prepare,85.924,ok
tpcds,10,o,Optimized,5,query_50,explain,7.260,ok
tpcds,10,o,Optimized,5,query_50,prepare,157.884,ok
tpcds,10,o,Optimized,5,query_51,explain,6.484,ok
tpcds,10,o,Optimized,5,query_51,prepare,217.998,ok
tpcds,10,o,Optimized,5,query_52,explain,6.027,ok
tpcds,10,o,Optimized,5,query_52,prepare,64.354,ok
tpcds,10,o,Optimized,5,query_53,explain,7.103,ok
tpcds,10,o,Optimized,5,query_53,prepare,137.068,ok
tpcds,10,o,Optimized,5,query_54,explain,6.312,ok
tpcds,10,o,Optimized,5,query_54,prepare,120.588,ok
tpcds,10,o,Optimized,5,query_55,explain,5.653,ok
tpcds,10,o,Optimized,5,query_55,prepare,127.131,ok
tpcds,10,o,Optimized,5,query_56,explain,6.556,ok
tpcds,10,o,Optimized,5,query_56,prepare,206.956,ok
tpcds,10,o,Optimized,5,query_57,explain,6.493,ok
tpcds,10,o,Optimized,5,query_57,prepare,76.169,ok
tpcds,10,o,Optimized,5,query_58,explain,6.331,ok
tpcds,10,o,Optimized,5,query_58,prepare,100.683,ok
tpcds,10,o,Optimized,5,query_59,explain,5.850,ok
tpcds,10,o,Optimized,5,query_59,prepare,72.303,ok
tpcds,10,o,Optimized,5,query_6,explain,8.125,ok
tpcds,10,o,Optimized,5,query_6,prepare,285.034,ok
tpcds,10,o,Optimized,5,query_60,explain,7.164,ok
tpcds,10,o,Optimized,5,query_60,prepare,173.522,ok
tpcds,10,o,Optimized,5,query_61,explain,6.054,ok
tpcds,10,o,Optimized,5,query_61,prepare,65.391,ok
tpcds,10,o,Optimized,5,query_62,explain,6.702,ok
tpcds,10,o,Optimized,5,query_62,prepare,81.099,ok
tpcds,10,o,Optimized,5,query_63,explain,7.484,ok
tpcds,10,o,Optimized,5,query_63,prepare,163.599,ok
tpcds,10,o,Optimized,5,query_64,explain,6.339,ok
tpcds,10,o,Optimized,5,query_64,prepare,158.691,ok
tpcds,10,o,Optimized,5,query_65,explain,6.483,ok
tpcds,10,o,Optimized,5,query_65,prepare,157.941,ok
tpcds,10,o,Optimized,5,query_66,explain,10.150,ok
tpcds,10,o,Optimized,5,query_66,prepare,240.566,ok
tpcds,10,o,Optimized,5,query_67,explain,6.484,ok
tpcds,10,o,Optimized,5,query_67,prepare,70.781,ok
tpcds,10,o,Optimized,5,query_68,explain,8.651,ok
tpcds,10,o,Optimized,5,query_68,prepare,153.321,ok
tpcds,10,o,Optimized,5,query_69,explain,11.024,ok
tpcds,10,o,Optimized,5,query_69,prepare,387.055,ok
tpcds,10,o,Optimized,5,query_7,explain,6.949,ok
tpcds,10,o,Optimized,5,query_7,prepare,55.799,ok
tpcds,10,o,Optimized,5,query_70,explain,7.058,ok
tpcds,10,o,Optimized,5,query_70,prepare,302.605,ok
tpcds,10,o,Optimized,5,query_71,explain,7.076,ok
tpcds,10,o,Optimized,5,query_71,prepare,141.419,ok
tpcds,10,o,Optimized,5,query_72,explain,6.839,ok
tpcds,10,o,Optimized,5,query_72,prepare,126.752,ok
tpcds,10,o,Optimized,5,query_73,explain,6.959,ok
tpcds,10,o,Optimized,5,query_73,prepare,72.347,ok
tpcds,10,o,Optimized,5,query_74,explain,7.537,ok
tpcds,10,o,Optimized,5,query_74,prepare,52.695,ok
tpcds,10,o,Optimized,5,query_75,explain,6.895,ok
tpcds,10,o,Optimized,5,query_75,prepare,126.981,ok
tpcds,10,o,Optimized,5,query_76,explain,6.484,ok
tpcds,10,o,Optimized,5,query_76,prepare,174.249,ok
tpcds,10,o,Optimized,5,query_77,explain,6.510,ok
tpcds,10,o,Optimized,5,query_77,prepare,120.901,ok
tpcds,10,o,Optimized,5,query_78,explain,8.010,ok
tpcds,10,o,Optimized,5,query_78,prepare,290.847,ok
tpcds,10,o,Optimized,5,query_79,explain,7.129,ok
tpcds,10,o,Optimized,5,query_79,prepare,78.320,ok
tpcds,10,o,Optimized,5,query_8,explain,6.649,ok
tpcds,10,o,Optimized,5,query_8,prepare,121.436,ok
tpcds,10,o,Optimized,5,query_80,explain,6.407,ok
tpcds,10,o,Optimized,5,query_80,prepare,70.411,ok
tpcds,10,o,Optimized,5,query_81,explain,6.888,ok
tpcds,10,o,Optimized,5,query_81,prepare,166.389,ok
tpcds,10,o,Optimized,5,query_82,explain,5.921,ok
tpcds,10,o,Optimized,5,query_82,prepare,63.133,ok
tpcds,10,o,Optimized,5,query_83,explain,7.590,ok
tpcds,10,o,Optimized,5,query_83,prepare,207.275,ok
tpcds,10,o,Optimized,5,query_84,explain,7.140,ok
tpcds,10,o,Optimized,5,query_84,prepare,102.651,ok
tpcds,10,o,Optimized,5,query_85,explain,6.425,ok
tpcds,10,o,Optimized,5,query_85,prepare,87.399,ok
tpcds,10,o,Optimized,5,query_86,explain,6.252,ok
tpcds,10,o,Optimized,5,query_86,prepare,90.435,ok
tpcds,10,o,Optimized,5,query_87,explain,8.089,ok
tpcds,10,o,Optimized,5,query_87,prepare,147.821,ok
tpcds,10,o,Optimized,5,query_88,explain,6.702,ok
tpcds,10,o,Optimized,5,query_88,prepare,130.432,ok
tpcds,10,o,Optimized,5,query_89,explain,6.553,ok
tpcds,10,o,Optimized,5,query_89,prepare,112.128,ok
tpcds,10,o,Optimized,5,query_9,explain,7.120,ok
tpcds,10,o,Optimized,5,query_9,prepare,127.751,ok
tpcds,10,o,Optimized,5,query_90,explain,6.996,ok
tpcds,10,o,Optimized,5,query_90,prepare,206.904,ok
tpcds,10,o,Optimized,5,query_91,explain,8.433,ok
tpcds,10,o,Optimized,5,query_91,prepare,73.917,ok
tpcds,10,o,Optimized,5,query_92,explain,7.406,ok
tpcds,10,o,Optimized,5,query_92,prepare,191.473,ok
tpcds,10,o,Optimized,5,query_93,explain,7.133,ok
tpcds,10,o,Optimized,5,query_93,prepare,309.350,ok
tpcds,10,o,Optimized,5,query_94,explain,7.016,ok
tpcds,10,o,Optimized,5,query_94,prepare,100.448,ok
tpcds,10,o,Optimized,5,query_95,explain,7.631,ok
tpcds,10,o,Optimized,5,query_95,prepare,230.230,ok
tpcds,10,o,Optimized,5,query_96,explain,8.170,ok
tpcds,10,o,Optimized,5,query_96,prepare,199.925,ok
tpcds,10,o,Optimized,5,query_97,explain,7.469,ok
tpcds,10,o,Optimized,5,query_97,prepare,103.148,ok
tpcds,10,o,Optimized,5,query_98,explain,7.109,ok
tpcds,10,o,Optimized,5,query_98,prepare,272.966,ok
tpcds,10,o,Optimized,5,query_99,explain,6.693,ok
tpcds,10,o,Optimized,5,query_99,prepare,162.717,ok
