suite,scale_factor,mode,mode_name,repetition,query_id,stage,elapsed_ms,status
prodds,100,i,Interpreted,1,__floor__,floor,0.207,ok
prodds,100,i,Interpreted,1,query_1,explain,1.590,ok
prodds,100,i,Interpreted,1,query_1,prepare,1.648,ok
prodds,100,i,Interpreted,1,query_10,explain,2.431,ok
prodds,100,i,Interpreted,1,query_10,prepare,5.240,ok
prodds,100,i,Interpreted,1,query_11,explain,0.739,ok
prodds,100,i,Interpreted,1,query_11,prepare,2.068,ok
prodds,100,i,Interpreted,1,query_12,explain,1.273,ok
prodds,100,i,Interpreted,1,query_12,prepare,3.339,ok
prodds,100,i,Interpreted,1,query_13,explain,1.553,ok
prodds,100,i,Interpreted,1,query_13,prepare,2.853,ok
prodds,100,i,Interpreted,1,query_14,explain,0.715,ok
prodds,100,i,Interpreted,1,query_14,prepare,1.635,ok
prodds,100,i,Interpreted,1,query_15,explain,0.909,ok
prodds,100,i,Interpreted,1,query_15,prepare,2.157,ok
prodds,100,i,Interpreted,1,query_17,explain,1.180,ok
prodds,100,i,Interpreted,1,query_17,prepare,2.576,ok
prodds,100,i,Interpreted,1,query_18,explain,1.311,ok
prodds,100,i,Interpreted,1,query_18,prepare,3.027,ok
prodds,100,i,Interpreted,1,query_2,explain,1.062,ok
prodds,100,i,Interpreted,1,query_2,prepare,2.640,ok
prodds,100,i,Interpreted,1,query_20,explain,6.735,ok
prodds,100,i,Interpreted,1,query_20,prepare,9.894,ok
prodds,100,i,Interpreted,1,query_21,explain,0.952,ok
prodds,100,i,Interpreted,1,query_21,prepare,2.349,ok
prodds,100,i,Interpreted,1,query_22,explain,2.396,ok
prodds,100,i,Interpreted,1,query_22,prepare,4.370,ok
prodds,100,i,Interpreted,1,query_23,explain,2.058,ok
prodds,100,i,Interpreted,1,query_23,prepare,4.495,ok
prodds,100,i,Interpreted,1,query_24,explain,1.215,ok
prodds,100,i,Interpreted,1,query_24,prepare,2.456,ok
prodds,100,i,Interpreted,1,query_25,explain,1.360,ok
prodds,100,i,Interpreted,1,query_25,prepare,2.411,ok
prodds,100,i,Interpreted,1,query_26,explain,2.434,ok
prodds,100,i,Interpreted,1,query_26,prepare,5.363,ok
prodds,100,i,Interpreted,1,query_27,explain,1.116,ok
prodds,100,i,Interpreted,1,query_27,prepare,2.470,ok
prodds,100,i,Interpreted,1,query_28,explain,1.669,ok
prodds,100,i,Interpreted,1,query_28,prepare,3.598,ok
prodds,100,i,Interpreted,1,query_3,explain,2.997,ok
prodds,100,i,Interpreted,1,query_3,prepare,7.030,ok
prodds,100,i,Interpreted,1,query_30,explain,1.902,ok
prodds,100,i,Interpreted,1,query_30,prepare,4.524,ok
prodds,100,i,Interpreted,1,query_31,explain,1.014,ok
prodds,100,i,Interpreted,1,query_31,prepare,2.603,ok
prodds,100,i,Interpreted,1,query_32,explain,0.710,ok
prodds,100,i,Interpreted,1,query_32,prepare,2.290,ok
prodds,100,i,Interpreted,1,query_33,explain,2.553,ok
prodds,100,i,Interpreted,1,query_33,prepare,4.486,ok
prodds,100,i,Interpreted,1,query_35,explain,0.749,ok
prodds,100,i,Interpreted,1,query_35,prepare,2.779,ok
prodds,100,i,Interpreted,1,query_36,explain,2.535,ok
prodds,100,i,Interpreted,1,query_36,prepare,5.203,ok
prodds,100,i,Interpreted,1,query_37,explain,1.203,ok
prodds,100,i,Interpreted,1,query_37,prepare,3.542,ok
prodds,100,i,Interpreted,1,query_39,explain,2.377,ok
prodds,100,i,Interpreted,1,query_39,prepare,5.082,ok
prodds,100,i,Interpreted,1,query_4,explain,1.839,ok
prodds,100,i,Interpreted,1,query_4,prepare,3.251,ok
prodds,100,i,Interpreted,1,query_40,explain,1.341,ok
prodds,100,i,Interpreted,1,query_40,prepare,2.220,ok
prodds,100,i,Interpreted,1,query_41,explain,2.402,ok
prodds,100,i,Interpreted,1,query_41,prepare,5.473,ok
prodds,100,i,Interpreted,1,query_42,explain,1.726,ok
prodds,100,i,Interpreted,1,query_42,prepare,4.931,ok
prodds,100,i,Interpreted,1,query_43,explain,2.236,ok
prodds,100,i,Interpreted,1,query_43,prepare,3.491,ok
prodds,100,i,Interpreted,1,query_44,explain,1.067,ok
prodds,100,i,Interpreted,1,query_44,prepare,1.925,ok
prodds,100,i,Interpreted,1,query_45,explain,0.954,ok
prodds,100,i,Interpreted,1,query_45,prepare,2.106,ok
prodds,100,i,Interpreted,1,query_46,explain,0.940,ok
prodds,100,i,Interpreted,1,query_46,prepare,4.127,ok
prodds,100,i,Interpreted,1,query_47,explain,1.918,ok
prodds,100,i,Interpreted,1,query_47,prepare,4.173,ok
prodds,100,i,Interpreted,1,query_48,explain,2.211,ok
prodds,100,i,Interpreted,1,query_48,prepare,5.932,ok
prodds,100,i,Interpreted,1,query_49,explain,1.988,ok
prodds,100,i,Interpreted,1,query_49,prepare,3.406,ok
prodds,100,i,Interpreted,1,query_5,explain,0.988,ok
prodds,100,i,Interpreted,1,query_5,prepare,2.379,ok
prodds,100,i,Interpreted,1,query_50,explain,2.091,ok
prodds,100,i,Interpreted,1,query_50,prepare,4.044,ok
prodds,100,i,Interpreted,1,query_51,explain,2.022,ok
prodds,100,i,Interpreted,1,query_51,prepare,4.616,ok
prodds,100,i,Interpreted,1,query_52,explain,0.640,ok
prodds,100,i,Interpreted,1,query_52,prepare,1.510,ok
prodds,100,i,Interpreted,1,query_53,explain,1.890,ok
prodds,100,i,Interpreted,1,query_53,prepare,3.335,ok
prodds,100,i,Interpreted,1,query_54,explain,1.003,ok
prodds,100,i,Interpreted,1,query_54,prepare,2.416,ok
prodds,100,i,Interpreted,1,query_55,explain,0.491,ok
prodds,100,i,Interpreted,1,query_55,prepare,1.709,ok
prodds,100,i,Interpreted,1,query_56,explain,1.038,ok
prodds,100,i,Interpreted,1,query_56,prepare,3.113,ok
prodds,100,i,Interpreted,1,query_57,explain,1.406,ok
prodds,100,i,Interpreted,1,query_57,prepare,2.903,ok
prodds,100,i,Interpreted,1,query_58,explain,1.547,ok
prodds,100,i,Interpreted,1,query_58,prepare,2.954,ok
prodds,100,i,Interpreted,1,query_59,explain,0.769,ok
prodds,100,i,Interpreted,1,query_59,prepare,2.331,ok
prodds,100,i,Interpreted,1,query_6,explain,3.265,ok
prodds,100,i,Interpreted,1,query_6,prepare,7.097,ok
prodds,100,i,Interpreted,1,query_60,explain,1.388,ok
prodds,100,i,Interpreted,1,query_60,prepare,3.091,ok
prodds,100,i,Interpreted,1,query_61,explain,0.676,ok
prodds,100,i,Interpreted,1,query_61,prepare,1.983,ok
prodds,100,i,Interpreted,1,query_62,explain,1.521,ok
prodds,100,i,Interpreted,1,query_62,prepare,3.351,ok
prodds,100,i,Interpreted,1,query_63,explain,1.917,ok
prodds,100,i,Interpreted,1,query_63,prepare,4.138,ok
prodds,100,i,Interpreted,1,query_64,explain,0.827,ok
prodds,100,i,Interpreted,1,query_64,prepare,1.803,ok
prodds,100,i,Interpreted,1,query_65,explain,0.833,ok
prodds,100,i,Interpreted,1,query_65,prepare,1.891,ok
prodds,100,i,Interpreted,1,query_66,explain,5.479,ok
prodds,100,i,Interpreted,1,query_66,prepare,7.692,ok
prodds,100,i,Interpreted,1,query_67,explain,0.919,ok
prodds,100,i,Interpreted,1,query_67,prepare,1.568,ok
prodds,100,i,Interpreted,1,query_68,explain,3.071,ok
prodds,100,i,Interpreted,1,query_68,prepare,4.712,ok
prodds,100,i,Interpreted,1,query_69,explain,4.265,ok
prodds,100,i,Interpreted,1,query_69,prepare,8.670,ok
prodds,100,i,Interpreted,1,query_7,explain,1.086,ok
prodds,100,i,Interpreted,1,query_7,prepare,1.763,ok
prodds,100,i,Interpreted,1,query_70,explain,1.798,ok
prodds,100,i,Interpreted,1,query_70,prepare,4.783,ok
prodds,100,i,Interpreted,1,query_71,explain,1.259,ok
prodds,100,i,Interpreted,1,query_71,prepare,3.022,ok
prodds,100,i,Interpreted,1,query_73,explain,1.517,ok
prodds,100,i,Interpreted,1,query_73,prepare,2.790,ok
prodds,100,i,Interpreted,1,query_74,explain,2.184,ok
prodds,100,i,Interpreted,1,query_74,prepare,2.982,ok
prodds,100,i,Interpreted,1,query_75,explain,1.708,ok
prodds,100,i,Interpreted,1,query_75,prepare,3.264,ok
prodds,100,i,Interpreted,1,query_76,explain,1.098,ok
prodds,100,i,Interpreted,1,query_76,prepare,3.195,ok
prodds,100,i,Interpreted,1,query_77,explain,1.020,ok
prodds,100,i,Interpreted,1,query_77,prepare,2.379,ok
prodds,100,i,Interpreted,1,query_79,explain,1.354,ok
prodds,100,i,Interpreted,1,query_79,prepare,2.810,ok
prodds,100,i,Interpreted,1,query_8,explain,1.310,ok
prodds,100,i,Interpreted,1,query_8,prepare,3.176,ok
prodds,100,i,Interpreted,1,query_80,explain,0.880,ok
prodds,100,i,Interpreted,1,query_80,prepare,1.621,ok
prodds,100,i,Interpreted,1,query_81,explain,2.001,ok
prodds,100,i,Interpreted,1,query_81,prepare,3.761,ok
prodds,100,i,Interpreted,1,query_82,explain,0.598,ok
prodds,100,i,Interpreted,1,query_82,prepare,1.316,ok
prodds,100,i,Interpreted,1,query_83,explain,2.368,ok
prodds,100,i,Interpreted,1,query_83,prepare,4.564,ok
prodds,100,i,Interpreted,1,query_84,explain,1.776,ok
prodds,100,i,Interpreted,1,query_84,prepare,3.637,ok
prodds,100,i,Interpreted,1,query_85,explain,1.309,ok
prodds,100,i,Interpreted,1,query_85,prepare,2.926,ok
prodds,100,i,Interpreted,1,query_86,explain,1.067,ok
prodds,100,i,Interpreted,1,query_86,prepare,2.315,ok
prodds,100,i,Interpreted,1,query_87,explain,3.425,ok
prodds,100,i,Interpreted,1,query_87,prepare,5.388,ok
prodds,100,i,Interpreted,1,query_88,explain,1.342,ok
prodds,100,i,Interpreted,1,query_88,prepare,3.516,ok
prodds,100,i,Interpreted,1,query_89,explain,1.207,ok
prodds,100,i,Interpreted,1,query_89,prepare,2.776,ok
prodds,100,i,Interpreted,1,query_9,explain,2.021,ok
prodds,100,i,Interpreted,1,query_9,prepare,4.319,ok
prodds,100,i,Interpreted,1,query_91,explain,2.347,ok
prodds,100,i,Interpreted,1,query_91,prepare,3.548,ok
prodds,100,i,Interpreted,1,query_92,explain,1.985,ok
prodds,100,i,Interpreted,1,query_92,prepare,4.302,ok
prodds,100,i,Interpreted,1,query_93,explain,2.931,ok
prodds,100,i,Interpreted,1,query_93,prepare,7.097,ok
prodds,100,i,Interpreted,1,query_94,explain,1.315,ok
prodds,100,i,Interpreted,1,query_94,prepare,2.329,ok
prodds,100,i,Interpreted,1,query_95,explain,2.259,ok
prodds,100,i,Interpreted,1,query_95,prepare,4.794,ok
prodds,100,i,Interpreted,1,query_97,explain,1.938,ok
prodds,100,i,Interpreted,1,query_97,prepare,3.453,ok
prodds,100,i,Interpreted,1,query_98,explain,2.221,ok
prodds,100,i,Interpreted,1,query_98,prepare,5.782,ok
prodds,100,i,Interpreted,1,query_99,explain,1.216,ok
prodds,100,i,Interpreted,1,query_99,prepare,2.948,ok
prodds,100,i,Interpreted,1,query_join_J100,explain,19.291,ok
prodds,100,i,Interpreted,1,query_join_J100,prepare,33.094,ok
prodds,100,i,Interpreted,1,query_join_J200,explain,39.426,ok
prodds,100,i,Interpreted,1,query_join_J200,prepare,67.382,ok
prodds,100,i,Interpreted,1,query_join_J50,explain,12.463,ok
prodds,100,i,Interpreted,1,query_join_J50,prepare,20.396,ok
prodds,100,i,Interpreted,1,query_union_U10,explain,1.329,ok
prodds,100,i,Interpreted,1,query_union_U10,prepare,1.750,ok
prodds,100,i,Interpreted,1,query_union_U2,explain,0.687,ok
prodds,100,i,Interpreted,1,query_union_U2,prepare,1.050,ok
prodds,100,i,Interpreted,1,query_union_U20,explain,1.420,ok
prodds,100,i,Interpreted,1,query_union_U20,prepare,2.626,ok
prodds,100,i,Interpreted,1,query_union_U5,explain,0.953,ok
prodds,100,i,Interpreted,1,query_union_U5,prepare,1.545,ok
prodds,100,i,Interpreted,2,__floor__,floor,0.268,ok
prodds,100,i,Interpreted,2,query_1,explain,2.546,ok
prodds,100,i,Interpreted,2,query_1,prepare,2.532,ok
prodds,100,i,Interpreted,2,query_10,explain,2.987,ok
prodds,100,i,Interpreted,2,query_10,prepare,6.222,ok
prodds,100,i,Interpreted,2,query_11,explain,1.069,ok
prodds,100,i,Interpreted,2,query_11,prepare,2.839,ok
prodds,100,i,Interpreted,2,query_12,explain,1.861,ok
prodds,100,i,Interpreted,2,query_12,prepare,6.495,ok
prodds,100,i,Interpreted,2,query_13,explain,3.284,ok
prodds,100,i,Interpreted,2,query_13,prepare,4.933,ok
prodds,100,i,Interpreted,2,query_14,explain,1.100,ok
prodds,100,i,Interpreted,2,query_14,prepare,2.040,ok
prodds,100,i,Interpreted,2,query_15,explain,1.511,ok
prodds,100,i,Interpreted,2,query_15,prepare,3.777,ok
prodds,100,i,Interpreted,2,query_17,explain,2.009,ok
prodds,100,i,Interpreted,2,query_17,prepare,4.543,ok
prodds,100,i,Interpreted,2,query_18,explain,2.317,ok
prodds,100,i,Interpreted,2,query_18,prepare,5.225,ok
prodds,100,i,Interpreted,2,query_2,explain,1.322,ok
prodds,100,i,Interpreted,2,query_2,prepare,3.302,ok
prodds,100,i,Interpreted,2,query_20,explain,6.686,ok
prodds,100,i,Interpreted,2,query_20,prepare,9.957,ok
prodds,100,i,Interpreted,2,query_21,explain,0.973,ok
prodds,100,i,Interpreted,2,query_21,prepare,2.363,ok
prodds,100,i,Interpreted,2,query_22,explain,2.236,ok
prodds,100,i,Interpreted,2,query_22,prepare,4.407,ok
prodds,100,i,Interpreted,2,query_23,explain,2.093,ok
prodds,100,i,Interpreted,2,query_23,prepare,4.507,ok
prodds,100,i,Interpreted,2,query_24,explain,1.226,ok
prodds,100,i,Interpreted,2,query_24,prepare,2.568,ok
prodds,100,i,Interpreted,2,query_25,explain,1.416,ok
prodds,100,i,Interpreted,2,query_25,prepare,2.477,ok
prodds,100,i,Interpreted,2,query_26,explain,2.450,ok
prodds,100,i,Interpreted,2,query_26,prepare,5.337,ok
prodds,100,i,Interpreted,2,query_27,explain,1.152,ok
prodds,100,i,Interpreted,2,query_27,prepare,2.498,ok
prodds,100,i,Interpreted,2,query_28,explain,1.689,ok
prodds,100,i,Interpreted,2,query_28,prepare,3.484,ok
prodds,100,i,Interpreted,2,query_3,explain,3.037,ok
prodds,100,i,Interpreted,2,query_3,prepare,6.974,ok
prodds,100,i,Interpreted,2,query_30,explain,1.945,ok
prodds,100,i,Interpreted,2,query_30,prepare,4.496,ok
prodds,100,i,Interpreted,2,query_31,explain,1.045,ok
prodds,100,i,Interpreted,2,query_31,prepare,2.640,ok
prodds,100,i,Interpreted,2,query_32,explain,0.774,ok
prodds,100,i,Interpreted,2,query_32,prepare,2.299,ok
prodds,100,i,Interpreted,2,query_33,explain,2.531,ok
prodds,100,i,Interpreted,2,query_33,prepare,4.588,ok
prodds,100,i,Interpreted,2,query_35,explain,0.777,ok
prodds,100,i,Interpreted,2,query_35,prepare,2.733,ok
prodds,100,i,Interpreted,2,query_36,explain,2.555,ok
prodds,100,i,Interpreted,2,query_36,prepare,5.169,ok
prodds,100,i,Interpreted,2,query_37,explain,1.243,ok
prodds,100,i,Interpreted,2,query_37,prepare,3.530,ok
prodds,100,i,Interpreted,2,query_39,explain,2.422,ok
prodds,100,i,Interpreted,2,query_39,prepare,5.168,ok
prodds,100,i,Interpreted,2,query_4,explain,1.685,ok
prodds,100,i,Interpreted,2,query_4,prepare,3.083,ok
prodds,100,i,Interpreted,2,query_40,explain,1.394,ok
prodds,100,i,Interpreted,2,query_40,prepare,2.343,ok
prodds,100,i,Interpreted,2,query_41,explain,2.391,ok
prodds,100,i,Interpreted,2,query_41,prepare,5.560,ok
prodds,100,i,Interpreted,2,query_42,explain,1.740,ok
prodds,100,i,Interpreted,2,query_42,prepare,4.896,ok
prodds,100,i,Interpreted,2,query_43,explain,2.204,ok
prodds,100,i,Interpreted,2,query_43,prepare,3.501,ok
prodds,100,i,Interpreted,2,query_44,explain,1.073,ok
prodds,100,i,Interpreted,2,query_44,prepare,1.928,ok
prodds,100,i,Interpreted,2,query_45,explain,0.838,ok
prodds,100,i,Interpreted,2,query_45,prepare,2.162,ok
prodds,100,i,Interpreted,2,query_46,explain,0.942,ok
prodds,100,i,Interpreted,2,query_46,prepare,4.169,ok
prodds,100,i,Interpreted,2,query_47,explain,1.962,ok
prodds,100,i,Interpreted,2,query_47,prepare,4.191,ok
prodds,100,i,Interpreted,2,query_48,explain,2.277,ok
prodds,100,i,Interpreted,2,query_48,prepare,5.956,ok
prodds,100,i,Interpreted,2,query_49,explain,2.038,ok
prodds,100,i,Interpreted,2,query_49,prepare,3.495,ok
prodds,100,i,Interpreted,2,query_5,explain,1.011,ok
prodds,100,i,Interpreted,2,query_5,prepare,2.339,ok
prodds,100,i,Interpreted,2,query_50,explain,2.069,ok
prodds,100,i,Interpreted,2,query_50,prepare,3.917,ok
prodds,100,i,Interpreted,2,query_51,explain,2.162,ok
prodds,100,i,Interpreted,2,query_51,prepare,4.638,ok
prodds,100,i,Interpreted,2,query_52,explain,0.663,ok
prodds,100,i,Interpreted,2,query_52,prepare,1.459,ok
prodds,100,i,Interpreted,2,query_53,explain,2.034,ok
prodds,100,i,Interpreted,2,query_53,prepare,3.328,ok
prodds,100,i,Interpreted,2,query_54,explain,1.035,ok
prodds,100,i,Interpreted,2,query_54,prepare,2.443,ok
prodds,100,i,Interpreted,2,query_55,explain,0.528,ok
prodds,100,i,Interpreted,2,query_55,prepare,1.751,ok
prodds,100,i,Interpreted,2,query_56,explain,1.065,ok
prodds,100,i,Interpreted,2,query_56,prepare,3.236,ok
prodds,100,i,Interpreted,2,query_57,explain,1.428,ok
prodds,100,i,Interpreted,2,query_57,prepare,2.862,ok
prodds,100,i,Interpreted,2,query_58,explain,1.443,ok
prodds,100,i,Interpreted,2,query_58,prepare,2.970,ok
prodds,100,i,Interpreted,2,query_59,explain,0.819,ok
prodds,100,i,Interpreted,2,query_59,prepare,2.353,ok
prodds,100,i,Interpreted,2,query_6,explain,3.334,ok
prodds,100,i,Interpreted,2,query_6,prepare,7.158,ok
prodds,100,i,Interpreted,2,query_60,explain,1.435,ok
prodds,100,i,Interpreted,2,query_60,prepare,3.056,ok
prodds,100,i,Interpreted,2,query_61,explain,0.718,ok
prodds,100,i,Interpreted,2,query_61,prepare,2.005,ok
prodds,100,i,Interpreted,2,query_62,explain,1.539,ok
prodds,100,i,Interpreted,2,query_62,prepare,3.331,ok
prodds,100,i,Interpreted,2,query_63,explain,1.941,ok
prodds,100,i,Interpreted,2,query_63,prepare,4.622,ok
prodds,100,i,Interpreted,2,query_64,explain,0.973,ok
prodds,100,i,Interpreted,2,query_64,prepare,1.807,ok
prodds,100,i,Interpreted,2,query_65,explain,0.798,ok
prodds,100,i,Interpreted,2,query_65,prepare,1.905,ok
prodds,100,i,Interpreted,2,query_66,explain,5.285,ok
prodds,100,i,Interpreted,2,query_66,prepare,7.619,ok
prodds,100,i,Interpreted,2,query_67,explain,0.874,ok
prodds,100,i,Interpreted,2,query_67,prepare,1.565,ok
prodds,100,i,Interpreted,2,query_68,explain,3.057,ok
prodds,100,i,Interpreted,2,query_68,prepare,4.669,ok
prodds,100,i,Interpreted,2,query_69,explain,4.242,ok
prodds,100,i,Interpreted,2,query_69,prepare,8.686,ok
prodds,100,i,Interpreted,2,query_7,explain,1.081,ok
prodds,100,i,Interpreted,2,query_7,prepare,1.791,ok
prodds,100,i,Interpreted,2,query_70,explain,1.779,ok
prodds,100,i,Interpreted,2,query_70,prepare,4.820,ok
prodds,100,i,Interpreted,2,query_71,explain,1.254,ok
prodds,100,i,Interpreted,2,query_71,prepare,3.042,ok
prodds,100,i,Interpreted,2,query_73,explain,1.550,ok
prodds,100,i,Interpreted,2,query_73,prepare,2.793,ok
prodds,100,i,Interpreted,2,query_74,explain,2.187,ok
prodds,100,i,Interpreted,2,query_74,prepare,2.998,ok
prodds,100,i,Interpreted,2,query_75,explain,1.738,ok
prodds,100,i,Interpreted,2,query_75,prepare,3.299,ok
prodds,100,i,Interpreted,2,query_76,explain,1.114,ok
prodds,100,i,Interpreted,2,query_76,prepare,3.201,ok
prodds,100,i,Interpreted,2,query_77,explain,1.048,ok
prodds,100,i,Interpreted,2,query_77,prepare,2.376,ok
prodds,100,i,Interpreted,2,query_79,explain,1.361,ok
prodds,100,i,Interpreted,2,query_79,prepare,2.811,ok
prodds,100,i,Interpreted,2,query_8,explain,1.342,ok
prodds,100,i,Interpreted,2,query_8,prepare,3.156,ok
prodds,100,i,Interpreted,2,query_80,explain,0.890,ok
prodds,100,i,Interpreted,2,query_80,prepare,1.645,ok
prodds,100,i,Interpreted,2,query_81,explain,2.014,ok
prodds,100,i,Interpreted,2,query_81,prepare,3.735,ok
prodds,100,i,Interpreted,2,query_82,explain,0.639,ok
prodds,100,i,Interpreted,2,query_82,prepare,1.432,ok
prodds,100,i,Interpreted,2,query_83,explain,2.405,ok
prodds,100,i,Interpreted,2,query_83,prepare,4.564,ok
prodds,100,i,Interpreted,2,query_84,explain,1.781,ok
prodds,100,i,Interpreted,2,query_84,prepare,3.645,ok
prodds,100,i,Interpreted,2,query_85,explain,1.327,ok
prodds,100,i,Interpreted,2,query_85,prepare,2.934,ok
prodds,100,i,Interpreted,2,query_86,explain,1.067,ok
prodds,100,i,Interpreted,2,query_86,prepare,2.360,ok
prodds,100,i,Interpreted,2,query_87,explain,3.459,ok
prodds,100,i,Interpreted,2,query_87,prepare,5.314,ok
prodds,100,i,Interpreted,2,query_88,explain,1.402,ok
prodds,100,i,Interpreted,2,query_88,prepare,3.540,ok
prodds,100,i,Interpreted,2,query_89,explain,1.237,ok
prodds,100,i,Interpreted,2,query_89,prepare,2.790,ok
prodds,100,i,Interpreted,2,query_9,explain,2.056,ok
prodds,100,i,Interpreted,2,query_9,prepare,4.336,ok
prodds,100,i,Interpreted,2,query_91,explain,2.339,ok
prodds,100,i,Interpreted,2,query_91,prepare,3.542,ok
prodds,100,i,Interpreted,2,query_92,explain,2.014,ok
prodds,100,i,Interpreted,2,query_92,prepare,4.248,ok
prodds,100,i,Interpreted,2,query_93,explain,2.904,ok
prodds,100,i,Interpreted,2,query_93,prepare,7.060,ok
prodds,100,i,Interpreted,2,query_94,explain,1.326,ok
prodds,100,i,Interpreted,2,query_94,prepare,2.344,ok
prodds,100,i,Interpreted,2,query_95,explain,2.282,ok
prodds,100,i,Interpreted,2,query_95,prepare,4.839,ok
prodds,100,i,Interpreted,2,query_97,explain,1.900,ok
prodds,100,i,Interpreted,2,query_97,prepare,3.389,ok
prodds,100,i,Interpreted,2,query_98,explain,2.196,ok
prodds,100,i,Interpreted,2,query_98,prepare,5.706,ok
prodds,100,i,Interpreted,2,query_99,explain,1.197,ok
prodds,100,i,Interpreted,2,query_99,prepare,2.905,ok
prodds,100,i,Interpreted,2,query_join_J100,explain,19.440,ok
prodds,100,i,Interpreted,2,query_join_J100,prepare,32.682,ok
prodds,100,i,Interpreted,2,query_join_J200,explain,39.352,ok
prodds,100,i,Interpreted,2,query_join_J200,prepare,66.245,ok
prodds,100,i,Interpreted,2,query_join_J50,explain,12.355,ok
prodds,100,i,Interpreted,2,query_join_J50,prepare,19.787,ok
prodds,100,i,Interpreted,2,query_union_U10,explain,1.308,ok
prodds,100,i,Interpreted,2,query_union_U10,prepare,1.738,ok
prodds,100,i,Interpreted,2,query_union_U2,explain,0.696,ok
prodds,100,i,Interpreted,2,query_union_U2,prepare,1.051,ok
prodds,100,i,Interpreted,2,query_union_U20,explain,1.416,ok
prodds,100,i,Interpreted,2,query_union_U20,prepare,2.607,ok
prodds,100,i,Interpreted,2,query_union_U5,explain,0.926,ok
prodds,100,i,Interpreted,2,query_union_U5,prepare,1.585,ok
prodds,100,i,Interpreted,3,__floor__,floor,0.174,ok
prodds,100,i,Interpreted,3,query_1,explain,1.176,ok
prodds,100,i,Interpreted,3,query_1,prepare,1.599,ok
prodds,100,i,Interpreted,3,query_10,explain,2.853,ok
prodds,100,i,Interpreted,3,query_10,prepare,7.418,ok
prodds,100,i,Interpreted,3,query_11,explain,1.446,ok
prodds,100,i,Interpreted,3,query_11,prepare,3.564,ok
prodds,100,i,Interpreted,3,query_12,explain,2.406,ok
prodds,100,i,Interpreted,3,query_12,prepare,5.226,ok
prodds,100,i,Interpreted,3,query_13,explain,3.068,ok
prodds,100,i,Interpreted,3,query_13,prepare,4.488,ok
prodds,100,i,Interpreted,3,query_14,explain,1.485,ok
prodds,100,i,Interpreted,3,query_14,prepare,2.930,ok
prodds,100,i,Interpreted,3,query_15,explain,1.885,ok
prodds,100,i,Interpreted,3,query_15,prepare,4.016,ok
prodds,100,i,Interpreted,3,query_17,explain,2.073,ok
prodds,100,i,Interpreted,3,query_17,prepare,3.903,ok
prodds,100,i,Interpreted,3,query_18,explain,2.206,ok
prodds,100,i,Interpreted,3,query_18,prepare,4.558,ok
prodds,100,i,Interpreted,3,query_2,explain,1.878,ok
prodds,100,i,Interpreted,3,query_2,prepare,4.013,ok
prodds,100,i,Interpreted,3,query_20,explain,9.537,ok
prodds,100,i,Interpreted,3,query_20,prepare,9.119,ok
prodds,100,i,Interpreted,3,query_21,explain,0.969,ok
prodds,100,i,Interpreted,3,query_21,prepare,2.179,ok
prodds,100,i,Interpreted,3,query_22,explain,2.025,ok
prodds,100,i,Interpreted,3,query_22,prepare,3.804,ok
prodds,100,i,Interpreted,3,query_23,explain,2.088,ok
prodds,100,i,Interpreted,3,query_23,prepare,4.223,ok
prodds,100,i,Interpreted,3,query_24,explain,1.228,ok
prodds,100,i,Interpreted,3,query_24,prepare,2.190,ok
prodds,100,i,Interpreted,3,query_25,explain,1.415,ok
prodds,100,i,Interpreted,3,query_25,prepare,2.201,ok
prodds,100,i,Interpreted,3,query_26,explain,2.339,ok
prodds,100,i,Interpreted,3,query_26,prepare,4.797,ok
prodds,100,i,Interpreted,3,query_27,explain,1.151,ok
prodds,100,i,Interpreted,3,query_27,prepare,2.273,ok
prodds,100,i,Interpreted,3,query_28,explain,1.613,ok
prodds,100,i,Interpreted,3,query_28,prepare,3.042,ok
prodds,100,i,Interpreted,3,query_3,explain,2.929,ok
prodds,100,i,Interpreted,3,query_3,prepare,6.172,ok
prodds,100,i,Interpreted,3,query_30,explain,1.941,ok
prodds,100,i,Interpreted,3,query_30,prepare,4.115,ok
prodds,100,i,Interpreted,3,query_31,explain,1.039,ok
prodds,100,i,Interpreted,3,query_31,prepare,2.350,ok
prodds,100,i,Interpreted,3,query_32,explain,0.749,ok
prodds,100,i,Interpreted,3,query_32,prepare,2.024,ok
prodds,100,i,Interpreted,3,query_33,explain,2.438,ok
prodds,100,i,Interpreted,3,query_33,prepare,4.066,ok
prodds,100,i,Interpreted,3,query_35,explain,0.761,ok
prodds,100,i,Interpreted,3,query_35,prepare,2.403,ok
prodds,100,i,Interpreted,3,query_36,explain,2.522,ok
prodds,100,i,Interpreted,3,query_36,prepare,4.700,ok
prodds,100,i,Interpreted,3,query_37,explain,1.206,ok
prodds,100,i,Interpreted,3,query_37,prepare,3.120,ok
prodds,100,i,Interpreted,3,query_39,explain,2.350,ok
prodds,100,i,Interpreted,3,query_39,prepare,4.670,ok
prodds,100,i,Interpreted,3,query_4,explain,1.703,ok
prodds,100,i,Interpreted,3,query_4,prepare,2.788,ok
prodds,100,i,Interpreted,3,query_40,explain,1.333,ok
prodds,100,i,Interpreted,3,query_40,prepare,2.017,ok
prodds,100,i,Interpreted,3,query_41,explain,2.242,ok
prodds,100,i,Interpreted,3,query_41,prepare,4.817,ok
prodds,100,i,Interpreted,3,query_42,explain,1.738,ok
prodds,100,i,Interpreted,3,query_42,prepare,4.421,ok
prodds,100,i,Interpreted,3,query_43,explain,2.257,ok
prodds,100,i,Interpreted,3,query_43,prepare,3.355,ok
prodds,100,i,Interpreted,3,query_44,explain,1.071,ok
prodds,100,i,Interpreted,3,query_44,prepare,1.736,ok
prodds,100,i,Interpreted,3,query_45,explain,0.823,ok
prodds,100,i,Interpreted,3,query_45,prepare,1.807,ok
prodds,100,i,Interpreted,3,query_46,explain,0.918,ok
prodds,100,i,Interpreted,3,query_46,prepare,3.414,ok
prodds,100,i,Interpreted,3,query_47,explain,1.965,ok
prodds,100,i,Interpreted,3,query_47,prepare,3.832,ok
prodds,100,i,Interpreted,3,query_48,explain,2.229,ok
prodds,100,i,Interpreted,3,query_48,prepare,5.164,ok
prodds,100,i,Interpreted,3,query_49,explain,2.017,ok
prodds,100,i,Interpreted,3,query_49,prepare,3.101,ok
prodds,100,i,Interpreted,3,query_5,explain,0.964,ok
prodds,100,i,Interpreted,3,query_5,prepare,2.054,ok
prodds,100,i,Interpreted,3,query_50,explain,1.958,ok
prodds,100,i,Interpreted,3,query_50,prepare,3.513,ok
prodds,100,i,Interpreted,3,query_51,explain,2.031,ok
prodds,100,i,Interpreted,3,query_51,prepare,4.162,ok
prodds,100,i,Interpreted,3,query_52,explain,0.628,ok
prodds,100,i,Interpreted,3,query_52,prepare,1.331,ok
prodds,100,i,Interpreted,3,query_53,explain,1.798,ok
prodds,100,i,Interpreted,3,query_53,prepare,2.996,ok
prodds,100,i,Interpreted,3,query_54,explain,1.007,ok
prodds,100,i,Interpreted,3,query_54,prepare,2.128,ok
prodds,100,i,Interpreted,3,query_55,explain,0.491,ok
prodds,100,i,Interpreted,3,query_55,prepare,1.488,ok
prodds,100,i,Interpreted,3,query_56,explain,1.026,ok
prodds,100,i,Interpreted,3,query_56,prepare,2.813,ok
prodds,100,i,Interpreted,3,query_57,explain,1.392,ok
prodds,100,i,Interpreted,3,query_57,prepare,2.569,ok
prodds,100,i,Interpreted,3,query_58,explain,1.408,ok
prodds,100,i,Interpreted,3,query_58,prepare,2.696,ok
prodds,100,i,Interpreted,3,query_59,explain,0.773,ok
prodds,100,i,Interpreted,3,query_59,prepare,2.024,ok
prodds,100,i,Interpreted,3,query_6,explain,3.092,ok
prodds,100,i,Interpreted,3,query_6,prepare,6.330,ok
prodds,100,i,Interpreted,3,query_60,explain,1.449,ok
prodds,100,i,Interpreted,3,query_60,prepare,2.822,ok
prodds,100,i,Interpreted,3,query_61,explain,0.694,ok
prodds,100,i,Interpreted,3,query_61,prepare,1.814,ok
prodds,100,i,Interpreted,3,query_62,explain,1.470,ok
prodds,100,i,Interpreted,3,query_62,prepare,3.009,ok
prodds,100,i,Interpreted,3,query_63,explain,1.917,ok
prodds,100,i,Interpreted,3,query_63,prepare,3.618,ok
prodds,100,i,Interpreted,3,query_64,explain,0.844,ok
prodds,100,i,Interpreted,3,query_64,prepare,1.636,ok
prodds,100,i,Interpreted,3,query_65,explain,0.808,ok
prodds,100,i,Interpreted,3,query_65,prepare,1.632,ok
prodds,100,i,Interpreted,3,query_66,explain,4.798,ok
prodds,100,i,Interpreted,3,query_66,prepare,6.929,ok
prodds,100,i,Interpreted,3,query_67,explain,0.877,ok
prodds,100,i,Interpreted,3,query_67,prepare,1.481,ok
prodds,100,i,Interpreted,3,query_68,explain,2.919,ok
prodds,100,i,Interpreted,3,query_68,prepare,4.273,ok
prodds,100,i,Interpreted,3,query_69,explain,4.016,ok
prodds,100,i,Interpreted,3,query_69,prepare,7.819,ok
prodds,100,i,Interpreted,3,query_7,explain,1.071,ok
prodds,100,i,Interpreted,3,query_7,prepare,10.925,ok
prodds,100,i,Interpreted,3,query_70,explain,2.120,ok
prodds,100,i,Interpreted,3,query_70,prepare,4.683,ok
prodds,100,i,Interpreted,3,query_71,explain,1.420,ok
prodds,100,i,Interpreted,3,query_71,prepare,2.840,ok
prodds,100,i,Interpreted,3,query_73,explain,1.883,ok
prodds,100,i,Interpreted,3,query_73,prepare,2.808,ok
prodds,100,i,Interpreted,3,query_74,explain,2.577,ok
prodds,100,i,Interpreted,3,query_74,prepare,2.938,ok
prodds,100,i,Interpreted,3,query_75,explain,1.880,ok
prodds,100,i,Interpreted,3,query_75,prepare,3.101,ok
prodds,100,i,Interpreted,3,query_76,explain,1.271,ok
prodds,100,i,Interpreted,3,query_76,prepare,3.041,ok
prodds,100,i,Interpreted,3,query_77,explain,1.037,ok
prodds,100,i,Interpreted,3,query_77,prepare,2.303,ok
prodds,100,i,Interpreted,3,query_79,explain,1.336,ok
prodds,100,i,Interpreted,3,query_79,prepare,2.696,ok
prodds,100,i,Interpreted,3,query_8,explain,1.390,ok
prodds,100,i,Interpreted,3,query_8,prepare,2.976,ok
prodds,100,i,Interpreted,3,query_80,explain,1.002,ok
prodds,100,i,Interpreted,3,query_80,prepare,1.615,ok
prodds,100,i,Interpreted,3,query_81,explain,2.017,ok
prodds,100,i,Interpreted,3,query_81,prepare,3.616,ok
prodds,100,i,Interpreted,3,query_82,explain,0.647,ok
prodds,100,i,Interpreted,3,query_82,prepare,1.300,ok
prodds,100,i,Interpreted,3,query_83,explain,2.409,ok
prodds,100,i,Interpreted,3,query_83,prepare,4.349,ok
prodds,100,i,Interpreted,3,query_84,explain,1.821,ok
prodds,100,i,Interpreted,3,query_84,prepare,3.498,ok
prodds,100,i,Interpreted,3,query_85,explain,1.432,ok
prodds,100,i,Interpreted,3,query_85,prepare,2.852,ok
prodds,100,i,Interpreted,3,query_86,explain,1.153,ok
prodds,100,i,Interpreted,3,query_86,prepare,2.215,ok
prodds,100,i,Interpreted,3,query_87,explain,3.473,ok
prodds,100,i,Interpreted,3,query_87,prepare,5.176,ok
prodds,100,i,Interpreted,3,query_88,explain,1.459,ok
prodds,100,i,Interpreted,3,query_88,prepare,3.354,ok
prodds,100,i,Interpreted,3,query_89,explain,1.240,ok
prodds,100,i,Interpreted,3,query_89,prepare,2.631,ok
prodds,100,i,Interpreted,3,query_9,explain,2.029,ok
prodds,100,i,Interpreted,3,query_9,prepare,4.206,ok
prodds,100,i,Interpreted,3,query_91,explain,2.363,ok
prodds,100,i,Interpreted,3,query_91,prepare,3.421,ok
prodds,100,i,Interpreted,3,query_92,explain,2.028,ok
prodds,100,i,Interpreted,3,query_92,prepare,4.074,ok
prodds,100,i,Interpreted,3,query_93,explain,2.886,ok
prodds,100,i,Interpreted,3,query_93,prepare,6.785,ok
prodds,100,i,Interpreted,3,query_94,explain,1.365,ok
prodds,100,i,Interpreted,3,query_94,prepare,2.278,ok
prodds,100,i,Interpreted,3,query_95,explain,2.273,ok
prodds,100,i,Interpreted,3,query_95,prepare,4.677,ok
prodds,100,i,Interpreted,3,query_97,explain,1.975,ok
prodds,100,i,Interpreted,3,query_97,prepare,3.245,ok
prodds,100,i,Interpreted,3,query_98,explain,2.268,ok
prodds,100,i,Interpreted,3,query_98,prepare,5.475,ok
prodds,100,i,Interpreted,3,query_99,explain,1.221,ok
prodds,100,i,Interpreted,3,query_99,prepare,2.871,ok
prodds,100,i,Interpreted,3,query_join_J100,explain,18.736,ok
prodds,100,i,Interpreted,3,query_join_J100,prepare,32.244,ok
prodds,100,i,Interpreted,3,query_join_J200,explain,38.001,ok
prodds,100,i,Interpreted,3,query_join_J200,prepare,65.602,ok
prodds,100,i,Interpreted,3,query_join_J50,explain,12.267,ok
prodds,100,i,Interpreted,3,query_join_J50,prepare,19.232,ok
prodds,100,i,Interpreted,3,query_union_U10,explain,1.258,ok
prodds,100,i,Interpreted,3,query_union_U10,prepare,1.759,ok
prodds,100,i,Interpreted,3,query_union_U2,explain,0.704,ok
prodds,100,i,Interpreted,3,query_union_U2,prepare,1.056,ok
prodds,100,i,Interpreted,3,query_union_U20,explain,1.446,ok
prodds,100,i,Interpreted,3,query_union_U20,prepare,2.714,ok
prodds,100,i,Interpreted,3,query_union_U5,explain,0.936,ok
prodds,100,i,Interpreted,3,query_union_U5,prepare,1.612,ok
prodds,100,i,Interpreted,4,__floor__,floor,0.125,ok
prodds,100,i,Interpreted,4,query_1,explain,1.090,ok
prodds,100,i,Interpreted,4,query_1,prepare,1.507,ok
prodds,100,i,Interpreted,4,query_10,explain,2.216,ok
prodds,100,i,Interpreted,4,query_10,prepare,4.453,ok
prodds,100,i,Interpreted,4,query_11,explain,0.735,ok
prodds,100,i,Interpreted,4,query_11,prepare,1.814,ok
prodds,100,i,Interpreted,4,query_12,explain,1.234,ok
prodds,100,i,Interpreted,4,query_12,prepare,2.950,ok
prodds,100,i,Interpreted,4,query_13,explain,1.532,ok
prodds,100,i,Interpreted,4,query_13,prepare,2.533,ok
prodds,100,i,Interpreted,4,query_14,explain,0.664,ok
prodds,100,i,Interpreted,4,query_14,prepare,1.454,ok
prodds,100,i,Interpreted,4,query_15,explain,0.890,ok
prodds,100,i,Interpreted,4,query_15,prepare,1.859,ok
prodds,100,i,Interpreted,4,query_17,explain,1.209,ok
prodds,100,i,Interpreted,4,query_17,prepare,2.346,ok
prodds,100,i,Interpreted,4,query_18,explain,1.312,ok
prodds,100,i,Interpreted,4,query_18,prepare,2.654,ok
prodds,100,i,Interpreted,4,query_2,explain,1.038,ok
prodds,100,i,Interpreted,4,query_2,prepare,2.364,ok
prodds,100,i,Interpreted,4,query_20,explain,6.550,ok
prodds,100,i,Interpreted,4,query_20,prepare,9.182,ok
prodds,100,i,Interpreted,4,query_21,explain,1.013,ok
prodds,100,i,Interpreted,4,query_21,prepare,2.167,ok
prodds,100,i,Interpreted,4,query_22,explain,2.009,ok
prodds,100,i,Interpreted,4,query_22,prepare,3.904,ok
prodds,100,i,Interpreted,4,query_23,explain,2.074,ok
prodds,100,i,Interpreted,4,query_23,prepare,4.101,ok
prodds,100,i,Interpreted,4,query_24,explain,1.244,ok
prodds,100,i,Interpreted,4,query_24,prepare,2.208,ok
prodds,100,i,Interpreted,4,query_25,explain,1.465,ok
prodds,100,i,Interpreted,4,query_25,prepare,2.259,ok
prodds,100,i,Interpreted,4,query_26,explain,2.371,ok
prodds,100,i,Interpreted,4,query_26,prepare,4.799,ok
prodds,100,i,Interpreted,4,query_27,explain,1.117,ok
prodds,100,i,Interpreted,4,query_27,prepare,2.310,ok
prodds,100,i,Interpreted,4,query_28,explain,1.594,ok
prodds,100,i,Interpreted,4,query_28,prepare,3.041,ok
prodds,100,i,Interpreted,4,query_3,explain,2.898,ok
prodds,100,i,Interpreted,4,query_3,prepare,6.230,ok
prodds,100,i,Interpreted,4,query_30,explain,1.924,ok
prodds,100,i,Interpreted,4,query_30,prepare,4.149,ok
prodds,100,i,Interpreted,4,query_31,explain,1.033,ok
prodds,100,i,Interpreted,4,query_31,prepare,2.441,ok
prodds,100,i,Interpreted,4,query_32,explain,0.729,ok
prodds,100,i,Interpreted,4,query_32,prepare,2.054,ok
prodds,100,i,Interpreted,4,query_33,explain,2.535,ok
prodds,100,i,Interpreted,4,query_33,prepare,4.173,ok
prodds,100,i,Interpreted,4,query_35,explain,0.740,ok
prodds,100,i,Interpreted,4,query_35,prepare,2.466,ok
prodds,100,i,Interpreted,4,query_36,explain,2.515,ok
prodds,100,i,Interpreted,4,query_36,prepare,4.756,ok
prodds,100,i,Interpreted,4,query_37,explain,1.277,ok
prodds,100,i,Interpreted,4,query_37,prepare,3.267,ok
prodds,100,i,Interpreted,4,query_39,explain,2.322,ok
prodds,100,i,Interpreted,4,query_39,prepare,4.659,ok
prodds,100,i,Interpreted,4,query_4,explain,1.701,ok
prodds,100,i,Interpreted,4,query_4,prepare,2.875,ok
prodds,100,i,Interpreted,4,query_40,explain,1.527,ok
prodds,100,i,Interpreted,4,query_40,prepare,2.092,ok
prodds,100,i,Interpreted,4,query_41,explain,2.345,ok
prodds,100,i,Interpreted,4,query_41,prepare,4.971,ok
prodds,100,i,Interpreted,4,query_42,explain,1.765,ok
prodds,100,i,Interpreted,4,query_42,prepare,4.361,ok
prodds,100,i,Interpreted,4,query_43,explain,2.172,ok
prodds,100,i,Interpreted,4,query_43,prepare,3.388,ok
prodds,100,i,Interpreted,4,query_44,explain,1.059,ok
prodds,100,i,Interpreted,4,query_44,prepare,1.778,ok
prodds,100,i,Interpreted,4,query_45,explain,0.836,ok
prodds,100,i,Interpreted,4,query_45,prepare,1.950,ok
prodds,100,i,Interpreted,4,query_46,explain,0.906,ok
prodds,100,i,Interpreted,4,query_46,prepare,3.572,ok
prodds,100,i,Interpreted,4,query_47,explain,1.969,ok
prodds,100,i,Interpreted,4,query_47,prepare,3.741,ok
prodds,100,i,Interpreted,4,query_48,explain,2.284,ok
prodds,100,i,Interpreted,4,query_48,prepare,5.254,ok
prodds,100,i,Interpreted,4,query_49,explain,2.015,ok
prodds,100,i,Interpreted,4,query_49,prepare,3.190,ok
prodds,100,i,Interpreted,4,query_5,explain,0.959,ok
prodds,100,i,Interpreted,4,query_5,prepare,2.093,ok
prodds,100,i,Interpreted,4,query_50,explain,1.967,ok
prodds,100,i,Interpreted,4,query_50,prepare,3.631,ok
prodds,100,i,Interpreted,4,query_51,explain,2.028,ok
prodds,100,i,Interpreted,4,query_51,prepare,4.352,ok
prodds,100,i,Interpreted,4,query_52,explain,0.668,ok
prodds,100,i,Interpreted,4,query_52,prepare,1.363,ok
prodds,100,i,Interpreted,4,query_53,explain,1.831,ok
prodds,100,i,Interpreted,4,query_53,prepare,2.971,ok
prodds,100,i,Interpreted,4,query_54,explain,1.014,ok
prodds,100,i,Interpreted,4,query_54,prepare,2.184,ok
prodds,100,i,Interpreted,4,query_55,explain,0.488,ok
prodds,100,i,Interpreted,4,query_55,prepare,1.549,ok
prodds,100,i,Interpreted,4,query_56,explain,1.029,ok
prodds,100,i,Interpreted,4,query_56,prepare,2.963,ok
prodds,100,i,Interpreted,4,query_57,explain,1.433,ok
prodds,100,i,Interpreted,4,query_57,prepare,2.571,ok
prodds,100,i,Interpreted,4,query_58,explain,1.411,ok
prodds,100,i,Interpreted,4,query_58,prepare,2.685,ok
prodds,100,i,Interpreted,4,query_59,explain,0.787,ok
prodds,100,i,Interpreted,4,query_59,prepare,2.112,ok
prodds,100,i,Interpreted,4,query_6,explain,3.067,ok
prodds,100,i,Interpreted,4,query_6,prepare,6.687,ok
prodds,100,i,Interpreted,4,query_60,explain,1.461,ok
prodds,100,i,Interpreted,4,query_60,prepare,2.872,ok
prodds,100,i,Interpreted,4,query_61,explain,0.678,ok
prodds,100,i,Interpreted,4,query_61,prepare,1.835,ok
prodds,100,i,Interpreted,4,query_62,explain,1.527,ok
prodds,100,i,Interpreted,4,query_62,prepare,3.084,ok
prodds,100,i,Interpreted,4,query_63,explain,1.910,ok
prodds,100,i,Interpreted,4,query_63,prepare,3.620,ok
prodds,100,i,Interpreted,4,query_64,explain,0.859,ok
prodds,100,i,Interpreted,4,query_64,prepare,1.686,ok
prodds,100,i,Interpreted,4,query_65,explain,0.810,ok
prodds,100,i,Interpreted,4,query_65,prepare,1.682,ok
prodds,100,i,Interpreted,4,query_66,explain,4.790,ok
prodds,100,i,Interpreted,4,query_66,prepare,7.068,ok
prodds,100,i,Interpreted,4,query_67,explain,0.878,ok
prodds,100,i,Interpreted,4,query_67,prepare,1.497,ok
prodds,100,i,Interpreted,4,query_68,explain,2.889,ok
prodds,100,i,Interpreted,4,query_68,prepare,4.413,ok
prodds,100,i,Interpreted,4,query_69,explain,4.063,ok
prodds,100,i,Interpreted,4,query_69,prepare,8.009,ok
prodds,100,i,Interpreted,4,query_7,explain,1.062,ok
prodds,100,i,Interpreted,4,query_7,prepare,1.791,ok
prodds,100,i,Interpreted,4,query_70,explain,1.709,ok
prodds,100,i,Interpreted,4,query_70,prepare,4.302,ok
prodds,100,i,Interpreted,4,query_71,explain,1.237,ok
prodds,100,i,Interpreted,4,query_71,prepare,2.701,ok
prodds,100,i,Interpreted,4,query_73,explain,1.520,ok
prodds,100,i,Interpreted,4,query_73,prepare,2.636,ok
prodds,100,i,Interpreted,4,query_74,explain,2.130,ok
prodds,100,i,Interpreted,4,query_74,prepare,2.793,ok
prodds,100,i,Interpreted,4,query_75,explain,1.604,ok
prodds,100,i,Interpreted,4,query_75,prepare,2.881,ok
prodds,100,i,Interpreted,4,query_76,explain,1.142,ok
prodds,100,i,Interpreted,4,query_76,prepare,2.852,ok
prodds,100,i,Interpreted,4,query_77,explain,1.018,ok
prodds,100,i,Interpreted,4,query_77,prepare,2.223,ok
prodds,100,i,Interpreted,4,query_79,explain,1.276,ok
prodds,100,i,Interpreted,4,query_79,prepare,2.543,ok
prodds,100,i,Interpreted,4,query_8,explain,1.338,ok
prodds,100,i,Interpreted,4,query_8,prepare,2.811,ok
prodds,100,i,Interpreted,4,query_80,explain,0.877,ok
prodds,100,i,Interpreted,4,query_80,prepare,1.494,ok
prodds,100,i,Interpreted,4,query_81,explain,1.871,ok
prodds,100,i,Interpreted,4,query_81,prepare,3.348,ok
prodds,100,i,Interpreted,4,query_82,explain,0.619,ok
prodds,100,i,Interpreted,4,query_82,prepare,1.212,ok
prodds,100,i,Interpreted,4,query_83,explain,2.171,ok
prodds,100,i,Interpreted,4,query_83,prepare,4.146,ok
prodds,100,i,Interpreted,4,query_84,explain,1.791,ok
prodds,100,i,Interpreted,4,query_84,prepare,3.251,ok
prodds,100,i,Interpreted,4,query_85,explain,1.292,ok
prodds,100,i,Interpreted,4,query_85,prepare,2.735,ok
prodds,100,i,Interpreted,4,query_86,explain,1.043,ok
prodds,100,i,Interpreted,4,query_86,prepare,2.032,ok
prodds,100,i,Interpreted,4,query_87,explain,3.290,ok
prodds,100,i,Interpreted,4,query_87,prepare,4.941,ok
prodds,100,i,Interpreted,4,query_88,explain,1.321,ok
prodds,100,i,Interpreted,4,query_88,prepare,3.063,ok
prodds,100,i,Interpreted,4,query_89,explain,1.184,ok
prodds,100,i,Interpreted,4,query_89,prepare,2.538,ok
prodds,100,i,Interpreted,4,query_9,explain,1.988,ok
prodds,100,i,Interpreted,4,query_9,prepare,3.893,ok
prodds,100,i,Interpreted,4,query_91,explain,2.321,ok
prodds,100,i,Interpreted,4,query_91,prepare,3.314,ok
prodds,100,i,Interpreted,4,query_92,explain,1.980,ok
prodds,100,i,Interpreted,4,query_92,prepare,3.844,ok
prodds,100,i,Interpreted,4,query_93,explain,2.799,ok
prodds,100,i,Interpreted,4,query_93,prepare,6.146,ok
prodds,100,i,Interpreted,4,query_94,explain,1.325,ok
prodds,100,i,Interpreted,4,query_94,prepare,2.218,ok
prodds,100,i,Interpreted,4,query_95,explain,2.215,ok
prodds,100,i,Interpreted,4,query_95,prepare,4.386,ok
prodds,100,i,Interpreted,4,query_97,explain,1.890,ok
prodds,100,i,Interpreted,4,query_97,prepare,3.078,ok
prodds,100,i,Interpreted,4,query_98,explain,1.973,ok
prodds,100,i,Interpreted,4,query_98,prepare,4.905,ok
prodds,100,i,Interpreted,4,query_99,explain,1.172,ok
prodds,100,i,Interpreted,4,query_99,prepare,2.675,ok
prodds,100,i,Interpreted,4,query_join_J100,explain,17.981,ok
prodds,100,i,Interpreted,4,query_join_J100,prepare,30.910,ok
prodds,100,i,Interpreted,4,query_join_J200,explain,36.661,ok
prodds,100,i,Interpreted,4,query_join_J200,prepare,61.945,ok
prodds,100,i,Interpreted,4,query_join_J50,explain,12.424,ok
prodds,100,i,Interpreted,4,query_join_J50,prepare,19.402,ok
prodds,100,i,Interpreted,4,query_union_U10,explain,1.296,ok
prodds,100,i,Interpreted,4,query_union_U10,prepare,1.752,ok
prodds,100,i,Interpreted,4,query_union_U2,explain,0.698,ok
prodds,100,i,Interpreted,4,query_union_U2,prepare,1.039,ok
prodds,100,i,Interpreted,4,query_union_U20,explain,1.426,ok
prodds,100,i,Interpreted,4,query_union_U20,prepare,2.416,ok
prodds,100,i,Interpreted,4,query_union_U5,explain,0.945,ok
prodds,100,i,Interpreted,4,query_union_U5,prepare,1.424,ok
prodds,100,i,Interpreted,5,__floor__,floor,0.355,ok
prodds,100,i,Interpreted,5,query_1,explain,1.161,ok
prodds,100,i,Interpreted,5,query_1,prepare,1.736,ok
prodds,100,i,Interpreted,5,query_10,explain,3.988,ok
prodds,100,i,Interpreted,5,query_10,prepare,9.950,ok
prodds,100,i,Interpreted,5,query_11,explain,1.617,ok
prodds,100,i,Interpreted,5,query_11,prepare,3.341,ok
prodds,100,i,Interpreted,5,query_12,explain,1.950,ok
prodds,100,i,Interpreted,5,query_12,prepare,6.361,ok
prodds,100,i,Interpreted,5,query_13,explain,1.998,ok
prodds,100,i,Interpreted,5,query_13,prepare,5.296,ok
prodds,100,i,Interpreted,5,query_14,explain,1.517,ok
prodds,100,i,Interpreted,5,query_14,prepare,3.517,ok
prodds,100,i,Interpreted,5,query_15,explain,1.900,ok
prodds,100,i,Interpreted,5,query_15,prepare,4.502,ok
prodds,100,i,Interpreted,5,query_17,explain,1.969,ok
prodds,100,i,Interpreted,5,query_17,prepare,4.231,ok
prodds,100,i,Interpreted,5,query_18,explain,2.260,ok
prodds,100,i,Interpreted,5,query_18,prepare,4.956,ok
prodds,100,i,Interpreted,5,query_2,explain,1.826,ok
prodds,100,i,Interpreted,5,query_2,prepare,4.394,ok
prodds,100,i,Interpreted,5,query_20,explain,8.796,ok
prodds,100,i,Interpreted,5,query_20,prepare,9.588,ok
prodds,100,i,Interpreted,5,query_21,explain,0.969,ok
prodds,100,i,Interpreted,5,query_21,prepare,2.362,ok
prodds,100,i,Interpreted,5,query_22,explain,1.993,ok
prodds,100,i,Interpreted,5,query_22,prepare,4.125,ok
prodds,100,i,Interpreted,5,query_23,explain,2.089,ok
prodds,100,i,Interpreted,5,query_23,prepare,4.314,ok
prodds,100,i,Interpreted,5,query_24,explain,1.247,ok
prodds,100,i,Interpreted,5,query_24,prepare,2.299,ok
prodds,100,i,Interpreted,5,query_25,explain,1.391,ok
prodds,100,i,Interpreted,5,query_25,prepare,2.347,ok
prodds,100,i,Interpreted,5,query_26,explain,2.359,ok
prodds,100,i,Interpreted,5,query_26,prepare,5.138,ok
prodds,100,i,Interpreted,5,query_27,explain,1.129,ok
prodds,100,i,Interpreted,5,query_27,prepare,2.435,ok
prodds,100,i,Interpreted,5,query_28,explain,1.621,ok
prodds,100,i,Interpreted,5,query_28,prepare,3.297,ok
prodds,100,i,Interpreted,5,query_3,explain,2.930,ok
prodds,100,i,Interpreted,5,query_3,prepare,6.564,ok
prodds,100,i,Interpreted,5,query_30,explain,1.983,ok
prodds,100,i,Interpreted,5,query_30,prepare,4.294,ok
prodds,100,i,Interpreted,5,query_31,explain,1.045,ok
prodds,100,i,Interpreted,5,query_31,prepare,2.604,ok
prodds,100,i,Interpreted,5,query_32,explain,0.760,ok
prodds,100,i,Interpreted,5,query_32,prepare,2.228,ok
prodds,100,i,Interpreted,5,query_33,explain,2.440,ok
prodds,100,i,Interpreted,5,query_33,prepare,4.370,ok
prodds,100,i,Interpreted,5,query_35,explain,0.778,ok
prodds,100,i,Interpreted,5,query_35,prepare,2.599,ok
prodds,100,i,Interpreted,5,query_36,explain,2.508,ok
prodds,100,i,Interpreted,5,query_36,prepare,4.956,ok
prodds,100,i,Interpreted,5,query_37,explain,1.220,ok
prodds,100,i,Interpreted,5,query_37,prepare,3.601,ok
prodds,100,i,Interpreted,5,query_39,explain,2.271,ok
prodds,100,i,Interpreted,5,query_39,prepare,4.919,ok
prodds,100,i,Interpreted,5,query_4,explain,1.677,ok
prodds,100,i,Interpreted,5,query_4,prepare,3.073,ok
prodds,100,i,Interpreted,5,query_40,explain,1.316,ok
prodds,100,i,Interpreted,5,query_40,prepare,2.176,ok
prodds,100,i,Interpreted,5,query_41,explain,2.299,ok
prodds,100,i,Interpreted,5,query_41,prepare,5.037,ok
prodds,100,i,Interpreted,5,query_42,explain,1.719,ok
prodds,100,i,Interpreted,5,query_42,prepare,4.782,ok
prodds,100,i,Interpreted,5,query_43,explain,2.159,ok
prodds,100,i,Interpreted,5,query_43,prepare,3.468,ok
prodds,100,i,Interpreted,5,query_44,explain,1.074,ok
prodds,100,i,Interpreted,5,query_44,prepare,1.812,ok
prodds,100,i,Interpreted,5,query_45,explain,0.866,ok
prodds,100,i,Interpreted,5,query_45,prepare,2.004,ok
prodds,100,i,Interpreted,5,query_46,explain,0.929,ok
prodds,100,i,Interpreted,5,query_46,prepare,3.896,ok
prodds,100,i,Interpreted,5,query_47,explain,1.926,ok
prodds,100,i,Interpreted,5,query_47,prepare,4.054,ok
prodds,100,i,Interpreted,5,query_48,explain,2.217,ok
prodds,100,i,Interpreted,5,query_48,prepare,5.455,ok
prodds,100,i,Interpreted,5,query_49,explain,2.069,ok
prodds,100,i,Interpreted,5,query_49,prepare,3.353,ok
prodds,100,i,Interpreted,5,query_5,explain,0.983,ok
prodds,100,i,Interpreted,5,query_5,prepare,2.171,ok
prodds,100,i,Interpreted,5,query_50,explain,2.015,ok
prodds,100,i,Interpreted,5,query_50,prepare,3.744,ok
prodds,100,i,Interpreted,5,query_51,explain,2.050,ok
prodds,100,i,Interpreted,5,query_51,prepare,4.405,ok
prodds,100,i,Interpreted,5,query_52,explain,0.668,ok
prodds,100,i,Interpreted,5,query_52,prepare,1.398,ok
prodds,100,i,Interpreted,5,query_53,explain,1.861,ok
prodds,100,i,Interpreted,5,query_53,prepare,3.152,ok
prodds,100,i,Interpreted,5,query_54,explain,1.044,ok
prodds,100,i,Interpreted,5,query_54,prepare,2.369,ok
prodds,100,i,Interpreted,5,query_55,explain,0.509,ok
prodds,100,i,Interpreted,5,query_55,prepare,1.686,ok
prodds,100,i,Interpreted,5,query_56,explain,1.048,ok
prodds,100,i,Interpreted,5,query_56,prepare,3.286,ok
prodds,100,i,Interpreted,5,query_57,explain,1.402,ok
prodds,100,i,Interpreted,5,query_57,prepare,2.761,ok
prodds,100,i,Interpreted,5,query_58,explain,1.425,ok
prodds,100,i,Interpreted,5,query_58,prepare,2.836,ok
prodds,100,i,Interpreted,5,query_59,explain,0.804,ok
prodds,100,i,Interpreted,5,query_59,prepare,2.269,ok
prodds,100,i,Interpreted,5,query_6,explain,3.075,ok
prodds,100,i,Interpreted,5,query_6,prepare,6.798,ok
prodds,100,i,Interpreted,5,query_60,explain,1.417,ok
prodds,100,i,Interpreted,5,query_60,prepare,2.989,ok
prodds,100,i,Interpreted,5,query_61,explain,0.712,ok
prodds,100,i,Interpreted,5,query_61,prepare,1.919,ok
prodds,100,i,Interpreted,5,query_62,explain,1.538,ok
prodds,100,i,Interpreted,5,query_62,prepare,3.216,ok
prodds,100,i,Interpreted,5,query_63,explain,1.918,ok
prodds,100,i,Interpreted,5,query_63,prepare,3.895,ok
prodds,100,i,Interpreted,5,query_64,explain,0.862,ok
prodds,100,i,Interpreted,5,query_64,prepare,1.762,ok
prodds,100,i,Interpreted,5,query_65,explain,0.833,ok
prodds,100,i,Interpreted,5,query_65,prepare,2.029,ok
prodds,100,i,Interpreted,5,query_66,explain,4.990,ok
prodds,100,i,Interpreted,5,query_66,prepare,7.304,ok
prodds,100,i,Interpreted,5,query_67,explain,0.876,ok
prodds,100,i,Interpreted,5,query_67,prepare,1.550,ok
prodds,100,i,Interpreted,5,query_68,explain,3.004,ok
prodds,100,i,Interpreted,5,query_68,prepare,4.513,ok
prodds,100,i,Interpreted,5,query_69,explain,4.105,ok
prodds,100,i,Interpreted,5,query_69,prepare,8.194,ok
prodds,100,i,Interpreted,5,query_7,explain,1.074,ok
prodds,100,i,Interpreted,5,query_7,prepare,1.778,ok
prodds,100,i,Interpreted,5,query_70,explain,1.727,ok
prodds,100,i,Interpreted,5,query_70,prepare,4.529,ok
prodds,100,i,Interpreted,5,query_71,explain,1.258,ok
prodds,100,i,Interpreted,5,query_71,prepare,2.925,ok
prodds,100,i,Interpreted,5,query_73,explain,1.539,ok
prodds,100,i,Interpreted,5,query_73,prepare,2.736,ok
prodds,100,i,Interpreted,5,query_74,explain,2.168,ok
prodds,100,i,Interpreted,5,query_74,prepare,2.908,ok
prodds,100,i,Interpreted,5,query_75,explain,1.664,ok
prodds,100,i,Interpreted,5,query_75,prepare,3.126,ok
prodds,100,i,Interpreted,5,query_76,explain,1.144,ok
prodds,100,i,Interpreted,5,query_76,prepare,3.071,ok
prodds,100,i,Interpreted,5,query_77,explain,1.035,ok
prodds,100,i,Interpreted,5,query_77,prepare,2.296,ok
prodds,100,i,Interpreted,5,query_79,explain,1.333,ok
prodds,100,i,Interpreted,5,query_79,prepare,2.721,ok
prodds,100,i,Interpreted,5,query_8,explain,1.334,ok
prodds,100,i,Interpreted,5,query_8,prepare,3.011,ok
prodds,100,i,Interpreted,5,query_80,explain,0.872,ok
prodds,100,i,Interpreted,5,query_80,prepare,1.606,ok
prodds,100,i,Interpreted,5,query_81,explain,1.917,ok
prodds,100,i,Interpreted,5,query_81,prepare,3.584,ok
prodds,100,i,Interpreted,5,query_82,explain,0.615,ok
prodds,100,i,Interpreted,5,query_82,prepare,1.327,ok
prodds,100,i,Interpreted,5,query_83,explain,2.255,ok
prodds,100,i,Interpreted,5,query_83,prepare,4.392,ok
prodds,100,i,Interpreted,5,query_84,explain,1.914,ok
prodds,100,i,Interpreted,5,query_84,prepare,3.484,ok
prodds,100,i,Interpreted,5,query_85,explain,1.321,ok
prodds,100,i,Interpreted,5,query_85,prepare,2.887,ok
prodds,100,i,Interpreted,5,query_86,explain,1.059,ok
prodds,100,i,Interpreted,5,query_86,prepare,2.216,ok
prodds,100,i,Interpreted,5,query_87,explain,3.348,ok
prodds,100,i,Interpreted,5,query_87,prepare,5.188,ok
prodds,100,i,Interpreted,5,query_88,explain,1.348,ok
prodds,100,i,Interpreted,5,query_88,prepare,3.393,ok
prodds,100,i,Interpreted,5,query_89,explain,1.236,ok
prodds,100,i,Interpreted,5,query_89,prepare,2.674,ok
prodds,100,i,Interpreted,5,query_9,explain,1.986,ok
prodds,100,i,Interpreted,5,query_9,prepare,4.201,ok
prodds,100,i,Interpreted,5,query_91,explain,2.332,ok
prodds,100,i,Interpreted,5,query_91,prepare,3.491,ok
prodds,100,i,Interpreted,5,query_92,explain,2.015,ok
prodds,100,i,Interpreted,5,query_92,prepare,4.080,ok
prodds,100,i,Interpreted,5,query_93,explain,2.847,ok
prodds,100,i,Interpreted,5,query_93,prepare,6.795,ok
prodds,100,i,Interpreted,5,query_94,explain,1.324,ok
prodds,100,i,Interpreted,5,query_94,prepare,2.280,ok
prodds,100,i,Interpreted,5,query_95,explain,2.259,ok
prodds,100,i,Interpreted,5,query_95,prepare,4.681,ok
prodds,100,i,Interpreted,5,query_97,explain,1.902,ok
prodds,100,i,Interpreted,5,query_97,prepare,3.243,ok
prodds,100,i,Interpreted,5,query_98,explain,2.079,ok
prodds,100,i,Interpreted,5,query_98,prepare,5.426,ok
prodds,100,i,Interpreted,5,query_99,explain,1.259,ok
prodds,100,i,Interpreted,5,query_99,prepare,2.876,ok
prodds,100,i,Interpreted,5,query_join_J100,explain,18.401,ok
prodds,100,i,Interpreted,5,query_join_J100,prepare,32.415,ok
prodds,100,i,Interpreted,5,query_join_J200,explain,37.976,ok
prodds,100,i,Interpreted,5,query_join_J200,prepare,65.064,ok
prodds,100,i,Interpreted,5,query_join_J50,explain,12.388,ok
prodds,100,i,Interpreted,5,query_join_J50,prepare,19.439,ok
prodds,100,i,Interpreted,5,query_union_U10,explain,1.299,ok
prodds,100,i,Interpreted,5,query_union_U10,prepare,1.787,ok
prodds,100,i,Interpreted,5,query_union_U2,explain,0.686,ok
prodds,100,i,Interpreted,5,query_union_U2,prepare,1.036,ok
prodds,100,i,Interpreted,5,query_union_U20,explain,1.431,ok
prodds,100,i,Interpreted,5,query_union_U20,prepare,2.460,ok
prodds,100,i,Interpreted,5,query_union_U5,explain,0.961,ok
prodds,100,i,Interpreted,5,query_union_U5,prepare,1.531,ok
prodds,100,A,Auto (default),1,__floor__,floor,0.192,ok
prodds,100,A,Auto (default),1,query_1,explain,0.890,ok
prodds,100,A,Auto (default),1,query_1,prepare,1.761,ok
prodds,100,A,Auto (default),1,query_10,explain,2.295,ok
prodds,100,A,Auto (default),1,query_10,prepare,5.238,ok
prodds,100,A,Auto (default),1,query_11,explain,0.772,ok
prodds,100,A,Auto (default),1,query_11,prepare,3.452,ok
prodds,100,A,Auto (default),1,query_12,explain,2.134,ok
prodds,100,A,Auto (default),1,query_12,prepare,6.061,ok
prodds,100,A,Auto (default),1,query_13,explain,2.549,ok
prodds,100,A,Auto (default),1,query_13,prepare,5.208,ok
prodds,100,A,Auto (default),1,query_14,explain,0.900,ok
prodds,100,A,Auto (default),1,query_14,prepare,1.776,ok
prodds,100,A,Auto (default),1,query_15,explain,0.909,ok
prodds,100,A,Auto (default),1,query_15,prepare,2.269,ok
prodds,100,A,Auto (default),1,query_17,explain,1.184,ok
prodds,100,A,Auto (default),1,query_17,prepare,2.791,ok
prodds,100,A,Auto (default),1,query_18,explain,1.327,ok
prodds,100,A,Auto (default),1,query_18,prepare,3.396,ok
prodds,100,A,Auto (default),1,query_2,explain,1.093,ok
prodds,100,A,Auto (default),1,query_2,prepare,2.955,ok
prodds,100,A,Auto (default),1,query_20,explain,6.594,ok
prodds,100,A,Auto (default),1,query_20,prepare,10.363,ok
prodds,100,A,Auto (default),1,query_21,explain,1.009,ok
prodds,100,A,Auto (default),1,query_21,prepare,2.701,ok
prodds,100,A,Auto (default),1,query_22,explain,2.078,ok
prodds,100,A,Auto (default),1,query_22,prepare,4.518,ok
prodds,100,A,Auto (default),1,query_23,explain,2.156,ok
prodds,100,A,Auto (default),1,query_23,prepare,4.709,ok
prodds,100,A,Auto (default),1,query_24,explain,1.287,ok
prodds,100,A,Auto (default),1,query_24,prepare,2.702,ok
prodds,100,A,Auto (default),1,query_25,explain,1.422,ok
prodds,100,A,Auto (default),1,query_25,prepare,2.696,ok
prodds,100,A,Auto (default),1,query_26,explain,2.383,ok
prodds,100,A,Auto (default),1,query_26,prepare,5.836,ok
prodds,100,A,Auto (default),1,query_27,explain,1.168,ok
prodds,100,A,Auto (default),1,query_27,prepare,2.678,ok
prodds,100,A,Auto (default),1,query_28,explain,1.646,ok
prodds,100,A,Auto (default),1,query_28,prepare,3.778,ok
prodds,100,A,Auto (default),1,query_3,explain,2.966,ok
prodds,100,A,Auto (default),1,query_3,prepare,7.678,ok
prodds,100,A,Auto (default),1,query_30,explain,1.950,ok
prodds,100,A,Auto (default),1,query_30,prepare,4.980,ok
prodds,100,A,Auto (default),1,query_31,explain,1.074,ok
prodds,100,A,Auto (default),1,query_31,prepare,2.954,ok
prodds,100,A,Auto (default),1,query_32,explain,0.799,ok
prodds,100,A,Auto (default),1,query_32,prepare,2.627,ok
prodds,100,A,Auto (default),1,query_33,explain,2.511,ok
prodds,100,A,Auto (default),1,query_33,prepare,4.659,ok
prodds,100,A,Auto (default),1,query_35,explain,0.801,ok
prodds,100,A,Auto (default),1,query_35,prepare,3.188,ok
prodds,100,A,Auto (default),1,query_36,explain,2.558,ok
prodds,100,A,Auto (default),1,query_36,prepare,5.272,ok
prodds,100,A,Auto (default),1,query_37,explain,1.243,ok
prodds,100,A,Auto (default),1,query_37,prepare,3.956,ok
prodds,100,A,Auto (default),1,query_39,explain,2.367,ok
prodds,100,A,Auto (default),1,query_39,prepare,5.654,ok
prodds,100,A,Auto (default),1,query_4,explain,1.735,ok
prodds,100,A,Auto (default),1,query_4,prepare,3.498,ok
prodds,100,A,Auto (default),1,query_40,explain,1.360,ok
prodds,100,A,Auto (default),1,query_40,prepare,2.309,ok
prodds,100,A,Auto (default),1,query_41,explain,2.325,ok
prodds,100,A,Auto (default),1,query_41,prepare,5.955,ok
prodds,100,A,Auto (default),1,query_42,explain,1.799,ok
prodds,100,A,Auto (default),1,query_42,prepare,5.378,ok
prodds,100,A,Auto (default),1,query_43,explain,2.221,ok
prodds,100,A,Auto (default),1,query_43,prepare,3.951,ok
prodds,100,A,Auto (default),1,query_44,explain,1.105,ok
prodds,100,A,Auto (default),1,query_44,prepare,2.083,ok
prodds,100,A,Auto (default),1,query_45,explain,0.882,ok
prodds,100,A,Auto (default),1,query_45,prepare,2.413,ok
prodds,100,A,Auto (default),1,query_46,explain,0.991,ok
prodds,100,A,Auto (default),1,query_46,prepare,4.222,ok
prodds,100,A,Auto (default),1,query_47,explain,1.998,ok
prodds,100,A,Auto (default),1,query_47,prepare,4.929,ok
prodds,100,A,Auto (default),1,query_48,explain,2.454,ok
prodds,100,A,Auto (default),1,query_48,prepare,6.515,ok
prodds,100,A,Auto (default),1,query_49,explain,2.052,ok
prodds,100,A,Auto (default),1,query_49,prepare,3.678,ok
prodds,100,A,Auto (default),1,query_5,explain,1.031,ok
prodds,100,A,Auto (default),1,query_5,prepare,2.456,ok
prodds,100,A,Auto (default),1,query_50,explain,2.029,ok
prodds,100,A,Auto (default),1,query_50,prepare,4.196,ok
prodds,100,A,Auto (default),1,query_51,explain,2.072,ok
prodds,100,A,Auto (default),1,query_51,prepare,4.995,ok
prodds,100,A,Auto (default),1,query_52,explain,0.702,ok
prodds,100,A,Auto (default),1,query_52,prepare,1.636,ok
prodds,100,A,Auto (default),1,query_53,explain,1.877,ok
prodds,100,A,Auto (default),1,query_53,prepare,3.757,ok
prodds,100,A,Auto (default),1,query_54,explain,1.087,ok
prodds,100,A,Auto (default),1,query_54,prepare,2.820,ok
prodds,100,A,Auto (default),1,query_55,explain,0.542,ok
prodds,100,A,Auto (default),1,query_55,prepare,1.971,ok
prodds,100,A,Auto (default),1,query_56,explain,1.069,ok
prodds,100,A,Auto (default),1,query_56,prepare,3.673,ok
prodds,100,A,Auto (default),1,query_57,explain,1.468,ok
prodds,100,A,Auto (default),1,query_57,prepare,3.130,ok
prodds,100,A,Auto (default),1,query_58,explain,1.487,ok
prodds,100,A,Auto (default),1,query_58,prepare,3.110,ok
prodds,100,A,Auto (default),1,query_59,explain,0.848,ok
prodds,100,A,Auto (default),1,query_59,prepare,2.496,ok
prodds,100,A,Auto (default),1,query_6,explain,3.249,ok
prodds,100,A,Auto (default),1,query_6,prepare,7.522,ok
prodds,100,A,Auto (default),1,query_60,explain,1.509,ok
prodds,100,A,Auto (default),1,query_60,prepare,3.369,ok
prodds,100,A,Auto (default),1,query_61,explain,0.743,ok
prodds,100,A,Auto (default),1,query_61,prepare,2.361,ok
prodds,100,A,Auto (default),1,query_62,explain,1.562,ok
prodds,100,A,Auto (default),1,query_62,prepare,3.654,ok
prodds,100,A,Auto (default),1,query_63,explain,1.956,ok
prodds,100,A,Auto (default),1,query_63,prepare,4.677,ok
prodds,100,A,Auto (default),1,query_64,explain,0.904,ok
prodds,100,A,Auto (default),1,query_64,prepare,2.045,ok
prodds,100,A,Auto (default),1,query_65,explain,0.884,ok
prodds,100,A,Auto (default),1,query_65,prepare,2.034,ok
prodds,100,A,Auto (default),1,query_66,explain,5.020,ok
prodds,100,A,Auto (default),1,query_66,prepare,7.849,ok
prodds,100,A,Auto (default),1,query_67,explain,0.919,ok
prodds,100,A,Auto (default),1,query_67,prepare,1.779,ok
prodds,100,A,Auto (default),1,query_68,explain,2.972,ok
prodds,100,A,Auto (default),1,query_68,prepare,5.113,ok
prodds,100,A,Auto (default),1,query_69,explain,4.252,ok
prodds,100,A,Auto (default),1,query_69,prepare,9.146,ok
prodds,100,A,Auto (default),1,query_7,explain,1.128,ok
prodds,100,A,Auto (default),1,query_7,prepare,2.011,ok
prodds,100,A,Auto (default),1,query_70,explain,1.756,ok
prodds,100,A,Auto (default),1,query_70,prepare,5.164,ok
prodds,100,A,Auto (default),1,query_71,explain,1.298,ok
prodds,100,A,Auto (default),1,query_71,prepare,3.563,ok
prodds,100,A,Auto (default),1,query_73,explain,1.583,ok
prodds,100,A,Auto (default),1,query_73,prepare,3.060,ok
prodds,100,A,Auto (default),1,query_74,explain,2.159,ok
prodds,100,A,Auto (default),1,query_74,prepare,3.128,ok
prodds,100,A,Auto (default),1,query_75,explain,1.662,ok
prodds,100,A,Auto (default),1,query_75,prepare,3.531,ok
prodds,100,A,Auto (default),1,query_76,explain,1.155,ok
prodds,100,A,Auto (default),1,query_76,prepare,3.567,ok
prodds,100,A,Auto (default),1,query_77,explain,1.076,ok
prodds,100,A,Auto (default),1,query_77,prepare,2.569,ok
prodds,100,A,Auto (default),1,query_79,explain,1.344,ok
prodds,100,A,Auto (default),1,query_79,prepare,2.937,ok
prodds,100,A,Auto (default),1,query_8,explain,1.359,ok
prodds,100,A,Auto (default),1,query_8,prepare,3.338,ok
prodds,100,A,Auto (default),1,query_80,explain,0.928,ok
prodds,100,A,Auto (default),1,query_80,prepare,1.893,ok
prodds,100,A,Auto (default),1,query_81,explain,1.925,ok
prodds,100,A,Auto (default),1,query_81,prepare,3.882,ok
prodds,100,A,Auto (default),1,query_82,explain,0.657,ok
prodds,100,A,Auto (default),1,query_82,prepare,1.450,ok
prodds,100,A,Auto (default),1,query_83,explain,2.259,ok
prodds,100,A,Auto (default),1,query_83,prepare,4.786,ok
prodds,100,A,Auto (default),1,query_84,explain,1.805,ok
prodds,100,A,Auto (default),1,query_84,prepare,3.622,ok
prodds,100,A,Auto (default),1,query_85,explain,1.354,ok
prodds,100,A,Auto (default),1,query_85,prepare,3.136,ok
prodds,100,A,Auto (default),1,query_86,explain,1.091,ok
prodds,100,A,Auto (default),1,query_86,prepare,2.401,ok
prodds,100,A,Auto (default),1,query_87,explain,3.404,ok
prodds,100,A,Auto (default),1,query_87,prepare,5.445,ok
prodds,100,A,Auto (default),1,query_88,explain,1.374,ok
prodds,100,A,Auto (default),1,query_88,prepare,3.568,ok
prodds,100,A,Auto (default),1,query_89,explain,1.260,ok
prodds,100,A,Auto (default),1,query_89,prepare,2.950,ok
prodds,100,A,Auto (default),1,query_9,explain,1.993,ok
prodds,100,A,Auto (default),1,query_9,prepare,4.577,ok
prodds,100,A,Auto (default),1,query_91,explain,2.386,ok
prodds,100,A,Auto (default),1,query_91,prepare,3.640,ok
prodds,100,A,Auto (default),1,query_92,explain,2.214,ok
prodds,100,A,Auto (default),1,query_92,prepare,4.674,ok
prodds,100,A,Auto (default),1,query_93,explain,2.825,ok
prodds,100,A,Auto (default),1,query_93,prepare,7.492,ok
prodds,100,A,Auto (default),1,query_94,explain,1.366,ok
prodds,100,A,Auto (default),1,query_94,prepare,2.562,ok
prodds,100,A,Auto (default),1,query_95,explain,2.310,ok
prodds,100,A,Auto (default),1,query_95,prepare,5.092,ok
prodds,100,A,Auto (default),1,query_97,explain,1.948,ok
prodds,100,A,Auto (default),1,query_97,prepare,3.507,ok
prodds,100,A,Auto (default),1,query_98,explain,2.126,ok
prodds,100,A,Auto (default),1,query_98,prepare,6.610,ok
prodds,100,A,Auto (default),1,query_99,explain,1.232,ok
prodds,100,A,Auto (default),1,query_99,prepare,3.507,ok
prodds,100,A,Auto (default),1,query_join_J100,explain,18.801,ok
prodds,100,A,Auto (default),1,query_join_J100,prepare,34.931,ok
prodds,100,A,Auto (default),1,query_join_J200,explain,36.997,ok
prodds,100,A,Auto (default),1,query_join_J200,prepare,69.316,ok
prodds,100,A,Auto (default),1,query_join_J50,explain,12.447,ok
prodds,100,A,Auto (default),1,query_join_J50,prepare,20.741,ok
prodds,100,A,Auto (default),1,query_union_U10,explain,1.259,ok
prodds,100,A,Auto (default),1,query_union_U10,prepare,1.949,ok
prodds,100,A,Auto (default),1,query_union_U2,explain,0.714,ok
prodds,100,A,Auto (default),1,query_union_U2,prepare,1.205,ok
prodds,100,A,Auto (default),1,query_union_U20,explain,1.507,ok
prodds,100,A,Auto (default),1,query_union_U20,prepare,2.695,ok
prodds,100,A,Auto (default),1,query_union_U5,explain,0.981,ok
prodds,100,A,Auto (default),1,query_union_U5,prepare,1.666,ok
prodds,100,A,Auto (default),2,__floor__,floor,0.157,ok
prodds,100,A,Auto (default),2,query_1,explain,1.377,ok
prodds,100,A,Auto (default),2,query_1,prepare,1.597,ok
prodds,100,A,Auto (default),2,query_10,explain,2.882,ok
prodds,100,A,Auto (default),2,query_10,prepare,6.534,ok
prodds,100,A,Auto (default),2,query_11,explain,1.102,ok
prodds,100,A,Auto (default),2,query_11,prepare,3.003,ok
prodds,100,A,Auto (default),2,query_12,explain,2.099,ok
prodds,100,A,Auto (default),2,query_12,prepare,5.243,ok
prodds,100,A,Auto (default),2,query_13,explain,2.671,ok
prodds,100,A,Auto (default),2,query_13,prepare,4.741,ok
prodds,100,A,Auto (default),2,query_14,explain,1.307,ok
prodds,100,A,Auto (default),2,query_14,prepare,2.323,ok
prodds,100,A,Auto (default),2,query_15,explain,1.531,ok
prodds,100,A,Auto (default),2,query_15,prepare,3.718,ok
prodds,100,A,Auto (default),2,query_17,explain,2.076,ok
prodds,100,A,Auto (default),2,query_17,prepare,4.443,ok
prodds,100,A,Auto (default),2,query_18,explain,2.245,ok
prodds,100,A,Auto (default),2,query_18,prepare,4.394,ok
prodds,100,A,Auto (default),2,query_2,explain,1.048,ok
prodds,100,A,Auto (default),2,query_2,prepare,2.647,ok
prodds,100,A,Auto (default),2,query_20,explain,6.440,ok
prodds,100,A,Auto (default),2,query_20,prepare,9.895,ok
prodds,100,A,Auto (default),2,query_21,explain,0.991,ok
prodds,100,A,Auto (default),2,query_21,prepare,2.607,ok
prodds,100,A,Auto (default),2,query_22,explain,2.020,ok
prodds,100,A,Auto (default),2,query_22,prepare,4.327,ok
prodds,100,A,Auto (default),2,query_23,explain,2.087,ok
prodds,100,A,Auto (default),2,query_23,prepare,4.572,ok
prodds,100,A,Auto (default),2,query_24,explain,1.280,ok
prodds,100,A,Auto (default),2,query_24,prepare,2.519,ok
prodds,100,A,Auto (default),2,query_25,explain,1.385,ok
prodds,100,A,Auto (default),2,query_25,prepare,2.594,ok
prodds,100,A,Auto (default),2,query_26,explain,2.332,ok
prodds,100,A,Auto (default),2,query_26,prepare,5.467,ok
prodds,100,A,Auto (default),2,query_27,explain,1.164,ok
prodds,100,A,Auto (default),2,query_27,prepare,2.636,ok
prodds,100,A,Auto (default),2,query_28,explain,1.638,ok
prodds,100,A,Auto (default),2,query_28,prepare,3.519,ok
prodds,100,A,Auto (default),2,query_3,explain,2.909,ok
prodds,100,A,Auto (default),2,query_3,prepare,7.028,ok
prodds,100,A,Auto (default),2,query_30,explain,1.950,ok
prodds,100,A,Auto (default),2,query_30,prepare,4.754,ok
prodds,100,A,Auto (default),2,query_31,explain,1.043,ok
prodds,100,A,Auto (default),2,query_31,prepare,2.737,ok
prodds,100,A,Auto (default),2,query_32,explain,0.797,ok
prodds,100,A,Auto (default),2,query_32,prepare,2.434,ok
prodds,100,A,Auto (default),2,query_33,explain,2.452,ok
prodds,100,A,Auto (default),2,query_33,prepare,4.648,ok
prodds,100,A,Auto (default),2,query_35,explain,0.800,ok
prodds,100,A,Auto (default),2,query_35,prepare,2.976,ok
prodds,100,A,Auto (default),2,query_36,explain,2.571,ok
prodds,100,A,Auto (default),2,query_36,prepare,5.239,ok
prodds,100,A,Auto (default),2,query_37,explain,1.274,ok
prodds,100,A,Auto (default),2,query_37,prepare,3.869,ok
prodds,100,A,Auto (default),2,query_39,explain,2.352,ok
prodds,100,A,Auto (default),2,query_39,prepare,5.258,ok
prodds,100,A,Auto (default),2,query_4,explain,1.717,ok
prodds,100,A,Auto (default),2,query_4,prepare,3.217,ok
prodds,100,A,Auto (default),2,query_40,explain,1.353,ok
prodds,100,A,Auto (default),2,query_40,prepare,2.293,ok
prodds,100,A,Auto (default),2,query_41,explain,2.345,ok
prodds,100,A,Auto (default),2,query_41,prepare,5.430,ok
prodds,100,A,Auto (default),2,query_42,explain,1.821,ok
prodds,100,A,Auto (default),2,query_42,prepare,5.279,ok
prodds,100,A,Auto (default),2,query_43,explain,2.232,ok
prodds,100,A,Auto (default),2,query_43,prepare,3.733,ok
prodds,100,A,Auto (default),2,query_44,explain,1.115,ok
prodds,100,A,Auto (default),2,query_44,prepare,1.963,ok
prodds,100,A,Auto (default),2,query_45,explain,1.049,ok
prodds,100,A,Auto (default),2,query_45,prepare,2.200,ok
prodds,100,A,Auto (default),2,query_46,explain,0.992,ok
prodds,100,A,Auto (default),2,query_46,prepare,4.162,ok
prodds,100,A,Auto (default),2,query_47,explain,1.999,ok
prodds,100,A,Auto (default),2,query_47,prepare,4.501,ok
prodds,100,A,Auto (default),2,query_48,explain,2.275,ok
prodds,100,A,Auto (default),2,query_48,prepare,5.939,ok
prodds,100,A,Auto (default),2,query_49,explain,2.079,ok
prodds,100,A,Auto (default),2,query_49,prepare,3.413,ok
prodds,100,A,Auto (default),2,query_5,explain,1.028,ok
prodds,100,A,Auto (default),2,query_5,prepare,2.401,ok
prodds,100,A,Auto (default),2,query_50,explain,2.045,ok
prodds,100,A,Auto (default),2,query_50,prepare,4.009,ok
prodds,100,A,Auto (default),2,query_51,explain,2.056,ok
prodds,100,A,Auto (default),2,query_51,prepare,4.735,ok
prodds,100,A,Auto (default),2,query_52,explain,0.707,ok
prodds,100,A,Auto (default),2,query_52,prepare,1.589,ok
prodds,100,A,Auto (default),2,query_53,explain,1.855,ok
prodds,100,A,Auto (default),2,query_53,prepare,3.377,ok
prodds,100,A,Auto (default),2,query_54,explain,1.083,ok
prodds,100,A,Auto (default),2,query_54,prepare,2.540,ok
prodds,100,A,Auto (default),2,query_55,explain,0.544,ok
prodds,100,A,Auto (default),2,query_55,prepare,1.921,ok
prodds,100,A,Auto (default),2,query_56,explain,1.090,ok
prodds,100,A,Auto (default),2,query_56,prepare,3.372,ok
prodds,100,A,Auto (default),2,query_57,explain,1.453,ok
prodds,100,A,Auto (default),2,query_57,prepare,3.010,ok
prodds,100,A,Auto (default),2,query_58,explain,1.498,ok
prodds,100,A,Auto (default),2,query_58,prepare,3.021,ok
prodds,100,A,Auto (default),2,query_59,explain,0.866,ok
prodds,100,A,Auto (default),2,query_59,prepare,2.413,ok
prodds,100,A,Auto (default),2,query_6,explain,3.075,ok
prodds,100,A,Auto (default),2,query_6,prepare,7.098,ok
prodds,100,A,Auto (default),2,query_60,explain,1.504,ok
prodds,100,A,Auto (default),2,query_60,prepare,3.309,ok
prodds,100,A,Auto (default),2,query_61,explain,0.751,ok
prodds,100,A,Auto (default),2,query_61,prepare,2.170,ok
prodds,100,A,Auto (default),2,query_62,explain,1.549,ok
prodds,100,A,Auto (default),2,query_62,prepare,3.448,ok
prodds,100,A,Auto (default),2,query_63,explain,1.931,ok
prodds,100,A,Auto (default),2,query_63,prepare,4.123,ok
prodds,100,A,Auto (default),2,query_64,explain,0.917,ok
prodds,100,A,Auto (default),2,query_64,prepare,1.964,ok
prodds,100,A,Auto (default),2,query_65,explain,0.865,ok
prodds,100,A,Auto (default),2,query_65,prepare,1.918,ok
prodds,100,A,Auto (default),2,query_66,explain,4.754,ok
prodds,100,A,Auto (default),2,query_66,prepare,7.605,ok
prodds,100,A,Auto (default),2,query_67,explain,0.931,ok
prodds,100,A,Auto (default),2,query_67,prepare,1.696,ok
prodds,100,A,Auto (default),2,query_68,explain,2.950,ok
prodds,100,A,Auto (default),2,query_68,prepare,4.799,ok
prodds,100,A,Auto (default),2,query_69,explain,4.089,ok
prodds,100,A,Auto (default),2,query_69,prepare,8.726,ok
prodds,100,A,Auto (default),2,query_7,explain,1.152,ok
prodds,100,A,Auto (default),2,query_7,prepare,1.965,ok
prodds,100,A,Auto (default),2,query_70,explain,1.779,ok
prodds,100,A,Auto (default),2,query_70,prepare,5.001,ok
prodds,100,A,Auto (default),2,query_71,explain,1.302,ok
prodds,100,A,Auto (default),2,query_71,prepare,3.191,ok
prodds,100,A,Auto (default),2,query_73,explain,1.571,ok
prodds,100,A,Auto (default),2,query_73,prepare,2.933,ok
prodds,100,A,Auto (default),2,query_74,explain,2.186,ok
prodds,100,A,Auto (default),2,query_74,prepare,3.069,ok
prodds,100,A,Auto (default),2,query_75,explain,1.669,ok
prodds,100,A,Auto (default),2,query_75,prepare,3.293,ok
prodds,100,A,Auto (default),2,query_76,explain,1.182,ok
prodds,100,A,Auto (default),2,query_76,prepare,3.276,ok
prodds,100,A,Auto (default),2,query_77,explain,1.076,ok
prodds,100,A,Auto (default),2,query_77,prepare,2.504,ok
prodds,100,A,Auto (default),2,query_79,explain,1.345,ok
prodds,100,A,Auto (default),2,query_79,prepare,2.977,ok
prodds,100,A,Auto (default),2,query_8,explain,1.390,ok
prodds,100,A,Auto (default),2,query_8,prepare,3.147,ok
prodds,100,A,Auto (default),2,query_80,explain,0.922,ok
prodds,100,A,Auto (default),2,query_80,prepare,1.747,ok
prodds,100,A,Auto (default),2,query_81,explain,1.862,ok
prodds,100,A,Auto (default),2,query_81,prepare,3.786,ok
prodds,100,A,Auto (default),2,query_82,explain,0.658,ok
prodds,100,A,Auto (default),2,query_82,prepare,1.397,ok
prodds,100,A,Auto (default),2,query_83,explain,2.198,ok
prodds,100,A,Auto (default),2,query_83,prepare,4.567,ok
prodds,100,A,Auto (default),2,query_84,explain,1.801,ok
prodds,100,A,Auto (default),2,query_84,prepare,3.653,ok
prodds,100,A,Auto (default),2,query_85,explain,1.329,ok
prodds,100,A,Auto (default),2,query_85,prepare,3.136,ok
prodds,100,A,Auto (default),2,query_86,explain,1.089,ok
prodds,100,A,Auto (default),2,query_86,prepare,2.352,ok
prodds,100,A,Auto (default),2,query_87,explain,3.357,ok
prodds,100,A,Auto (default),2,query_87,prepare,5.385,ok
prodds,100,A,Auto (default),2,query_88,explain,1.377,ok
prodds,100,A,Auto (default),2,query_88,prepare,3.596,ok
prodds,100,A,Auto (default),2,query_89,explain,1.296,ok
prodds,100,A,Auto (default),2,query_89,prepare,2.897,ok
prodds,100,A,Auto (default),2,query_9,explain,2.008,ok
prodds,100,A,Auto (default),2,query_9,prepare,4.390,ok
prodds,100,A,Auto (default),2,query_91,explain,2.402,ok
prodds,100,A,Auto (default),2,query_91,prepare,3.546,ok
prodds,100,A,Auto (default),2,query_92,explain,2.080,ok
prodds,100,A,Auto (default),2,query_92,prepare,4.328,ok
prodds,100,A,Auto (default),2,query_93,explain,2.809,ok
prodds,100,A,Auto (default),2,query_93,prepare,7.121,ok
prodds,100,A,Auto (default),2,query_94,explain,1.369,ok
prodds,100,A,Auto (default),2,query_94,prepare,2.546,ok
prodds,100,A,Auto (default),2,query_95,explain,2.260,ok
prodds,100,A,Auto (default),2,query_95,prepare,4.995,ok
prodds,100,A,Auto (default),2,query_97,explain,1.936,ok
prodds,100,A,Auto (default),2,query_97,prepare,3.408,ok
prodds,100,A,Auto (default),2,query_98,explain,2.036,ok
prodds,100,A,Auto (default),2,query_98,prepare,5.667,ok
prodds,100,A,Auto (default),2,query_99,explain,1.242,ok
prodds,100,A,Auto (default),2,query_99,prepare,3.172,ok
prodds,100,A,Auto (default),2,query_join_J100,explain,17.832,ok
prodds,100,A,Auto (default),2,query_join_J100,prepare,33.156,ok
prodds,100,A,Auto (default),2,query_join_J200,explain,36.871,ok
prodds,100,A,Auto (default),2,query_join_J200,prepare,66.891,ok
prodds,100,A,Auto (default),2,query_join_J50,explain,12.277,ok
prodds,100,A,Auto (default),2,query_join_J50,prepare,20.784,ok
prodds,100,A,Auto (default),2,query_union_U10,explain,1.268,ok
prodds,100,A,Auto (default),2,query_union_U10,prepare,1.965,ok
prodds,100,A,Auto (default),2,query_union_U2,explain,0.727,ok
prodds,100,A,Auto (default),2,query_union_U2,prepare,1.190,ok
prodds,100,A,Auto (default),2,query_union_U20,explain,1.478,ok
prodds,100,A,Auto (default),2,query_union_U20,prepare,2.660,ok
prodds,100,A,Auto (default),2,query_union_U5,explain,0.983,ok
prodds,100,A,Auto (default),2,query_union_U5,prepare,1.625,ok
prodds,100,A,Auto (default),3,__floor__,floor,0.307,ok
prodds,100,A,Auto (default),3,query_1,explain,1.147,ok
prodds,100,A,Auto (default),3,query_1,prepare,1.516,ok
prodds,100,A,Auto (default),3,query_10,explain,2.187,ok
prodds,100,A,Auto (default),3,query_10,prepare,6.266,ok
prodds,100,A,Auto (default),3,query_11,explain,1.178,ok
prodds,100,A,Auto (default),3,query_11,prepare,2.771,ok
prodds,100,A,Auto (default),3,query_12,explain,1.605,ok
prodds,100,A,Auto (default),3,query_12,prepare,7.433,ok
prodds,100,A,Auto (default),3,query_13,explain,2.228,ok
prodds,100,A,Auto (default),3,query_13,prepare,6.078,ok
prodds,100,A,Auto (default),3,query_14,explain,1.333,ok
prodds,100,A,Auto (default),3,query_14,prepare,2.534,ok
prodds,100,A,Auto (default),3,query_15,explain,1.522,ok
prodds,100,A,Auto (default),3,query_15,prepare,3.682,ok
prodds,100,A,Auto (default),3,query_17,explain,2.138,ok
prodds,100,A,Auto (default),3,query_17,prepare,4.474,ok
prodds,100,A,Auto (default),3,query_18,explain,2.225,ok
prodds,100,A,Auto (default),3,query_18,prepare,5.371,ok
prodds,100,A,Auto (default),3,query_2,explain,1.827,ok
prodds,100,A,Auto (default),3,query_2,prepare,4.610,ok
prodds,100,A,Auto (default),3,query_20,explain,6.462,ok
prodds,100,A,Auto (default),3,query_20,prepare,9.886,ok
prodds,100,A,Auto (default),3,query_21,explain,0.985,ok
prodds,100,A,Auto (default),3,query_21,prepare,2.586,ok
prodds,100,A,Auto (default),3,query_22,explain,2.020,ok
prodds,100,A,Auto (default),3,query_22,prepare,4.285,ok
prodds,100,A,Auto (default),3,query_23,explain,2.098,ok
prodds,100,A,Auto (default),3,query_23,prepare,4.524,ok
prodds,100,A,Auto (default),3,query_24,explain,1.275,ok
prodds,100,A,Auto (default),3,query_24,prepare,2.469,ok
prodds,100,A,Auto (default),3,query_25,explain,1.406,ok
prodds,100,A,Auto (default),3,query_25,prepare,2.440,ok
prodds,100,A,Auto (default),3,query_26,explain,2.313,ok
prodds,100,A,Auto (default),3,query_26,prepare,5.434,ok
prodds,100,A,Auto (default),3,query_27,explain,1.138,ok
prodds,100,A,Auto (default),3,query_27,prepare,2.620,ok
prodds,100,A,Auto (default),3,query_28,explain,1.619,ok
prodds,100,A,Auto (default),3,query_28,prepare,3.422,ok
prodds,100,A,Auto (default),3,query_3,explain,2.864,ok
prodds,100,A,Auto (default),3,query_3,prepare,6.934,ok
prodds,100,A,Auto (default),3,query_30,explain,1.946,ok
prodds,100,A,Auto (default),3,query_30,prepare,4.707,ok
prodds,100,A,Auto (default),3,query_31,explain,1.044,ok
prodds,100,A,Auto (default),3,query_31,prepare,2.759,ok
prodds,100,A,Auto (default),3,query_32,explain,0.778,ok
prodds,100,A,Auto (default),3,query_32,prepare,2.444,ok
prodds,100,A,Auto (default),3,query_33,explain,2.422,ok
prodds,100,A,Auto (default),3,query_33,prepare,4.507,ok
prodds,100,A,Auto (default),3,query_35,explain,0.773,ok
prodds,100,A,Auto (default),3,query_35,prepare,2.953,ok
prodds,100,A,Auto (default),3,query_36,explain,2.525,ok
prodds,100,A,Auto (default),3,query_36,prepare,5.148,ok
prodds,100,A,Auto (default),3,query_37,explain,1.227,ok
prodds,100,A,Auto (default),3,query_37,prepare,3.746,ok
prodds,100,A,Auto (default),3,query_39,explain,2.309,ok
prodds,100,A,Auto (default),3,query_39,prepare,5.207,ok
prodds,100,A,Auto (default),3,query_4,explain,1.689,ok
prodds,100,A,Auto (default),3,query_4,prepare,3.144,ok
prodds,100,A,Auto (default),3,query_40,explain,1.315,ok
prodds,100,A,Auto (default),3,query_40,prepare,2.231,ok
prodds,100,A,Auto (default),3,query_41,explain,2.254,ok
prodds,100,A,Auto (default),3,query_41,prepare,5.319,ok
prodds,100,A,Auto (default),3,query_42,explain,1.745,ok
prodds,100,A,Auto (default),3,query_42,prepare,5.277,ok
prodds,100,A,Auto (default),3,query_43,explain,2.193,ok
prodds,100,A,Auto (default),3,query_43,prepare,3.690,ok
prodds,100,A,Auto (default),3,query_44,explain,1.087,ok
prodds,100,A,Auto (default),3,query_44,prepare,1.930,ok
prodds,100,A,Auto (default),3,query_45,explain,0.914,ok
prodds,100,A,Auto (default),3,query_45,prepare,2.210,ok
prodds,100,A,Auto (default),3,query_46,explain,0.933,ok
prodds,100,A,Auto (default),3,query_46,prepare,4.139,ok
prodds,100,A,Auto (default),3,query_47,explain,1.958,ok
prodds,100,A,Auto (default),3,query_47,prepare,4.441,ok
prodds,100,A,Auto (default),3,query_48,explain,2.230,ok
prodds,100,A,Auto (default),3,query_48,prepare,5.844,ok
prodds,100,A,Auto (default),3,query_49,explain,2.030,ok
prodds,100,A,Auto (default),3,query_49,prepare,3.351,ok
prodds,100,A,Auto (default),3,query_5,explain,0.987,ok
prodds,100,A,Auto (default),3,query_5,prepare,2.324,ok
prodds,100,A,Auto (default),3,query_50,explain,1.996,ok
prodds,100,A,Auto (default),3,query_50,prepare,3.996,ok
prodds,100,A,Auto (default),3,query_51,explain,2.014,ok
prodds,100,A,Auto (default),3,query_51,prepare,4.673,ok
prodds,100,A,Auto (default),3,query_52,explain,0.675,ok
prodds,100,A,Auto (default),3,query_52,prepare,1.549,ok
prodds,100,A,Auto (default),3,query_53,explain,1.823,ok
prodds,100,A,Auto (default),3,query_53,prepare,3.306,ok
prodds,100,A,Auto (default),3,query_54,explain,1.038,ok
prodds,100,A,Auto (default),3,query_54,prepare,2.459,ok
prodds,100,A,Auto (default),3,query_55,explain,0.530,ok
prodds,100,A,Auto (default),3,query_55,prepare,1.874,ok
prodds,100,A,Auto (default),3,query_56,explain,1.036,ok
prodds,100,A,Auto (default),3,query_56,prepare,3.310,ok
prodds,100,A,Auto (default),3,query_57,explain,1.422,ok
prodds,100,A,Auto (default),3,query_57,prepare,2.949,ok
prodds,100,A,Auto (default),3,query_58,explain,1.443,ok
prodds,100,A,Auto (default),3,query_58,prepare,2.990,ok
prodds,100,A,Auto (default),3,query_59,explain,0.819,ok
prodds,100,A,Auto (default),3,query_59,prepare,2.401,ok
prodds,100,A,Auto (default),3,query_6,explain,3.026,ok
prodds,100,A,Auto (default),3,query_6,prepare,7.000,ok
prodds,100,A,Auto (default),3,query_60,explain,1.458,ok
prodds,100,A,Auto (default),3,query_60,prepare,3.251,ok
prodds,100,A,Auto (default),3,query_61,explain,0.724,ok
prodds,100,A,Auto (default),3,query_61,prepare,2.156,ok
prodds,100,A,Auto (default),3,query_62,explain,1.494,ok
prodds,100,A,Auto (default),3,query_62,prepare,3.374,ok
prodds,100,A,Auto (default),3,query_63,explain,1.945,ok
prodds,100,A,Auto (default),3,query_63,prepare,4.017,ok
prodds,100,A,Auto (default),3,query_64,explain,0.871,ok
prodds,100,A,Auto (default),3,query_64,prepare,1.959,ok
prodds,100,A,Auto (default),3,query_65,explain,0.841,ok
prodds,100,A,Auto (default),3,query_65,prepare,1.947,ok
prodds,100,A,Auto (default),3,query_66,explain,4.782,ok
prodds,100,A,Auto (default),3,query_66,prepare,7.536,ok
prodds,100,A,Auto (default),3,query_67,explain,0.907,ok
prodds,100,A,Auto (default),3,query_67,prepare,1.684,ok
prodds,100,A,Auto (default),3,query_68,explain,3.067,ok
prodds,100,A,Auto (default),3,query_68,prepare,4.707,ok
prodds,100,A,Auto (default),3,query_69,explain,4.058,ok
prodds,100,A,Auto (default),3,query_69,prepare,8.713,ok
prodds,100,A,Auto (default),3,query_7,explain,1.119,ok
prodds,100,A,Auto (default),3,query_7,prepare,1.970,ok
prodds,100,A,Auto (default),3,query_70,explain,1.734,ok
prodds,100,A,Auto (default),3,query_70,prepare,4.877,ok
prodds,100,A,Auto (default),3,query_71,explain,1.291,ok
prodds,100,A,Auto (default),3,query_71,prepare,3.169,ok
prodds,100,A,Auto (default),3,query_73,explain,1.551,ok
prodds,100,A,Auto (default),3,query_73,prepare,2.911,ok
prodds,100,A,Auto (default),3,query_74,explain,2.132,ok
prodds,100,A,Auto (default),3,query_74,prepare,3.012,ok
prodds,100,A,Auto (default),3,query_75,explain,1.631,ok
prodds,100,A,Auto (default),3,query_75,prepare,3.263,ok
prodds,100,A,Auto (default),3,query_76,explain,1.117,ok
prodds,100,A,Auto (default),3,query_76,prepare,3.225,ok
prodds,100,A,Auto (default),3,query_77,explain,1.041,ok
prodds,100,A,Auto (default),3,query_77,prepare,2.468,ok
prodds,100,A,Auto (default),3,query_79,explain,1.316,ok
prodds,100,A,Auto (default),3,query_79,prepare,2.829,ok
prodds,100,A,Auto (default),3,query_8,explain,1.341,ok
prodds,100,A,Auto (default),3,query_8,prepare,3.197,ok
prodds,100,A,Auto (default),3,query_80,explain,0.871,ok
prodds,100,A,Auto (default),3,query_80,prepare,1.736,ok
prodds,100,A,Auto (default),3,query_81,explain,1.861,ok
prodds,100,A,Auto (default),3,query_81,prepare,3.719,ok
prodds,100,A,Auto (default),3,query_82,explain,0.633,ok
prodds,100,A,Auto (default),3,query_82,prepare,1.398,ok
prodds,100,A,Auto (default),3,query_83,explain,2.232,ok
prodds,100,A,Auto (default),3,query_83,prepare,4.530,ok
prodds,100,A,Auto (default),3,query_84,explain,1.794,ok
prodds,100,A,Auto (default),3,query_84,prepare,3.596,ok
prodds,100,A,Auto (default),3,query_85,explain,1.324,ok
prodds,100,A,Auto (default),3,query_85,prepare,3.036,ok
prodds,100,A,Auto (default),3,query_86,explain,1.063,ok
prodds,100,A,Auto (default),3,query_86,prepare,2.353,ok
prodds,100,A,Auto (default),3,query_87,explain,3.334,ok
prodds,100,A,Auto (default),3,query_87,prepare,5.335,ok
prodds,100,A,Auto (default),3,query_88,explain,1.347,ok
prodds,100,A,Auto (default),3,query_88,prepare,3.532,ok
prodds,100,A,Auto (default),3,query_89,explain,1.244,ok
prodds,100,A,Auto (default),3,query_89,prepare,2.866,ok
prodds,100,A,Auto (default),3,query_9,explain,1.953,ok
prodds,100,A,Auto (default),3,query_9,prepare,4.363,ok
prodds,100,A,Auto (default),3,query_91,explain,2.363,ok
prodds,100,A,Auto (default),3,query_91,prepare,3.605,ok
prodds,100,A,Auto (default),3,query_92,explain,2.023,ok
prodds,100,A,Auto (default),3,query_92,prepare,4.340,ok
prodds,100,A,Auto (default),3,query_93,explain,2.762,ok
prodds,100,A,Auto (default),3,query_93,prepare,7.078,ok
prodds,100,A,Auto (default),3,query_94,explain,1.348,ok
prodds,100,A,Auto (default),3,query_94,prepare,2.497,ok
prodds,100,A,Auto (default),3,query_95,explain,2.258,ok
prodds,100,A,Auto (default),3,query_95,prepare,4.925,ok
prodds,100,A,Auto (default),3,query_97,explain,1.934,ok
prodds,100,A,Auto (default),3,query_97,prepare,3.345,ok
prodds,100,A,Auto (default),3,query_98,explain,2.040,ok
prodds,100,A,Auto (default),3,query_98,prepare,5.634,ok
prodds,100,A,Auto (default),3,query_99,explain,1.210,ok
prodds,100,A,Auto (default),3,query_99,prepare,3.197,ok
prodds,100,A,Auto (default),3,query_join_J100,explain,17.859,ok
prodds,100,A,Auto (default),3,query_join_J100,prepare,33.076,ok
prodds,100,A,Auto (default),3,query_join_J200,explain,36.566,ok
prodds,100,A,Auto (default),3,query_join_J200,prepare,67.432,ok
prodds,100,A,Auto (default),3,query_join_J50,explain,12.404,ok
prodds,100,A,Auto (default),3,query_join_J50,prepare,20.715,ok
prodds,100,A,Auto (default),3,query_union_U10,explain,1.262,ok
prodds,100,A,Auto (default),3,query_union_U10,prepare,1.953,ok
prodds,100,A,Auto (default),3,query_union_U2,explain,0.706,ok
prodds,100,A,Auto (default),3,query_union_U2,prepare,1.200,ok
prodds,100,A,Auto (default),3,query_union_U20,explain,1.457,ok
prodds,100,A,Auto (default),3,query_union_U20,prepare,2.635,ok
prodds,100,A,Auto (default),3,query_union_U5,explain,0.978,ok
prodds,100,A,Auto (default),3,query_union_U5,prepare,1.755,ok
prodds,100,A,Auto (default),4,__floor__,floor,0.181,ok
prodds,100,A,Auto (default),4,query_1,explain,1.639,ok
prodds,100,A,Auto (default),4,query_1,prepare,1.590,ok
prodds,100,A,Auto (default),4,query_10,explain,2.199,ok
prodds,100,A,Auto (default),4,query_10,prepare,5.001,ok
prodds,100,A,Auto (default),4,query_11,explain,0.878,ok
prodds,100,A,Auto (default),4,query_11,prepare,2.253,ok
prodds,100,A,Auto (default),4,query_12,explain,1.349,ok
prodds,100,A,Auto (default),4,query_12,prepare,3.467,ok
prodds,100,A,Auto (default),4,query_13,explain,1.549,ok
prodds,100,A,Auto (default),4,query_13,prepare,2.875,ok
prodds,100,A,Auto (default),4,query_14,explain,0.703,ok
prodds,100,A,Auto (default),4,query_14,prepare,1.680,ok
prodds,100,A,Auto (default),4,query_15,explain,0.874,ok
prodds,100,A,Auto (default),4,query_15,prepare,2.109,ok
prodds,100,A,Auto (default),4,query_17,explain,1.176,ok
prodds,100,A,Auto (default),4,query_17,prepare,2.560,ok
prodds,100,A,Auto (default),4,query_18,explain,1.279,ok
prodds,100,A,Auto (default),4,query_18,prepare,3.041,ok
prodds,100,A,Auto (default),4,query_2,explain,1.044,ok
prodds,100,A,Auto (default),4,query_2,prepare,2.624,ok
prodds,100,A,Auto (default),4,query_20,explain,6.454,ok
prodds,100,A,Auto (default),4,query_20,prepare,9.886,ok
prodds,100,A,Auto (default),4,query_21,explain,0.959,ok
prodds,100,A,Auto (default),4,query_21,prepare,2.562,ok
prodds,100,A,Auto (default),4,query_22,explain,2.019,ok
prodds,100,A,Auto (default),4,query_22,prepare,4.259,ok
prodds,100,A,Auto (default),4,query_23,explain,2.067,ok
prodds,100,A,Auto (default),4,query_23,prepare,4.519,ok
prodds,100,A,Auto (default),4,query_24,explain,1.276,ok
prodds,100,A,Auto (default),4,query_24,prepare,2.466,ok
prodds,100,A,Auto (default),4,query_25,explain,1.356,ok
prodds,100,A,Auto (default),4,query_25,prepare,2.393,ok
prodds,100,A,Auto (default),4,query_26,explain,2.286,ok
prodds,100,A,Auto (default),4,query_26,prepare,5.542,ok
prodds,100,A,Auto (default),4,query_27,explain,1.254,ok
prodds,100,A,Auto (default),4,query_27,prepare,2.694,ok
prodds,100,A,Auto (default),4,query_28,explain,1.643,ok
prodds,100,A,Auto (default),4,query_28,prepare,3.438,ok
prodds,100,A,Auto (default),4,query_3,explain,3.211,ok
prodds,100,A,Auto (default),4,query_3,prepare,6.925,ok
prodds,100,A,Auto (default),4,query_30,explain,1.972,ok
prodds,100,A,Auto (default),4,query_30,prepare,4.690,ok
prodds,100,A,Auto (default),4,query_31,explain,1.038,ok
prodds,100,A,Auto (default),4,query_31,prepare,2.734,ok
prodds,100,A,Auto (default),4,query_32,explain,0.745,ok
prodds,100,A,Auto (default),4,query_32,prepare,2.402,ok
prodds,100,A,Auto (default),4,query_33,explain,2.417,ok
prodds,100,A,Auto (default),4,query_33,prepare,4.450,ok
prodds,100,A,Auto (default),4,query_35,explain,0.772,ok
prodds,100,A,Auto (default),4,query_35,prepare,2.912,ok
prodds,100,A,Auto (default),4,query_36,explain,2.496,ok
prodds,100,A,Auto (default),4,query_36,prepare,5.127,ok
prodds,100,A,Auto (default),4,query_37,explain,1.211,ok
prodds,100,A,Auto (default),4,query_37,prepare,3.754,ok
prodds,100,A,Auto (default),4,query_39,explain,2.304,ok
prodds,100,A,Auto (default),4,query_39,prepare,5.223,ok
prodds,100,A,Auto (default),4,query_4,explain,1.683,ok
prodds,100,A,Auto (default),4,query_4,prepare,3.139,ok
prodds,100,A,Auto (default),4,query_40,explain,1.315,ok
prodds,100,A,Auto (default),4,query_40,prepare,2.234,ok
prodds,100,A,Auto (default),4,query_41,explain,2.247,ok
prodds,100,A,Auto (default),4,query_41,prepare,5.309,ok
prodds,100,A,Auto (default),4,query_42,explain,1.747,ok
prodds,100,A,Auto (default),4,query_42,prepare,5.201,ok
prodds,100,A,Auto (default),4,query_43,explain,2.180,ok
prodds,100,A,Auto (default),4,query_43,prepare,3.695,ok
prodds,100,A,Auto (default),4,query_44,explain,1.093,ok
prodds,100,A,Auto (default),4,query_44,prepare,1.915,ok
prodds,100,A,Auto (default),4,query_45,explain,0.838,ok
prodds,100,A,Auto (default),4,query_45,prepare,2.220,ok
prodds,100,A,Auto (default),4,query_46,explain,0.927,ok
prodds,100,A,Auto (default),4,query_46,prepare,4.116,ok
prodds,100,A,Auto (default),4,query_47,explain,1.943,ok
prodds,100,A,Auto (default),4,query_47,prepare,4.583,ok
prodds,100,A,Auto (default),4,query_48,explain,2.236,ok
prodds,100,A,Auto (default),4,query_48,prepare,5.816,ok
prodds,100,A,Auto (default),4,query_49,explain,2.037,ok
prodds,100,A,Auto (default),4,query_49,prepare,3.443,ok
prodds,100,A,Auto (default),4,query_5,explain,0.997,ok
prodds,100,A,Auto (default),4,query_5,prepare,2.316,ok
prodds,100,A,Auto (default),4,query_50,explain,1.992,ok
prodds,100,A,Auto (default),4,query_50,prepare,3.930,ok
prodds,100,A,Auto (default),4,query_51,explain,2.021,ok
prodds,100,A,Auto (default),4,query_51,prepare,4.687,ok
prodds,100,A,Auto (default),4,query_52,explain,0.668,ok
prodds,100,A,Auto (default),4,query_52,prepare,1.576,ok
prodds,100,A,Auto (default),4,query_53,explain,1.823,ok
prodds,100,A,Auto (default),4,query_53,prepare,3.276,ok
prodds,100,A,Auto (default),4,query_54,explain,1.045,ok
prodds,100,A,Auto (default),4,query_54,prepare,2.502,ok
prodds,100,A,Auto (default),4,query_55,explain,0.513,ok
prodds,100,A,Auto (default),4,query_55,prepare,1.862,ok
prodds,100,A,Auto (default),4,query_56,explain,1.037,ok
prodds,100,A,Auto (default),4,query_56,prepare,3.309,ok
prodds,100,A,Auto (default),4,query_57,explain,1.424,ok
prodds,100,A,Auto (default),4,query_57,prepare,2.968,ok
prodds,100,A,Auto (default),4,query_58,explain,1.443,ok
prodds,100,A,Auto (default),4,query_58,prepare,2.990,ok
prodds,100,A,Auto (default),4,query_59,explain,0.799,ok
prodds,100,A,Auto (default),4,query_59,prepare,2.399,ok
prodds,100,A,Auto (default),4,query_6,explain,3.050,ok
prodds,100,A,Auto (default),4,query_6,prepare,7.044,ok
prodds,100,A,Auto (default),4,query_60,explain,1.485,ok
prodds,100,A,Auto (default),4,query_60,prepare,3.199,ok
prodds,100,A,Auto (default),4,query_61,explain,0.724,ok
prodds,100,A,Auto (default),4,query_61,prepare,2.108,ok
prodds,100,A,Auto (default),4,query_62,explain,1.510,ok
prodds,100,A,Auto (default),4,query_62,prepare,3.381,ok
prodds,100,A,Auto (default),4,query_63,explain,1.920,ok
prodds,100,A,Auto (default),4,query_63,prepare,4.036,ok
prodds,100,A,Auto (default),4,query_64,explain,0.852,ok
prodds,100,A,Auto (default),4,query_64,prepare,1.944,ok
prodds,100,A,Auto (default),4,query_65,explain,0.826,ok
prodds,100,A,Auto (default),4,query_65,prepare,1.883,ok
prodds,100,A,Auto (default),4,query_66,explain,4.709,ok
prodds,100,A,Auto (default),4,query_66,prepare,7.516,ok
prodds,100,A,Auto (default),4,query_67,explain,0.888,ok
prodds,100,A,Auto (default),4,query_67,prepare,1.700,ok
prodds,100,A,Auto (default),4,query_68,explain,2.893,ok
prodds,100,A,Auto (default),4,query_68,prepare,4.724,ok
prodds,100,A,Auto (default),4,query_69,explain,4.009,ok
prodds,100,A,Auto (default),4,query_69,prepare,8.713,ok
prodds,100,A,Auto (default),4,query_7,explain,1.098,ok
prodds,100,A,Auto (default),4,query_7,prepare,1.960,ok
prodds,100,A,Auto (default),4,query_70,explain,1.716,ok
prodds,100,A,Auto (default),4,query_70,prepare,5.063,ok
prodds,100,A,Auto (default),4,query_71,explain,1.273,ok
prodds,100,A,Auto (default),4,query_71,prepare,3.176,ok
prodds,100,A,Auto (default),4,query_73,explain,1.559,ok
prodds,100,A,Auto (default),4,query_73,prepare,2.923,ok
prodds,100,A,Auto (default),4,query_74,explain,2.123,ok
prodds,100,A,Auto (default),4,query_74,prepare,3.054,ok
prodds,100,A,Auto (default),4,query_75,explain,1.635,ok
prodds,100,A,Auto (default),4,query_75,prepare,3.321,ok
prodds,100,A,Auto (default),4,query_76,explain,1.140,ok
prodds,100,A,Auto (default),4,query_76,prepare,3.219,ok
prodds,100,A,Auto (default),4,query_77,explain,1.048,ok
prodds,100,A,Auto (default),4,query_77,prepare,2.457,ok
prodds,100,A,Auto (default),4,query_79,explain,1.323,ok
prodds,100,A,Auto (default),4,query_79,prepare,2.842,ok
prodds,100,A,Auto (default),4,query_8,explain,1.347,ok
prodds,100,A,Auto (default),4,query_8,prepare,3.114,ok
prodds,100,A,Auto (default),4,query_80,explain,0.885,ok
prodds,100,A,Auto (default),4,query_80,prepare,1.726,ok
prodds,100,A,Auto (default),4,query_81,explain,1.859,ok
prodds,100,A,Auto (default),4,query_81,prepare,3.713,ok
prodds,100,A,Auto (default),4,query_82,explain,0.640,ok
prodds,100,A,Auto (default),4,query_82,prepare,1.401,ok
prodds,100,A,Auto (default),4,query_83,explain,2.208,ok
prodds,100,A,Auto (default),4,query_83,prepare,4.588,ok
prodds,100,A,Auto (default),4,query_84,explain,1.819,ok
prodds,100,A,Auto (default),4,query_84,prepare,3.618,ok
prodds,100,A,Auto (default),4,query_85,explain,1.339,ok
prodds,100,A,Auto (default),4,query_85,prepare,3.035,ok
prodds,100,A,Auto (default),4,query_86,explain,1.075,ok
prodds,100,A,Auto (default),4,query_86,prepare,2.335,ok
prodds,100,A,Auto (default),4,query_87,explain,3.391,ok
prodds,100,A,Auto (default),4,query_87,prepare,5.350,ok
prodds,100,A,Auto (default),4,query_88,explain,1.349,ok
prodds,100,A,Auto (default),4,query_88,prepare,3.520,ok
prodds,100,A,Auto (default),4,query_89,explain,1.218,ok
prodds,100,A,Auto (default),4,query_89,prepare,2.856,ok
prodds,100,A,Auto (default),4,query_9,explain,1.963,ok
prodds,100,A,Auto (default),4,query_9,prepare,4.398,ok
prodds,100,A,Auto (default),4,query_91,explain,2.365,ok
prodds,100,A,Auto (default),4,query_91,prepare,3.566,ok
prodds,100,A,Auto (default),4,query_92,explain,2.043,ok
prodds,100,A,Auto (default),4,query_92,prepare,4.277,ok
prodds,100,A,Auto (default),4,query_93,explain,2.795,ok
prodds,100,A,Auto (default),4,query_93,prepare,7.099,ok
prodds,100,A,Auto (default),4,query_94,explain,1.353,ok
prodds,100,A,Auto (default),4,query_94,prepare,2.514,ok
prodds,100,A,Auto (default),4,query_95,explain,2.253,ok
prodds,100,A,Auto (default),4,query_95,prepare,5.049,ok
prodds,100,A,Auto (default),4,query_97,explain,1.931,ok
prodds,100,A,Auto (default),4,query_97,prepare,3.409,ok
prodds,100,A,Auto (default),4,query_98,explain,2.041,ok
prodds,100,A,Auto (default),4,query_98,prepare,5.816,ok
prodds,100,A,Auto (default),4,query_99,explain,1.232,ok
prodds,100,A,Auto (default),4,query_99,prepare,3.137,ok
prodds,100,A,Auto (default),4,query_join_J100,explain,17.809,ok
prodds,100,A,Auto (default),4,query_join_J100,prepare,33.669,ok
prodds,100,A,Auto (default),4,query_join_J200,explain,36.550,ok
prodds,100,A,Auto (default),4,query_join_J200,prepare,66.738,ok
prodds,100,A,Auto (default),4,query_join_J50,explain,12.529,ok
prodds,100,A,Auto (default),4,query_join_J50,prepare,20.708,ok
prodds,100,A,Auto (default),4,query_union_U10,explain,1.284,ok
prodds,100,A,Auto (default),4,query_union_U10,prepare,1.979,ok
prodds,100,A,Auto (default),4,query_union_U2,explain,0.711,ok
prodds,100,A,Auto (default),4,query_union_U2,prepare,1.193,ok
prodds,100,A,Auto (default),4,query_union_U20,explain,1.460,ok
prodds,100,A,Auto (default),4,query_union_U20,prepare,2.672,ok
prodds,100,A,Auto (default),4,query_union_U5,explain,0.980,ok
prodds,100,A,Auto (default),4,query_union_U5,prepare,1.587,ok
prodds,100,A,Auto (default),5,__floor__,floor,0.189,ok
prodds,100,A,Auto (default),5,query_1,explain,1.195,ok
prodds,100,A,Auto (default),5,query_1,prepare,1.906,ok
prodds,100,A,Auto (default),5,query_10,explain,2.175,ok
prodds,100,A,Auto (default),5,query_10,prepare,4.978,ok
prodds,100,A,Auto (default),5,query_11,explain,0.747,ok
prodds,100,A,Auto (default),5,query_11,prepare,2.192,ok
prodds,100,A,Auto (default),5,query_12,explain,1.227,ok
prodds,100,A,Auto (default),5,query_12,prepare,3.483,ok
prodds,100,A,Auto (default),5,query_13,explain,1.474,ok
prodds,100,A,Auto (default),5,query_13,prepare,2.851,ok
prodds,100,A,Auto (default),5,query_14,explain,0.707,ok
prodds,100,A,Auto (default),5,query_14,prepare,1.683,ok
prodds,100,A,Auto (default),5,query_15,explain,0.874,ok
prodds,100,A,Auto (default),5,query_15,prepare,2.159,ok
prodds,100,A,Auto (default),5,query_17,explain,1.158,ok
prodds,100,A,Auto (default),5,query_17,prepare,2.604,ok
prodds,100,A,Auto (default),5,query_18,explain,1.287,ok
prodds,100,A,Auto (default),5,query_18,prepare,3.018,ok
prodds,100,A,Auto (default),5,query_2,explain,1.048,ok
prodds,100,A,Auto (default),5,query_2,prepare,2.660,ok
prodds,100,A,Auto (default),5,query_20,explain,6.455,ok
prodds,100,A,Auto (default),5,query_20,prepare,9.967,ok
prodds,100,A,Auto (default),5,query_21,explain,0.977,ok
prodds,100,A,Auto (default),5,query_21,prepare,2.578,ok
prodds,100,A,Auto (default),5,query_22,explain,2.023,ok
prodds,100,A,Auto (default),5,query_22,prepare,4.298,ok
prodds,100,A,Auto (default),5,query_23,explain,2.095,ok
prodds,100,A,Auto (default),5,query_23,prepare,4.571,ok
prodds,100,A,Auto (default),5,query_24,explain,1.270,ok
prodds,100,A,Auto (default),5,query_24,prepare,2.520,ok
prodds,100,A,Auto (default),5,query_25,explain,1.375,ok
prodds,100,A,Auto (default),5,query_25,prepare,2.433,ok
prodds,100,A,Auto (default),5,query_26,explain,2.316,ok
prodds,100,A,Auto (default),5,query_26,prepare,5.483,ok
prodds,100,A,Auto (default),5,query_27,explain,1.139,ok
prodds,100,A,Auto (default),5,query_27,prepare,2.616,ok
prodds,100,A,Auto (default),5,query_28,explain,1.801,ok
prodds,100,A,Auto (default),5,query_28,prepare,3.432,ok
prodds,100,A,Auto (default),5,query_3,explain,3.064,ok
prodds,100,A,Auto (default),5,query_3,prepare,7.012,ok
prodds,100,A,Auto (default),5,query_30,explain,1.946,ok
prodds,100,A,Auto (default),5,query_30,prepare,4.686,ok
prodds,100,A,Auto (default),5,query_31,explain,1.046,ok
prodds,100,A,Auto (default),5,query_31,prepare,2.787,ok
prodds,100,A,Auto (default),5,query_32,explain,0.766,ok
prodds,100,A,Auto (default),5,query_32,prepare,2.446,ok
prodds,100,A,Auto (default),5,query_33,explain,2.433,ok
prodds,100,A,Auto (default),5,query_33,prepare,4.533,ok
prodds,100,A,Auto (default),5,query_35,explain,0.790,ok
prodds,100,A,Auto (default),5,query_35,prepare,2.984,ok
prodds,100,A,Auto (default),5,query_36,explain,2.558,ok
prodds,100,A,Auto (default),5,query_36,prepare,5.203,ok
prodds,100,A,Auto (default),5,query_37,explain,1.258,ok
prodds,100,A,Auto (default),5,query_37,prepare,3.838,ok
prodds,100,A,Auto (default),5,query_39,explain,2.338,ok
prodds,100,A,Auto (default),5,query_39,prepare,5.264,ok
prodds,100,A,Auto (default),5,query_4,explain,1.737,ok
prodds,100,A,Auto (default),5,query_4,prepare,3.223,ok
prodds,100,A,Auto (default),5,query_40,explain,1.379,ok
prodds,100,A,Auto (default),5,query_40,prepare,2.242,ok
prodds,100,A,Auto (default),5,query_41,explain,2.299,ok
prodds,100,A,Auto (default),5,query_41,prepare,5.355,ok
prodds,100,A,Auto (default),5,query_42,explain,1.780,ok
prodds,100,A,Auto (default),5,query_42,prepare,5.369,ok
prodds,100,A,Auto (default),5,query_43,explain,2.213,ok
prodds,100,A,Auto (default),5,query_43,prepare,3.697,ok
prodds,100,A,Auto (default),5,query_44,explain,1.120,ok
prodds,100,A,Auto (default),5,query_44,prepare,1.975,ok
prodds,100,A,Auto (default),5,query_45,explain,0.899,ok
prodds,100,A,Auto (default),5,query_45,prepare,2.203,ok
prodds,100,A,Auto (default),5,query_46,explain,0.967,ok
prodds,100,A,Auto (default),5,query_46,prepare,4.213,ok
prodds,100,A,Auto (default),5,query_47,explain,1.994,ok
prodds,100,A,Auto (default),5,query_47,prepare,4.422,ok
prodds,100,A,Auto (default),5,query_48,explain,2.253,ok
prodds,100,A,Auto (default),5,query_48,prepare,5.923,ok
prodds,100,A,Auto (default),5,query_49,explain,2.093,ok
prodds,100,A,Auto (default),5,query_49,prepare,3.370,ok
prodds,100,A,Auto (default),5,query_5,explain,1.009,ok
prodds,100,A,Auto (default),5,query_5,prepare,2.343,ok
prodds,100,A,Auto (default),5,query_50,explain,2.004,ok
prodds,100,A,Auto (default),5,query_50,prepare,3.978,ok
prodds,100,A,Auto (default),5,query_51,explain,2.029,ok
prodds,100,A,Auto (default),5,query_51,prepare,4.723,ok
prodds,100,A,Auto (default),5,query_52,explain,0.685,ok
prodds,100,A,Auto (default),5,query_52,prepare,1.553,ok
prodds,100,A,Auto (default),5,query_53,explain,1.808,ok
prodds,100,A,Auto (default),5,query_53,prepare,3.302,ok
prodds,100,A,Auto (default),5,query_54,explain,1.039,ok
prodds,100,A,Auto (default),5,query_54,prepare,2.515,ok
prodds,100,A,Auto (default),5,query_55,explain,0.530,ok
prodds,100,A,Auto (default),5,query_55,prepare,1.891,ok
prodds,100,A,Auto (default),5,query_56,explain,1.034,ok
prodds,100,A,Auto (default),5,query_56,prepare,3.329,ok
prodds,100,A,Auto (default),5,query_57,explain,1.421,ok
prodds,100,A,Auto (default),5,query_57,prepare,2.967,ok
prodds,100,A,Auto (default),5,query_58,explain,1.445,ok
prodds,100,A,Auto (default),5,query_58,prepare,3.007,ok
prodds,100,A,Auto (default),5,query_59,explain,0.814,ok
prodds,100,A,Auto (default),5,query_59,prepare,2.400,ok
prodds,100,A,Auto (default),5,query_6,explain,3.005,ok
prodds,100,A,Auto (default),5,query_6,prepare,7.065,ok
prodds,100,A,Auto (default),5,query_60,explain,1.467,ok
prodds,100,A,Auto (default),5,query_60,prepare,3.259,ok
prodds,100,A,Auto (default),5,query_61,explain,0.726,ok
prodds,100,A,Auto (default),5,query_61,prepare,2.122,ok
prodds,100,A,Auto (default),5,query_62,explain,1.505,ok
prodds,100,A,Auto (default),5,query_62,prepare,3.342,ok
prodds,100,A,Auto (default),5,query_63,explain,1.895,ok
prodds,100,A,Auto (default),5,query_63,prepare,4.043,ok
prodds,100,A,Auto (default),5,query_64,explain,0.870,ok
prodds,100,A,Auto (default),5,query_64,prepare,1.954,ok
prodds,100,A,Auto (default),5,query_65,explain,0.843,ok
prodds,100,A,Auto (default),5,query_65,prepare,1.919,ok
prodds,100,A,Auto (default),5,query_66,explain,4.717,ok
prodds,100,A,Auto (default),5,query_66,prepare,7.497,ok
prodds,100,A,Auto (default),5,query_67,explain,0.886,ok
prodds,100,A,Auto (default),5,query_67,prepare,1.664,ok
prodds,100,A,Auto (default),5,query_68,explain,2.887,ok
prodds,100,A,Auto (default),5,query_68,prepare,5.063,ok
prodds,100,A,Auto (default),5,query_69,explain,4.036,ok
prodds,100,A,Auto (default),5,query_69,prepare,8.673,ok
prodds,100,A,Auto (default),5,query_7,explain,1.088,ok
prodds,100,A,Auto (default),5,query_7,prepare,1.940,ok
prodds,100,A,Auto (default),5,query_70,explain,1.699,ok
prodds,100,A,Auto (default),5,query_70,prepare,4.806,ok
prodds,100,A,Auto (default),5,query_71,explain,1.274,ok
prodds,100,A,Auto (default),5,query_71,prepare,3.186,ok
prodds,100,A,Auto (default),5,query_73,explain,1.544,ok
prodds,100,A,Auto (default),5,query_73,prepare,2.954,ok
prodds,100,A,Auto (default),5,query_74,explain,2.126,ok
prodds,100,A,Auto (default),5,query_74,prepare,3.061,ok
prodds,100,A,Auto (default),5,query_75,explain,1.670,ok
prodds,100,A,Auto (default),5,query_75,prepare,3.265,ok
prodds,100,A,Auto (default),5,query_76,explain,1.126,ok
prodds,100,A,Auto (default),5,query_76,prepare,3.215,ok
prodds,100,A,Auto (default),5,query_77,explain,1.040,ok
prodds,100,A,Auto (default),5,query_77,prepare,2.433,ok
prodds,100,A,Auto (default),5,query_79,explain,1.319,ok
prodds,100,A,Auto (default),5,query_79,prepare,2.806,ok
prodds,100,A,Auto (default),5,query_8,explain,1.332,ok
prodds,100,A,Auto (default),5,query_8,prepare,3.147,ok
prodds,100,A,Auto (default),5,query_80,explain,0.883,ok
prodds,100,A,Auto (default),5,query_80,prepare,1.760,ok
prodds,100,A,Auto (default),5,query_81,explain,1.835,ok
prodds,100,A,Auto (default),5,query_81,prepare,3.714,ok
prodds,100,A,Auto (default),5,query_82,explain,0.618,ok
prodds,100,A,Auto (default),5,query_82,prepare,1.395,ok
prodds,100,A,Auto (default),5,query_83,explain,2.174,ok
prodds,100,A,Auto (default),5,query_83,prepare,4.592,ok
prodds,100,A,Auto (default),5,query_84,explain,1.795,ok
prodds,100,A,Auto (default),5,query_84,prepare,3.575,ok
prodds,100,A,Auto (default),5,query_85,explain,1.313,ok
prodds,100,A,Auto (default),5,query_85,prepare,3.068,ok
prodds,100,A,Auto (default),5,query_86,explain,1.056,ok
prodds,100,A,Auto (default),5,query_86,prepare,2.331,ok
prodds,100,A,Auto (default),5,query_87,explain,3.324,ok
prodds,100,A,Auto (default),5,query_87,prepare,5.499,ok
prodds,100,A,Auto (default),5,query_88,explain,1.338,ok
prodds,100,A,Auto (default),5,query_88,prepare,3.504,ok
prodds,100,A,Auto (default),5,query_89,explain,1.224,ok
prodds,100,A,Auto (default),5,query_89,prepare,2.834,ok
prodds,100,A,Auto (default),5,query_9,explain,1.967,ok
prodds,100,A,Auto (default),5,query_9,prepare,4.379,ok
prodds,100,A,Auto (default),5,query_91,explain,2.333,ok
prodds,100,A,Auto (default),5,query_91,prepare,3.530,ok
prodds,100,A,Auto (default),5,query_92,explain,2.011,ok
prodds,100,A,Auto (default),5,query_92,prepare,4.318,ok
prodds,100,A,Auto (default),5,query_93,explain,2.769,ok
prodds,100,A,Auto (default),5,query_93,prepare,7.153,ok
prodds,100,A,Auto (default),5,query_94,explain,1.338,ok
prodds,100,A,Auto (default),5,query_94,prepare,2.483,ok
prodds,100,A,Auto (default),5,query_95,explain,2.249,ok
prodds,100,A,Auto (default),5,query_95,prepare,4.952,ok
prodds,100,A,Auto (default),5,query_97,explain,1.914,ok
prodds,100,A,Auto (default),5,query_97,prepare,3.382,ok
prodds,100,A,Auto (default),5,query_98,explain,2.004,ok
prodds,100,A,Auto (default),5,query_98,prepare,5.746,ok
prodds,100,A,Auto (default),5,query_99,explain,1.201,ok
prodds,100,A,Auto (default),5,query_99,prepare,3.159,ok
prodds,100,A,Auto (default),5,query_join_J100,explain,17.787,ok
prodds,100,A,Auto (default),5,query_join_J100,prepare,33.214,ok
prodds,100,A,Auto (default),5,query_join_J200,explain,36.936,ok
prodds,100,A,Auto (default),5,query_join_J200,prepare,67.198,ok
prodds,100,A,Auto (default),5,query_join_J50,explain,12.351,ok
prodds,100,A,Auto (default),5,query_join_J50,prepare,20.784,ok
prodds,100,A,Auto (default),5,query_union_U10,explain,1.267,ok
prodds,100,A,Auto (default),5,query_union_U10,prepare,1.944,ok
prodds,100,A,Auto (default),5,query_union_U2,explain,0.730,ok
prodds,100,A,Auto (default),5,query_union_U2,prepare,1.200,ok
prodds,100,A,Auto (default),5,query_union_U20,explain,1.464,ok
prodds,100,A,Auto (default),5,query_union_U20,prepare,2.632,ok
prodds,100,A,Auto (default),5,query_union_U5,explain,0.986,ok
prodds,100,A,Auto (default),5,query_union_U5,prepare,1.600,ok
prodds,100,d,DirectEmit,1,__floor__,floor,0.357,ok
prodds,100,d,DirectEmit,1,query_1,explain,0.915,ok
prodds,100,d,DirectEmit,1,query_1,prepare,1.676,ok
prodds,100,d,DirectEmit,1,query_10,explain,2.166,ok
prodds,100,d,DirectEmit,1,query_10,prepare,7.297,ok
prodds,100,d,DirectEmit,1,query_11,explain,1.649,ok
prodds,100,d,DirectEmit,1,query_11,prepare,3.347,ok
prodds,100,d,DirectEmit,1,query_12,explain,1.968,ok
prodds,100,d,DirectEmit,1,query_12,prepare,5.817,ok
prodds,100,d,DirectEmit,1,query_13,explain,1.941,ok
prodds,100,d,DirectEmit,1,query_13,prepare,6.337,ok
prodds,100,d,DirectEmit,1,query_14,explain,1.420,ok
prodds,100,d,DirectEmit,1,query_14,prepare,2.714,ok
prodds,100,d,DirectEmit,1,query_15,explain,1.485,ok
prodds,100,d,DirectEmit,1,query_15,prepare,3.835,ok
prodds,100,d,DirectEmit,1,query_17,explain,2.017,ok
prodds,100,d,DirectEmit,1,query_17,prepare,4.627,ok
prodds,100,d,DirectEmit,1,query_18,explain,2.403,ok
prodds,100,d,DirectEmit,1,query_18,prepare,5.298,ok
prodds,100,d,DirectEmit,1,query_2,explain,1.870,ok
prodds,100,d,DirectEmit,1,query_2,prepare,4.809,ok
prodds,100,d,DirectEmit,1,query_20,explain,6.468,ok
prodds,100,d,DirectEmit,1,query_20,prepare,9.852,ok
prodds,100,d,DirectEmit,1,query_21,explain,0.996,ok
prodds,100,d,DirectEmit,1,query_21,prepare,2.584,ok
prodds,100,d,DirectEmit,1,query_22,explain,2.062,ok
prodds,100,d,DirectEmit,1,query_22,prepare,4.300,ok
prodds,100,d,DirectEmit,1,query_23,explain,2.100,ok
prodds,100,d,DirectEmit,1,query_23,prepare,4.556,ok
prodds,100,d,DirectEmit,1,query_24,explain,1.456,ok
prodds,100,d,DirectEmit,1,query_24,prepare,2.504,ok
prodds,100,d,DirectEmit,1,query_25,explain,1.424,ok
prodds,100,d,DirectEmit,1,query_25,prepare,2.445,ok
prodds,100,d,DirectEmit,1,query_26,explain,2.356,ok
prodds,100,d,DirectEmit,1,query_26,prepare,5.454,ok
prodds,100,d,DirectEmit,1,query_27,explain,1.156,ok
prodds,100,d,DirectEmit,1,query_27,prepare,2.628,ok
prodds,100,d,DirectEmit,1,query_28,explain,1.632,ok
prodds,100,d,DirectEmit,1,query_28,prepare,3.466,ok
prodds,100,d,DirectEmit,1,query_3,explain,2.925,ok
prodds,100,d,DirectEmit,1,query_3,prepare,6.951,ok
prodds,100,d,DirectEmit,1,query_30,explain,1.954,ok
prodds,100,d,DirectEmit,1,query_30,prepare,4.799,ok
prodds,100,d,DirectEmit,1,query_31,explain,1.063,ok
prodds,100,d,DirectEmit,1,query_31,prepare,2.769,ok
prodds,100,d,DirectEmit,1,query_32,explain,0.793,ok
prodds,100,d,DirectEmit,1,query_32,prepare,2.463,ok
prodds,100,d,DirectEmit,1,query_33,explain,2.450,ok
prodds,100,d,DirectEmit,1,query_33,prepare,4.483,ok
prodds,100,d,DirectEmit,1,query_35,explain,0.808,ok
prodds,100,d,DirectEmit,1,query_35,prepare,2.949,ok
prodds,100,d,DirectEmit,1,query_36,explain,2.565,ok
prodds,100,d,DirectEmit,1,query_36,prepare,5.217,ok
prodds,100,d,DirectEmit,1,query_37,explain,1.242,ok
prodds,100,d,DirectEmit,1,query_37,prepare,3.735,ok
prodds,100,d,DirectEmit,1,query_39,explain,2.310,ok
prodds,100,d,DirectEmit,1,query_39,prepare,5.210,ok
prodds,100,d,DirectEmit,1,query_4,explain,1.702,ok
prodds,100,d,DirectEmit,1,query_4,prepare,3.180,ok
prodds,100,d,DirectEmit,1,query_40,explain,1.331,ok
prodds,100,d,DirectEmit,1,query_40,prepare,2.254,ok
prodds,100,d,DirectEmit,1,query_41,explain,2.280,ok
prodds,100,d,DirectEmit,1,query_41,prepare,5.331,ok
prodds,100,d,DirectEmit,1,query_42,explain,1.769,ok
prodds,100,d,DirectEmit,1,query_42,prepare,5.244,ok
prodds,100,d,DirectEmit,1,query_43,explain,2.202,ok
prodds,100,d,DirectEmit,1,query_43,prepare,3.706,ok
prodds,100,d,DirectEmit,1,query_44,explain,1.111,ok
prodds,100,d,DirectEmit,1,query_44,prepare,1.954,ok
prodds,100,d,DirectEmit,1,query_45,explain,0.871,ok
prodds,100,d,DirectEmit,1,query_45,prepare,2.180,ok
prodds,100,d,DirectEmit,1,query_46,explain,0.963,ok
prodds,100,d,DirectEmit,1,query_46,prepare,4.121,ok
prodds,100,d,DirectEmit,1,query_47,explain,1.969,ok
prodds,100,d,DirectEmit,1,query_47,prepare,4.421,ok
prodds,100,d,DirectEmit,1,query_48,explain,2.258,ok
prodds,100,d,DirectEmit,1,query_48,prepare,5.952,ok
prodds,100,d,DirectEmit,1,query_49,explain,2.053,ok
prodds,100,d,DirectEmit,1,query_49,prepare,3.378,ok
prodds,100,d,DirectEmit,1,query_5,explain,1.023,ok
prodds,100,d,DirectEmit,1,query_5,prepare,2.344,ok
prodds,100,d,DirectEmit,1,query_50,explain,2.016,ok
prodds,100,d,DirectEmit,1,query_50,prepare,3.931,ok
prodds,100,d,DirectEmit,1,query_51,explain,2.047,ok
prodds,100,d,DirectEmit,1,query_51,prepare,4.687,ok
prodds,100,d,DirectEmit,1,query_52,explain,0.712,ok
prodds,100,d,DirectEmit,1,query_52,prepare,1.564,ok
prodds,100,d,DirectEmit,1,query_53,explain,1.844,ok
prodds,100,d,DirectEmit,1,query_53,prepare,3.363,ok
prodds,100,d,DirectEmit,1,query_54,explain,1.071,ok
prodds,100,d,DirectEmit,1,query_54,prepare,2.460,ok
prodds,100,d,DirectEmit,1,query_55,explain,0.562,ok
prodds,100,d,DirectEmit,1,query_55,prepare,1.890,ok
prodds,100,d,DirectEmit,1,query_56,explain,1.064,ok
prodds,100,d,DirectEmit,1,query_56,prepare,3.333,ok
prodds,100,d,DirectEmit,1,query_57,explain,1.427,ok
prodds,100,d,DirectEmit,1,query_57,prepare,3.012,ok
prodds,100,d,DirectEmit,1,query_58,explain,1.477,ok
prodds,100,d,DirectEmit,1,query_58,prepare,2.996,ok
prodds,100,d,DirectEmit,1,query_59,explain,0.835,ok
prodds,100,d,DirectEmit,1,query_59,prepare,2.427,ok
prodds,100,d,DirectEmit,1,query_6,explain,3.055,ok
prodds,100,d,DirectEmit,1,query_6,prepare,7.021,ok
prodds,100,d,DirectEmit,1,query_60,explain,1.494,ok
prodds,100,d,DirectEmit,1,query_60,prepare,3.274,ok
prodds,100,d,DirectEmit,1,query_61,explain,0.733,ok
prodds,100,d,DirectEmit,1,query_61,prepare,2.137,ok
prodds,100,d,DirectEmit,1,query_62,explain,1.521,ok
prodds,100,d,DirectEmit,1,query_62,prepare,3.382,ok
prodds,100,d,DirectEmit,1,query_63,explain,1.914,ok
prodds,100,d,DirectEmit,1,query_63,prepare,4.040,ok
prodds,100,d,DirectEmit,1,query_64,explain,0.899,ok
prodds,100,d,DirectEmit,1,query_64,prepare,1.927,ok
prodds,100,d,DirectEmit,1,query_65,explain,0.888,ok
prodds,100,d,DirectEmit,1,query_65,prepare,1.898,ok
prodds,100,d,DirectEmit,1,query_66,explain,4.733,ok
prodds,100,d,DirectEmit,1,query_66,prepare,7.489,ok
prodds,100,d,DirectEmit,1,query_67,explain,0.913,ok
prodds,100,d,DirectEmit,1,query_67,prepare,1.696,ok
prodds,100,d,DirectEmit,1,query_68,explain,2.877,ok
prodds,100,d,DirectEmit,1,query_68,prepare,4.751,ok
prodds,100,d,DirectEmit,1,query_69,explain,4.011,ok
prodds,100,d,DirectEmit,1,query_69,prepare,8.646,ok
prodds,100,d,DirectEmit,1,query_7,explain,1.099,ok
prodds,100,d,DirectEmit,1,query_7,prepare,1.991,ok
prodds,100,d,DirectEmit,1,query_70,explain,1.722,ok
prodds,100,d,DirectEmit,1,query_70,prepare,4.872,ok
prodds,100,d,DirectEmit,1,query_71,explain,1.281,ok
prodds,100,d,DirectEmit,1,query_71,prepare,3.202,ok
prodds,100,d,DirectEmit,1,query_73,explain,1.570,ok
prodds,100,d,DirectEmit,1,query_73,prepare,2.940,ok
prodds,100,d,DirectEmit,1,query_74,explain,2.172,ok
prodds,100,d,DirectEmit,1,query_74,prepare,3.051,ok
prodds,100,d,DirectEmit,1,query_75,explain,1.674,ok
prodds,100,d,DirectEmit,1,query_75,prepare,3.270,ok
prodds,100,d,DirectEmit,1,query_76,explain,1.168,ok
prodds,100,d,DirectEmit,1,query_76,prepare,3.231,ok
prodds,100,d,DirectEmit,1,query_77,explain,1.077,ok
prodds,100,d,DirectEmit,1,query_77,prepare,2.489,ok
prodds,100,d,DirectEmit,1,query_79,explain,1.330,ok
prodds,100,d,DirectEmit,1,query_79,prepare,2.845,ok
prodds,100,d,DirectEmit,1,query_8,explain,1.361,ok
prodds,100,d,DirectEmit,1,query_8,prepare,3.158,ok
prodds,100,d,DirectEmit,1,query_80,explain,0.918,ok
prodds,100,d,DirectEmit,1,query_80,prepare,1.745,ok
prodds,100,d,DirectEmit,1,query_81,explain,1.869,ok
prodds,100,d,DirectEmit,1,query_81,prepare,3.788,ok
prodds,100,d,DirectEmit,1,query_82,explain,0.666,ok
prodds,100,d,DirectEmit,1,query_82,prepare,1.427,ok
prodds,100,d,DirectEmit,1,query_83,explain,2.217,ok
prodds,100,d,DirectEmit,1,query_83,prepare,4.583,ok
prodds,100,d,DirectEmit,1,query_84,explain,1.831,ok
prodds,100,d,DirectEmit,1,query_84,prepare,3.647,ok
prodds,100,d,DirectEmit,1,query_85,explain,1.353,ok
prodds,100,d,DirectEmit,1,query_85,prepare,3.070,ok
prodds,100,d,DirectEmit,1,query_86,explain,1.092,ok
prodds,100,d,DirectEmit,1,query_86,prepare,2.364,ok
prodds,100,d,DirectEmit,1,query_87,explain,3.366,ok
prodds,100,d,DirectEmit,1,query_87,prepare,5.343,ok
prodds,100,d,DirectEmit,1,query_88,explain,1.389,ok
prodds,100,d,DirectEmit,1,query_88,prepare,3.532,ok
prodds,100,d,DirectEmit,1,query_89,explain,1.316,ok
prodds,100,d,DirectEmit,1,query_89,prepare,2.911,ok
prodds,100,d,DirectEmit,1,query_9,explain,1.999,ok
prodds,100,d,DirectEmit,1,query_9,prepare,4.418,ok
prodds,100,d,DirectEmit,1,query_91,explain,2.385,ok
prodds,100,d,DirectEmit,1,query_91,prepare,3.583,ok
prodds,100,d,DirectEmit,1,query_92,explain,2.058,ok
prodds,100,d,DirectEmit,1,query_92,prepare,4.305,ok
prodds,100,d,DirectEmit,1,query_93,explain,2.784,ok
prodds,100,d,DirectEmit,1,query_93,prepare,7.063,ok
prodds,100,d,DirectEmit,1,query_94,explain,1.362,ok
prodds,100,d,DirectEmit,1,query_94,prepare,2.530,ok
prodds,100,d,DirectEmit,1,query_95,explain,2.267,ok
prodds,100,d,DirectEmit,1,query_95,prepare,4.972,ok
prodds,100,d,DirectEmit,1,query_97,explain,1.932,ok
prodds,100,d,DirectEmit,1,query_97,prepare,3.402,ok
prodds,100,d,DirectEmit,1,query_98,explain,2.024,ok
prodds,100,d,DirectEmit,1,query_98,prepare,5.648,ok
prodds,100,d,DirectEmit,1,query_99,explain,1.234,ok
prodds,100,d,DirectEmit,1,query_99,prepare,3.132,ok
prodds,100,d,DirectEmit,1,query_join_J100,explain,17.792,ok
prodds,100,d,DirectEmit,1,query_join_J100,prepare,33.603,ok
prodds,100,d,DirectEmit,1,query_join_J200,explain,36.866,ok
prodds,100,d,DirectEmit,1,query_join_J200,prepare,66.490,ok
prodds,100,d,DirectEmit,1,query_join_J50,explain,12.302,ok
prodds,100,d,DirectEmit,1,query_join_J50,prepare,20.653,ok
prodds,100,d,DirectEmit,1,query_union_U10,explain,1.270,ok
prodds,100,d,DirectEmit,1,query_union_U10,prepare,1.946,ok
prodds,100,d,DirectEmit,1,query_union_U2,explain,0.709,ok
prodds,100,d,DirectEmit,1,query_union_U2,prepare,1.188,ok
prodds,100,d,DirectEmit,1,query_union_U20,explain,1.449,ok
prodds,100,d,DirectEmit,1,query_union_U20,prepare,2.632,ok
prodds,100,d,DirectEmit,1,query_union_U5,explain,0.960,ok
prodds,100,d,DirectEmit,1,query_union_U5,prepare,1.580,ok
prodds,100,d,DirectEmit,2,__floor__,floor,0.167,ok
prodds,100,d,DirectEmit,2,query_1,explain,0.845,ok
prodds,100,d,DirectEmit,2,query_1,prepare,1.434,ok
prodds,100,d,DirectEmit,2,query_10,explain,2.660,ok
prodds,100,d,DirectEmit,2,query_10,prepare,8.466,ok
prodds,100,d,DirectEmit,2,query_11,explain,1.068,ok
prodds,100,d,DirectEmit,2,query_11,prepare,2.896,ok
prodds,100,d,DirectEmit,2,query_12,explain,1.638,ok
prodds,100,d,DirectEmit,2,query_12,prepare,5.201,ok
prodds,100,d,DirectEmit,2,query_13,explain,2.250,ok
prodds,100,d,DirectEmit,2,query_13,prepare,4.054,ok
prodds,100,d,DirectEmit,2,query_14,explain,1.326,ok
prodds,100,d,DirectEmit,2,query_14,prepare,2.371,ok
prodds,100,d,DirectEmit,2,query_15,explain,1.596,ok
prodds,100,d,DirectEmit,2,query_15,prepare,3.834,ok
prodds,100,d,DirectEmit,2,query_17,explain,2.122,ok
prodds,100,d,DirectEmit,2,query_17,prepare,4.604,ok
prodds,100,d,DirectEmit,2,query_18,explain,2.288,ok
prodds,100,d,DirectEmit,2,query_18,prepare,5.420,ok
prodds,100,d,DirectEmit,2,query_2,explain,1.546,ok
prodds,100,d,DirectEmit,2,query_2,prepare,2.679,ok
prodds,100,d,DirectEmit,2,query_20,explain,6.481,ok
prodds,100,d,DirectEmit,2,query_20,prepare,10.019,ok
prodds,100,d,DirectEmit,2,query_21,explain,1.004,ok
prodds,100,d,DirectEmit,2,query_21,prepare,2.615,ok
prodds,100,d,DirectEmit,2,query_22,explain,2.067,ok
prodds,100,d,DirectEmit,2,query_22,prepare,4.299,ok
prodds,100,d,DirectEmit,2,query_23,explain,2.132,ok
prodds,100,d,DirectEmit,2,query_23,prepare,4.567,ok
prodds,100,d,DirectEmit,2,query_24,explain,1.327,ok
prodds,100,d,DirectEmit,2,query_24,prepare,2.516,ok
prodds,100,d,DirectEmit,2,query_25,explain,1.423,ok
prodds,100,d,DirectEmit,2,query_25,prepare,2.445,ok
prodds,100,d,DirectEmit,2,query_26,explain,2.358,ok
prodds,100,d,DirectEmit,2,query_26,prepare,5.439,ok
prodds,100,d,DirectEmit,2,query_27,explain,1.179,ok
prodds,100,d,DirectEmit,2,query_27,prepare,2.615,ok
prodds,100,d,DirectEmit,2,query_28,explain,1.661,ok
prodds,100,d,DirectEmit,2,query_28,prepare,3.465,ok
prodds,100,d,DirectEmit,2,query_3,explain,2.912,ok
prodds,100,d,DirectEmit,2,query_3,prepare,6.939,ok
prodds,100,d,DirectEmit,2,query_30,explain,1.984,ok
prodds,100,d,DirectEmit,2,query_30,prepare,4.764,ok
prodds,100,d,DirectEmit,2,query_31,explain,1.097,ok
prodds,100,d,DirectEmit,2,query_31,prepare,2.850,ok
prodds,100,d,DirectEmit,2,query_32,explain,0.803,ok
prodds,100,d,DirectEmit,2,query_32,prepare,2.445,ok
prodds,100,d,DirectEmit,2,query_33,explain,2.450,ok
prodds,100,d,DirectEmit,2,query_33,prepare,4.493,ok
prodds,100,d,DirectEmit,2,query_35,explain,0.815,ok
prodds,100,d,DirectEmit,2,query_35,prepare,2.955,ok
prodds,100,d,DirectEmit,2,query_36,explain,2.544,ok
prodds,100,d,DirectEmit,2,query_36,prepare,5.149,ok
prodds,100,d,DirectEmit,2,query_37,explain,1.247,ok
prodds,100,d,DirectEmit,2,query_37,prepare,3.786,ok
prodds,100,d,DirectEmit,2,query_39,explain,2.322,ok
prodds,100,d,DirectEmit,2,query_39,prepare,5.230,ok
prodds,100,d,DirectEmit,2,query_4,explain,1.732,ok
prodds,100,d,DirectEmit,2,query_4,prepare,3.167,ok
prodds,100,d,DirectEmit,2,query_40,explain,1.358,ok
prodds,100,d,DirectEmit,2,query_40,prepare,2.259,ok
prodds,100,d,DirectEmit,2,query_41,explain,2.280,ok
prodds,100,d,DirectEmit,2,query_41,prepare,5.323,ok
prodds,100,d,DirectEmit,2,query_42,explain,1.758,ok
prodds,100,d,DirectEmit,2,query_42,prepare,5.256,ok
prodds,100,d,DirectEmit,2,query_43,explain,2.207,ok
prodds,100,d,DirectEmit,2,query_43,prepare,3.710,ok
prodds,100,d,DirectEmit,2,query_44,explain,1.118,ok
prodds,100,d,DirectEmit,2,query_44,prepare,1.959,ok
prodds,100,d,DirectEmit,2,query_45,explain,0.888,ok
prodds,100,d,DirectEmit,2,query_45,prepare,2.194,ok
prodds,100,d,DirectEmit,2,query_46,explain,0.962,ok
prodds,100,d,DirectEmit,2,query_46,prepare,4.180,ok
prodds,100,d,DirectEmit,2,query_47,explain,1.983,ok
prodds,100,d,DirectEmit,2,query_47,prepare,4.388,ok
prodds,100,d,DirectEmit,2,query_48,explain,2.249,ok
prodds,100,d,DirectEmit,2,query_48,prepare,5.885,ok
prodds,100,d,DirectEmit,2,query_49,explain,2.044,ok
prodds,100,d,DirectEmit,2,query_49,prepare,3.377,ok
prodds,100,d,DirectEmit,2,query_5,explain,1.016,ok
prodds,100,d,DirectEmit,2,query_5,prepare,2.340,ok
prodds,100,d,DirectEmit,2,query_50,explain,2.022,ok
prodds,100,d,DirectEmit,2,query_50,prepare,3.957,ok
prodds,100,d,DirectEmit,2,query_51,explain,2.040,ok
prodds,100,d,DirectEmit,2,query_51,prepare,4.717,ok
prodds,100,d,DirectEmit,2,query_52,explain,0.694,ok
prodds,100,d,DirectEmit,2,query_52,prepare,1.590,ok
prodds,100,d,DirectEmit,2,query_53,explain,1.836,ok
prodds,100,d,DirectEmit,2,query_53,prepare,3.331,ok
prodds,100,d,DirectEmit,2,query_54,explain,1.059,ok
prodds,100,d,DirectEmit,2,query_54,prepare,2.557,ok
prodds,100,d,DirectEmit,2,query_55,explain,0.549,ok
prodds,100,d,DirectEmit,2,query_55,prepare,1.886,ok
prodds,100,d,DirectEmit,2,query_56,explain,1.080,ok
prodds,100,d,DirectEmit,2,query_56,prepare,3.342,ok
prodds,100,d,DirectEmit,2,query_57,explain,1.463,ok
prodds,100,d,DirectEmit,2,query_57,prepare,3.027,ok
prodds,100,d,DirectEmit,2,query_58,explain,1.473,ok
prodds,100,d,DirectEmit,2,query_58,prepare,3.008,ok
prodds,100,d,DirectEmit,2,query_59,explain,0.850,ok
prodds,100,d,DirectEmit,2,query_59,prepare,2.414,ok
prodds,100,d,DirectEmit,2,query_6,explain,3.041,ok
prodds,100,d,DirectEmit,2,query_6,prepare,7.093,ok
prodds,100,d,DirectEmit,2,query_60,explain,1.537,ok
prodds,100,d,DirectEmit,2,query_60,prepare,3.302,ok
prodds,100,d,DirectEmit,2,query_61,explain,0.739,ok
prodds,100,d,DirectEmit,2,query_61,prepare,2.146,ok
prodds,100,d,DirectEmit,2,query_62,explain,1.544,ok
prodds,100,d,DirectEmit,2,query_62,prepare,3.393,ok
prodds,100,d,DirectEmit,2,query_63,explain,1.957,ok
prodds,100,d,DirectEmit,2,query_63,prepare,4.037,ok
prodds,100,d,DirectEmit,2,query_64,explain,0.904,ok
prodds,100,d,DirectEmit,2,query_64,prepare,1.923,ok
prodds,100,d,DirectEmit,2,query_65,explain,0.887,ok
prodds,100,d,DirectEmit,2,query_65,prepare,1.935,ok
prodds,100,d,DirectEmit,2,query_66,explain,4.728,ok
prodds,100,d,DirectEmit,2,query_66,prepare,7.494,ok
prodds,100,d,DirectEmit,2,query_67,explain,0.936,ok
prodds,100,d,DirectEmit,2,query_67,prepare,1.689,ok
prodds,100,d,DirectEmit,2,query_68,explain,2.956,ok
prodds,100,d,DirectEmit,2,query_68,prepare,4.737,ok
prodds,100,d,DirectEmit,2,query_69,explain,4.015,ok
prodds,100,d,DirectEmit,2,query_69,prepare,8.623,ok
prodds,100,d,DirectEmit,2,query_7,explain,1.126,ok
prodds,100,d,DirectEmit,2,query_7,prepare,1.969,ok
prodds,100,d,DirectEmit,2,query_70,explain,1.716,ok
prodds,100,d,DirectEmit,2,query_70,prepare,4.892,ok
prodds,100,d,DirectEmit,2,query_71,explain,1.283,ok
prodds,100,d,DirectEmit,2,query_71,prepare,3.212,ok
prodds,100,d,DirectEmit,2,query_73,explain,1.580,ok
prodds,100,d,DirectEmit,2,query_73,prepare,2.935,ok
prodds,100,d,DirectEmit,2,query_74,explain,2.165,ok
prodds,100,d,DirectEmit,2,query_74,prepare,3.043,ok
prodds,100,d,DirectEmit,2,query_75,explain,1.678,ok
prodds,100,d,DirectEmit,2,query_75,prepare,3.273,ok
prodds,100,d,DirectEmit,2,query_76,explain,1.150,ok
prodds,100,d,DirectEmit,2,query_76,prepare,3.782,ok
prodds,100,d,DirectEmit,2,query_77,explain,1.234,ok
prodds,100,d,DirectEmit,2,query_77,prepare,2.511,ok
prodds,100,d,DirectEmit,2,query_79,explain,1.349,ok
prodds,100,d,DirectEmit,2,query_79,prepare,2.906,ok
prodds,100,d,DirectEmit,2,query_8,explain,1.379,ok
prodds,100,d,DirectEmit,2,query_8,prepare,3.194,ok
prodds,100,d,DirectEmit,2,query_80,explain,0.908,ok
prodds,100,d,DirectEmit,2,query_80,prepare,1.755,ok
prodds,100,d,DirectEmit,2,query_81,explain,1.879,ok
prodds,100,d,DirectEmit,2,query_81,prepare,3.737,ok
prodds,100,d,DirectEmit,2,query_82,explain,0.666,ok
prodds,100,d,DirectEmit,2,query_82,prepare,1.421,ok
prodds,100,d,DirectEmit,2,query_83,explain,2.236,ok
prodds,100,d,DirectEmit,2,query_83,prepare,4.542,ok
prodds,100,d,DirectEmit,2,query_84,explain,1.838,ok
prodds,100,d,DirectEmit,2,query_84,prepare,3.635,ok
prodds,100,d,DirectEmit,2,query_85,explain,1.361,ok
prodds,100,d,DirectEmit,2,query_85,prepare,3.078,ok
prodds,100,d,DirectEmit,2,query_86,explain,1.098,ok
prodds,100,d,DirectEmit,2,query_86,prepare,2.355,ok
prodds,100,d,DirectEmit,2,query_87,explain,3.368,ok
prodds,100,d,DirectEmit,2,query_87,prepare,5.345,ok
prodds,100,d,DirectEmit,2,query_88,explain,1.373,ok
prodds,100,d,DirectEmit,2,query_88,prepare,3.528,ok
prodds,100,d,DirectEmit,2,query_89,explain,1.270,ok
prodds,100,d,DirectEmit,2,query_89,prepare,2.874,ok
prodds,100,d,DirectEmit,2,query_9,explain,1.987,ok
prodds,100,d,DirectEmit,2,query_9,prepare,4.351,ok
prodds,100,d,DirectEmit,2,query_91,explain,2.384,ok
prodds,100,d,DirectEmit,2,query_91,prepare,3.531,ok
prodds,100,d,DirectEmit,2,query_92,explain,2.074,ok
prodds,100,d,DirectEmit,2,query_92,prepare,4.317,ok
prodds,100,d,DirectEmit,2,query_93,explain,2.795,ok
prodds,100,d,DirectEmit,2,query_93,prepare,7.070,ok
prodds,100,d,DirectEmit,2,query_94,explain,1.368,ok
prodds,100,d,DirectEmit,2,query_94,prepare,2.506,ok
prodds,100,d,DirectEmit,2,query_95,explain,2.294,ok
prodds,100,d,DirectEmit,2,query_95,prepare,4.971,ok
prodds,100,d,DirectEmit,2,query_97,explain,1.954,ok
prodds,100,d,DirectEmit,2,query_97,prepare,3.419,ok
prodds,100,d,DirectEmit,2,query_98,explain,2.029,ok
prodds,100,d,DirectEmit,2,query_98,prepare,5.649,ok
prodds,100,d,DirectEmit,2,query_99,explain,1.244,ok
prodds,100,d,DirectEmit,2,query_99,prepare,3.196,ok
prodds,100,d,DirectEmit,2,query_join_J100,explain,17.753,ok
prodds,100,d,DirectEmit,2,query_join_J100,prepare,32.990,ok
prodds,100,d,DirectEmit,2,query_join_J200,explain,36.414,ok
prodds,100,d,DirectEmit,2,query_join_J200,prepare,66.339,ok
prodds,100,d,DirectEmit,2,query_join_J50,explain,12.275,ok
prodds,100,d,DirectEmit,2,query_join_J50,prepare,20.620,ok
prodds,100,d,DirectEmit,2,query_union_U10,explain,1.265,ok
prodds,100,d,DirectEmit,2,query_union_U10,prepare,1.960,ok
prodds,100,d,DirectEmit,2,query_union_U2,explain,0.728,ok
prodds,100,d,DirectEmit,2,query_union_U2,prepare,1.185,ok
prodds,100,d,DirectEmit,2,query_union_U20,explain,1.462,ok
prodds,100,d,DirectEmit,2,query_union_U20,prepare,2.646,ok
prodds,100,d,DirectEmit,2,query_union_U5,explain,0.988,ok
prodds,100,d,DirectEmit,2,query_union_U5,prepare,1.596,ok
prodds,100,d,DirectEmit,3,__floor__,floor,0.198,ok
prodds,100,d,DirectEmit,3,query_1,explain,0.836,ok
prodds,100,d,DirectEmit,3,query_1,prepare,1.385,ok
prodds,100,d,DirectEmit,3,query_10,explain,2.082,ok
prodds,100,d,DirectEmit,3,query_10,prepare,4.975,ok
prodds,100,d,DirectEmit,3,query_11,explain,0.729,ok
prodds,100,d,DirectEmit,3,query_11,prepare,2.228,ok
prodds,100,d,DirectEmit,3,query_12,explain,1.222,ok
prodds,100,d,DirectEmit,3,query_12,prepare,3.400,ok
prodds,100,d,DirectEmit,3,query_13,explain,1.484,ok
prodds,100,d,DirectEmit,3,query_13,prepare,2.840,ok
prodds,100,d,DirectEmit,3,query_14,explain,0.707,ok
prodds,100,d,DirectEmit,3,query_14,prepare,1.651,ok
prodds,100,d,DirectEmit,3,query_15,explain,0.868,ok
prodds,100,d,DirectEmit,3,query_15,prepare,2.108,ok
prodds,100,d,DirectEmit,3,query_17,explain,1.150,ok
prodds,100,d,DirectEmit,3,query_17,prepare,2.557,ok
prodds,100,d,DirectEmit,3,query_18,explain,1.268,ok
prodds,100,d,DirectEmit,3,query_18,prepare,3.034,ok
prodds,100,d,DirectEmit,3,query_2,explain,1.038,ok
prodds,100,d,DirectEmit,3,query_2,prepare,2.615,ok
prodds,100,d,DirectEmit,3,query_20,explain,6.439,ok
prodds,100,d,DirectEmit,3,query_20,prepare,9.907,ok
prodds,100,d,DirectEmit,3,query_21,explain,1.015,ok
prodds,100,d,DirectEmit,3,query_21,prepare,2.608,ok
prodds,100,d,DirectEmit,3,query_22,explain,2.024,ok
prodds,100,d,DirectEmit,3,query_22,prepare,4.292,ok
prodds,100,d,DirectEmit,3,query_23,explain,2.096,ok
prodds,100,d,DirectEmit,3,query_23,prepare,4.543,ok
prodds,100,d,DirectEmit,3,query_24,explain,1.292,ok
prodds,100,d,DirectEmit,3,query_24,prepare,2.516,ok
prodds,100,d,DirectEmit,3,query_25,explain,1.413,ok
prodds,100,d,DirectEmit,3,query_25,prepare,2.448,ok
prodds,100,d,DirectEmit,3,query_26,explain,2.341,ok
prodds,100,d,DirectEmit,3,query_26,prepare,5.501,ok
prodds,100,d,DirectEmit,3,query_27,explain,1.156,ok
prodds,100,d,DirectEmit,3,query_27,prepare,2.609,ok
prodds,100,d,DirectEmit,3,query_28,explain,1.661,ok
prodds,100,d,DirectEmit,3,query_28,prepare,3.445,ok
prodds,100,d,DirectEmit,3,query_3,explain,2.892,ok
prodds,100,d,DirectEmit,3,query_3,prepare,6.868,ok
prodds,100,d,DirectEmit,3,query_30,explain,1.935,ok
prodds,100,d,DirectEmit,3,query_30,prepare,4.695,ok
prodds,100,d,DirectEmit,3,query_31,explain,1.060,ok
prodds,100,d,DirectEmit,3,query_31,prepare,2.798,ok
prodds,100,d,DirectEmit,3,query_32,explain,0.786,ok
prodds,100,d,DirectEmit,3,query_32,prepare,2.451,ok
prodds,100,d,DirectEmit,3,query_33,explain,2.436,ok
prodds,100,d,DirectEmit,3,query_33,prepare,4.483,ok
prodds,100,d,DirectEmit,3,query_35,explain,0.804,ok
prodds,100,d,DirectEmit,3,query_35,prepare,2.946,ok
prodds,100,d,DirectEmit,3,query_36,explain,2.524,ok
prodds,100,d,DirectEmit,3,query_36,prepare,5.087,ok
prodds,100,d,DirectEmit,3,query_37,explain,1.303,ok
prodds,100,d,DirectEmit,3,query_37,prepare,3.770,ok
prodds,100,d,DirectEmit,3,query_39,explain,2.315,ok
prodds,100,d,DirectEmit,3,query_39,prepare,5.267,ok
prodds,100,d,DirectEmit,3,query_4,explain,1.717,ok
prodds,100,d,DirectEmit,3,query_4,prepare,3.179,ok
prodds,100,d,DirectEmit,3,query_40,explain,1.340,ok
prodds,100,d,DirectEmit,3,query_40,prepare,2.260,ok
prodds,100,d,DirectEmit,3,query_41,explain,2.287,ok
prodds,100,d,DirectEmit,3,query_41,prepare,5.341,ok
prodds,100,d,DirectEmit,3,query_42,explain,1.763,ok
prodds,100,d,DirectEmit,3,query_42,prepare,5.246,ok
prodds,100,d,DirectEmit,3,query_43,explain,2.194,ok
prodds,100,d,DirectEmit,3,query_43,prepare,3.710,ok
prodds,100,d,DirectEmit,3,query_44,explain,1.123,ok
prodds,100,d,DirectEmit,3,query_44,prepare,1.948,ok
prodds,100,d,DirectEmit,3,query_45,explain,0.877,ok
prodds,100,d,DirectEmit,3,query_45,prepare,2.182,ok
prodds,100,d,DirectEmit,3,query_46,explain,0.966,ok
prodds,100,d,DirectEmit,3,query_46,prepare,4.126,ok
prodds,100,d,DirectEmit,3,query_47,explain,1.974,ok
prodds,100,d,DirectEmit,3,query_47,prepare,4.447,ok
prodds,100,d,DirectEmit,3,query_48,explain,2.258,ok
prodds,100,d,DirectEmit,3,query_48,prepare,5.855,ok
prodds,100,d,DirectEmit,3,query_49,explain,2.056,ok
prodds,100,d,DirectEmit,3,query_49,prepare,3.379,ok
prodds,100,d,DirectEmit,3,query_5,explain,1.021,ok
prodds,100,d,DirectEmit,3,query_5,prepare,2.331,ok
prodds,100,d,DirectEmit,3,query_50,explain,2.030,ok
prodds,100,d,DirectEmit,3,query_50,prepare,3.922,ok
prodds,100,d,DirectEmit,3,query_51,explain,2.041,ok
prodds,100,d,DirectEmit,3,query_51,prepare,4.685,ok
prodds,100,d,DirectEmit,3,query_52,explain,0.702,ok
prodds,100,d,DirectEmit,3,query_52,prepare,1.580,ok
prodds,100,d,DirectEmit,3,query_53,explain,1.852,ok
prodds,100,d,DirectEmit,3,query_53,prepare,3.307,ok
prodds,100,d,DirectEmit,3,query_54,explain,1.085,ok
prodds,100,d,DirectEmit,3,query_54,prepare,2.473,ok
prodds,100,d,DirectEmit,3,query_55,explain,0.553,ok
prodds,100,d,DirectEmit,3,query_55,prepare,1.880,ok
prodds,100,d,DirectEmit,3,query_56,explain,1.071,ok
prodds,100,d,DirectEmit,3,query_56,prepare,3.299,ok
prodds,100,d,DirectEmit,3,query_57,explain,1.435,ok
prodds,100,d,DirectEmit,3,query_57,prepare,2.998,ok
prodds,100,d,DirectEmit,3,query_58,explain,1.461,ok
prodds,100,d,DirectEmit,3,query_58,prepare,2.987,ok
prodds,100,d,DirectEmit,3,query_59,explain,0.828,ok
prodds,100,d,DirectEmit,3,query_59,prepare,2.398,ok
prodds,100,d,DirectEmit,3,query_6,explain,3.023,ok
prodds,100,d,DirectEmit,3,query_6,prepare,7.067,ok
prodds,100,d,DirectEmit,3,query_60,explain,1.498,ok
prodds,100,d,DirectEmit,3,query_60,prepare,3.249,ok
prodds,100,d,DirectEmit,3,query_61,explain,0.753,ok
prodds,100,d,DirectEmit,3,query_61,prepare,2.129,ok
prodds,100,d,DirectEmit,3,query_62,explain,1.516,ok
prodds,100,d,DirectEmit,3,query_62,prepare,3.388,ok
prodds,100,d,DirectEmit,3,query_63,explain,1.953,ok
prodds,100,d,DirectEmit,3,query_63,prepare,4.036,ok
prodds,100,d,DirectEmit,3,query_64,explain,0.903,ok
prodds,100,d,DirectEmit,3,query_64,prepare,1.920,ok
prodds,100,d,DirectEmit,3,query_65,explain,0.870,ok
prodds,100,d,DirectEmit,3,query_65,prepare,1.927,ok
prodds,100,d,DirectEmit,3,query_66,explain,4.693,ok
prodds,100,d,DirectEmit,3,query_66,prepare,7.446,ok
prodds,100,d,DirectEmit,3,query_67,explain,0.906,ok
prodds,100,d,DirectEmit,3,query_67,prepare,1.699,ok
prodds,100,d,DirectEmit,3,query_68,explain,2.877,ok
prodds,100,d,DirectEmit,3,query_68,prepare,4.734,ok
prodds,100,d,DirectEmit,3,query_69,explain,4.037,ok
prodds,100,d,DirectEmit,3,query_69,prepare,8.654,ok
prodds,100,d,DirectEmit,3,query_7,explain,1.103,ok
prodds,100,d,DirectEmit,3,query_7,prepare,1.962,ok
prodds,100,d,DirectEmit,3,query_70,explain,1.724,ok
prodds,100,d,DirectEmit,3,query_70,prepare,4.868,ok
prodds,100,d,DirectEmit,3,query_71,explain,1.277,ok
prodds,100,d,DirectEmit,3,query_71,prepare,3.177,ok
prodds,100,d,DirectEmit,3,query_73,explain,1.568,ok
prodds,100,d,DirectEmit,3,query_73,prepare,2.904,ok
prodds,100,d,DirectEmit,3,query_74,explain,2.155,ok
prodds,100,d,DirectEmit,3,query_74,prepare,3.049,ok
prodds,100,d,DirectEmit,3,query_75,explain,1.651,ok
prodds,100,d,DirectEmit,3,query_75,prepare,3.276,ok
prodds,100,d,DirectEmit,3,query_76,explain,1.142,ok
prodds,100,d,DirectEmit,3,query_76,prepare,3.202,ok
prodds,100,d,DirectEmit,3,query_77,explain,1.071,ok
prodds,100,d,DirectEmit,3,query_77,prepare,2.465,ok
prodds,100,d,DirectEmit,3,query_79,explain,1.352,ok
prodds,100,d,DirectEmit,3,query_79,prepare,2.834,ok
prodds,100,d,DirectEmit,3,query_8,explain,1.397,ok
prodds,100,d,DirectEmit,3,query_8,prepare,3.152,ok
prodds,100,d,DirectEmit,3,query_80,explain,0.908,ok
prodds,100,d,DirectEmit,3,query_80,prepare,1.742,ok
prodds,100,d,DirectEmit,3,query_81,explain,1.865,ok
prodds,100,d,DirectEmit,3,query_81,prepare,3.749,ok
prodds,100,d,DirectEmit,3,query_82,explain,0.653,ok
prodds,100,d,DirectEmit,3,query_82,prepare,1.424,ok
prodds,100,d,DirectEmit,3,query_83,explain,2.207,ok
prodds,100,d,DirectEmit,3,query_83,prepare,4.542,ok
prodds,100,d,DirectEmit,3,query_84,explain,1.824,ok
prodds,100,d,DirectEmit,3,query_84,prepare,3.595,ok
prodds,100,d,DirectEmit,3,query_85,explain,1.340,ok
prodds,100,d,DirectEmit,3,query_85,prepare,3.068,ok
prodds,100,d,DirectEmit,3,query_86,explain,1.086,ok
prodds,100,d,DirectEmit,3,query_86,prepare,2.335,ok
prodds,100,d,DirectEmit,3,query_87,explain,3.347,ok
prodds,100,d,DirectEmit,3,query_87,prepare,5.348,ok
prodds,100,d,DirectEmit,3,query_88,explain,1.363,ok
prodds,100,d,DirectEmit,3,query_88,prepare,3.526,ok
prodds,100,d,DirectEmit,3,query_89,explain,1.263,ok
prodds,100,d,DirectEmit,3,query_89,prepare,2.850,ok
prodds,100,d,DirectEmit,3,query_9,explain,1.987,ok
prodds,100,d,DirectEmit,3,query_9,prepare,4.367,ok
prodds,100,d,DirectEmit,3,query_91,explain,2.354,ok
prodds,100,d,DirectEmit,3,query_91,prepare,3.577,ok
prodds,100,d,DirectEmit,3,query_92,explain,2.051,ok
prodds,100,d,DirectEmit,3,query_92,prepare,4.281,ok
prodds,100,d,DirectEmit,3,query_93,explain,2.771,ok
prodds,100,d,DirectEmit,3,query_93,prepare,7.033,ok
prodds,100,d,DirectEmit,3,query_94,explain,1.353,ok
prodds,100,d,DirectEmit,3,query_94,prepare,2.549,ok
prodds,100,d,DirectEmit,3,query_95,explain,2.254,ok
prodds,100,d,DirectEmit,3,query_95,prepare,4.940,ok
prodds,100,d,DirectEmit,3,query_97,explain,1.944,ok
prodds,100,d,DirectEmit,3,query_97,prepare,3.409,ok
prodds,100,d,DirectEmit,3,query_98,explain,2.022,ok
prodds,100,d,DirectEmit,3,query_98,prepare,5.616,ok
prodds,100,d,DirectEmit,3,query_99,explain,1.240,ok
prodds,100,d,DirectEmit,3,query_99,prepare,3.124,ok
prodds,100,d,DirectEmit,3,query_join_J100,explain,17.724,ok
prodds,100,d,DirectEmit,3,query_join_J100,prepare,33.587,ok
prodds,100,d,DirectEmit,3,query_join_J200,explain,38.023,ok
prodds,100,d,DirectEmit,3,query_join_J200,prepare,67.464,ok
prodds,100,d,DirectEmit,3,query_join_J50,explain,12.358,ok
prodds,100,d,DirectEmit,3,query_join_J50,prepare,20.677,ok
prodds,100,d,DirectEmit,3,query_union_U10,explain,1.264,ok
prodds,100,d,DirectEmit,3,query_union_U10,prepare,1.945,ok
prodds,100,d,DirectEmit,3,query_union_U2,explain,0.729,ok
prodds,100,d,DirectEmit,3,query_union_U2,prepare,1.707,ok
prodds,100,d,DirectEmit,3,query_union_U20,explain,1.455,ok
prodds,100,d,DirectEmit,3,query_union_U20,prepare,2.985,ok
prodds,100,d,DirectEmit,3,query_union_U5,explain,0.965,ok
prodds,100,d,DirectEmit,3,query_union_U5,prepare,1.794,ok
prodds,100,d,DirectEmit,4,__floor__,floor,0.255,ok
prodds,100,d,DirectEmit,4,query_1,explain,1.034,ok
prodds,100,d,DirectEmit,4,query_1,prepare,1.433,ok
prodds,100,d,DirectEmit,4,query_10,explain,2.096,ok
prodds,100,d,DirectEmit,4,query_10,prepare,4.952,ok
prodds,100,d,DirectEmit,4,query_11,explain,0.721,ok
prodds,100,d,DirectEmit,4,query_11,prepare,2.184,ok
prodds,100,d,DirectEmit,4,query_12,explain,1.223,ok
prodds,100,d,DirectEmit,4,query_12,prepare,3.380,ok
prodds,100,d,DirectEmit,4,query_13,explain,1.452,ok
prodds,100,d,DirectEmit,4,query_13,prepare,2.840,ok
prodds,100,d,DirectEmit,4,query_14,explain,0.688,ok
prodds,100,d,DirectEmit,4,query_14,prepare,1.673,ok
prodds,100,d,DirectEmit,4,query_15,explain,0.873,ok
prodds,100,d,DirectEmit,4,query_15,prepare,2.106,ok
prodds,100,d,DirectEmit,4,query_17,explain,1.155,ok
prodds,100,d,DirectEmit,4,query_17,prepare,2.624,ok
prodds,100,d,DirectEmit,4,query_18,explain,1.280,ok
prodds,100,d,DirectEmit,4,query_18,prepare,3.103,ok
prodds,100,d,DirectEmit,4,query_2,explain,1.041,ok
prodds,100,d,DirectEmit,4,query_2,prepare,2.647,ok
prodds,100,d,DirectEmit,4,query_20,explain,6.484,ok
prodds,100,d,DirectEmit,4,query_20,prepare,9.987,ok
prodds,100,d,DirectEmit,4,query_21,explain,0.987,ok
prodds,100,d,DirectEmit,4,query_21,prepare,2.597,ok
prodds,100,d,DirectEmit,4,query_22,explain,2.036,ok
prodds,100,d,DirectEmit,4,query_22,prepare,4.314,ok
prodds,100,d,DirectEmit,4,query_23,explain,2.111,ok
prodds,100,d,DirectEmit,4,query_23,prepare,4.594,ok
prodds,100,d,DirectEmit,4,query_24,explain,1.273,ok
prodds,100,d,DirectEmit,4,query_24,prepare,2.501,ok
prodds,100,d,DirectEmit,4,query_25,explain,1.414,ok
prodds,100,d,DirectEmit,4,query_25,prepare,2.440,ok
prodds,100,d,DirectEmit,4,query_26,explain,2.354,ok
prodds,100,d,DirectEmit,4,query_26,prepare,5.447,ok
prodds,100,d,DirectEmit,4,query_27,explain,1.174,ok
prodds,100,d,DirectEmit,4,query_27,prepare,2.610,ok
prodds,100,d,DirectEmit,4,query_28,explain,1.639,ok
prodds,100,d,DirectEmit,4,query_28,prepare,3.475,ok
prodds,100,d,DirectEmit,4,query_3,explain,3.108,ok
prodds,100,d,DirectEmit,4,query_3,prepare,7.033,ok
prodds,100,d,DirectEmit,4,query_30,explain,1.978,ok
prodds,100,d,DirectEmit,4,query_30,prepare,4.734,ok
prodds,100,d,DirectEmit,4,query_31,explain,1.078,ok
prodds,100,d,DirectEmit,4,query_31,prepare,2.774,ok
prodds,100,d,DirectEmit,4,query_32,explain,0.800,ok
prodds,100,d,DirectEmit,4,query_32,prepare,2.485,ok
prodds,100,d,DirectEmit,4,query_33,explain,2.458,ok
prodds,100,d,DirectEmit,4,query_33,prepare,4.500,ok
prodds,100,d,DirectEmit,4,query_35,explain,0.817,ok
prodds,100,d,DirectEmit,4,query_35,prepare,2.986,ok
prodds,100,d,DirectEmit,4,query_36,explain,2.556,ok
prodds,100,d,DirectEmit,4,query_36,prepare,5.162,ok
prodds,100,d,DirectEmit,4,query_37,explain,1.237,ok
prodds,100,d,DirectEmit,4,query_37,prepare,3.785,ok
prodds,100,d,DirectEmit,4,query_39,explain,2.315,ok
prodds,100,d,DirectEmit,4,query_39,prepare,5.268,ok
prodds,100,d,DirectEmit,4,query_4,explain,1.728,ok
prodds,100,d,DirectEmit,4,query_4,prepare,3.182,ok
prodds,100,d,DirectEmit,4,query_40,explain,1.472,ok
prodds,100,d,DirectEmit,4,query_40,prepare,2.276,ok
prodds,100,d,DirectEmit,4,query_41,explain,2.312,ok
prodds,100,d,DirectEmit,4,query_41,prepare,5.391,ok
prodds,100,d,DirectEmit,4,query_42,explain,1.782,ok
prodds,100,d,DirectEmit,4,query_42,prepare,5.261,ok
prodds,100,d,DirectEmit,4,query_43,explain,2.206,ok
prodds,100,d,DirectEmit,4,query_43,prepare,3.693,ok
prodds,100,d,DirectEmit,4,query_44,explain,1.115,ok
prodds,100,d,DirectEmit,4,query_44,prepare,1.952,ok
prodds,100,d,DirectEmit,4,query_45,explain,0.881,ok
prodds,100,d,DirectEmit,4,query_45,prepare,2.259,ok
prodds,100,d,DirectEmit,4,query_46,explain,0.975,ok
prodds,100,d,DirectEmit,4,query_46,prepare,4.193,ok
prodds,100,d,DirectEmit,4,query_47,explain,1.992,ok
prodds,100,d,DirectEmit,4,query_47,prepare,4.456,ok
prodds,100,d,DirectEmit,4,query_48,explain,2.246,ok
prodds,100,d,DirectEmit,4,query_48,prepare,5.949,ok
prodds,100,d,DirectEmit,4,query_49,explain,2.060,ok
prodds,100,d,DirectEmit,4,query_49,prepare,3.387,ok
prodds,100,d,DirectEmit,4,query_5,explain,1.014,ok
prodds,100,d,DirectEmit,4,query_5,prepare,2.373,ok
prodds,100,d,DirectEmit,4,query_50,explain,2.042,ok
prodds,100,d,DirectEmit,4,query_50,prepare,4.025,ok
prodds,100,d,DirectEmit,4,query_51,explain,2.036,ok
prodds,100,d,DirectEmit,4,query_51,prepare,4.821,ok
prodds,100,d,DirectEmit,4,query_52,explain,0.685,ok
prodds,100,d,DirectEmit,4,query_52,prepare,1.616,ok
prodds,100,d,DirectEmit,4,query_53,explain,1.843,ok
prodds,100,d,DirectEmit,4,query_53,prepare,3.292,ok
prodds,100,d,DirectEmit,4,query_54,explain,1.066,ok
prodds,100,d,DirectEmit,4,query_54,prepare,2.488,ok
prodds,100,d,DirectEmit,4,query_55,explain,0.538,ok
prodds,100,d,DirectEmit,4,query_55,prepare,1.889,ok
prodds,100,d,DirectEmit,4,query_56,explain,1.066,ok
prodds,100,d,DirectEmit,4,query_56,prepare,3.363,ok
prodds,100,d,DirectEmit,4,query_57,explain,1.448,ok
prodds,100,d,DirectEmit,4,query_57,prepare,2.987,ok
prodds,100,d,DirectEmit,4,query_58,explain,1.465,ok
prodds,100,d,DirectEmit,4,query_58,prepare,3.005,ok
prodds,100,d,DirectEmit,4,query_59,explain,0.846,ok
prodds,100,d,DirectEmit,4,query_59,prepare,2.431,ok
prodds,100,d,DirectEmit,4,query_6,explain,3.049,ok
prodds,100,d,DirectEmit,4,query_6,prepare,7.110,ok
prodds,100,d,DirectEmit,4,query_60,explain,1.513,ok
prodds,100,d,DirectEmit,4,query_60,prepare,3.277,ok
prodds,100,d,DirectEmit,4,query_61,explain,0.751,ok
prodds,100,d,DirectEmit,4,query_61,prepare,2.133,ok
prodds,100,d,DirectEmit,4,query_62,explain,1.523,ok
prodds,100,d,DirectEmit,4,query_62,prepare,3.415,ok
prodds,100,d,DirectEmit,4,query_63,explain,1.945,ok
prodds,100,d,DirectEmit,4,query_63,prepare,4.046,ok
prodds,100,d,DirectEmit,4,query_64,explain,0.904,ok
prodds,100,d,DirectEmit,4,query_64,prepare,1.911,ok
prodds,100,d,DirectEmit,4,query_65,explain,1.018,ok
prodds,100,d,DirectEmit,4,query_65,prepare,2.104,ok
prodds,100,d,DirectEmit,4,query_66,explain,4.748,ok
prodds,100,d,DirectEmit,4,query_66,prepare,7.471,ok
prodds,100,d,DirectEmit,4,query_67,explain,0.907,ok
prodds,100,d,DirectEmit,4,query_67,prepare,1.701,ok
prodds,100,d,DirectEmit,4,query_68,explain,2.889,ok
prodds,100,d,DirectEmit,4,query_68,prepare,4.697,ok
prodds,100,d,DirectEmit,4,query_69,explain,4.017,ok
prodds,100,d,DirectEmit,4,query_69,prepare,8.629,ok
prodds,100,d,DirectEmit,4,query_7,explain,1.110,ok
prodds,100,d,DirectEmit,4,query_7,prepare,1.952,ok
prodds,100,d,DirectEmit,4,query_70,explain,1.710,ok
prodds,100,d,DirectEmit,4,query_70,prepare,4.865,ok
prodds,100,d,DirectEmit,4,query_71,explain,1.280,ok
prodds,100,d,DirectEmit,4,query_71,prepare,3.198,ok
prodds,100,d,DirectEmit,4,query_73,explain,1.583,ok
prodds,100,d,DirectEmit,4,query_73,prepare,2.941,ok
prodds,100,d,DirectEmit,4,query_74,explain,2.149,ok
prodds,100,d,DirectEmit,4,query_74,prepare,3.031,ok
prodds,100,d,DirectEmit,4,query_75,explain,1.655,ok
prodds,100,d,DirectEmit,4,query_75,prepare,3.260,ok
prodds,100,d,DirectEmit,4,query_76,explain,1.141,ok
prodds,100,d,DirectEmit,4,query_76,prepare,3.245,ok
prodds,100,d,DirectEmit,4,query_77,explain,1.072,ok
prodds,100,d,DirectEmit,4,query_77,prepare,2.502,ok
prodds,100,d,DirectEmit,4,query_79,explain,1.335,ok
prodds,100,d,DirectEmit,4,query_79,prepare,2.824,ok
prodds,100,d,DirectEmit,4,query_8,explain,1.361,ok
prodds,100,d,DirectEmit,4,query_8,prepare,3.155,ok
prodds,100,d,DirectEmit,4,query_80,explain,0.912,ok
prodds,100,d,DirectEmit,4,query_80,prepare,1.744,ok
prodds,100,d,DirectEmit,4,query_81,explain,1.855,ok
prodds,100,d,DirectEmit,4,query_81,prepare,3.740,ok
prodds,100,d,DirectEmit,4,query_82,explain,0.652,ok
prodds,100,d,DirectEmit,4,query_82,prepare,1.451,ok
prodds,100,d,DirectEmit,4,query_83,explain,2.201,ok
prodds,100,d,DirectEmit,4,query_83,prepare,4.750,ok
prodds,100,d,DirectEmit,4,query_84,explain,1.815,ok
prodds,100,d,DirectEmit,4,query_84,prepare,3.615,ok
prodds,100,d,DirectEmit,4,query_85,explain,1.336,ok
prodds,100,d,DirectEmit,4,query_85,prepare,3.111,ok
prodds,100,d,DirectEmit,4,query_86,explain,1.098,ok
prodds,100,d,DirectEmit,4,query_86,prepare,2.394,ok
prodds,100,d,DirectEmit,4,query_87,explain,3.372,ok
prodds,100,d,DirectEmit,4,query_87,prepare,5.380,ok
prodds,100,d,DirectEmit,4,query_88,explain,1.367,ok
prodds,100,d,DirectEmit,4,query_88,prepare,3.534,ok
prodds,100,d,DirectEmit,4,query_89,explain,1.258,ok
prodds,100,d,DirectEmit,4,query_89,prepare,2.883,ok
prodds,100,d,DirectEmit,4,query_9,explain,1.984,ok
prodds,100,d,DirectEmit,4,query_9,prepare,4.423,ok
prodds,100,d,DirectEmit,4,query_91,explain,2.387,ok
prodds,100,d,DirectEmit,4,query_91,prepare,3.575,ok
prodds,100,d,DirectEmit,4,query_92,explain,2.052,ok
prodds,100,d,DirectEmit,4,query_92,prepare,4.378,ok
prodds,100,d,DirectEmit,4,query_93,explain,2.789,ok
prodds,100,d,DirectEmit,4,query_93,prepare,7.076,ok
prodds,100,d,DirectEmit,4,query_94,explain,1.355,ok
prodds,100,d,DirectEmit,4,query_94,prepare,2.509,ok
prodds,100,d,DirectEmit,4,query_95,explain,2.261,ok
prodds,100,d,DirectEmit,4,query_95,prepare,4.915,ok
prodds,100,d,DirectEmit,4,query_97,explain,1.940,ok
prodds,100,d,DirectEmit,4,query_97,prepare,3.444,ok
prodds,100,d,DirectEmit,4,query_98,explain,2.014,ok
prodds,100,d,DirectEmit,4,query_98,prepare,5.675,ok
prodds,100,d,DirectEmit,4,query_99,explain,1.227,ok
prodds,100,d,DirectEmit,4,query_99,prepare,3.164,ok
prodds,100,d,DirectEmit,4,query_join_J100,explain,17.698,ok
prodds,100,d,DirectEmit,4,query_join_J100,prepare,33.107,ok
prodds,100,d,DirectEmit,4,query_join_J200,explain,36.763,ok
prodds,100,d,DirectEmit,4,query_join_J200,prepare,67.150,ok
prodds,100,d,DirectEmit,4,query_join_J50,explain,12.345,ok
prodds,100,d,DirectEmit,4,query_join_J50,prepare,20.679,ok
prodds,100,d,DirectEmit,4,query_union_U10,explain,1.263,ok
prodds,100,d,DirectEmit,4,query_union_U10,prepare,1.942,ok
prodds,100,d,DirectEmit,4,query_union_U2,explain,0.733,ok
prodds,100,d,DirectEmit,4,query_union_U2,prepare,1.188,ok
prodds,100,d,DirectEmit,4,query_union_U20,explain,1.456,ok
prodds,100,d,DirectEmit,4,query_union_U20,prepare,2.631,ok
prodds,100,d,DirectEmit,4,query_union_U5,explain,0.983,ok
prodds,100,d,DirectEmit,4,query_union_U5,prepare,1.595,ok
prodds,100,d,DirectEmit,5,__floor__,floor,0.157,ok
prodds,100,d,DirectEmit,5,query_1,explain,0.927,ok
prodds,100,d,DirectEmit,5,query_1,prepare,1.680,ok
prodds,100,d,DirectEmit,5,query_10,explain,2.135,ok
prodds,100,d,DirectEmit,5,query_10,prepare,4.967,ok
prodds,100,d,DirectEmit,5,query_11,explain,0.756,ok
prodds,100,d,DirectEmit,5,query_11,prepare,2.220,ok
prodds,100,d,DirectEmit,5,query_12,explain,1.230,ok
prodds,100,d,DirectEmit,5,query_12,prepare,3.433,ok
prodds,100,d,DirectEmit,5,query_13,explain,1.471,ok
prodds,100,d,DirectEmit,5,query_13,prepare,2.845,ok
prodds,100,d,DirectEmit,5,query_14,explain,0.712,ok
prodds,100,d,DirectEmit,5,query_14,prepare,1.668,ok
prodds,100,d,DirectEmit,5,query_15,explain,0.874,ok
prodds,100,d,DirectEmit,5,query_15,prepare,2.110,ok
prodds,100,d,DirectEmit,5,query_17,explain,1.145,ok
prodds,100,d,DirectEmit,5,query_17,prepare,2.567,ok
prodds,100,d,DirectEmit,5,query_18,explain,1.268,ok
prodds,100,d,DirectEmit,5,query_18,prepare,3.053,ok
prodds,100,d,DirectEmit,5,query_2,explain,1.048,ok
prodds,100,d,DirectEmit,5,query_2,prepare,2.645,ok
prodds,100,d,DirectEmit,5,query_20,explain,6.448,ok
prodds,100,d,DirectEmit,5,query_20,prepare,10.001,ok
prodds,100,d,DirectEmit,5,query_21,explain,1.008,ok
prodds,100,d,DirectEmit,5,query_21,prepare,2.602,ok
prodds,100,d,DirectEmit,5,query_22,explain,2.047,ok
prodds,100,d,DirectEmit,5,query_22,prepare,4.356,ok
prodds,100,d,DirectEmit,5,query_23,explain,2.114,ok
prodds,100,d,DirectEmit,5,query_23,prepare,4.563,ok
prodds,100,d,DirectEmit,5,query_24,explain,1.308,ok
prodds,100,d,DirectEmit,5,query_24,prepare,2.500,ok
prodds,100,d,DirectEmit,5,query_25,explain,1.414,ok
prodds,100,d,DirectEmit,5,query_25,prepare,2.460,ok
prodds,100,d,DirectEmit,5,query_26,explain,2.346,ok
prodds,100,d,DirectEmit,5,query_26,prepare,5.449,ok
prodds,100,d,DirectEmit,5,query_27,explain,1.169,ok
prodds,100,d,DirectEmit,5,query_27,prepare,2.631,ok
prodds,100,d,DirectEmit,5,query_28,explain,1.655,ok
prodds,100,d,DirectEmit,5,query_28,prepare,3.460,ok
prodds,100,d,DirectEmit,5,query_3,explain,2.898,ok
prodds,100,d,DirectEmit,5,query_3,prepare,6.906,ok
prodds,100,d,DirectEmit,5,query_30,explain,1.959,ok
prodds,100,d,DirectEmit,5,query_30,prepare,4.751,ok
prodds,100,d,DirectEmit,5,query_31,explain,1.075,ok
prodds,100,d,DirectEmit,5,query_31,prepare,2.887,ok
prodds,100,d,DirectEmit,5,query_32,explain,0.800,ok
prodds,100,d,DirectEmit,5,query_32,prepare,2.451,ok
prodds,100,d,DirectEmit,5,query_33,explain,2.466,ok
prodds,100,d,DirectEmit,5,query_33,prepare,4.484,ok
prodds,100,d,DirectEmit,5,query_35,explain,0.807,ok
prodds,100,d,DirectEmit,5,query_35,prepare,2.947,ok
prodds,100,d,DirectEmit,5,query_36,explain,2.558,ok
prodds,100,d,DirectEmit,5,query_36,prepare,5.140,ok
prodds,100,d,DirectEmit,5,query_37,explain,1.252,ok
prodds,100,d,DirectEmit,5,query_37,prepare,3.772,ok
prodds,100,d,DirectEmit,5,query_39,explain,2.303,ok
prodds,100,d,DirectEmit,5,query_39,prepare,5.188,ok
prodds,100,d,DirectEmit,5,query_4,explain,1.716,ok
prodds,100,d,DirectEmit,5,query_4,prepare,3.211,ok
prodds,100,d,DirectEmit,5,query_40,explain,1.336,ok
prodds,100,d,DirectEmit,5,query_40,prepare,2.261,ok
prodds,100,d,DirectEmit,5,query_41,explain,2.293,ok
prodds,100,d,DirectEmit,5,query_41,prepare,5.345,ok
prodds,100,d,DirectEmit,5,query_42,explain,1.785,ok
prodds,100,d,DirectEmit,5,query_42,prepare,5.232,ok
prodds,100,d,DirectEmit,5,query_43,explain,2.214,ok
prodds,100,d,DirectEmit,5,query_43,prepare,3.739,ok
prodds,100,d,DirectEmit,5,query_44,explain,1.117,ok
prodds,100,d,DirectEmit,5,query_44,prepare,1.963,ok
prodds,100,d,DirectEmit,5,query_45,explain,0.880,ok
prodds,100,d,DirectEmit,5,query_45,prepare,2.195,ok
prodds,100,d,DirectEmit,5,query_46,explain,0.962,ok
prodds,100,d,DirectEmit,5,query_46,prepare,4.162,ok
prodds,100,d,DirectEmit,5,query_47,explain,1.963,ok
prodds,100,d,DirectEmit,5,query_47,prepare,4.400,ok
prodds,100,d,DirectEmit,5,query_48,explain,2.241,ok
prodds,100,d,DirectEmit,5,query_48,prepare,5.860,ok
prodds,100,d,DirectEmit,5,query_49,explain,2.059,ok
prodds,100,d,DirectEmit,5,query_49,prepare,3.364,ok
prodds,100,d,DirectEmit,5,query_5,explain,1.013,ok
prodds,100,d,DirectEmit,5,query_5,prepare,2.335,ok
prodds,100,d,DirectEmit,5,query_50,explain,2.033,ok
prodds,100,d,DirectEmit,5,query_50,prepare,3.950,ok
prodds,100,d,DirectEmit,5,query_51,explain,2.037,ok
prodds,100,d,DirectEmit,5,query_51,prepare,4.708,ok
prodds,100,d,DirectEmit,5,query_52,explain,0.698,ok
prodds,100,d,DirectEmit,5,query_52,prepare,1.567,ok
prodds,100,d,DirectEmit,5,query_53,explain,1.835,ok
prodds,100,d,DirectEmit,5,query_53,prepare,3.308,ok
prodds,100,d,DirectEmit,5,query_54,explain,1.073,ok
prodds,100,d,DirectEmit,5,query_54,prepare,2.479,ok
prodds,100,d,DirectEmit,5,query_55,explain,0.558,ok
prodds,100,d,DirectEmit,5,query_55,prepare,1.885,ok
prodds,100,d,DirectEmit,5,query_56,explain,1.065,ok
prodds,100,d,DirectEmit,5,query_56,prepare,3.319,ok
prodds,100,d,DirectEmit,5,query_57,explain,1.448,ok
prodds,100,d,DirectEmit,5,query_57,prepare,2.997,ok
prodds,100,d,DirectEmit,5,query_58,explain,1.460,ok
prodds,100,d,DirectEmit,5,query_58,prepare,3.024,ok
prodds,100,d,DirectEmit,5,query_59,explain,0.840,ok
prodds,100,d,DirectEmit,5,query_59,prepare,2.400,ok
prodds,100,d,DirectEmit,5,query_6,explain,3.031,ok
prodds,100,d,DirectEmit,5,query_6,prepare,7.055,ok
prodds,100,d,DirectEmit,5,query_60,explain,1.492,ok
prodds,100,d,DirectEmit,5,query_60,prepare,3.248,ok
prodds,100,d,DirectEmit,5,query_61,explain,0.740,ok
prodds,100,d,DirectEmit,5,query_61,prepare,2.148,ok
prodds,100,d,DirectEmit,5,query_62,explain,1.533,ok
prodds,100,d,DirectEmit,5,query_62,prepare,3.376,ok
prodds,100,d,DirectEmit,5,query_63,explain,1.921,ok
prodds,100,d,DirectEmit,5,query_63,prepare,4.061,ok
prodds,100,d,DirectEmit,5,query_64,explain,0.892,ok
prodds,100,d,DirectEmit,5,query_64,prepare,1.913,ok
prodds,100,d,DirectEmit,5,query_65,explain,0.856,ok
prodds,100,d,DirectEmit,5,query_65,prepare,1.923,ok
prodds,100,d,DirectEmit,5,query_66,explain,4.721,ok
prodds,100,d,DirectEmit,5,query_66,prepare,7.623,ok
prodds,100,d,DirectEmit,5,query_67,explain,0.925,ok
prodds,100,d,DirectEmit,5,query_67,prepare,1.710,ok
prodds,100,d,DirectEmit,5,query_68,explain,2.902,ok
prodds,100,d,DirectEmit,5,query_68,prepare,4.803,ok
prodds,100,d,DirectEmit,5,query_69,explain,4.169,ok
prodds,100,d,DirectEmit,5,query_69,prepare,8.653,ok
prodds,100,d,DirectEmit,5,query_7,explain,1.104,ok
prodds,100,d,DirectEmit,5,query_7,prepare,1.970,ok
prodds,100,d,DirectEmit,5,query_70,explain,1.715,ok
prodds,100,d,DirectEmit,5,query_70,prepare,4.829,ok
prodds,100,d,DirectEmit,5,query_71,explain,1.285,ok
prodds,100,d,DirectEmit,5,query_71,prepare,3.188,ok
prodds,100,d,DirectEmit,5,query_73,explain,1.582,ok
prodds,100,d,DirectEmit,5,query_73,prepare,2.927,ok
prodds,100,d,DirectEmit,5,query_74,explain,2.137,ok
prodds,100,d,DirectEmit,5,query_74,prepare,3.057,ok
prodds,100,d,DirectEmit,5,query_75,explain,1.648,ok
prodds,100,d,DirectEmit,5,query_75,prepare,3.303,ok
prodds,100,d,DirectEmit,5,query_76,explain,1.145,ok
prodds,100,d,DirectEmit,5,query_76,prepare,3.219,ok
prodds,100,d,DirectEmit,5,query_77,explain,1.069,ok
prodds,100,d,DirectEmit,5,query_77,prepare,2.484,ok
prodds,100,d,DirectEmit,5,query_79,explain,1.335,ok
prodds,100,d,DirectEmit,5,query_79,prepare,2.824,ok
prodds,100,d,DirectEmit,5,query_8,explain,1.366,ok
prodds,100,d,DirectEmit,5,query_8,prepare,3.161,ok
prodds,100,d,DirectEmit,5,query_80,explain,0.912,ok
prodds,100,d,DirectEmit,5,query_80,prepare,1.751,ok
prodds,100,d,DirectEmit,5,query_81,explain,1.859,ok
prodds,100,d,DirectEmit,5,query_81,prepare,3.718,ok
prodds,100,d,DirectEmit,5,query_82,explain,0.641,ok
prodds,100,d,DirectEmit,5,query_82,prepare,1.418,ok
prodds,100,d,DirectEmit,5,query_83,explain,2.201,ok
prodds,100,d,DirectEmit,5,query_83,prepare,4.573,ok
prodds,100,d,DirectEmit,5,query_84,explain,1.810,ok
prodds,100,d,DirectEmit,5,query_84,prepare,3.577,ok
prodds,100,d,DirectEmit,5,query_85,explain,1.345,ok
prodds,100,d,DirectEmit,5,query_85,prepare,3.069,ok
prodds,100,d,DirectEmit,5,query_86,explain,1.089,ok
prodds,100,d,DirectEmit,5,query_86,prepare,2.337,ok
prodds,100,d,DirectEmit,5,query_87,explain,3.347,ok
prodds,100,d,DirectEmit,5,query_87,prepare,5.353,ok
prodds,100,d,DirectEmit,5,query_88,explain,1.366,ok
prodds,100,d,DirectEmit,5,query_88,prepare,3.545,ok
prodds,100,d,DirectEmit,5,query_89,explain,1.263,ok
prodds,100,d,DirectEmit,5,query_89,prepare,2.855,ok
prodds,100,d,DirectEmit,5,query_9,explain,1.977,ok
prodds,100,d,DirectEmit,5,query_9,prepare,4.441,ok
prodds,100,d,DirectEmit,5,query_91,explain,2.359,ok
prodds,100,d,DirectEmit,5,query_91,prepare,3.547,ok
prodds,100,d,DirectEmit,5,query_92,explain,2.065,ok
prodds,100,d,DirectEmit,5,query_92,prepare,4.286,ok
prodds,100,d,DirectEmit,5,query_93,explain,2.787,ok
prodds,100,d,DirectEmit,5,query_93,prepare,7.057,ok
prodds,100,d,DirectEmit,5,query_94,explain,1.378,ok
prodds,100,d,DirectEmit,5,query_94,prepare,2.527,ok
prodds,100,d,DirectEmit,5,query_95,explain,2.253,ok
prodds,100,d,DirectEmit,5,query_95,prepare,4.958,ok
prodds,100,d,DirectEmit,5,query_97,explain,1.931,ok
prodds,100,d,DirectEmit,5,query_97,prepare,3.366,ok
prodds,100,d,DirectEmit,5,query_98,explain,2.031,ok
prodds,100,d,DirectEmit,5,query_98,prepare,5.617,ok
prodds,100,d,DirectEmit,5,query_99,explain,1.233,ok
prodds,100,d,DirectEmit,5,query_99,prepare,3.142,ok
prodds,100,d,DirectEmit,5,query_join_J100,explain,17.703,ok
prodds,100,d,DirectEmit,5,query_join_J100,prepare,33.341,ok
prodds,100,d,DirectEmit,5,query_join_J200,explain,36.637,ok
prodds,100,d,DirectEmit,5,query_join_J200,prepare,66.080,ok
prodds,100,d,DirectEmit,5,query_join_J50,explain,12.262,ok
prodds,100,d,DirectEmit,5,query_join_J50,prepare,20.533,ok
prodds,100,d,DirectEmit,5,query_union_U10,explain,1.270,ok
prodds,100,d,DirectEmit,5,query_union_U10,prepare,1.947,ok
prodds,100,d,DirectEmit,5,query_union_U2,explain,0.941,ok
prodds,100,d,DirectEmit,5,query_union_U2,prepare,1.343,ok
prodds,100,d,DirectEmit,5,query_union_U20,explain,1.657,ok
prodds,100,d,DirectEmit,5,query_union_U20,prepare,2.607,ok
prodds,100,d,DirectEmit,5,query_union_U5,explain,0.943,ok
prodds,100,d,DirectEmit,5,query_union_U5,prepare,1.563,ok
prodds,100,c,Cheap,1,__floor__,floor,1.352,ok
prodds,100,c,Cheap,1,query_1,explain,2.216,ok
prodds,100,c,Cheap,1,query_1,prepare,10.315,ok
prodds,100,c,Cheap,1,query_10,explain,3.454,ok
prodds,100,c,Cheap,1,query_10,prepare,42.571,ok
prodds,100,c,Cheap,1,query_11,explain,2.402,ok
prodds,100,c,Cheap,1,query_11,prepare,18.973,ok
prodds,100,c,Cheap,1,query_12,explain,2.738,ok
prodds,100,c,Cheap,1,query_12,prepare,31.256,ok
prodds,100,c,Cheap,1,query_13,explain,3.052,ok
prodds,100,c,Cheap,1,query_13,prepare,19.479,ok
prodds,100,c,Cheap,1,query_14,explain,2.178,ok
prodds,100,c,Cheap,1,query_14,prepare,13.319,ok
prodds,100,c,Cheap,1,query_15,explain,2.322,ok
prodds,100,c,Cheap,1,query_15,prepare,15.427,ok
prodds,100,c,Cheap,1,query_17,explain,2.710,ok
prodds,100,c,Cheap,1,query_17,prepare,19.096,ok
prodds,100,c,Cheap,1,query_18,explain,2.875,ok
prodds,100,c,Cheap,1,query_18,prepare,22.295,ok
prodds,100,c,Cheap,1,query_2,explain,2.593,ok
prodds,100,c,Cheap,1,query_2,prepare,20.993,ok
prodds,100,c,Cheap,1,query_20,explain,8.164,ok
prodds,100,c,Cheap,1,query_20,prepare,48.239,ok
prodds,100,c,Cheap,1,query_21,explain,3.171,ok
prodds,100,c,Cheap,1,query_21,prepare,23.878,ok
prodds,100,c,Cheap,1,query_22,explain,3.619,ok
prodds,100,c,Cheap,1,query_22,prepare,30.349,ok
prodds,100,c,Cheap,1,query_23,explain,3.943,ok
prodds,100,c,Cheap,1,query_23,prepare,34.062,ok
prodds,100,c,Cheap,1,query_24,explain,2.946,ok
prodds,100,c,Cheap,1,query_24,prepare,18.102,ok
prodds,100,c,Cheap,1,query_25,explain,2.966,ok
prodds,100,c,Cheap,1,query_25,prepare,13.113,ok
prodds,100,c,Cheap,1,query_26,explain,3.842,ok
prodds,100,c,Cheap,1,query_26,prepare,45.016,ok
prodds,100,c,Cheap,1,query_27,explain,2.971,ok
prodds,100,c,Cheap,1,query_27,prepare,19.586,ok
prodds,100,c,Cheap,1,query_28,explain,3.205,ok
prodds,100,c,Cheap,1,query_28,prepare,25.649,ok
prodds,100,c,Cheap,1,query_3,explain,4.506,ok
prodds,100,c,Cheap,1,query_3,prepare,60.677,ok
prodds,100,c,Cheap,1,query_30,explain,3.878,ok
prodds,100,c,Cheap,1,query_30,prepare,35.773,ok
prodds,100,c,Cheap,1,query_31,explain,2.760,ok
prodds,100,c,Cheap,1,query_31,prepare,24.784,ok
prodds,100,c,Cheap,1,query_32,explain,2.390,ok
prodds,100,c,Cheap,1,query_32,prepare,25.407,ok
prodds,100,c,Cheap,1,query_33,explain,4.140,ok
prodds,100,c,Cheap,1,query_33,prepare,28.687,ok
prodds,100,c,Cheap,1,query_35,explain,2.319,ok
prodds,100,c,Cheap,1,query_35,prepare,29.350,ok
prodds,100,c,Cheap,1,query_36,explain,4.167,ok
prodds,100,c,Cheap,1,query_36,prepare,33.559,ok
prodds,100,c,Cheap,1,query_37,explain,2.857,ok
prodds,100,c,Cheap,1,query_37,prepare,44.368,ok
prodds,100,c,Cheap,1,query_39,explain,4.068,ok
prodds,100,c,Cheap,1,query_39,prepare,38.486,ok
prodds,100,c,Cheap,1,query_4,explain,3.414,ok
prodds,100,c,Cheap,1,query_4,prepare,24.486,ok
prodds,100,c,Cheap,1,query_40,explain,2.951,ok
prodds,100,c,Cheap,1,query_40,prepare,13.985,ok
prodds,100,c,Cheap,1,query_41,explain,3.833,ok
prodds,100,c,Cheap,1,query_41,prepare,43.578,ok
prodds,100,c,Cheap,1,query_42,explain,3.896,ok
prodds,100,c,Cheap,1,query_42,prepare,49.379,ok
prodds,100,c,Cheap,1,query_43,explain,4.108,ok
prodds,100,c,Cheap,1,query_43,prepare,23.239,ok
prodds,100,c,Cheap,1,query_44,explain,2.702,ok
prodds,100,c,Cheap,1,query_44,prepare,12.248,ok
prodds,100,c,Cheap,1,query_45,explain,2.425,ok
prodds,100,c,Cheap,1,query_45,prepare,16.983,ok
prodds,100,c,Cheap,1,query_46,explain,2.627,ok
prodds,100,c,Cheap,1,query_46,prepare,35.722,ok
prodds,100,c,Cheap,1,query_47,explain,3.858,ok
prodds,100,c,Cheap,1,query_47,prepare,34.576,ok
prodds,100,c,Cheap,1,query_48,explain,4.024,ok
prodds,100,c,Cheap,1,query_48,prepare,55.911,ok
prodds,100,c,Cheap,1,query_49,explain,3.784,ok
prodds,100,c,Cheap,1,query_49,prepare,23.765,ok
prodds,100,c,Cheap,1,query_5,explain,2.565,ok
prodds,100,c,Cheap,1,query_5,prepare,17.211,ok
prodds,100,c,Cheap,1,query_50,explain,3.571,ok
prodds,100,c,Cheap,1,query_50,prepare,26.954,ok
prodds,100,c,Cheap,1,query_51,explain,3.697,ok
prodds,100,c,Cheap,1,query_51,prepare,37.938,ok
prodds,100,c,Cheap,1,query_52,explain,2.295,ok
prodds,100,c,Cheap,1,query_52,prepare,11.329,ok
prodds,100,c,Cheap,1,query_53,explain,3.381,ok
prodds,100,c,Cheap,1,query_53,prepare,19.136,ok
prodds,100,c,Cheap,1,query_54,explain,2.540,ok
prodds,100,c,Cheap,1,query_54,prepare,19.778,ok
prodds,100,c,Cheap,1,query_55,explain,1.969,ok
prodds,100,c,Cheap,1,query_55,prepare,22.038,ok
prodds,100,c,Cheap,1,query_56,explain,2.619,ok
prodds,100,c,Cheap,1,query_56,prepare,32.020,ok
prodds,100,c,Cheap,1,query_57,explain,3.193,ok
prodds,100,c,Cheap,1,query_57,prepare,20.637,ok
prodds,100,c,Cheap,1,query_58,explain,2.981,ok
prodds,100,c,Cheap,1,query_58,prepare,19.818,ok
prodds,100,c,Cheap,1,query_59,explain,2.311,ok
prodds,100,c,Cheap,1,query_59,prepare,19.526,ok
prodds,100,c,Cheap,1,query_6,explain,4.715,ok
prodds,100,c,Cheap,1,query_6,prepare,55.358,ok
prodds,100,c,Cheap,1,query_60,explain,3.390,ok
prodds,100,c,Cheap,1,query_60,prepare,27.125,ok
prodds,100,c,Cheap,1,query_61,explain,2.334,ok
prodds,100,c,Cheap,1,query_61,prepare,18.185,ok
prodds,100,c,Cheap,1,query_62,explain,3.086,ok
prodds,100,c,Cheap,1,query_62,prepare,30.246,ok
prodds,100,c,Cheap,1,query_63,explain,3.649,ok
prodds,100,c,Cheap,1,query_63,prepare,29.112,ok
prodds,100,c,Cheap,1,query_64,explain,2.493,ok
prodds,100,c,Cheap,1,query_64,prepare,14.861,ok
prodds,100,c,Cheap,1,query_65,explain,2.338,ok
prodds,100,c,Cheap,1,query_65,prepare,14.743,ok
prodds,100,c,Cheap,1,query_66,explain,6.238,ok
prodds,100,c,Cheap,1,query_66,prepare,42.599,ok
prodds,100,c,Cheap,1,query_67,explain,2.537,ok
prodds,100,c,Cheap,1,query_67,prepare,12.349,ok
prodds,100,c,Cheap,1,query_68,explain,4.410,ok
prodds,100,c,Cheap,1,query_68,prepare,25.646,ok
prodds,100,c,Cheap,1,query_69,explain,5.572,ok
prodds,100,c,Cheap,1,query_69,prepare,66.151,ok
prodds,100,c,Cheap,1,query_7,explain,2.947,ok
prodds,100,c,Cheap,1,query_7,prepare,13.359,ok
prodds,100,c,Cheap,1,query_70,explain,3.361,ok
prodds,100,c,Cheap,1,query_70,prepare,42.819,ok
prodds,100,c,Cheap,1,query_71,explain,3.062,ok
prodds,100,c,Cheap,1,query_71,prepare,27.110,ok
prodds,100,c,Cheap,1,query_73,explain,3.300,ok
prodds,100,c,Cheap,1,query_73,prepare,18.642,ok
prodds,100,c,Cheap,1,query_74,explain,3.782,ok
prodds,100,c,Cheap,1,query_74,prepare,11.088,ok
prodds,100,c,Cheap,1,query_75,explain,3.178,ok
prodds,100,c,Cheap,1,query_75,prepare,23.781,ok
prodds,100,c,Cheap,1,query_76,explain,2.698,ok
prodds,100,c,Cheap,1,query_76,prepare,33.150,ok
prodds,100,c,Cheap,1,query_77,explain,2.601,ok
prodds,100,c,Cheap,1,query_77,prepare,19.514,ok
prodds,100,c,Cheap,1,query_79,explain,2.967,ok
prodds,100,c,Cheap,1,query_79,prepare,20.278,ok
prodds,100,c,Cheap,1,query_8,explain,2.915,ok
prodds,100,c,Cheap,1,query_8,prepare,25.124,ok
prodds,100,c,Cheap,1,query_80,explain,2.411,ok
prodds,100,c,Cheap,1,query_80,prepare,12.508,ok
prodds,100,c,Cheap,1,query_81,explain,3.471,ok
prodds,100,c,Cheap,1,query_81,prepare,23.412,ok
prodds,100,c,Cheap,1,query_82,explain,2.090,ok
prodds,100,c,Cheap,1,query_82,prepare,11.021,ok
prodds,100,c,Cheap,1,query_83,explain,3.695,ok
prodds,100,c,Cheap,1,query_83,prepare,33.186,ok
prodds,100,c,Cheap,1,query_84,explain,3.445,ok
prodds,100,c,Cheap,1,query_84,prepare,22.881,ok
prodds,100,c,Cheap,1,query_85,explain,3.061,ok
prodds,100,c,Cheap,1,query_85,prepare,23.898,ok
prodds,100,c,Cheap,1,query_86,explain,2.638,ok
prodds,100,c,Cheap,1,query_86,prepare,17.371,ok
prodds,100,c,Cheap,1,query_87,explain,4.863,ok
prodds,100,c,Cheap,1,query_87,prepare,28.053,ok
prodds,100,c,Cheap,1,query_88,explain,3.016,ok
prodds,100,c,Cheap,1,query_88,prepare,29.296,ok
prodds,100,c,Cheap,1,query_89,explain,2.849,ok
prodds,100,c,Cheap,1,query_89,prepare,20.850,ok
prodds,100,c,Cheap,1,query_9,explain,3.543,ok
prodds,100,c,Cheap,1,query_9,prepare,33.937,ok
prodds,100,c,Cheap,1,query_91,explain,4.155,ok
prodds,100,c,Cheap,1,query_91,prepare,13.867,ok
prodds,100,c,Cheap,1,query_92,explain,3.674,ok
prodds,100,c,Cheap,1,query_92,prepare,31.913,ok
prodds,100,c,Cheap,1,query_93,explain,4.568,ok
prodds,100,c,Cheap,1,query_93,prepare,68.212,ok
prodds,100,c,Cheap,1,query_94,explain,3.304,ok
prodds,100,c,Cheap,1,query_94,prepare,18.653,ok
prodds,100,c,Cheap,1,query_95,explain,4.011,ok
prodds,100,c,Cheap,1,query_95,prepare,34.849,ok
prodds,100,c,Cheap,1,query_97,explain,3.569,ok
prodds,100,c,Cheap,1,query_97,prepare,20.326,ok
prodds,100,c,Cheap,1,query_98,explain,3.619,ok
prodds,100,c,Cheap,1,query_98,prepare,52.339,ok
prodds,100,c,Cheap,1,query_99,explain,2.935,ok
prodds,100,c,Cheap,1,query_99,prepare,27.472,ok
prodds,100,c,Cheap,1,query_join_J100,explain,19.429,ok
prodds,100,c,Cheap,1,query_join_J100,prepare,232.596,ok
prodds,100,c,Cheap,1,query_join_J200,explain,40.009,ok
prodds,100,c,Cheap,1,query_join_J200,prepare,455.733,ok
prodds,100,c,Cheap,1,query_join_J50,explain,15.205,ok
prodds,100,c,Cheap,1,query_join_J50,prepare,136.619,ok
prodds,100,c,Cheap,1,query_union_U10,explain,3.767,ok
prodds,100,c,Cheap,1,query_union_U10,prepare,12.793,ok
prodds,100,c,Cheap,1,query_union_U2,explain,2.231,ok
prodds,100,c,Cheap,1,query_union_U2,prepare,7.776,ok
prodds,100,c,Cheap,1,query_union_U20,explain,2.938,ok
prodds,100,c,Cheap,1,query_union_U20,prepare,17.446,ok
prodds,100,c,Cheap,1,query_union_U5,explain,2.452,ok
prodds,100,c,Cheap,1,query_union_U5,prepare,9.647,ok
prodds,100,c,Cheap,2,__floor__,floor,1.547,ok
prodds,100,c,Cheap,2,query_1,explain,2.604,ok
prodds,100,c,Cheap,2,query_1,prepare,10.521,ok
prodds,100,c,Cheap,2,query_10,explain,3.506,ok
prodds,100,c,Cheap,2,query_10,prepare,41.927,ok
prodds,100,c,Cheap,2,query_11,explain,2.250,ok
prodds,100,c,Cheap,2,query_11,prepare,19.257,ok
prodds,100,c,Cheap,2,query_12,explain,2.733,ok
prodds,100,c,Cheap,2,query_12,prepare,31.591,ok
prodds,100,c,Cheap,2,query_13,explain,3.089,ok
prodds,100,c,Cheap,2,query_13,prepare,19.651,ok
prodds,100,c,Cheap,2,query_14,explain,2.177,ok
prodds,100,c,Cheap,2,query_14,prepare,13.353,ok
prodds,100,c,Cheap,2,query_15,explain,2.360,ok
prodds,100,c,Cheap,2,query_15,prepare,15.395,ok
prodds,100,c,Cheap,2,query_17,explain,2.630,ok
prodds,100,c,Cheap,2,query_17,prepare,19.204,ok
prodds,100,c,Cheap,2,query_18,explain,2.814,ok
prodds,100,c,Cheap,2,query_18,prepare,22.372,ok
prodds,100,c,Cheap,2,query_2,explain,2.558,ok
prodds,100,c,Cheap,2,query_2,prepare,21.098,ok
prodds,100,c,Cheap,2,query_20,explain,8.137,ok
prodds,100,c,Cheap,2,query_20,prepare,47.616,ok
prodds,100,c,Cheap,2,query_21,explain,2.812,ok
prodds,100,c,Cheap,2,query_21,prepare,23.789,ok
prodds,100,c,Cheap,2,query_22,explain,3.550,ok
prodds,100,c,Cheap,2,query_22,prepare,30.275,ok
prodds,100,c,Cheap,2,query_23,explain,3.778,ok
prodds,100,c,Cheap,2,query_23,prepare,34.072,ok
prodds,100,c,Cheap,2,query_24,explain,2.985,ok
prodds,100,c,Cheap,2,query_24,prepare,18.218,ok
prodds,100,c,Cheap,2,query_25,explain,3.036,ok
prodds,100,c,Cheap,2,query_25,prepare,13.194,ok
prodds,100,c,Cheap,2,query_26,explain,3.875,ok
prodds,100,c,Cheap,2,query_26,prepare,45.031,ok
prodds,100,c,Cheap,2,query_27,explain,2.917,ok
prodds,100,c,Cheap,2,query_27,prepare,19.560,ok
prodds,100,c,Cheap,2,query_28,explain,3.200,ok
prodds,100,c,Cheap,2,query_28,prepare,25.710,ok
prodds,100,c,Cheap,2,query_3,explain,4.563,ok
prodds,100,c,Cheap,2,query_3,prepare,61.072,ok
prodds,100,c,Cheap,2,query_30,explain,3.898,ok
prodds,100,c,Cheap,2,query_30,prepare,35.892,ok
prodds,100,c,Cheap,2,query_31,explain,2.787,ok
prodds,100,c,Cheap,2,query_31,prepare,24.596,ok
prodds,100,c,Cheap,2,query_32,explain,2.363,ok
prodds,100,c,Cheap,2,query_32,prepare,25.410,ok
prodds,100,c,Cheap,2,query_33,explain,4.192,ok
prodds,100,c,Cheap,2,query_33,prepare,28.623,ok
prodds,100,c,Cheap,2,query_35,explain,2.340,ok
prodds,100,c,Cheap,2,query_35,prepare,29.456,ok
prodds,100,c,Cheap,2,query_36,explain,4.192,ok
prodds,100,c,Cheap,2,query_36,prepare,33.557,ok
prodds,100,c,Cheap,2,query_37,explain,2.861,ok
prodds,100,c,Cheap,2,query_37,prepare,44.135,ok
prodds,100,c,Cheap,2,query_39,explain,4.126,ok
prodds,100,c,Cheap,2,query_39,prepare,38.622,ok
prodds,100,c,Cheap,2,query_4,explain,3.446,ok
prodds,100,c,Cheap,2,query_4,prepare,24.278,ok
prodds,100,c,Cheap,2,query_40,explain,2.897,ok
prodds,100,c,Cheap,2,query_40,prepare,13.898,ok
prodds,100,c,Cheap,2,query_41,explain,3.813,ok
prodds,100,c,Cheap,2,query_41,prepare,43.229,ok
prodds,100,c,Cheap,2,query_42,explain,3.847,ok
prodds,100,c,Cheap,2,query_42,prepare,48.229,ok
prodds,100,c,Cheap,2,query_43,explain,4.010,ok
prodds,100,c,Cheap,2,query_43,prepare,23.125,ok
prodds,100,c,Cheap,2,query_44,explain,2.626,ok
prodds,100,c,Cheap,2,query_44,prepare,12.128,ok
prodds,100,c,Cheap,2,query_45,explain,2.390,ok
prodds,100,c,Cheap,2,query_45,prepare,16.813,ok
prodds,100,c,Cheap,2,query_46,explain,2.426,ok
prodds,100,c,Cheap,2,query_46,prepare,35.445,ok
prodds,100,c,Cheap,2,query_47,explain,3.780,ok
prodds,100,c,Cheap,2,query_47,prepare,34.543,ok
prodds,100,c,Cheap,2,query_48,explain,4.008,ok
prodds,100,c,Cheap,2,query_48,prepare,55.776,ok
prodds,100,c,Cheap,2,query_49,explain,3.700,ok
prodds,100,c,Cheap,2,query_49,prepare,23.548,ok
prodds,100,c,Cheap,2,query_5,explain,3.128,ok
prodds,100,c,Cheap,2,query_5,prepare,17.887,ok
prodds,100,c,Cheap,2,query_50,explain,3.529,ok
prodds,100,c,Cheap,2,query_50,prepare,26.497,ok
prodds,100,c,Cheap,2,query_51,explain,3.545,ok
prodds,100,c,Cheap,2,query_51,prepare,37.803,ok
prodds,100,c,Cheap,2,query_52,explain,2.244,ok
prodds,100,c,Cheap,2,query_52,prepare,11.349,ok
prodds,100,c,Cheap,2,query_53,explain,3.283,ok
prodds,100,c,Cheap,2,query_53,prepare,19.051,ok
prodds,100,c,Cheap,2,query_54,explain,2.497,ok
prodds,100,c,Cheap,2,query_54,prepare,19.712,ok
prodds,100,c,Cheap,2,query_55,explain,1.934,ok
prodds,100,c,Cheap,2,query_55,prepare,22.086,ok
prodds,100,c,Cheap,2,query_56,explain,2.584,ok
prodds,100,c,Cheap,2,query_56,prepare,32.204,ok
prodds,100,c,Cheap,2,query_57,explain,3.093,ok
prodds,100,c,Cheap,2,query_57,prepare,20.567,ok
prodds,100,c,Cheap,2,query_58,explain,2.986,ok
prodds,100,c,Cheap,2,query_58,prepare,19.868,ok
prodds,100,c,Cheap,2,query_59,explain,2.293,ok
prodds,100,c,Cheap,2,query_59,prepare,19.640,ok
prodds,100,c,Cheap,2,query_6,explain,4.632,ok
prodds,100,c,Cheap,2,query_6,prepare,55.064,ok
prodds,100,c,Cheap,2,query_60,explain,3.289,ok
prodds,100,c,Cheap,2,query_60,prepare,26.806,ok
prodds,100,c,Cheap,2,query_61,explain,2.259,ok
prodds,100,c,Cheap,2,query_61,prepare,18.050,ok
prodds,100,c,Cheap,2,query_62,explain,3.081,ok
prodds,100,c,Cheap,2,query_62,prepare,30.010,ok
prodds,100,c,Cheap,2,query_63,explain,3.589,ok
prodds,100,c,Cheap,2,query_63,prepare,29.158,ok
prodds,100,c,Cheap,2,query_64,explain,2.462,ok
prodds,100,c,Cheap,2,query_64,prepare,14.854,ok
prodds,100,c,Cheap,2,query_65,explain,2.374,ok
prodds,100,c,Cheap,2,query_65,prepare,14.784,ok
prodds,100,c,Cheap,2,query_66,explain,6.261,ok
prodds,100,c,Cheap,2,query_66,prepare,42.548,ok
prodds,100,c,Cheap,2,query_67,explain,2.581,ok
prodds,100,c,Cheap,2,query_67,prepare,12.301,ok
prodds,100,c,Cheap,2,query_68,explain,4.547,ok
prodds,100,c,Cheap,2,query_68,prepare,25.797,ok
prodds,100,c,Cheap,2,query_69,explain,5.656,ok
prodds,100,c,Cheap,2,query_69,prepare,66.335,ok
prodds,100,c,Cheap,2,query_7,explain,2.978,ok
prodds,100,c,Cheap,2,query_7,prepare,13.355,ok
prodds,100,c,Cheap,2,query_70,explain,3.372,ok
prodds,100,c,Cheap,2,query_70,prepare,42.667,ok
prodds,100,c,Cheap,2,query_71,explain,2.955,ok
prodds,100,c,Cheap,2,query_71,prepare,27.095,ok
prodds,100,c,Cheap,2,query_73,explain,3.154,ok
prodds,100,c,Cheap,2,query_73,prepare,18.562,ok
prodds,100,c,Cheap,2,query_74,explain,3.698,ok
prodds,100,c,Cheap,2,query_74,prepare,11.071,ok
prodds,100,c,Cheap,2,query_75,explain,3.080,ok
prodds,100,c,Cheap,2,query_75,prepare,23.456,ok
prodds,100,c,Cheap,2,query_76,explain,2.578,ok
prodds,100,c,Cheap,2,query_76,prepare,32.672,ok
prodds,100,c,Cheap,2,query_77,explain,2.502,ok
prodds,100,c,Cheap,2,query_77,prepare,19.322,ok
prodds,100,c,Cheap,2,query_79,explain,2.891,ok
prodds,100,c,Cheap,2,query_79,prepare,19.946,ok
prodds,100,c,Cheap,2,query_8,explain,2.867,ok
prodds,100,c,Cheap,2,query_8,prepare,24.950,ok
prodds,100,c,Cheap,2,query_80,explain,2.386,ok
prodds,100,c,Cheap,2,query_80,prepare,12.419,ok
prodds,100,c,Cheap,2,query_81,explain,3.454,ok
prodds,100,c,Cheap,2,query_81,prepare,23.250,ok
prodds,100,c,Cheap,2,query_82,explain,2.069,ok
prodds,100,c,Cheap,2,query_82,prepare,10.919,ok
prodds,100,c,Cheap,2,query_83,explain,3.664,ok
prodds,100,c,Cheap,2,query_83,prepare,32.873,ok
prodds,100,c,Cheap,2,query_84,explain,3.353,ok
prodds,100,c,Cheap,2,query_84,prepare,22.659,ok
prodds,100,c,Cheap,2,query_85,explain,2.912,ok
prodds,100,c,Cheap,2,query_85,prepare,23.620,ok
prodds,100,c,Cheap,2,query_86,explain,2.620,ok
prodds,100,c,Cheap,2,query_86,prepare,17.409,ok
prodds,100,c,Cheap,2,query_87,explain,4.904,ok
prodds,100,c,Cheap,2,query_87,prepare,27.773,ok
prodds,100,c,Cheap,2,query_88,explain,2.976,ok
prodds,100,c,Cheap,2,query_88,prepare,29.164,ok
prodds,100,c,Cheap,2,query_89,explain,2.856,ok
prodds,100,c,Cheap,2,query_89,prepare,20.835,ok
prodds,100,c,Cheap,2,query_9,explain,3.518,ok
prodds,100,c,Cheap,2,query_9,prepare,33.903,ok
prodds,100,c,Cheap,2,query_91,explain,4.160,ok
prodds,100,c,Cheap,2,query_91,prepare,13.823,ok
prodds,100,c,Cheap,2,query_92,explain,3.567,ok
prodds,100,c,Cheap,2,query_92,prepare,31.922,ok
prodds,100,c,Cheap,2,query_93,explain,4.472,ok
prodds,100,c,Cheap,2,query_93,prepare,67.207,ok
prodds,100,c,Cheap,2,query_94,explain,3.216,ok
prodds,100,c,Cheap,2,query_94,prepare,18.408,ok
prodds,100,c,Cheap,2,query_95,explain,3.921,ok
prodds,100,c,Cheap,2,query_95,prepare,34.593,ok
prodds,100,c,Cheap,2,query_97,explain,3.553,ok
prodds,100,c,Cheap,2,query_97,prepare,20.105,ok
prodds,100,c,Cheap,2,query_98,explain,3.669,ok
prodds,100,c,Cheap,2,query_98,prepare,52.308,ok
prodds,100,c,Cheap,2,query_99,explain,2.877,ok
prodds,100,c,Cheap,2,query_99,prepare,27.462,ok
prodds,100,c,Cheap,2,query_join_J100,explain,19.259,ok
prodds,100,c,Cheap,2,query_join_J100,prepare,232.982,ok
prodds,100,c,Cheap,2,query_join_J200,explain,38.885,ok
prodds,100,c,Cheap,2,query_join_J200,prepare,452.582,ok
prodds,100,c,Cheap,2,query_join_J50,explain,15.201,ok
prodds,100,c,Cheap,2,query_join_J50,prepare,135.585,ok
prodds,100,c,Cheap,2,query_union_U10,explain,3.727,ok
prodds,100,c,Cheap,2,query_union_U10,prepare,12.771,ok
prodds,100,c,Cheap,2,query_union_U2,explain,2.417,ok
prodds,100,c,Cheap,2,query_union_U2,prepare,7.644,ok
prodds,100,c,Cheap,2,query_union_U20,explain,2.870,ok
prodds,100,c,Cheap,2,query_union_U20,prepare,17.130,ok
prodds,100,c,Cheap,2,query_union_U5,explain,2.389,ok
prodds,100,c,Cheap,2,query_union_U5,prepare,9.516,ok
prodds,100,c,Cheap,3,__floor__,floor,1.394,ok
prodds,100,c,Cheap,3,query_1,explain,2.322,ok
prodds,100,c,Cheap,3,query_1,prepare,10.510,ok
prodds,100,c,Cheap,3,query_10,explain,3.545,ok
prodds,100,c,Cheap,3,query_10,prepare,42.736,ok
prodds,100,c,Cheap,3,query_11,explain,2.272,ok
prodds,100,c,Cheap,3,query_11,prepare,19.321,ok
prodds,100,c,Cheap,3,query_12,explain,2.710,ok
prodds,100,c,Cheap,3,query_12,prepare,31.623,ok
prodds,100,c,Cheap,3,query_13,explain,3.122,ok
prodds,100,c,Cheap,3,query_13,prepare,19.681,ok
prodds,100,c,Cheap,3,query_14,explain,2.156,ok
prodds,100,c,Cheap,3,query_14,prepare,13.386,ok
prodds,100,c,Cheap,3,query_15,explain,2.324,ok
prodds,100,c,Cheap,3,query_15,prepare,15.429,ok
prodds,100,c,Cheap,3,query_17,explain,2.684,ok
prodds,100,c,Cheap,3,query_17,prepare,19.199,ok
prodds,100,c,Cheap,3,query_18,explain,2.859,ok
prodds,100,c,Cheap,3,query_18,prepare,22.493,ok
prodds,100,c,Cheap,3,query_2,explain,2.838,ok
prodds,100,c,Cheap,3,query_2,prepare,21.106,ok
prodds,100,c,Cheap,3,query_20,explain,8.150,ok
prodds,100,c,Cheap,3,query_20,prepare,47.828,ok
prodds,100,c,Cheap,3,query_21,explain,2.867,ok
prodds,100,c,Cheap,3,query_21,prepare,24.020,ok
prodds,100,c,Cheap,3,query_22,explain,3.575,ok
prodds,100,c,Cheap,3,query_22,prepare,30.254,ok
prodds,100,c,Cheap,3,query_23,explain,3.887,ok
prodds,100,c,Cheap,3,query_23,prepare,34.080,ok
prodds,100,c,Cheap,3,query_24,explain,2.955,ok
prodds,100,c,Cheap,3,query_24,prepare,18.264,ok
prodds,100,c,Cheap,3,query_25,explain,3.042,ok
prodds,100,c,Cheap,3,query_25,prepare,13.240,ok
prodds,100,c,Cheap,3,query_26,explain,3.892,ok
prodds,100,c,Cheap,3,query_26,prepare,45.075,ok
prodds,100,c,Cheap,3,query_27,explain,2.991,ok
prodds,100,c,Cheap,3,query_27,prepare,19.607,ok
prodds,100,c,Cheap,3,query_28,explain,3.210,ok
prodds,100,c,Cheap,3,query_28,prepare,25.804,ok
prodds,100,c,Cheap,3,query_3,explain,4.609,ok
prodds,100,c,Cheap,3,query_3,prepare,61.171,ok
prodds,100,c,Cheap,3,query_30,explain,4.055,ok
prodds,100,c,Cheap,3,query_30,prepare,36.059,ok
prodds,100,c,Cheap,3,query_31,explain,2.837,ok
prodds,100,c,Cheap,3,query_31,prepare,24.762,ok
prodds,100,c,Cheap,3,query_32,explain,2.426,ok
prodds,100,c,Cheap,3,query_32,prepare,25.438,ok
prodds,100,c,Cheap,3,query_33,explain,4.193,ok
prodds,100,c,Cheap,3,query_33,prepare,28.638,ok
prodds,100,c,Cheap,3,query_35,explain,2.325,ok
prodds,100,c,Cheap,3,query_35,prepare,29.458,ok
prodds,100,c,Cheap,3,query_36,explain,4.252,ok
prodds,100,c,Cheap,3,query_36,prepare,33.542,ok
prodds,100,c,Cheap,3,query_37,explain,2.899,ok
prodds,100,c,Cheap,3,query_37,prepare,44.111,ok
prodds,100,c,Cheap,3,query_39,explain,4.305,ok
prodds,100,c,Cheap,3,query_39,prepare,38.474,ok
prodds,100,c,Cheap,3,query_4,explain,3.460,ok
prodds,100,c,Cheap,3,query_4,prepare,24.310,ok
prodds,100,c,Cheap,3,query_40,explain,2.927,ok
prodds,100,c,Cheap,3,query_40,prepare,13.867,ok
prodds,100,c,Cheap,3,query_41,explain,3.857,ok
prodds,100,c,Cheap,3,query_41,prepare,43.103,ok
prodds,100,c,Cheap,3,query_42,explain,3.850,ok
prodds,100,c,Cheap,3,query_42,prepare,48.111,ok
prodds,100,c,Cheap,3,query_43,explain,4.104,ok
prodds,100,c,Cheap,3,query_43,prepare,23.299,ok
prodds,100,c,Cheap,3,query_44,explain,2.654,ok
prodds,100,c,Cheap,3,query_44,prepare,12.142,ok
prodds,100,c,Cheap,3,query_45,explain,2.417,ok
prodds,100,c,Cheap,3,query_45,prepare,16.918,ok
prodds,100,c,Cheap,3,query_46,explain,2.449,ok
prodds,100,c,Cheap,3,query_46,prepare,35.565,ok
prodds,100,c,Cheap,3,query_47,explain,3.696,ok
prodds,100,c,Cheap,3,query_47,prepare,34.458,ok
prodds,100,c,Cheap,3,query_48,explain,3.987,ok
prodds,100,c,Cheap,3,query_48,prepare,56.069,ok
prodds,100,c,Cheap,3,query_49,explain,3.719,ok
prodds,100,c,Cheap,3,query_49,prepare,23.751,ok
prodds,100,c,Cheap,3,query_5,explain,2.546,ok
prodds,100,c,Cheap,3,query_5,prepare,17.033,ok
prodds,100,c,Cheap,3,query_50,explain,3.546,ok
prodds,100,c,Cheap,3,query_50,prepare,26.582,ok
prodds,100,c,Cheap,3,query_51,explain,3.547,ok
prodds,100,c,Cheap,3,query_51,prepare,37.822,ok
prodds,100,c,Cheap,3,query_52,explain,2.235,ok
prodds,100,c,Cheap,3,query_52,prepare,11.233,ok
prodds,100,c,Cheap,3,query_53,explain,3.328,ok
prodds,100,c,Cheap,3,query_53,prepare,19.161,ok
prodds,100,c,Cheap,3,query_54,explain,2.490,ok
prodds,100,c,Cheap,3,query_54,prepare,19.679,ok
prodds,100,c,Cheap,3,query_55,explain,1.936,ok
prodds,100,c,Cheap,3,query_55,prepare,21.878,ok
prodds,100,c,Cheap,3,query_56,explain,2.591,ok
prodds,100,c,Cheap,3,query_56,prepare,31.825,ok
prodds,100,c,Cheap,3,query_57,explain,3.070,ok
prodds,100,c,Cheap,3,query_57,prepare,20.524,ok
prodds,100,c,Cheap,3,query_58,explain,2.962,ok
prodds,100,c,Cheap,3,query_58,prepare,19.940,ok
prodds,100,c,Cheap,3,query_59,explain,2.289,ok
prodds,100,c,Cheap,3,query_59,prepare,19.452,ok
prodds,100,c,Cheap,3,query_6,explain,4.626,ok
prodds,100,c,Cheap,3,query_6,prepare,55.034,ok
prodds,100,c,Cheap,3,query_60,explain,3.338,ok
prodds,100,c,Cheap,3,query_60,prepare,26.834,ok
prodds,100,c,Cheap,3,query_61,explain,2.274,ok
prodds,100,c,Cheap,3,query_61,prepare,18.100,ok
prodds,100,c,Cheap,3,query_62,explain,3.049,ok
prodds,100,c,Cheap,3,query_62,prepare,29.828,ok
prodds,100,c,Cheap,3,query_63,explain,3.532,ok
prodds,100,c,Cheap,3,query_63,prepare,29.147,ok
prodds,100,c,Cheap,3,query_64,explain,2.459,ok
prodds,100,c,Cheap,3,query_64,prepare,14.835,ok
prodds,100,c,Cheap,3,query_65,explain,2.340,ok
prodds,100,c,Cheap,3,query_65,prepare,14.702,ok
prodds,100,c,Cheap,3,query_66,explain,6.215,ok
prodds,100,c,Cheap,3,query_66,prepare,42.335,ok
prodds,100,c,Cheap,3,query_67,explain,2.529,ok
prodds,100,c,Cheap,3,query_67,prepare,12.362,ok
prodds,100,c,Cheap,3,query_68,explain,4.438,ok
prodds,100,c,Cheap,3,query_68,prepare,25.797,ok
prodds,100,c,Cheap,3,query_69,explain,5.663,ok
prodds,100,c,Cheap,3,query_69,prepare,66.268,ok
prodds,100,c,Cheap,3,query_7,explain,2.970,ok
prodds,100,c,Cheap,3,query_7,prepare,13.349,ok
prodds,100,c,Cheap,3,query_70,explain,3.358,ok
prodds,100,c,Cheap,3,query_70,prepare,42.677,ok
prodds,100,c,Cheap,3,query_71,explain,3.030,ok
prodds,100,c,Cheap,3,query_71,prepare,27.228,ok
prodds,100,c,Cheap,3,query_73,explain,3.294,ok
prodds,100,c,Cheap,3,query_73,prepare,18.632,ok
prodds,100,c,Cheap,3,query_74,explain,3.791,ok
prodds,100,c,Cheap,3,query_74,prepare,11.131,ok
prodds,100,c,Cheap,3,query_75,explain,3.152,ok
prodds,100,c,Cheap,3,query_75,prepare,23.757,ok
prodds,100,c,Cheap,3,query_76,explain,2.646,ok
prodds,100,c,Cheap,3,query_76,prepare,33.102,ok
prodds,100,c,Cheap,3,query_77,explain,2.526,ok
prodds,100,c,Cheap,3,query_77,prepare,19.465,ok
prodds,100,c,Cheap,3,query_79,explain,2.952,ok
prodds,100,c,Cheap,3,query_79,prepare,20.180,ok
prodds,100,c,Cheap,3,query_8,explain,2.840,ok
prodds,100,c,Cheap,3,query_8,prepare,24.983,ok
prodds,100,c,Cheap,3,query_80,explain,2.390,ok
prodds,100,c,Cheap,3,query_80,prepare,12.385,ok
prodds,100,c,Cheap,3,query_81,explain,3.437,ok
prodds,100,c,Cheap,3,query_81,prepare,23.385,ok
prodds,100,c,Cheap,3,query_82,explain,2.053,ok
prodds,100,c,Cheap,3,query_82,prepare,10.985,ok
prodds,100,c,Cheap,3,query_83,explain,3.681,ok
prodds,100,c,Cheap,3,query_83,prepare,33.284,ok
prodds,100,c,Cheap,3,query_84,explain,3.354,ok
prodds,100,c,Cheap,3,query_84,prepare,22.495,ok
prodds,100,c,Cheap,3,query_85,explain,2.856,ok
prodds,100,c,Cheap,3,query_85,prepare,23.757,ok
prodds,100,c,Cheap,3,query_86,explain,2.585,ok
prodds,100,c,Cheap,3,query_86,prepare,17.338,ok
prodds,100,c,Cheap,3,query_87,explain,4.885,ok
prodds,100,c,Cheap,3,query_87,prepare,27.804,ok
prodds,100,c,Cheap,3,query_88,explain,2.949,ok
prodds,100,c,Cheap,3,query_88,prepare,29.206,ok
prodds,100,c,Cheap,3,query_89,explain,2.828,ok
prodds,100,c,Cheap,3,query_89,prepare,20.891,ok
prodds,100,c,Cheap,3,query_9,explain,3.505,ok
prodds,100,c,Cheap,3,query_9,prepare,33.950,ok
prodds,100,c,Cheap,3,query_91,explain,4.070,ok
prodds,100,c,Cheap,3,query_91,prepare,13.793,ok
prodds,100,c,Cheap,3,query_92,explain,3.608,ok
prodds,100,c,Cheap,3,query_92,prepare,31.778,ok
prodds,100,c,Cheap,3,query_93,explain,4.477,ok
prodds,100,c,Cheap,3,query_93,prepare,68.228,ok
prodds,100,c,Cheap,3,query_94,explain,3.411,ok
prodds,100,c,Cheap,3,query_94,prepare,18.928,ok
prodds,100,c,Cheap,3,query_95,explain,4.016,ok
prodds,100,c,Cheap,3,query_95,prepare,35.296,ok
prodds,100,c,Cheap,3,query_97,explain,3.580,ok
prodds,100,c,Cheap,3,query_97,prepare,20.122,ok
prodds,100,c,Cheap,3,query_98,explain,3.607,ok
prodds,100,c,Cheap,3,query_98,prepare,52.687,ok
prodds,100,c,Cheap,3,query_99,explain,2.932,ok
prodds,100,c,Cheap,3,query_99,prepare,27.507,ok
prodds,100,c,Cheap,3,query_join_J100,explain,19.302,ok
prodds,100,c,Cheap,3,query_join_J100,prepare,235.856,ok
prodds,100,c,Cheap,3,query_join_J200,explain,39.903,ok
prodds,100,c,Cheap,3,query_join_J200,prepare,454.513,ok
prodds,100,c,Cheap,3,query_join_J50,explain,15.255,ok
prodds,100,c,Cheap,3,query_join_J50,prepare,136.141,ok
prodds,100,c,Cheap,3,query_union_U10,explain,3.769,ok
prodds,100,c,Cheap,3,query_union_U10,prepare,12.597,ok
prodds,100,c,Cheap,3,query_union_U2,explain,2.158,ok
prodds,100,c,Cheap,3,query_union_U2,prepare,7.719,ok
prodds,100,c,Cheap,3,query_union_U20,explain,2.893,ok
prodds,100,c,Cheap,3,query_union_U20,prepare,17.382,ok
prodds,100,c,Cheap,3,query_union_U5,explain,2.399,ok
prodds,100,c,Cheap,3,query_union_U5,prepare,9.696,ok
prodds,100,c,Cheap,4,__floor__,floor,1.719,ok
prodds,100,c,Cheap,4,query_1,explain,2.555,ok
prodds,100,c,Cheap,4,query_1,prepare,10.385,ok
prodds,100,c,Cheap,4,query_10,explain,3.501,ok
prodds,100,c,Cheap,4,query_10,prepare,42.110,ok
prodds,100,c,Cheap,4,query_11,explain,2.348,ok
prodds,100,c,Cheap,4,query_11,prepare,19.143,ok
prodds,100,c,Cheap,4,query_12,explain,2.750,ok
prodds,100,c,Cheap,4,query_12,prepare,31.750,ok
prodds,100,c,Cheap,4,query_13,explain,3.105,ok
prodds,100,c,Cheap,4,query_13,prepare,19.678,ok
prodds,100,c,Cheap,4,query_14,explain,2.195,ok
prodds,100,c,Cheap,4,query_14,prepare,13.384,ok
prodds,100,c,Cheap,4,query_15,explain,2.361,ok
prodds,100,c,Cheap,4,query_15,prepare,15.420,ok
prodds,100,c,Cheap,4,query_17,explain,2.666,ok
prodds,100,c,Cheap,4,query_17,prepare,19.236,ok
prodds,100,c,Cheap,4,query_18,explain,2.848,ok
prodds,100,c,Cheap,4,query_18,prepare,22.460,ok
prodds,100,c,Cheap,4,query_2,explain,2.608,ok
prodds,100,c,Cheap,4,query_2,prepare,21.197,ok
prodds,100,c,Cheap,4,query_20,explain,8.172,ok
prodds,100,c,Cheap,4,query_20,prepare,48.071,ok
prodds,100,c,Cheap,4,query_21,explain,2.954,ok
prodds,100,c,Cheap,4,query_21,prepare,24.081,ok
prodds,100,c,Cheap,4,query_22,explain,3.629,ok
prodds,100,c,Cheap,4,query_22,prepare,30.360,ok
prodds,100,c,Cheap,4,query_23,explain,3.826,ok
prodds,100,c,Cheap,4,query_23,prepare,34.094,ok
prodds,100,c,Cheap,4,query_24,explain,2.919,ok
prodds,100,c,Cheap,4,query_24,prepare,18.319,ok
prodds,100,c,Cheap,4,query_25,explain,3.199,ok
prodds,100,c,Cheap,4,query_25,prepare,13.165,ok
prodds,100,c,Cheap,4,query_26,explain,3.802,ok
prodds,100,c,Cheap,4,query_26,prepare,45.042,ok
prodds,100,c,Cheap,4,query_27,explain,2.857,ok
prodds,100,c,Cheap,4,query_27,prepare,19.504,ok
prodds,100,c,Cheap,4,query_28,explain,3.156,ok
prodds,100,c,Cheap,4,query_28,prepare,25.814,ok
prodds,100,c,Cheap,4,query_3,explain,4.502,ok
prodds,100,c,Cheap,4,query_3,prepare,60.710,ok
prodds,100,c,Cheap,4,query_30,explain,4.001,ok
prodds,100,c,Cheap,4,query_30,prepare,35.830,ok
prodds,100,c,Cheap,4,query_31,explain,2.783,ok
prodds,100,c,Cheap,4,query_31,prepare,24.712,ok
prodds,100,c,Cheap,4,query_32,explain,2.391,ok
prodds,100,c,Cheap,4,query_32,prepare,25.391,ok
prodds,100,c,Cheap,4,query_33,explain,4.124,ok
prodds,100,c,Cheap,4,query_33,prepare,28.424,ok
prodds,100,c,Cheap,4,query_35,explain,2.326,ok
prodds,100,c,Cheap,4,query_35,prepare,29.270,ok
prodds,100,c,Cheap,4,query_36,explain,4.227,ok
prodds,100,c,Cheap,4,query_36,prepare,33.229,ok
prodds,100,c,Cheap,4,query_37,explain,2.851,ok
prodds,100,c,Cheap,4,query_37,prepare,44.025,ok
prodds,100,c,Cheap,4,query_39,explain,4.257,ok
prodds,100,c,Cheap,4,query_39,prepare,38.705,ok
prodds,100,c,Cheap,4,query_4,explain,3.491,ok
prodds,100,c,Cheap,4,query_4,prepare,24.362,ok
prodds,100,c,Cheap,4,query_40,explain,2.906,ok
prodds,100,c,Cheap,4,query_40,prepare,13.935,ok
prodds,100,c,Cheap,4,query_41,explain,3.838,ok
prodds,100,c,Cheap,4,query_41,prepare,43.309,ok
prodds,100,c,Cheap,4,query_42,explain,3.831,ok
prodds,100,c,Cheap,4,query_42,prepare,48.095,ok
prodds,100,c,Cheap,4,query_43,explain,4.134,ok
prodds,100,c,Cheap,4,query_43,prepare,23.297,ok
prodds,100,c,Cheap,4,query_44,explain,2.679,ok
prodds,100,c,Cheap,4,query_44,prepare,12.200,ok
prodds,100,c,Cheap,4,query_45,explain,2.486,ok
prodds,100,c,Cheap,4,query_45,prepare,17.023,ok
prodds,100,c,Cheap,4,query_46,explain,2.458,ok
prodds,100,c,Cheap,4,query_46,prepare,35.514,ok
prodds,100,c,Cheap,4,query_47,explain,3.717,ok
prodds,100,c,Cheap,4,query_47,prepare,34.628,ok
prodds,100,c,Cheap,4,query_48,explain,4.050,ok
prodds,100,c,Cheap,4,query_48,prepare,56.022,ok
prodds,100,c,Cheap,4,query_49,explain,3.787,ok
prodds,100,c,Cheap,4,query_49,prepare,23.789,ok
prodds,100,c,Cheap,4,query_5,explain,2.586,ok
prodds,100,c,Cheap,4,query_5,prepare,17.008,ok
prodds,100,c,Cheap,4,query_50,explain,3.529,ok
prodds,100,c,Cheap,4,query_50,prepare,26.729,ok
prodds,100,c,Cheap,4,query_51,explain,3.588,ok
prodds,100,c,Cheap,4,query_51,prepare,37.856,ok
prodds,100,c,Cheap,4,query_52,explain,2.291,ok
prodds,100,c,Cheap,4,query_52,prepare,11.361,ok
prodds,100,c,Cheap,4,query_53,explain,3.277,ok
prodds,100,c,Cheap,4,query_53,prepare,19.107,ok
prodds,100,c,Cheap,4,query_54,explain,2.526,ok
prodds,100,c,Cheap,4,query_54,prepare,19.800,ok
prodds,100,c,Cheap,4,query_55,explain,1.954,ok
prodds,100,c,Cheap,4,query_55,prepare,22.163,ok
prodds,100,c,Cheap,4,query_56,explain,2.603,ok
prodds,100,c,Cheap,4,query_56,prepare,31.970,ok
prodds,100,c,Cheap,4,query_57,explain,3.063,ok
prodds,100,c,Cheap,4,query_57,prepare,20.507,ok
prodds,100,c,Cheap,4,query_58,explain,2.973,ok
prodds,100,c,Cheap,4,query_58,prepare,19.787,ok
prodds,100,c,Cheap,4,query_59,explain,2.475,ok
prodds,100,c,Cheap,4,query_59,prepare,19.501,ok
prodds,100,c,Cheap,4,query_6,explain,4.639,ok
prodds,100,c,Cheap,4,query_6,prepare,55.238,ok
prodds,100,c,Cheap,4,query_60,explain,3.370,ok
prodds,100,c,Cheap,4,query_60,prepare,26.983,ok
prodds,100,c,Cheap,4,query_61,explain,2.315,ok
prodds,100,c,Cheap,4,query_61,prepare,18.213,ok
prodds,100,c,Cheap,4,query_62,explain,3.098,ok
prodds,100,c,Cheap,4,query_62,prepare,30.126,ok
prodds,100,c,Cheap,4,query_63,explain,3.606,ok
prodds,100,c,Cheap,4,query_63,prepare,29.088,ok
prodds,100,c,Cheap,4,query_64,explain,2.453,ok
prodds,100,c,Cheap,4,query_64,prepare,14.845,ok
prodds,100,c,Cheap,4,query_65,explain,2.342,ok
prodds,100,c,Cheap,4,query_65,prepare,14.864,ok
prodds,100,c,Cheap,4,query_66,explain,6.293,ok
prodds,100,c,Cheap,4,query_66,prepare,42.242,ok
prodds,100,c,Cheap,4,query_67,explain,2.557,ok
prodds,100,c,Cheap,4,query_67,prepare,12.378,ok
prodds,100,c,Cheap,4,query_68,explain,4.478,ok
prodds,100,c,Cheap,4,query_68,prepare,25.712,ok
prodds,100,c,Cheap,4,query_69,explain,5.613,ok
prodds,100,c,Cheap,4,query_69,prepare,66.345,ok
prodds,100,c,Cheap,4,query_7,explain,2.958,ok
prodds,100,c,Cheap,4,query_7,prepare,13.372,ok
prodds,100,c,Cheap,4,query_70,explain,3.340,ok
prodds,100,c,Cheap,4,query_70,prepare,42.720,ok
prodds,100,c,Cheap,4,query_71,explain,2.954,ok
prodds,100,c,Cheap,4,query_71,prepare,27.114,ok
prodds,100,c,Cheap,4,query_73,explain,3.254,ok
prodds,100,c,Cheap,4,query_73,prepare,18.665,ok
prodds,100,c,Cheap,4,query_74,explain,3.709,ok
prodds,100,c,Cheap,4,query_74,prepare,11.217,ok
prodds,100,c,Cheap,4,query_75,explain,3.145,ok
prodds,100,c,Cheap,4,query_75,prepare,23.726,ok
prodds,100,c,Cheap,4,query_76,explain,2.687,ok
prodds,100,c,Cheap,4,query_76,prepare,33.058,ok
prodds,100,c,Cheap,4,query_77,explain,2.515,ok
prodds,100,c,Cheap,4,query_77,prepare,19.423,ok
prodds,100,c,Cheap,4,query_79,explain,2.903,ok
prodds,100,c,Cheap,4,query_79,prepare,20.171,ok
prodds,100,c,Cheap,4,query_8,explain,2.857,ok
prodds,100,c,Cheap,4,query_8,prepare,25.039,ok
prodds,100,c,Cheap,4,query_80,explain,2.361,ok
prodds,100,c,Cheap,4,query_80,prepare,12.449,ok
prodds,100,c,Cheap,4,query_81,explain,3.419,ok
prodds,100,c,Cheap,4,query_81,prepare,23.478,ok
prodds,100,c,Cheap,4,query_82,explain,2.101,ok
prodds,100,c,Cheap,4,query_82,prepare,11.016,ok
prodds,100,c,Cheap,4,query_83,explain,3.743,ok
prodds,100,c,Cheap,4,query_83,prepare,33.277,ok
prodds,100,c,Cheap,4,query_84,explain,3.385,ok
prodds,100,c,Cheap,4,query_84,prepare,22.624,ok
prodds,100,c,Cheap,4,query_85,explain,2.920,ok
prodds,100,c,Cheap,4,query_85,prepare,23.815,ok
prodds,100,c,Cheap,4,query_86,explain,2.616,ok
prodds,100,c,Cheap,4,query_86,prepare,17.394,ok
prodds,100,c,Cheap,4,query_87,explain,4.881,ok
prodds,100,c,Cheap,4,query_87,prepare,27.867,ok
prodds,100,c,Cheap,4,query_88,explain,2.913,ok
prodds,100,c,Cheap,4,query_88,prepare,29.238,ok
prodds,100,c,Cheap,4,query_89,explain,2.995,ok
prodds,100,c,Cheap,4,query_89,prepare,20.722,ok
prodds,100,c,Cheap,4,query_9,explain,3.497,ok
prodds,100,c,Cheap,4,query_9,prepare,33.865,ok
prodds,100,c,Cheap,4,query_91,explain,4.022,ok
prodds,100,c,Cheap,4,query_91,prepare,13.780,ok
prodds,100,c,Cheap,4,query_92,explain,3.534,ok
prodds,100,c,Cheap,4,query_92,prepare,31.765,ok
prodds,100,c,Cheap,4,query_93,explain,4.488,ok
prodds,100,c,Cheap,4,query_93,prepare,67.547,ok
prodds,100,c,Cheap,4,query_94,explain,3.176,ok
prodds,100,c,Cheap,4,query_94,prepare,18.562,ok
prodds,100,c,Cheap,4,query_95,explain,3.996,ok
prodds,100,c,Cheap,4,query_95,prepare,34.912,ok
prodds,100,c,Cheap,4,query_97,explain,3.556,ok
prodds,100,c,Cheap,4,query_97,prepare,19.974,ok
prodds,100,c,Cheap,4,query_98,explain,3.648,ok
prodds,100,c,Cheap,4,query_98,prepare,52.345,ok
prodds,100,c,Cheap,4,query_99,explain,2.864,ok
prodds,100,c,Cheap,4,query_99,prepare,27.425,ok
prodds,100,c,Cheap,4,query_join_J100,explain,19.203,ok
prodds,100,c,Cheap,4,query_join_J100,prepare,233.701,ok
prodds,100,c,Cheap,4,query_join_J200,explain,40.142,ok
prodds,100,c,Cheap,4,query_join_J200,prepare,453.650,ok
prodds,100,c,Cheap,4,query_join_J50,explain,15.139,ok
prodds,100,c,Cheap,4,query_join_J50,prepare,135.147,ok
prodds,100,c,Cheap,4,query_union_U10,explain,3.767,ok
prodds,100,c,Cheap,4,query_union_U10,prepare,12.784,ok
prodds,100,c,Cheap,4,query_union_U2,explain,2.223,ok
prodds,100,c,Cheap,4,query_union_U2,prepare,7.731,ok
prodds,100,c,Cheap,4,query_union_U20,explain,2.934,ok
prodds,100,c,Cheap,4,query_union_U20,prepare,17.529,ok
prodds,100,c,Cheap,4,query_union_U5,explain,2.439,ok
prodds,100,c,Cheap,4,query_union_U5,prepare,9.670,ok
prodds,100,c,Cheap,5,__floor__,floor,1.462,ok
prodds,100,c,Cheap,5,query_1,explain,2.586,ok
prodds,100,c,Cheap,5,query_1,prepare,10.558,ok
prodds,100,c,Cheap,5,query_10,explain,3.589,ok
prodds,100,c,Cheap,5,query_10,prepare,42.266,ok
prodds,100,c,Cheap,5,query_11,explain,2.377,ok
prodds,100,c,Cheap,5,query_11,prepare,19.251,ok
prodds,100,c,Cheap,5,query_12,explain,2.803,ok
prodds,100,c,Cheap,5,query_12,prepare,31.914,ok
prodds,100,c,Cheap,5,query_13,explain,3.221,ok
prodds,100,c,Cheap,5,query_13,prepare,20.247,ok
prodds,100,c,Cheap,5,query_14,explain,2.320,ok
prodds,100,c,Cheap,5,query_14,prepare,13.576,ok
prodds,100,c,Cheap,5,query_15,explain,2.384,ok
prodds,100,c,Cheap,5,query_15,prepare,15.502,ok
prodds,100,c,Cheap,5,query_17,explain,2.651,ok
prodds,100,c,Cheap,5,query_17,prepare,19.226,ok
prodds,100,c,Cheap,5,query_18,explain,2.824,ok
prodds,100,c,Cheap,5,query_18,prepare,22.431,ok
prodds,100,c,Cheap,5,query_2,explain,2.599,ok
prodds,100,c,Cheap,5,query_2,prepare,21.488,ok
prodds,100,c,Cheap,5,query_20,explain,8.218,ok
prodds,100,c,Cheap,5,query_20,prepare,48.054,ok
prodds,100,c,Cheap,5,query_21,explain,2.955,ok
prodds,100,c,Cheap,5,query_21,prepare,23.956,ok
prodds,100,c,Cheap,5,query_22,explain,3.597,ok
prodds,100,c,Cheap,5,query_22,prepare,30.352,ok
prodds,100,c,Cheap,5,query_23,explain,3.864,ok
prodds,100,c,Cheap,5,query_23,prepare,34.227,ok
prodds,100,c,Cheap,5,query_24,explain,2.949,ok
prodds,100,c,Cheap,5,query_24,prepare,18.286,ok
prodds,100,c,Cheap,5,query_25,explain,3.013,ok
prodds,100,c,Cheap,5,query_25,prepare,13.221,ok
prodds,100,c,Cheap,5,query_26,explain,3.899,ok
prodds,100,c,Cheap,5,query_26,prepare,45.267,ok
prodds,100,c,Cheap,5,query_27,explain,2.936,ok
prodds,100,c,Cheap,5,query_27,prepare,19.675,ok
prodds,100,c,Cheap,5,query_28,explain,3.358,ok
prodds,100,c,Cheap,5,query_28,prepare,25.815,ok
prodds,100,c,Cheap,5,query_3,explain,4.572,ok
prodds,100,c,Cheap,5,query_3,prepare,61.046,ok
prodds,100,c,Cheap,5,query_30,explain,3.968,ok
prodds,100,c,Cheap,5,query_30,prepare,36.174,ok
prodds,100,c,Cheap,5,query_31,explain,2.742,ok
prodds,100,c,Cheap,5,query_31,prepare,24.634,ok
prodds,100,c,Cheap,5,query_32,explain,2.307,ok
prodds,100,c,Cheap,5,query_32,prepare,25.355,ok
prodds,100,c,Cheap,5,query_33,explain,4.123,ok
prodds,100,c,Cheap,5,query_33,prepare,28.769,ok
prodds,100,c,Cheap,5,query_35,explain,2.345,ok
prodds,100,c,Cheap,5,query_35,prepare,29.416,ok
prodds,100,c,Cheap,5,query_36,explain,4.197,ok
prodds,100,c,Cheap,5,query_36,prepare,33.622,ok
prodds,100,c,Cheap,5,query_37,explain,2.868,ok
prodds,100,c,Cheap,5,query_37,prepare,44.064,ok
prodds,100,c,Cheap,5,query_39,explain,4.170,ok
prodds,100,c,Cheap,5,query_39,prepare,38.567,ok
prodds,100,c,Cheap,5,query_4,explain,3.462,ok
prodds,100,c,Cheap,5,query_4,prepare,24.376,ok
prodds,100,c,Cheap,5,query_40,explain,2.906,ok
prodds,100,c,Cheap,5,query_40,prepare,13.877,ok
prodds,100,c,Cheap,5,query_41,explain,3.799,ok
prodds,100,c,Cheap,5,query_41,prepare,43.408,ok
prodds,100,c,Cheap,5,query_42,explain,3.960,ok
prodds,100,c,Cheap,5,query_42,prepare,48.432,ok
prodds,100,c,Cheap,5,query_43,explain,4.150,ok
prodds,100,c,Cheap,5,query_43,prepare,23.267,ok
prodds,100,c,Cheap,5,query_44,explain,2.713,ok
prodds,100,c,Cheap,5,query_44,prepare,12.327,ok
prodds,100,c,Cheap,5,query_45,explain,2.427,ok
prodds,100,c,Cheap,5,query_45,prepare,17.055,ok
prodds,100,c,Cheap,5,query_46,explain,2.484,ok
prodds,100,c,Cheap,5,query_46,prepare,35.631,ok
prodds,100,c,Cheap,5,query_47,explain,3.754,ok
prodds,100,c,Cheap,5,query_47,prepare,34.591,ok
prodds,100,c,Cheap,5,query_48,explain,4.054,ok
prodds,100,c,Cheap,5,query_48,prepare,55.930,ok
prodds,100,c,Cheap,5,query_49,explain,3.758,ok
prodds,100,c,Cheap,5,query_49,prepare,23.751,ok
prodds,100,c,Cheap,5,query_5,explain,2.539,ok
prodds,100,c,Cheap,5,query_5,prepare,17.119,ok
prodds,100,c,Cheap,5,query_50,explain,3.505,ok
prodds,100,c,Cheap,5,query_50,prepare,26.680,ok
prodds,100,c,Cheap,5,query_51,explain,3.590,ok
prodds,100,c,Cheap,5,query_51,prepare,37.720,ok
prodds,100,c,Cheap,5,query_52,explain,2.228,ok
prodds,100,c,Cheap,5,query_52,prepare,11.223,ok
prodds,100,c,Cheap,5,query_53,explain,3.334,ok
prodds,100,c,Cheap,5,query_53,prepare,19.033,ok
prodds,100,c,Cheap,5,query_54,explain,2.504,ok
prodds,100,c,Cheap,5,query_54,prepare,19.740,ok
prodds,100,c,Cheap,5,query_55,explain,1.941,ok
prodds,100,c,Cheap,5,query_55,prepare,21.940,ok
prodds,100,c,Cheap,5,query_56,explain,2.619,ok
prodds,100,c,Cheap,5,query_56,prepare,32.019,ok
prodds,100,c,Cheap,5,query_57,explain,3.109,ok
prodds,100,c,Cheap,5,query_57,prepare,20.640,ok
prodds,100,c,Cheap,5,query_58,explain,3.022,ok
prodds,100,c,Cheap,5,query_58,prepare,19.826,ok
prodds,100,c,Cheap,5,query_59,explain,2.305,ok
prodds,100,c,Cheap,5,query_59,prepare,19.677,ok
prodds,100,c,Cheap,5,query_6,explain,4.720,ok
prodds,100,c,Cheap,5,query_6,prepare,55.140,ok
prodds,100,c,Cheap,5,query_60,explain,3.486,ok
prodds,100,c,Cheap,5,query_60,prepare,26.994,ok
prodds,100,c,Cheap,5,query_61,explain,2.240,ok
prodds,100,c,Cheap,5,query_61,prepare,18.026,ok
prodds,100,c,Cheap,5,query_62,explain,3.060,ok
prodds,100,c,Cheap,5,query_62,prepare,29.881,ok
prodds,100,c,Cheap,5,query_63,explain,3.535,ok
prodds,100,c,Cheap,5,query_63,prepare,28.993,ok
prodds,100,c,Cheap,5,query_64,explain,2.457,ok
prodds,100,c,Cheap,5,query_64,prepare,15.041,ok
prodds,100,c,Cheap,5,query_65,explain,2.330,ok
prodds,100,c,Cheap,5,query_65,prepare,14.741,ok
prodds,100,c,Cheap,5,query_66,explain,6.252,ok
prodds,100,c,Cheap,5,query_66,prepare,42.497,ok
prodds,100,c,Cheap,5,query_67,explain,2.578,ok
prodds,100,c,Cheap,5,query_67,prepare,12.388,ok
prodds,100,c,Cheap,5,query_68,explain,4.485,ok
prodds,100,c,Cheap,5,query_68,prepare,25.817,ok
prodds,100,c,Cheap,5,query_69,explain,5.716,ok
prodds,100,c,Cheap,5,query_69,prepare,66.387,ok
prodds,100,c,Cheap,5,query_7,explain,3.020,ok
prodds,100,c,Cheap,5,query_7,prepare,13.406,ok
prodds,100,c,Cheap,5,query_70,explain,3.385,ok
prodds,100,c,Cheap,5,query_70,prepare,42.703,ok
prodds,100,c,Cheap,5,query_71,explain,3.009,ok
prodds,100,c,Cheap,5,query_71,prepare,26.958,ok
prodds,100,c,Cheap,5,query_73,explain,3.273,ok
prodds,100,c,Cheap,5,query_73,prepare,18.600,ok
prodds,100,c,Cheap,5,query_74,explain,3.727,ok
prodds,100,c,Cheap,5,query_74,prepare,11.157,ok
prodds,100,c,Cheap,5,query_75,explain,3.129,ok
prodds,100,c,Cheap,5,query_75,prepare,23.664,ok
prodds,100,c,Cheap,5,query_76,explain,2.656,ok
prodds,100,c,Cheap,5,query_76,prepare,33.034,ok
prodds,100,c,Cheap,5,query_77,explain,2.527,ok
prodds,100,c,Cheap,5,query_77,prepare,19.366,ok
prodds,100,c,Cheap,5,query_79,explain,2.917,ok
prodds,100,c,Cheap,5,query_79,prepare,20.036,ok
prodds,100,c,Cheap,5,query_8,explain,2.857,ok
prodds,100,c,Cheap,5,query_8,prepare,25.014,ok
prodds,100,c,Cheap,5,query_80,explain,2.382,ok
prodds,100,c,Cheap,5,query_80,prepare,12.410,ok
prodds,100,c,Cheap,5,query_81,explain,3.465,ok
prodds,100,c,Cheap,5,query_81,prepare,23.414,ok
prodds,100,c,Cheap,5,query_82,explain,2.117,ok
prodds,100,c,Cheap,5,query_82,prepare,11.069,ok
prodds,100,c,Cheap,5,query_83,explain,3.714,ok
prodds,100,c,Cheap,5,query_83,prepare,33.058,ok
prodds,100,c,Cheap,5,query_84,explain,3.358,ok
prodds,100,c,Cheap,5,query_84,prepare,22.527,ok
prodds,100,c,Cheap,5,query_85,explain,2.897,ok
prodds,100,c,Cheap,5,query_85,prepare,23.735,ok
prodds,100,c,Cheap,5,query_86,explain,2.587,ok
prodds,100,c,Cheap,5,query_86,prepare,17.325,ok
prodds,100,c,Cheap,5,query_87,explain,4.854,ok
prodds,100,c,Cheap,5,query_87,prepare,27.787,ok
prodds,100,c,Cheap,5,query_88,explain,2.943,ok
prodds,100,c,Cheap,5,query_88,prepare,29.197,ok
prodds,100,c,Cheap,5,query_89,explain,2.832,ok
prodds,100,c,Cheap,5,query_89,prepare,20.790,ok
prodds,100,c,Cheap,5,query_9,explain,3.516,ok
prodds,100,c,Cheap,5,query_9,prepare,33.849,ok
prodds,100,c,Cheap,5,query_91,explain,4.102,ok
prodds,100,c,Cheap,5,query_91,prepare,13.889,ok
prodds,100,c,Cheap,5,query_92,explain,3.612,ok
prodds,100,c,Cheap,5,query_92,prepare,31.785,ok
prodds,100,c,Cheap,5,query_93,explain,4.511,ok
prodds,100,c,Cheap,5,query_93,prepare,67.698,ok
prodds,100,c,Cheap,5,query_94,explain,3.247,ok
prodds,100,c,Cheap,5,query_94,prepare,18.973,ok
prodds,100,c,Cheap,5,query_95,explain,4.001,ok
prodds,100,c,Cheap,5,query_95,prepare,34.760,ok
prodds,100,c,Cheap,5,query_97,explain,3.588,ok
prodds,100,c,Cheap,5,query_97,prepare,21.123,ok
prodds,100,c,Cheap,5,query_98,explain,3.606,ok
prodds,100,c,Cheap,5,query_98,prepare,52.475,ok
prodds,100,c,Cheap,5,query_99,explain,2.919,ok
prodds,100,c,Cheap,5,query_99,prepare,27.407,ok
prodds,100,c,Cheap,5,query_join_J100,explain,19.245,ok
prodds,100,c,Cheap,5,query_join_J100,prepare,234.539,ok
prodds,100,c,Cheap,5,query_join_J200,explain,39.956,ok
prodds,100,c,Cheap,5,query_join_J200,prepare,455.076,ok
prodds,100,c,Cheap,5,query_join_J50,explain,15.298,ok
prodds,100,c,Cheap,5,query_join_J50,prepare,135.928,ok
prodds,100,c,Cheap,5,query_union_U10,explain,3.754,ok
prodds,100,c,Cheap,5,query_union_U10,prepare,12.794,ok
prodds,100,c,Cheap,5,query_union_U2,explain,2.218,ok
prodds,100,c,Cheap,5,query_union_U2,prepare,7.727,ok
prodds,100,c,Cheap,5,query_union_U20,explain,2.910,ok
prodds,100,c,Cheap,5,query_union_U20,prepare,17.344,ok
prodds,100,c,Cheap,5,query_union_U5,explain,2.412,ok
prodds,100,c,Cheap,5,query_union_U5,prepare,9.662,ok
prodds,100,o,Optimized,1,__floor__,floor,4.713,ok
prodds,100,o,Optimized,1,query_1,explain,5.790,ok
prodds,100,o,Optimized,1,query_1,prepare,50.481,ok
prodds,100,o,Optimized,1,query_10,explain,7.532,ok
prodds,100,o,Optimized,1,query_10,prepare,243.361,ok
prodds,100,o,Optimized,1,query_11,explain,6.923,ok
prodds,100,o,Optimized,1,query_11,prepare,127.792,ok
prodds,100,o,Optimized,1,query_12,explain,7.072,ok
prodds,100,o,Optimized,1,query_12,prepare,190.566,ok
prodds,100,o,Optimized,1,query_13,explain,7.832,ok
prodds,100,o,Optimized,1,query_13,prepare,119.960,ok
prodds,100,o,Optimized,1,query_14,explain,6.637,ok
prodds,100,o,Optimized,1,query_14,prepare,79.982,ok
prodds,100,o,Optimized,1,query_15,explain,6.796,ok
prodds,100,o,Optimized,1,query_15,prepare,104.037,ok
prodds,100,o,Optimized,1,query_17,explain,7.060,ok
prodds,100,o,Optimized,1,query_17,prepare,108.887,ok
prodds,100,o,Optimized,1,query_18,explain,7.431,ok
prodds,100,o,Optimized,1,query_18,prepare,150.628,ok
prodds,100,o,Optimized,1,query_2,explain,7.216,ok
prodds,100,o,Optimized,1,query_2,prepare,132.478,ok
prodds,100,o,Optimized,1,query_20,explain,13.065,ok
prodds,100,o,Optimized,1,query_20,prepare,281.932,ok
prodds,100,o,Optimized,1,query_21,explain,7.877,ok
prodds,100,o,Optimized,1,query_21,prepare,141.088,ok
prodds,100,o,Optimized,1,query_22,explain,8.211,ok
prodds,100,o,Optimized,1,query_22,prepare,210.286,ok
prodds,100,o,Optimized,1,query_23,explain,8.814,ok
prodds,100,o,Optimized,1,query_23,prepare,208.274,ok
prodds,100,o,Optimized,1,query_24,explain,7.568,ok
prodds,100,o,Optimized,1,query_24,prepare,105.310,ok
prodds,100,o,Optimized,1,query_25,explain,7.566,ok
prodds,100,o,Optimized,1,query_25,prepare,80.614,ok
prodds,100,o,Optimized,1,query_26,explain,8.802,ok
prodds,100,o,Optimized,1,query_26,prepare,282.664,ok
prodds,100,o,Optimized,1,query_27,explain,7.847,ok
prodds,100,o,Optimized,1,query_27,prepare,128.356,ok
prodds,100,o,Optimized,1,query_28,explain,7.869,ok
prodds,100,o,Optimized,1,query_28,prepare,168.505,ok
prodds,100,o,Optimized,1,query_3,explain,9.229,ok
prodds,100,o,Optimized,1,query_3,prepare,353.060,ok
prodds,100,o,Optimized,1,query_30,explain,9.081,ok
prodds,100,o,Optimized,1,query_30,prepare,228.457,ok
prodds,100,o,Optimized,1,query_31,explain,7.574,ok
prodds,100,o,Optimized,1,query_31,prepare,142.556,ok
prodds,100,o,Optimized,1,query_32,explain,6.911,ok
prodds,100,o,Optimized,1,query_32,prepare,157.287,ok
prodds,100,o,Optimized,1,query_33,explain,8.948,ok
prodds,100,o,Optimized,1,query_33,prepare,166.059,ok
prodds,100,o,Optimized,1,query_35,explain,6.864,ok
prodds,100,o,Optimized,1,query_35,prepare,216.815,ok
prodds,100,o,Optimized,1,query_36,explain,9.937,ok
prodds,100,o,Optimized,1,query_36,prepare,224.886,ok
prodds,100,o,Optimized,1,query_37,explain,7.545,ok
prodds,100,o,Optimized,1,query_37,prepare,245.818,ok
prodds,100,o,Optimized,1,query_39,explain,9.077,ok
prodds,100,o,Optimized,1,query_39,prepare,251.062,ok
prodds,100,o,Optimized,1,query_4,explain,8.328,ok
prodds,100,o,Optimized,1,query_4,prepare,132.944,ok
prodds,100,o,Optimized,1,query_40,explain,7.692,ok
prodds,100,o,Optimized,1,query_40,prepare,78.269,ok
prodds,100,o,Optimized,1,query_41,explain,8.384,ok
prodds,100,o,Optimized,1,query_41,prepare,321.838,ok
prodds,100,o,Optimized,1,query_42,explain,8.675,ok
prodds,100,o,Optimized,1,query_42,prepare,351.134,ok
prodds,100,o,Optimized,1,query_43,explain,8.752,ok
prodds,100,o,Optimized,1,query_43,prepare,137.010,ok
prodds,100,o,Optimized,1,query_44,explain,7.319,ok
prodds,100,o,Optimized,1,query_44,prepare,69.146,ok
prodds,100,o,Optimized,1,query_45,explain,6.880,ok
prodds,100,o,Optimized,1,query_45,prepare,118.950,ok
prodds,100,o,Optimized,1,query_46,explain,6.998,ok
prodds,100,o,Optimized,1,query_46,prepare,302.152,ok
prodds,100,o,Optimized,1,query_47,explain,8.720,ok
prodds,100,o,Optimized,1,query_47,prepare,238.130,ok
prodds,100,o,Optimized,1,query_48,explain,9.086,ok
prodds,100,o,Optimized,1,query_48,prepare,334.841,ok
prodds,100,o,Optimized,1,query_49,explain,8.282,ok
prodds,100,o,Optimized,1,query_49,prepare,126.517,ok
prodds,100,o,Optimized,1,query_5,explain,7.095,ok
prodds,100,o,Optimized,1,query_5,prepare,103.270,ok
prodds,100,o,Optimized,1,query_50,explain,7.966,ok
prodds,100,o,Optimized,1,query_50,prepare,159.537,ok
prodds,100,o,Optimized,1,query_51,explain,8.237,ok
prodds,100,o,Optimized,1,query_51,prepare,240.884,ok
prodds,100,o,Optimized,1,query_52,explain,6.854,ok
prodds,100,o,Optimized,1,query_52,prepare,69.849,ok
prodds,100,o,Optimized,1,query_53,explain,7.487,ok
prodds,100,o,Optimized,1,query_53,prepare,119.219,ok
prodds,100,o,Optimized,1,query_54,explain,6.999,ok
prodds,100,o,Optimized,1,query_54,prepare,135.297,ok
prodds,100,o,Optimized,1,query_55,explain,6.030,ok
prodds,100,o,Optimized,1,query_55,prepare,125.954,ok
prodds,100,o,Optimized,1,query_56,explain,7.256,ok
prodds,100,o,Optimized,1,query_56,prepare,215.659,ok
prodds,100,o,Optimized,1,query_57,explain,8.093,ok
prodds,100,o,Optimized,1,query_57,prepare,132.523,ok
prodds,100,o,Optimized,1,query_58,explain,7.748,ok
prodds,100,o,Optimized,1,query_58,prepare,126.013,ok
prodds,100,o,Optimized,1,query_59,explain,6.870,ok
prodds,100,o,Optimized,1,query_59,prepare,133.462,ok
prodds,100,o,Optimized,1,query_6,explain,9.520,ok
prodds,100,o,Optimized,1,query_6,prepare,337.800,ok
prodds,100,o,Optimized,1,query_60,explain,8.604,ok
prodds,100,o,Optimized,1,query_60,prepare,163.633,ok
prodds,100,o,Optimized,1,query_61,explain,6.866,ok
prodds,100,o,Optimized,1,query_61,prepare,117.406,ok
prodds,100,o,Optimized,1,query_62,explain,7.692,ok
prodds,100,o,Optimized,1,query_62,prepare,175.559,ok
prodds,100,o,Optimized,1,query_63,explain,8.408,ok
prodds,100,o,Optimized,1,query_63,prepare,170.722,ok
prodds,100,o,Optimized,1,query_64,explain,7.213,ok
prodds,100,o,Optimized,1,query_64,prepare,90.642,ok
prodds,100,o,Optimized,1,query_65,explain,6.885,ok
prodds,100,o,Optimized,1,query_65,prepare,90.298,ok
prodds,100,o,Optimized,1,query_66,explain,10.696,ok
prodds,100,o,Optimized,1,query_66,prepare,278.938,ok
prodds,100,o,Optimized,1,query_67,explain,7.432,ok
prodds,100,o,Optimized,1,query_67,prepare,69.635,ok
prodds,100,o,Optimized,1,query_68,explain,8.872,ok
prodds,100,o,Optimized,1,query_68,prepare,155.260,ok
prodds,100,o,Optimized,1,query_69,explain,10.705,ok
prodds,100,o,Optimized,1,query_69,prepare,442.596,ok
prodds,100,o,Optimized,1,query_7,explain,7.981,ok
prodds,100,o,Optimized,1,query_7,prepare,76.387,ok
prodds,100,o,Optimized,1,query_70,explain,7.772,ok
prodds,100,o,Optimized,1,query_70,prepare,304.627,ok
prodds,100,o,Optimized,1,query_71,explain,7.803,ok
prodds,100,o,Optimized,1,query_71,prepare,172.215,ok
prodds,100,o,Optimized,1,query_73,explain,7.986,ok
prodds,100,o,Optimized,1,query_73,prepare,103.362,ok
prodds,100,o,Optimized,1,query_74,explain,8.489,ok
prodds,100,o,Optimized,1,query_74,prepare,62.585,ok
prodds,100,o,Optimized,1,query_75,explain,7.669,ok
prodds,100,o,Optimized,1,query_75,prepare,137.539,ok
prodds,100,o,Optimized,1,query_76,explain,7.240,ok
prodds,100,o,Optimized,1,query_76,prepare,190.911,ok
prodds,100,o,Optimized,1,query_77,explain,7.140,ok
prodds,100,o,Optimized,1,query_77,prepare,137.055,ok
prodds,100,o,Optimized,1,query_79,explain,7.529,ok
prodds,100,o,Optimized,1,query_79,prepare,119.487,ok
prodds,100,o,Optimized,1,query_8,explain,7.317,ok
prodds,100,o,Optimized,1,query_8,prepare,163.152,ok
prodds,100,o,Optimized,1,query_80,explain,6.854,ok
prodds,100,o,Optimized,1,query_80,prepare,71.478,ok
prodds,100,o,Optimized,1,query_81,explain,7.822,ok
prodds,100,o,Optimized,1,query_81,prepare,150.571,ok
prodds,100,o,Optimized,1,query_82,explain,6.532,ok
prodds,100,o,Optimized,1,query_82,prepare,66.397,ok
prodds,100,o,Optimized,1,query_83,explain,8.288,ok
prodds,100,o,Optimized,1,query_83,prepare,224.135,ok
prodds,100,o,Optimized,1,query_84,explain,8.375,ok
prodds,100,o,Optimized,1,query_84,prepare,141.754,ok
prodds,100,o,Optimized,1,query_85,explain,7.804,ok
prodds,100,o,Optimized,1,query_85,prepare,145.105,ok
prodds,100,o,Optimized,1,query_86,explain,7.149,ok
prodds,100,o,Optimized,1,query_86,prepare,104.344,ok
prodds,100,o,Optimized,1,query_87,explain,9.500,ok
prodds,100,o,Optimized,1,query_87,prepare,156.563,ok
prodds,100,o,Optimized,1,query_88,explain,7.748,ok
prodds,100,o,Optimized,1,query_88,prepare,185.146,ok
prodds,100,o,Optimized,1,query_89,explain,7.570,ok
prodds,100,o,Optimized,1,query_89,prepare,133.693,ok
prodds,100,o,Optimized,1,query_9,explain,8.044,ok
prodds,100,o,Optimized,1,query_9,prepare,207.221,ok
prodds,100,o,Optimized,1,query_91,explain,9.082,ok
prodds,100,o,Optimized,1,query_91,prepare,80.703,ok
prodds,100,o,Optimized,1,query_92,explain,8.129,ok
prodds,100,o,Optimized,1,query_92,prepare,208.035,ok
prodds,100,o,Optimized,1,query_93,explain,9.277,ok
prodds,100,o,Optimized,1,query_93,prepare,394.057,ok
prodds,100,o,Optimized,1,query_94,explain,8.029,ok
prodds,100,o,Optimized,1,query_94,prepare,102.421,ok
prodds,100,o,Optimized,1,query_95,explain,8.944,ok
prodds,100,o,Optimized,1,query_95,prepare,248.493,ok
prodds,100,o,Optimized,1,query_97,explain,8.526,ok
prodds,100,o,Optimized,1,query_97,prepare,122.626,ok
prodds,100,o,Optimized,1,query_98,explain,8.082,ok
prodds,100,o,Optimized,1,query_98,prepare,318.962,ok
prodds,100,o,Optimized,1,query_99,explain,7.593,ok
prodds,100,o,Optimized,1,query_99,prepare,179.314,ok
prodds,100,o,Optimized,1,query_join_J100,explain,23.886,ok
prodds,100,o,Optimized,1,query_join_J100,prepare,1216.391,ok
prodds,100,o,Optimized,1,query_join_J200,explain,44.904,ok
prodds,100,o,Optimized,1,query_join_J200,prepare,2425.168,ok
prodds,100,o,Optimized,1,query_join_J50,explain,19.602,ok
prodds,100,o,Optimized,1,query_join_J50,prepare,683.242,ok
prodds,100,o,Optimized,1,query_union_U10,explain,8.790,ok
prodds,100,o,Optimized,1,query_union_U10,prepare,79.423,ok
prodds,100,o,Optimized,1,query_union_U2,explain,6.139,ok
prodds,100,o,Optimized,1,query_union_U2,prepare,42.267,ok
prodds,100,o,Optimized,1,query_union_U20,explain,6.904,ok
prodds,100,o,Optimized,1,query_union_U20,prepare,122.794,ok
prodds,100,o,Optimized,1,query_union_U5,explain,6.630,ok
prodds,100,o,Optimized,1,query_union_U5,prepare,56.851,ok
prodds,100,o,Optimized,2,__floor__,floor,4.765,ok
prodds,100,o,Optimized,2,query_1,explain,5.861,ok
prodds,100,o,Optimized,2,query_1,prepare,50.138,ok
prodds,100,o,Optimized,2,query_10,explain,7.530,ok
prodds,100,o,Optimized,2,query_10,prepare,242.712,ok
prodds,100,o,Optimized,2,query_11,explain,7.408,ok
prodds,100,o,Optimized,2,query_11,prepare,128.608,ok
prodds,100,o,Optimized,2,query_12,explain,7.485,ok
prodds,100,o,Optimized,2,query_12,prepare,190.710,ok
prodds,100,o,Optimized,2,query_13,explain,7.888,ok
prodds,100,o,Optimized,2,query_13,prepare,120.196,ok
prodds,100,o,Optimized,2,query_14,explain,6.644,ok
prodds,100,o,Optimized,2,query_14,prepare,80.380,ok
prodds,100,o,Optimized,2,query_15,explain,6.751,ok
prodds,100,o,Optimized,2,query_15,prepare,105.377,ok
prodds,100,o,Optimized,2,query_17,explain,7.118,ok
prodds,100,o,Optimized,2,query_17,prepare,109.083,ok
prodds,100,o,Optimized,2,query_18,explain,7.630,ok
prodds,100,o,Optimized,2,query_18,prepare,151.222,ok
prodds,100,o,Optimized,2,query_2,explain,7.336,ok
prodds,100,o,Optimized,2,query_2,prepare,132.853,ok
prodds,100,o,Optimized,2,query_20,explain,13.321,ok
prodds,100,o,Optimized,2,query_20,prepare,281.279,ok
prodds,100,o,Optimized,2,query_21,explain,8.055,ok
prodds,100,o,Optimized,2,query_21,prepare,141.604,ok
prodds,100,o,Optimized,2,query_22,explain,8.051,ok
prodds,100,o,Optimized,2,query_22,prepare,210.227,ok
prodds,100,o,Optimized,2,query_23,explain,8.669,ok
prodds,100,o,Optimized,2,query_23,prepare,208.341,ok
prodds,100,o,Optimized,2,query_24,explain,7.683,ok
prodds,100,o,Optimized,2,query_24,prepare,105.591,ok
prodds,100,o,Optimized,2,query_25,explain,7.739,ok
prodds,100,o,Optimized,2,query_25,prepare,80.626,ok
prodds,100,o,Optimized,2,query_26,explain,8.444,ok
prodds,100,o,Optimized,2,query_26,prepare,283.106,ok
prodds,100,o,Optimized,2,query_27,explain,7.823,ok
prodds,100,o,Optimized,2,query_27,prepare,128.421,ok
prodds,100,o,Optimized,2,query_28,explain,7.971,ok
prodds,100,o,Optimized,2,query_28,prepare,168.534,ok
prodds,100,o,Optimized,2,query_3,explain,9.271,ok
prodds,100,o,Optimized,2,query_3,prepare,355.416,ok
prodds,100,o,Optimized,2,query_30,explain,9.240,ok
prodds,100,o,Optimized,2,query_30,prepare,227.471,ok
prodds,100,o,Optimized,2,query_31,explain,7.682,ok
prodds,100,o,Optimized,2,query_31,prepare,142.057,ok
prodds,100,o,Optimized,2,query_32,explain,6.974,ok
prodds,100,o,Optimized,2,query_32,prepare,157.001,ok
prodds,100,o,Optimized,2,query_33,explain,9.641,ok
prodds,100,o,Optimized,2,query_33,prepare,165.478,ok
prodds,100,o,Optimized,2,query_35,explain,6.927,ok
prodds,100,o,Optimized,2,query_35,prepare,215.024,ok
prodds,100,o,Optimized,2,query_36,explain,9.317,ok
prodds,100,o,Optimized,2,query_36,prepare,224.282,ok
prodds,100,o,Optimized,2,query_37,explain,7.646,ok
prodds,100,o,Optimized,2,query_37,prepare,245.884,ok
prodds,100,o,Optimized,2,query_39,explain,8.729,ok
prodds,100,o,Optimized,2,query_39,prepare,250.970,ok
prodds,100,o,Optimized,2,query_4,explain,8.296,ok
prodds,100,o,Optimized,2,query_4,prepare,132.804,ok
prodds,100,o,Optimized,2,query_40,explain,7.570,ok
prodds,100,o,Optimized,2,query_40,prepare,78.290,ok
prodds,100,o,Optimized,2,query_41,explain,8.036,ok
prodds,100,o,Optimized,2,query_41,prepare,322.221,ok
prodds,100,o,Optimized,2,query_42,explain,8.781,ok
prodds,100,o,Optimized,2,query_42,prepare,350.704,ok
prodds,100,o,Optimized,2,query_43,explain,8.729,ok
prodds,100,o,Optimized,2,query_43,prepare,136.536,ok
prodds,100,o,Optimized,2,query_44,explain,7.336,ok
prodds,100,o,Optimized,2,query_44,prepare,69.359,ok
prodds,100,o,Optimized,2,query_45,explain,6.857,ok
prodds,100,o,Optimized,2,query_45,prepare,118.472,ok
prodds,100,o,Optimized,2,query_46,explain,7.184,ok
prodds,100,o,Optimized,2,query_46,prepare,301.143,ok
prodds,100,o,Optimized,2,query_47,explain,8.636,ok
prodds,100,o,Optimized,2,query_47,prepare,237.374,ok
prodds,100,o,Optimized,2,query_48,explain,8.872,ok
prodds,100,o,Optimized,2,query_48,prepare,335.332,ok
prodds,100,o,Optimized,2,query_49,explain,8.717,ok
prodds,100,o,Optimized,2,query_49,prepare,126.916,ok
prodds,100,o,Optimized,2,query_5,explain,7.103,ok
prodds,100,o,Optimized,2,query_5,prepare,103.657,ok
prodds,100,o,Optimized,2,query_50,explain,8.015,ok
prodds,100,o,Optimized,2,query_50,prepare,159.956,ok
prodds,100,o,Optimized,2,query_51,explain,8.134,ok
prodds,100,o,Optimized,2,query_51,prepare,241.686,ok
prodds,100,o,Optimized,2,query_52,explain,6.883,ok
prodds,100,o,Optimized,2,query_52,prepare,69.709,ok
prodds,100,o,Optimized,2,query_53,explain,7.637,ok
prodds,100,o,Optimized,2,query_53,prepare,119.031,ok
prodds,100,o,Optimized,2,query_54,explain,6.952,ok
prodds,100,o,Optimized,2,query_54,prepare,135.720,ok
prodds,100,o,Optimized,2,query_55,explain,6.265,ok
prodds,100,o,Optimized,2,query_55,prepare,127.151,ok
prodds,100,o,Optimized,2,query_56,explain,7.530,ok
prodds,100,o,Optimized,2,query_56,prepare,216.818,ok
prodds,100,o,Optimized,2,query_57,explain,7.959,ok
prodds,100,o,Optimized,2,query_57,prepare,132.118,ok
prodds,100,o,Optimized,2,query_58,explain,7.936,ok
prodds,100,o,Optimized,2,query_58,prepare,125.610,ok
prodds,100,o,Optimized,2,query_59,explain,6.832,ok
prodds,100,o,Optimized,2,query_59,prepare,133.325,ok
prodds,100,o,Optimized,2,query_6,explain,9.659,ok
prodds,100,o,Optimized,2,query_6,prepare,336.314,ok
prodds,100,o,Optimized,2,query_60,explain,8.729,ok
prodds,100,o,Optimized,2,query_60,prepare,164.273,ok
prodds,100,o,Optimized,2,query_61,explain,6.819,ok
prodds,100,o,Optimized,2,query_61,prepare,117.682,ok
prodds,100,o,Optimized,2,query_62,explain,7.561,ok
prodds,100,o,Optimized,2,query_62,prepare,175.420,ok
prodds,100,o,Optimized,2,query_63,explain,8.688,ok
prodds,100,o,Optimized,2,query_63,prepare,169.826,ok
prodds,100,o,Optimized,2,query_64,explain,7.054,ok
prodds,100,o,Optimized,2,query_64,prepare,90.293,ok
prodds,100,o,Optimized,2,query_65,explain,6.975,ok
prodds,100,o,Optimized,2,query_65,prepare,90.287,ok
prodds,100,o,Optimized,2,query_66,explain,10.983,ok
prodds,100,o,Optimized,2,query_66,prepare,279.467,ok
prodds,100,o,Optimized,2,query_67,explain,7.561,ok
prodds,100,o,Optimized,2,query_67,prepare,69.934,ok
prodds,100,o,Optimized,2,query_68,explain,9.019,ok
prodds,100,o,Optimized,2,query_68,prepare,155.391,ok
prodds,100,o,Optimized,2,query_69,explain,10.445,ok
prodds,100,o,Optimized,2,query_69,prepare,444.604,ok
prodds,100,o,Optimized,2,query_7,explain,8.119,ok
prodds,100,o,Optimized,2,query_7,prepare,76.729,ok
prodds,100,o,Optimized,2,query_70,explain,7.736,ok
prodds,100,o,Optimized,2,query_70,prepare,303.595,ok
prodds,100,o,Optimized,2,query_71,explain,7.895,ok
prodds,100,o,Optimized,2,query_71,prepare,171.166,ok
prodds,100,o,Optimized,2,query_73,explain,7.970,ok
prodds,100,o,Optimized,2,query_73,prepare,103.081,ok
prodds,100,o,Optimized,2,query_74,explain,8.397,ok
prodds,100,o,Optimized,2,query_74,prepare,62.373,ok
prodds,100,o,Optimized,2,query_75,explain,7.572,ok
prodds,100,o,Optimized,2,query_75,prepare,136.524,ok
prodds,100,o,Optimized,2,query_76,explain,7.171,ok
prodds,100,o,Optimized,2,query_76,prepare,189.538,ok
prodds,100,o,Optimized,2,query_77,explain,7.047,ok
prodds,100,o,Optimized,2,query_77,prepare,136.706,ok
prodds,100,o,Optimized,2,query_79,explain,7.668,ok
prodds,100,o,Optimized,2,query_79,prepare,119.126,ok
prodds,100,o,Optimized,2,query_8,explain,7.256,ok
prodds,100,o,Optimized,2,query_8,prepare,162.821,ok
prodds,100,o,Optimized,2,query_80,explain,6.783,ok
prodds,100,o,Optimized,2,query_80,prepare,71.007,ok
prodds,100,o,Optimized,2,query_81,explain,8.070,ok
prodds,100,o,Optimized,2,query_81,prepare,150.512,ok
prodds,100,o,Optimized,2,query_82,explain,6.475,ok
prodds,100,o,Optimized,2,query_82,prepare,66.365,ok
prodds,100,o,Optimized,2,query_83,explain,8.120,ok
prodds,100,o,Optimized,2,query_83,prepare,224.260,ok
prodds,100,o,Optimized,2,query_84,explain,8.160,ok
prodds,100,o,Optimized,2,query_84,prepare,142.438,ok
prodds,100,o,Optimized,2,query_85,explain,7.933,ok
prodds,100,o,Optimized,2,query_85,prepare,145.023,ok
prodds,100,o,Optimized,2,query_86,explain,7.126,ok
prodds,100,o,Optimized,2,query_86,prepare,104.391,ok
prodds,100,o,Optimized,2,query_87,explain,9.550,ok
prodds,100,o,Optimized,2,query_87,prepare,156.648,ok
prodds,100,o,Optimized,2,query_88,explain,7.816,ok
prodds,100,o,Optimized,2,query_88,prepare,184.906,ok
prodds,100,o,Optimized,2,query_89,explain,7.614,ok
prodds,100,o,Optimized,2,query_89,prepare,133.540,ok
prodds,100,o,Optimized,2,query_9,explain,8.151,ok
prodds,100,o,Optimized,2,query_9,prepare,206.709,ok
prodds,100,o,Optimized,2,query_91,explain,8.984,ok
prodds,100,o,Optimized,2,query_91,prepare,81.210,ok
prodds,100,o,Optimized,2,query_92,explain,8.105,ok
prodds,100,o,Optimized,2,query_92,prepare,208.134,ok
prodds,100,o,Optimized,2,query_93,explain,9.252,ok
prodds,100,o,Optimized,2,query_93,prepare,395.060,ok
prodds,100,o,Optimized,2,query_94,explain,8.057,ok
prodds,100,o,Optimized,2,query_94,prepare,102.258,ok
prodds,100,o,Optimized,2,query_95,explain,8.674,ok
prodds,100,o,Optimized,2,query_95,prepare,248.193,ok
prodds,100,o,Optimized,2,query_97,explain,8.597,ok
prodds,100,o,Optimized,2,query_97,prepare,123.218,ok
prodds,100,o,Optimized,2,query_98,explain,8.275,ok
prodds,100,o,Optimized,2,query_98,prepare,321.134,ok
prodds,100,o,Optimized,2,query_99,explain,7.648,ok
prodds,100,o,Optimized,2,query_99,prepare,179.667,ok
prodds,100,o,Optimized,2,query_join_J100,explain,24.042,ok
prodds,100,o,Optimized,2,query_join_J100,prepare,1215.315,ok
prodds,100,o,Optimized,2,query_join_J200,explain,44.983,ok
prodds,100,o,Optimized,2,query_join_J200,prepare,2422.967,ok
prodds,100,o,Optimized,2,query_join_J50,explain,19.836,ok
prodds,100,o,Optimized,2,query_join_J50,prepare,692.196,ok
prodds,100,o,Optimized,2,query_union_U10,explain,8.964,ok
prodds,100,o,Optimized,2,query_union_U10,prepare,79.798,ok
prodds,100,o,Optimized,2,query_union_U2,explain,6.292,ok
prodds,100,o,Optimized,2,query_union_U2,prepare,44.790,ok
prodds,100,o,Optimized,2,query_union_U20,explain,8.844,ok
prodds,100,o,Optimized,2,query_union_U20,prepare,129.082,ok
prodds,100,o,Optimized,2,query_union_U5,explain,8.562,ok
prodds,100,o,Optimized,2,query_union_U5,prepare,60.766,ok
prodds,100,o,Optimized,3,__floor__,floor,4.704,ok
prodds,100,o,Optimized,3,query_1,explain,5.785,ok
prodds,100,o,Optimized,3,query_1,prepare,49.862,ok
prodds,100,o,Optimized,3,query_10,explain,7.479,ok
prodds,100,o,Optimized,3,query_10,prepare,241.952,ok
prodds,100,o,Optimized,3,query_11,explain,6.950,ok
prodds,100,o,Optimized,3,query_11,prepare,130.192,ok
prodds,100,o,Optimized,3,query_12,explain,7.511,ok
prodds,100,o,Optimized,3,query_12,prepare,190.819,ok
prodds,100,o,Optimized,3,query_13,explain,8.066,ok
prodds,100,o,Optimized,3,query_13,prepare,120.077,ok
prodds,100,o,Optimized,3,query_14,explain,6.474,ok
prodds,100,o,Optimized,3,query_14,prepare,80.016,ok
prodds,100,o,Optimized,3,query_15,explain,6.986,ok
prodds,100,o,Optimized,3,query_15,prepare,104.031,ok
prodds,100,o,Optimized,3,query_17,explain,7.169,ok
prodds,100,o,Optimized,3,query_17,prepare,109.013,ok
prodds,100,o,Optimized,3,query_18,explain,7.582,ok
prodds,100,o,Optimized,3,query_18,prepare,151.240,ok
prodds,100,o,Optimized,3,query_2,explain,7.314,ok
prodds,100,o,Optimized,3,query_2,prepare,132.543,ok
prodds,100,o,Optimized,3,query_20,explain,13.203,ok
prodds,100,o,Optimized,3,query_20,prepare,281.913,ok
prodds,100,o,Optimized,3,query_21,explain,8.069,ok
prodds,100,o,Optimized,3,query_21,prepare,141.270,ok
prodds,100,o,Optimized,3,query_22,explain,8.227,ok
prodds,100,o,Optimized,3,query_22,prepare,210.350,ok
prodds,100,o,Optimized,3,query_23,explain,8.876,ok
prodds,100,o,Optimized,3,query_23,prepare,209.906,ok
prodds,100,o,Optimized,3,query_24,explain,7.887,ok
prodds,100,o,Optimized,3,query_24,prepare,105.783,ok
prodds,100,o,Optimized,3,query_25,explain,8.018,ok
prodds,100,o,Optimized,3,query_25,prepare,80.284,ok
prodds,100,o,Optimized,3,query_26,explain,8.235,ok
prodds,100,o,Optimized,3,query_26,prepare,284.583,ok
prodds,100,o,Optimized,3,query_27,explain,8.016,ok
prodds,100,o,Optimized,3,query_27,prepare,128.137,ok
prodds,100,o,Optimized,3,query_28,explain,7.889,ok
prodds,100,o,Optimized,3,query_28,prepare,168.882,ok
prodds,100,o,Optimized,3,query_3,explain,9.375,ok
prodds,100,o,Optimized,3,query_3,prepare,353.576,ok
prodds,100,o,Optimized,3,query_30,explain,9.075,ok
prodds,100,o,Optimized,3,query_30,prepare,227.708,ok
prodds,100,o,Optimized,3,query_31,explain,7.818,ok
prodds,100,o,Optimized,3,query_31,prepare,142.422,ok
prodds,100,o,Optimized,3,query_32,explain,6.932,ok
prodds,100,o,Optimized,3,query_32,prepare,156.953,ok
prodds,100,o,Optimized,3,query_33,explain,8.981,ok
prodds,100,o,Optimized,3,query_33,prepare,165.744,ok
prodds,100,o,Optimized,3,query_35,explain,6.929,ok
prodds,100,o,Optimized,3,query_35,prepare,214.864,ok
prodds,100,o,Optimized,3,query_36,explain,8.885,ok
prodds,100,o,Optimized,3,query_36,prepare,224.575,ok
prodds,100,o,Optimized,3,query_37,explain,7.623,ok
prodds,100,o,Optimized,3,query_37,prepare,246.480,ok
prodds,100,o,Optimized,3,query_39,explain,9.080,ok
prodds,100,o,Optimized,3,query_39,prepare,251.400,ok
prodds,100,o,Optimized,3,query_4,explain,8.372,ok
prodds,100,o,Optimized,3,query_4,prepare,133.665,ok
prodds,100,o,Optimized,3,query_40,explain,7.642,ok
prodds,100,o,Optimized,3,query_40,prepare,77.954,ok
prodds,100,o,Optimized,3,query_41,explain,8.276,ok
prodds,100,o,Optimized,3,query_41,prepare,323.844,ok
prodds,100,o,Optimized,3,query_42,explain,8.972,ok
prodds,100,o,Optimized,3,query_42,prepare,351.468,ok
prodds,100,o,Optimized,3,query_43,explain,9.194,ok
prodds,100,o,Optimized,3,query_43,prepare,137.011,ok
prodds,100,o,Optimized,3,query_44,explain,7.293,ok
prodds,100,o,Optimized,3,query_44,prepare,69.363,ok
prodds,100,o,Optimized,3,query_45,explain,6.872,ok
prodds,100,o,Optimized,3,query_45,prepare,118.393,ok
prodds,100,o,Optimized,3,query_46,explain,6.948,ok
prodds,100,o,Optimized,3,query_46,prepare,301.338,ok
prodds,100,o,Optimized,3,query_47,explain,9.153,ok
prodds,100,o,Optimized,3,query_47,prepare,237.325,ok
prodds,100,o,Optimized,3,query_48,explain,8.960,ok
prodds,100,o,Optimized,3,query_48,prepare,334.433,ok
prodds,100,o,Optimized,3,query_49,explain,8.548,ok
prodds,100,o,Optimized,3,query_49,prepare,126.591,ok
prodds,100,o,Optimized,3,query_5,explain,7.002,ok
prodds,100,o,Optimized,3,query_5,prepare,103.787,ok
prodds,100,o,Optimized,3,query_50,explain,8.090,ok
prodds,100,o,Optimized,3,query_50,prepare,160.425,ok
prodds,100,o,Optimized,3,query_51,explain,8.426,ok
prodds,100,o,Optimized,3,query_51,prepare,241.806,ok
prodds,100,o,Optimized,3,query_52,explain,6.973,ok
prodds,100,o,Optimized,3,query_52,prepare,70.648,ok
prodds,100,o,Optimized,3,query_53,explain,7.797,ok
prodds,100,o,Optimized,3,query_53,prepare,119.313,ok
prodds,100,o,Optimized,3,query_54,explain,6.974,ok
prodds,100,o,Optimized,3,query_54,prepare,135.115,ok
prodds,100,o,Optimized,3,query_55,explain,6.254,ok
prodds,100,o,Optimized,3,query_55,prepare,125.930,ok
prodds,100,o,Optimized,3,query_56,explain,7.088,ok
prodds,100,o,Optimized,3,query_56,prepare,215.853,ok
prodds,100,o,Optimized,3,query_57,explain,8.020,ok
prodds,100,o,Optimized,3,query_57,prepare,132.326,ok
prodds,100,o,Optimized,3,query_58,explain,7.503,ok
prodds,100,o,Optimized,3,query_58,prepare,125.221,ok
prodds,100,o,Optimized,3,query_59,explain,6.839,ok
prodds,100,o,Optimized,3,query_59,prepare,133.119,ok
prodds,100,o,Optimized,3,query_6,explain,9.392,ok
prodds,100,o,Optimized,3,query_6,prepare,335.168,ok
prodds,100,o,Optimized,3,query_60,explain,8.470,ok
prodds,100,o,Optimized,3,query_60,prepare,162.455,ok
prodds,100,o,Optimized,3,query_61,explain,7.090,ok
prodds,100,o,Optimized,3,query_61,prepare,117.365,ok
prodds,100,o,Optimized,3,query_62,explain,7.687,ok
prodds,100,o,Optimized,3,query_62,prepare,175.225,ok
prodds,100,o,Optimized,3,query_63,explain,8.454,ok
prodds,100,o,Optimized,3,query_63,prepare,170.624,ok
prodds,100,o,Optimized,3,query_64,explain,7.321,ok
prodds,100,o,Optimized,3,query_64,prepare,90.021,ok
prodds,100,o,Optimized,3,query_65,explain,6.934,ok
prodds,100,o,Optimized,3,query_65,prepare,90.013,ok
prodds,100,o,Optimized,3,query_66,explain,10.688,ok
prodds,100,o,Optimized,3,query_66,prepare,279.030,ok
prodds,100,o,Optimized,3,query_67,explain,7.123,ok
prodds,100,o,Optimized,3,query_67,prepare,69.752,ok
prodds,100,o,Optimized,3,query_68,explain,9.099,ok
prodds,100,o,Optimized,3,query_68,prepare,155.851,ok
prodds,100,o,Optimized,3,query_69,explain,10.403,ok
prodds,100,o,Optimized,3,query_69,prepare,442.720,ok
prodds,100,o,Optimized,3,query_7,explain,8.205,ok
prodds,100,o,Optimized,3,query_7,prepare,76.610,ok
prodds,100,o,Optimized,3,query_70,explain,7.741,ok
prodds,100,o,Optimized,3,query_70,prepare,304.033,ok
prodds,100,o,Optimized,3,query_71,explain,7.807,ok
prodds,100,o,Optimized,3,query_71,prepare,171.223,ok
prodds,100,o,Optimized,3,query_73,explain,8.187,ok
prodds,100,o,Optimized,3,query_73,prepare,103.453,ok
prodds,100,o,Optimized,3,query_74,explain,8.464,ok
prodds,100,o,Optimized,3,query_74,prepare,62.322,ok
prodds,100,o,Optimized,3,query_75,explain,7.565,ok
prodds,100,o,Optimized,3,query_75,prepare,136.533,ok
prodds,100,o,Optimized,3,query_76,explain,7.075,ok
prodds,100,o,Optimized,3,query_76,prepare,189.354,ok
prodds,100,o,Optimized,3,query_77,explain,6.969,ok
prodds,100,o,Optimized,3,query_77,prepare,136.768,ok
prodds,100,o,Optimized,3,query_79,explain,7.616,ok
prodds,100,o,Optimized,3,query_79,prepare,120.626,ok
prodds,100,o,Optimized,3,query_8,explain,8.959,ok
prodds,100,o,Optimized,3,query_8,prepare,165.010,ok
prodds,100,o,Optimized,3,query_80,explain,7.109,ok
prodds,100,o,Optimized,3,query_80,prepare,71.438,ok
prodds,100,o,Optimized,3,query_81,explain,7.978,ok
prodds,100,o,Optimized,3,query_81,prepare,150.787,ok
prodds,100,o,Optimized,3,query_82,explain,6.508,ok
prodds,100,o,Optimized,3,query_82,prepare,66.663,ok
prodds,100,o,Optimized,3,query_83,explain,8.149,ok
prodds,100,o,Optimized,3,query_83,prepare,223.872,ok
prodds,100,o,Optimized,3,query_84,explain,8.098,ok
prodds,100,o,Optimized,3,query_84,prepare,142.018,ok
prodds,100,o,Optimized,3,query_85,explain,7.680,ok
prodds,100,o,Optimized,3,query_85,prepare,145.347,ok
prodds,100,o,Optimized,3,query_86,explain,7.113,ok
prodds,100,o,Optimized,3,query_86,prepare,105.849,ok
prodds,100,o,Optimized,3,query_87,explain,9.907,ok
prodds,100,o,Optimized,3,query_87,prepare,155.518,ok
prodds,100,o,Optimized,3,query_88,explain,7.888,ok
prodds,100,o,Optimized,3,query_88,prepare,186.222,ok
prodds,100,o,Optimized,3,query_89,explain,7.501,ok
prodds,100,o,Optimized,3,query_89,prepare,134.237,ok
prodds,100,o,Optimized,3,query_9,explain,8.177,ok
prodds,100,o,Optimized,3,query_9,prepare,207.230,ok
prodds,100,o,Optimized,3,query_91,explain,8.975,ok
prodds,100,o,Optimized,3,query_91,prepare,80.286,ok
prodds,100,o,Optimized,3,query_92,explain,7.982,ok
prodds,100,o,Optimized,3,query_92,prepare,208.409,ok
prodds,100,o,Optimized,3,query_93,explain,9.316,ok
prodds,100,o,Optimized,3,query_93,prepare,394.364,ok
prodds,100,o,Optimized,3,query_94,explain,8.270,ok
prodds,100,o,Optimized,3,query_94,prepare,102.326,ok
prodds,100,o,Optimized,3,query_95,explain,8.734,ok
prodds,100,o,Optimized,3,query_95,prepare,246.469,ok
prodds,100,o,Optimized,3,query_97,explain,8.402,ok
prodds,100,o,Optimized,3,query_97,prepare,123.768,ok
prodds,100,o,Optimized,3,query_98,explain,8.173,ok
prodds,100,o,Optimized,3,query_98,prepare,320.035,ok
prodds,100,o,Optimized,3,query_99,explain,7.661,ok
prodds,100,o,Optimized,3,query_99,prepare,180.142,ok
prodds,100,o,Optimized,3,query_join_J100,explain,24.080,ok
prodds,100,o,Optimized,3,query_join_J100,prepare,1214.582,ok
prodds,100,o,Optimized,3,query_join_J200,explain,44.093,ok
prodds,100,o,Optimized,3,query_join_J200,prepare,2415.824,ok
prodds,100,o,Optimized,3,query_join_J50,explain,19.727,ok
prodds,100,o,Optimized,3,query_join_J50,prepare,683.033,ok
prodds,100,o,Optimized,3,query_union_U10,explain,8.662,ok
prodds,100,o,Optimized,3,query_union_U10,prepare,79.441,ok
prodds,100,o,Optimized,3,query_union_U2,explain,6.395,ok
prodds,100,o,Optimized,3,query_union_U2,prepare,42.499,ok
prodds,100,o,Optimized,3,query_union_U20,explain,6.954,ok
prodds,100,o,Optimized,3,query_union_U20,prepare,123.407,ok
prodds,100,o,Optimized,3,query_union_U5,explain,7.093,ok
prodds,100,o,Optimized,3,query_union_U5,prepare,57.031,ok
prodds,100,o,Optimized,4,__floor__,floor,6.484,ok
prodds,100,o,Optimized,4,query_1,explain,9.561,ok
prodds,100,o,Optimized,4,query_1,prepare,59.890,ok
prodds,100,o,Optimized,4,query_10,explain,7.967,ok
prodds,100,o,Optimized,4,query_10,prepare,244.638,ok
prodds,100,o,Optimized,4,query_11,explain,7.477,ok
prodds,100,o,Optimized,4,query_11,prepare,129.981,ok
prodds,100,o,Optimized,4,query_12,explain,7.897,ok
prodds,100,o,Optimized,4,query_12,prepare,191.926,ok
prodds,100,o,Optimized,4,query_13,explain,8.508,ok
prodds,100,o,Optimized,4,query_13,prepare,122.738,ok
prodds,100,o,Optimized,4,query_14,explain,7.116,ok
prodds,100,o,Optimized,4,query_14,prepare,80.951,ok
prodds,100,o,Optimized,4,query_15,explain,6.994,ok
prodds,100,o,Optimized,4,query_15,prepare,105.003,ok
prodds,100,o,Optimized,4,query_17,explain,7.380,ok
prodds,100,o,Optimized,4,query_17,prepare,109.832,ok
prodds,100,o,Optimized,4,query_18,explain,7.722,ok
prodds,100,o,Optimized,4,query_18,prepare,152.040,ok
prodds,100,o,Optimized,4,query_2,explain,7.457,ok
prodds,100,o,Optimized,4,query_2,prepare,133.358,ok
prodds,100,o,Optimized,4,query_20,explain,13.276,ok
prodds,100,o,Optimized,4,query_20,prepare,282.746,ok
prodds,100,o,Optimized,4,query_21,explain,8.154,ok
prodds,100,o,Optimized,4,query_21,prepare,141.809,ok
prodds,100,o,Optimized,4,query_22,explain,8.286,ok
prodds,100,o,Optimized,4,query_22,prepare,211.427,ok
prodds,100,o,Optimized,4,query_23,explain,9.040,ok
prodds,100,o,Optimized,4,query_23,prepare,209.107,ok
prodds,100,o,Optimized,4,query_24,explain,7.746,ok
prodds,100,o,Optimized,4,query_24,prepare,105.844,ok
prodds,100,o,Optimized,4,query_25,explain,7.707,ok
prodds,100,o,Optimized,4,query_25,prepare,80.742,ok
prodds,100,o,Optimized,4,query_26,explain,8.489,ok
prodds,100,o,Optimized,4,query_26,prepare,284.924,ok
prodds,100,o,Optimized,4,query_27,explain,8.165,ok
prodds,100,o,Optimized,4,query_27,prepare,129.083,ok
prodds,100,o,Optimized,4,query_28,explain,8.851,ok
prodds,100,o,Optimized,4,query_28,prepare,171.318,ok
prodds,100,o,Optimized,4,query_3,explain,9.723,ok
prodds,100,o,Optimized,4,query_3,prepare,355.869,ok
prodds,100,o,Optimized,4,query_30,explain,9.352,ok
prodds,100,o,Optimized,4,query_30,prepare,228.913,ok
prodds,100,o,Optimized,4,query_31,explain,7.796,ok
prodds,100,o,Optimized,4,query_31,prepare,142.323,ok
prodds,100,o,Optimized,4,query_32,explain,7.060,ok
prodds,100,o,Optimized,4,query_32,prepare,157.793,ok
prodds,100,o,Optimized,4,query_33,explain,9.282,ok
prodds,100,o,Optimized,4,query_33,prepare,166.661,ok
prodds,100,o,Optimized,4,query_35,explain,6.991,ok
prodds,100,o,Optimized,4,query_35,prepare,216.355,ok
prodds,100,o,Optimized,4,query_36,explain,8.939,ok
prodds,100,o,Optimized,4,query_36,prepare,224.737,ok
prodds,100,o,Optimized,4,query_37,explain,8.308,ok
prodds,100,o,Optimized,4,query_37,prepare,248.107,ok
prodds,100,o,Optimized,4,query_39,explain,9.886,ok
prodds,100,o,Optimized,4,query_39,prepare,267.819,ok
prodds,100,o,Optimized,4,query_4,explain,9.525,ok
prodds,100,o,Optimized,4,query_4,prepare,141.020,ok
prodds,100,o,Optimized,4,query_40,explain,8.769,ok
prodds,100,o,Optimized,4,query_40,prepare,82.740,ok
prodds,100,o,Optimized,4,query_41,explain,9.697,ok
prodds,100,o,Optimized,4,query_41,prepare,340.233,ok
prodds,100,o,Optimized,4,query_42,explain,9.435,ok
prodds,100,o,Optimized,4,query_42,prepare,375.979,ok
prodds,100,o,Optimized,4,query_43,explain,10.245,ok
prodds,100,o,Optimized,4,query_43,prepare,138.839,ok
prodds,100,o,Optimized,4,query_44,explain,7.498,ok
prodds,100,o,Optimized,4,query_44,prepare,69.471,ok
prodds,100,o,Optimized,4,query_45,explain,6.893,ok
prodds,100,o,Optimized,4,query_45,prepare,119.520,ok
prodds,100,o,Optimized,4,query_46,explain,7.085,ok
prodds,100,o,Optimized,4,query_46,prepare,303.399,ok
prodds,100,o,Optimized,4,query_47,explain,9.099,ok
prodds,100,o,Optimized,4,query_47,prepare,238.871,ok
prodds,100,o,Optimized,4,query_48,explain,9.193,ok
prodds,100,o,Optimized,4,query_48,prepare,337.099,ok
prodds,100,o,Optimized,4,query_49,explain,8.775,ok
prodds,100,o,Optimized,4,query_49,prepare,126.513,ok
prodds,100,o,Optimized,4,query_5,explain,7.041,ok
prodds,100,o,Optimized,4,query_5,prepare,104.764,ok
prodds,100,o,Optimized,4,query_50,explain,8.409,ok
prodds,100,o,Optimized,4,query_50,prepare,160.967,ok
prodds,100,o,Optimized,4,query_51,explain,8.503,ok
prodds,100,o,Optimized,4,query_51,prepare,242.976,ok
prodds,100,o,Optimized,4,query_52,explain,7.266,ok
prodds,100,o,Optimized,4,query_52,prepare,69.979,ok
prodds,100,o,Optimized,4,query_53,explain,7.834,ok
prodds,100,o,Optimized,4,query_53,prepare,120.704,ok
prodds,100,o,Optimized,4,query_54,explain,7.248,ok
prodds,100,o,Optimized,4,query_54,prepare,136.097,ok
prodds,100,o,Optimized,4,query_55,explain,6.321,ok
prodds,100,o,Optimized,4,query_55,prepare,127.253,ok
prodds,100,o,Optimized,4,query_56,explain,7.322,ok
prodds,100,o,Optimized,4,query_56,prepare,218.319,ok
prodds,100,o,Optimized,4,query_57,explain,8.086,ok
prodds,100,o,Optimized,4,query_57,prepare,132.611,ok
prodds,100,o,Optimized,4,query_58,explain,7.691,ok
prodds,100,o,Optimized,4,query_58,prepare,126.082,ok
prodds,100,o,Optimized,4,query_59,explain,6.993,ok
prodds,100,o,Optimized,4,query_59,prepare,134.042,ok
prodds,100,o,Optimized,4,query_6,explain,9.816,ok
prodds,100,o,Optimized,4,query_6,prepare,336.864,ok
prodds,100,o,Optimized,4,query_60,explain,8.752,ok
prodds,100,o,Optimized,4,query_60,prepare,164.093,ok
prodds,100,o,Optimized,4,query_61,explain,6.867,ok
prodds,100,o,Optimized,4,query_61,prepare,117.009,ok
prodds,100,o,Optimized,4,query_62,explain,7.763,ok
prodds,100,o,Optimized,4,query_62,prepare,176.971,ok
prodds,100,o,Optimized,4,query_63,explain,8.309,ok
prodds,100,o,Optimized,4,query_63,prepare,172.056,ok
prodds,100,o,Optimized,4,query_64,explain,7.345,ok
prodds,100,o,Optimized,4,query_64,prepare,90.936,ok
prodds,100,o,Optimized,4,query_65,explain,6.803,ok
prodds,100,o,Optimized,4,query_65,prepare,90.282,ok
prodds,100,o,Optimized,4,query_66,explain,10.675,ok
prodds,100,o,Optimized,4,query_66,prepare,281.755,ok
prodds,100,o,Optimized,4,query_67,explain,7.530,ok
prodds,100,o,Optimized,4,query_67,prepare,69.870,ok
prodds,100,o,Optimized,4,query_68,explain,9.091,ok
prodds,100,o,Optimized,4,query_68,prepare,155.627,ok
prodds,100,o,Optimized,4,query_69,explain,10.518,ok
prodds,100,o,Optimized,4,query_69,prepare,444.193,ok
prodds,100,o,Optimized,4,query_7,explain,8.097,ok
prodds,100,o,Optimized,4,query_7,prepare,77.266,ok
prodds,100,o,Optimized,4,query_70,explain,7.818,ok
prodds,100,o,Optimized,4,query_70,prepare,305.852,ok
prodds,100,o,Optimized,4,query_71,explain,8.082,ok
prodds,100,o,Optimized,4,query_71,prepare,172.039,ok
prodds,100,o,Optimized,4,query_73,explain,8.196,ok
prodds,100,o,Optimized,4,query_73,prepare,103.652,ok
prodds,100,o,Optimized,4,query_74,explain,8.579,ok
prodds,100,o,Optimized,4,query_74,prepare,62.665,ok
prodds,100,o,Optimized,4,query_75,explain,7.630,ok
prodds,100,o,Optimized,4,query_75,prepare,136.745,ok
prodds,100,o,Optimized,4,query_76,explain,7.224,ok
prodds,100,o,Optimized,4,query_76,prepare,191.059,ok
prodds,100,o,Optimized,4,query_77,explain,7.652,ok
prodds,100,o,Optimized,4,query_77,prepare,137.502,ok
prodds,100,o,Optimized,4,query_79,explain,7.984,ok
prodds,100,o,Optimized,4,query_79,prepare,120.237,ok
prodds,100,o,Optimized,4,query_8,explain,7.393,ok
prodds,100,o,Optimized,4,query_8,prepare,164.268,ok
prodds,100,o,Optimized,4,query_80,explain,7.048,ok
prodds,100,o,Optimized,4,query_80,prepare,71.752,ok
prodds,100,o,Optimized,4,query_81,explain,8.079,ok
prodds,100,o,Optimized,4,query_81,prepare,151.590,ok
prodds,100,o,Optimized,4,query_82,explain,6.547,ok
prodds,100,o,Optimized,4,query_82,prepare,66.599,ok
prodds,100,o,Optimized,4,query_83,explain,8.256,ok
prodds,100,o,Optimized,4,query_83,prepare,224.334,ok
prodds,100,o,Optimized,4,query_84,explain,8.422,ok
prodds,100,o,Optimized,4,query_84,prepare,143.142,ok
prodds,100,o,Optimized,4,query_85,explain,8.032,ok
prodds,100,o,Optimized,4,query_85,prepare,154.380,ok
prodds,100,o,Optimized,4,query_86,explain,8.428,ok
prodds,100,o,Optimized,4,query_86,prepare,111.032,ok
prodds,100,o,Optimized,4,query_87,explain,11.256,ok
prodds,100,o,Optimized,4,query_87,prepare,165.309,ok
prodds,100,o,Optimized,4,query_88,explain,9.328,ok
prodds,100,o,Optimized,4,query_88,prepare,196.459,ok
prodds,100,o,Optimized,4,query_89,explain,9.089,ok
prodds,100,o,Optimized,4,query_89,prepare,142.817,ok
prodds,100,o,Optimized,4,query_9,explain,9.387,ok
prodds,100,o,Optimized,4,query_9,prepare,221.232,ok
prodds,100,o,Optimized,4,query_91,explain,10.082,ok
prodds,100,o,Optimized,4,query_91,prepare,86.092,ok
prodds,100,o,Optimized,4,query_92,explain,8.980,ok
prodds,100,o,Optimized,4,query_92,prepare,216.002,ok
prodds,100,o,Optimized,4,query_93,explain,9.487,ok
prodds,100,o,Optimized,4,query_93,prepare,396.169,ok
prodds,100,o,Optimized,4,query_94,explain,8.516,ok
prodds,100,o,Optimized,4,query_94,prepare,102.417,ok
prodds,100,o,Optimized,4,query_95,explain,8.702,ok
prodds,100,o,Optimized,4,query_95,prepare,249.792,ok
prodds,100,o,Optimized,4,query_97,explain,8.814,ok
prodds,100,o,Optimized,4,query_97,prepare,123.220,ok
prodds,100,o,Optimized,4,query_98,explain,8.357,ok
prodds,100,o,Optimized,4,query_98,prepare,320.745,ok
prodds,100,o,Optimized,4,query_99,explain,7.857,ok
prodds,100,o,Optimized,4,query_99,prepare,180.195,ok
prodds,100,o,Optimized,4,query_join_J100,explain,24.149,ok
prodds,100,o,Optimized,4,query_join_J100,prepare,1221.468,ok
prodds,100,o,Optimized,4,query_join_J200,explain,44.404,ok
prodds,100,o,Optimized,4,query_join_J200,prepare,2424.876,ok
prodds,100,o,Optimized,4,query_join_J50,explain,19.899,ok
prodds,100,o,Optimized,4,query_join_J50,prepare,702.833,ok
prodds,100,o,Optimized,4,query_union_U10,explain,8.875,ok
prodds,100,o,Optimized,4,query_union_U10,prepare,80.305,ok
prodds,100,o,Optimized,4,query_union_U2,explain,6.760,ok
prodds,100,o,Optimized,4,query_union_U2,prepare,42.710,ok
prodds,100,o,Optimized,4,query_union_U20,explain,7.363,ok
prodds,100,o,Optimized,4,query_union_U20,prepare,123.934,ok
prodds,100,o,Optimized,4,query_union_U5,explain,7.525,ok
prodds,100,o,Optimized,4,query_union_U5,prepare,58.356,ok
prodds,100,o,Optimized,5,__floor__,floor,6.296,ok
prodds,100,o,Optimized,5,query_1,explain,8.193,ok
prodds,100,o,Optimized,5,query_1,prepare,51.143,ok
prodds,100,o,Optimized,5,query_10,explain,7.579,ok
prodds,100,o,Optimized,5,query_10,prepare,243.202,ok
prodds,100,o,Optimized,5,query_11,explain,7.135,ok
prodds,100,o,Optimized,5,query_11,prepare,128.755,ok
prodds,100,o,Optimized,5,query_12,explain,7.436,ok
prodds,100,o,Optimized,5,query_12,prepare,190.998,ok
prodds,100,o,Optimized,5,query_13,explain,7.901,ok
prodds,100,o,Optimized,5,query_13,prepare,120.191,ok
prodds,100,o,Optimized,5,query_14,explain,6.691,ok
prodds,100,o,Optimized,5,query_14,prepare,79.973,ok
prodds,100,o,Optimized,5,query_15,explain,6.790,ok
prodds,100,o,Optimized,5,query_15,prepare,104.289,ok
prodds,100,o,Optimized,5,query_17,explain,7.116,ok
prodds,100,o,Optimized,5,query_17,prepare,108.843,ok
prodds,100,o,Optimized,5,query_18,explain,7.433,ok
prodds,100,o,Optimized,5,query_18,prepare,150.817,ok
prodds,100,o,Optimized,5,query_2,explain,7.202,ok
prodds,100,o,Optimized,5,query_2,prepare,133.109,ok
prodds,100,o,Optimized,5,query_20,explain,13.362,ok
prodds,100,o,Optimized,5,query_20,prepare,280.995,ok
prodds,100,o,Optimized,5,query_21,explain,7.732,ok
prodds,100,o,Optimized,5,query_21,prepare,141.079,ok
prodds,100,o,Optimized,5,query_22,explain,8.123,ok
prodds,100,o,Optimized,5,query_22,prepare,210.080,ok
prodds,100,o,Optimized,5,query_23,explain,8.877,ok
prodds,100,o,Optimized,5,query_23,prepare,207.440,ok
prodds,100,o,Optimized,5,query_24,explain,7.697,ok
prodds,100,o,Optimized,5,query_24,prepare,105.460,ok
prodds,100,o,Optimized,5,query_25,explain,7.685,ok
prodds,100,o,Optimized,5,query_25,prepare,80.671,ok
prodds,100,o,Optimized,5,query_26,explain,8.297,ok
prodds,100,o,Optimized,5,query_26,prepare,282.957,ok
prodds,100,o,Optimized,5,query_27,explain,7.832,ok
prodds,100,o,Optimized,5,query_27,prepare,128.232,ok
prodds,100,o,Optimized,5,query_28,explain,7.741,ok
prodds,100,o,Optimized,5,query_28,prepare,168.660,ok
prodds,100,o,Optimized,5,query_3,explain,9.203,ok
prodds,100,o,Optimized,5,query_3,prepare,353.613,ok
prodds,100,o,Optimized,5,query_30,explain,8.669,ok
prodds,100,o,Optimized,5,query_30,prepare,228.979,ok
prodds,100,o,Optimized,5,query_31,explain,7.704,ok
prodds,100,o,Optimized,5,query_31,prepare,143.639,ok
prodds,100,o,Optimized,5,query_32,explain,7.150,ok
prodds,100,o,Optimized,5,query_32,prepare,157.616,ok
prodds,100,o,Optimized,5,query_33,explain,11.584,ok
prodds,100,o,Optimized,5,query_33,prepare,171.109,ok
prodds,100,o,Optimized,5,query_35,explain,7.370,ok
prodds,100,o,Optimized,5,query_35,prepare,221.002,ok
prodds,100,o,Optimized,5,query_36,explain,9.763,ok
prodds,100,o,Optimized,5,query_36,prepare,226.771,ok
prodds,100,o,Optimized,5,query_37,explain,8.058,ok
prodds,100,o,Optimized,5,query_37,prepare,247.405,ok
prodds,100,o,Optimized,5,query_39,explain,9.556,ok
prodds,100,o,Optimized,5,query_39,prepare,255.586,ok
prodds,100,o,Optimized,5,query_4,explain,8.697,ok
prodds,100,o,Optimized,5,query_4,prepare,134.424,ok
prodds,100,o,Optimized,5,query_40,explain,7.982,ok
prodds,100,o,Optimized,5,query_40,prepare,79.747,ok
prodds,100,o,Optimized,5,query_41,explain,8.704,ok
prodds,100,o,Optimized,5,query_41,prepare,324.452,ok
prodds,100,o,Optimized,5,query_42,explain,9.090,ok
prodds,100,o,Optimized,5,query_42,prepare,353.657,ok
prodds,100,o,Optimized,5,query_43,explain,9.161,ok
prodds,100,o,Optimized,5,query_43,prepare,137.867,ok
prodds,100,o,Optimized,5,query_44,explain,7.302,ok
prodds,100,o,Optimized,5,query_44,prepare,69.709,ok
prodds,100,o,Optimized,5,query_45,explain,6.941,ok
prodds,100,o,Optimized,5,query_45,prepare,121.232,ok
prodds,100,o,Optimized,5,query_46,explain,7.130,ok
prodds,100,o,Optimized,5,query_46,prepare,304.683,ok
prodds,100,o,Optimized,5,query_47,explain,8.968,ok
prodds,100,o,Optimized,5,query_47,prepare,239.671,ok
prodds,100,o,Optimized,5,query_48,explain,9.209,ok
prodds,100,o,Optimized,5,query_48,prepare,341.076,ok
prodds,100,o,Optimized,5,query_49,explain,9.718,ok
prodds,100,o,Optimized,5,query_49,prepare,128.607,ok
prodds,100,o,Optimized,5,query_5,explain,7.076,ok
prodds,100,o,Optimized,5,query_5,prepare,104.449,ok
prodds,100,o,Optimized,5,query_50,explain,8.138,ok
prodds,100,o,Optimized,5,query_50,prepare,161.082,ok
prodds,100,o,Optimized,5,query_51,explain,8.362,ok
prodds,100,o,Optimized,5,query_51,prepare,244.079,ok
prodds,100,o,Optimized,5,query_52,explain,7.068,ok
prodds,100,o,Optimized,5,query_52,prepare,69.920,ok
prodds,100,o,Optimized,5,query_53,explain,7.480,ok
prodds,100,o,Optimized,5,query_53,prepare,119.903,ok
prodds,100,o,Optimized,5,query_54,explain,6.922,ok
prodds,100,o,Optimized,5,query_54,prepare,137.184,ok
prodds,100,o,Optimized,5,query_55,explain,6.505,ok
prodds,100,o,Optimized,5,query_55,prepare,128.083,ok
prodds,100,o,Optimized,5,query_56,explain,7.307,ok
prodds,100,o,Optimized,5,query_56,prepare,217.591,ok
prodds,100,o,Optimized,5,query_57,explain,8.377,ok
prodds,100,o,Optimized,5,query_57,prepare,133.092,ok
prodds,100,o,Optimized,5,query_58,explain,7.847,ok
prodds,100,o,Optimized,5,query_58,prepare,126.367,ok
prodds,100,o,Optimized,5,query_59,explain,7.012,ok
prodds,100,o,Optimized,5,query_59,prepare,134.226,ok
prodds,100,o,Optimized,5,query_6,explain,9.601,ok
prodds,100,o,Optimized,5,query_6,prepare,342.202,ok
prodds,100,o,Optimized,5,query_60,explain,9.623,ok
prodds,100,o,Optimized,5,query_60,prepare,164.584,ok
prodds,100,o,Optimized,5,query_61,explain,7.007,ok
prodds,100,o,Optimized,5,query_61,prepare,118.507,ok
prodds,100,o,Optimized,5,query_62,explain,7.902,ok
prodds,100,o,Optimized,5,query_62,prepare,184.154,ok
prodds,100,o,Optimized,5,query_63,explain,10.243,ok
prodds,100,o,Optimized,5,query_63,prepare,182.109,ok
prodds,100,o,Optimized,5,query_64,explain,8.480,ok
prodds,100,o,Optimized,5,query_64,prepare,96.930,ok
prodds,100,o,Optimized,5,query_65,explain,8.584,ok
prodds,100,o,Optimized,5,query_65,prepare,97.248,ok
prodds,100,o,Optimized,5,query_66,explain,12.647,ok
prodds,100,o,Optimized,5,query_66,prepare,295.052,ok
prodds,100,o,Optimized,5,query_67,explain,8.782,ok
prodds,100,o,Optimized,5,query_67,prepare,74.853,ok
prodds,100,o,Optimized,5,query_68,explain,10.653,ok
prodds,100,o,Optimized,5,query_68,prepare,165.650,ok
prodds,100,o,Optimized,5,query_69,explain,12.315,ok
prodds,100,o,Optimized,5,query_69,prepare,455.615,ok
prodds,100,o,Optimized,5,query_7,explain,7.903,ok
prodds,100,o,Optimized,5,query_7,prepare,76.601,ok
prodds,100,o,Optimized,5,query_70,explain,7.909,ok
prodds,100,o,Optimized,5,query_70,prepare,308.332,ok
prodds,100,o,Optimized,5,query_71,explain,7.990,ok
prodds,100,o,Optimized,5,query_71,prepare,172.061,ok
prodds,100,o,Optimized,5,query_73,explain,8.413,ok
prodds,100,o,Optimized,5,query_73,prepare,103.548,ok
prodds,100,o,Optimized,5,query_74,explain,8.527,ok
prodds,100,o,Optimized,5,query_74,prepare,62.669,ok
prodds,100,o,Optimized,5,query_75,explain,7.838,ok
prodds,100,o,Optimized,5,query_75,prepare,141.215,ok
prodds,100,o,Optimized,5,query_76,explain,8.761,ok
prodds,100,o,Optimized,5,query_76,prepare,194.226,ok
prodds,100,o,Optimized,5,query_77,explain,7.755,ok
prodds,100,o,Optimized,5,query_77,prepare,138.878,ok
prodds,100,o,Optimized,5,query_79,explain,8.545,ok
prodds,100,o,Optimized,5,query_79,prepare,121.416,ok
prodds,100,o,Optimized,5,query_8,explain,7.872,ok
prodds,100,o,Optimized,5,query_8,prepare,166.370,ok
prodds,100,o,Optimized,5,query_80,explain,7.662,ok
prodds,100,o,Optimized,5,query_80,prepare,72.089,ok
prodds,100,o,Optimized,5,query_81,explain,8.135,ok
prodds,100,o,Optimized,5,query_81,prepare,152.961,ok
prodds,100,o,Optimized,5,query_82,explain,7.134,ok
prodds,100,o,Optimized,5,query_82,prepare,67.844,ok
prodds,100,o,Optimized,5,query_83,explain,8.608,ok
prodds,100,o,Optimized,5,query_83,prepare,229.417,ok
prodds,100,o,Optimized,5,query_84,explain,9.599,ok
prodds,100,o,Optimized,5,query_84,prepare,143.779,ok
prodds,100,o,Optimized,5,query_85,explain,8.550,ok
prodds,100,o,Optimized,5,query_85,prepare,146.863,ok
prodds,100,o,Optimized,5,query_86,explain,7.912,ok
prodds,100,o,Optimized,5,query_86,prepare,106.051,ok
prodds,100,o,Optimized,5,query_87,explain,10.542,ok
prodds,100,o,Optimized,5,query_87,prepare,158.499,ok
prodds,100,o,Optimized,5,query_88,explain,8.438,ok
prodds,100,o,Optimized,5,query_88,prepare,188.926,ok
prodds,100,o,Optimized,5,query_89,explain,9.044,ok
prodds,100,o,Optimized,5,query_89,prepare,138.556,ok
prodds,100,o,Optimized,5,query_9,explain,9.141,ok
prodds,100,o,Optimized,5,query_9,prepare,209.651,ok
prodds,100,o,Optimized,5,query_91,explain,9.780,ok
prodds,100,o,Optimized,5,query_91,prepare,82.076,ok
prodds,100,o,Optimized,5,query_92,explain,8.403,ok
prodds,100,o,Optimized,5,query_92,prepare,210.561,ok
prodds,100,o,Optimized,5,query_93,explain,10.170,ok
prodds,100,o,Optimized,5,query_93,prepare,403.568,ok
prodds,100,o,Optimized,5,query_94,explain,8.044,ok
prodds,100,o,Optimized,5,query_94,prepare,103.772,ok
prodds,100,o,Optimized,5,query_95,explain,9.384,ok
prodds,100,o,Optimized,5,query_95,prepare,250.287,ok
prodds,100,o,Optimized,5,query_97,explain,8.989,ok
prodds,100,o,Optimized,5,query_97,prepare,125.080,ok
prodds,100,o,Optimized,5,query_98,explain,8.992,ok
prodds,100,o,Optimized,5,query_98,prepare,324.058,ok
prodds,100,o,Optimized,5,query_99,explain,8.165,ok
prodds,100,o,Optimized,5,query_99,prepare,184.985,ok
prodds,100,o,Optimized,5,query_join_J100,explain,25.593,ok
prodds,100,o,Optimized,5,query_join_J100,prepare,1270.363,ok
prodds,100,o,Optimized,5,query_join_J200,explain,44.769,ok
prodds,100,o,Optimized,5,query_join_J200,prepare,2494.267,ok
prodds,100,o,Optimized,5,query_join_J50,explain,19.632,ok
prodds,100,o,Optimized,5,query_join_J50,prepare,694.080,ok
prodds,100,o,Optimized,5,query_union_U10,explain,7.759,ok
prodds,100,o,Optimized,5,query_union_U10,prepare,79.020,ok
prodds,100,o,Optimized,5,query_union_U2,explain,5.929,ok
prodds,100,o,Optimized,5,query_union_U2,prepare,42.116,ok
prodds,100,o,Optimized,5,query_union_U20,explain,6.848,ok
prodds,100,o,Optimized,5,query_union_U20,prepare,123.253,ok
prodds,100,o,Optimized,5,query_union_U5,explain,6.962,ok
prodds,100,o,Optimized,5,query_union_U5,prepare,57.335,ok
tpcds,100,i,Interpreted,1,__floor__,floor,0.202,ok
tpcds,100,i,Interpreted,1,query_1,explain,1.152,ok
tpcds,100,i,Interpreted,1,query_1,prepare,1.239,ok
tpcds,100,i,Interpreted,1,query_10,explain,2.270,ok
tpcds,100,i,Interpreted,1,query_10,prepare,4.316,ok
tpcds,100,i,Interpreted,1,query_11,explain,0.720,ok
tpcds,100,i,Interpreted,1,query_11,prepare,2.112,ok
tpcds,100,i,Interpreted,1,query_12,explain,1.074,ok
tpcds,100,i,Interpreted,1,query_12,prepare,2.179,ok
tpcds,100,i,Interpreted,1,query_13,explain,1.561,ok
tpcds,100,i,Interpreted,1,query_13,prepare,2.852,ok
tpcds,100,i,Interpreted,1,query_14,explain,0.698,ok
tpcds,100,i,Interpreted,1,query_14,prepare,1.722,ok
tpcds,100,i,Interpreted,1,query_15,explain,0.707,ok
tpcds,100,i,Interpreted,1,query_15,prepare,1.856,ok
tpcds,100,i,Interpreted,1,query_16,explain,0.964,ok
tpcds,100,i,Interpreted,1,query_16,prepare,2.451,ok
tpcds,100,i,Interpreted,1,query_17,explain,1.151,ok
tpcds,100,i,Interpreted,1,query_17,prepare,2.158,ok
tpcds,100,i,Interpreted,1,query_18,explain,1.259,ok
tpcds,100,i,Interpreted,1,query_18,prepare,2.526,ok
tpcds,100,i,Interpreted,1,query_19,explain,2.596,ok
tpcds,100,i,Interpreted,1,query_19,prepare,4.751,ok
tpcds,100,i,Interpreted,1,query_2,explain,0.998,ok
tpcds,100,i,Interpreted,1,query_2,prepare,1.991,ok
tpcds,100,i,Interpreted,1,query_20,explain,6.085,ok
tpcds,100,i,Interpreted,1,query_20,prepare,10.571,ok
tpcds,100,i,Interpreted,1,query_21,explain,0.964,ok
tpcds,100,i,Interpreted,1,query_21,prepare,2.324,ok
tpcds,100,i,Interpreted,1,query_22,explain,2.034,ok
tpcds,100,i,Interpreted,1,query_22,prepare,4.073,ok
tpcds,100,i,Interpreted,1,query_23,explain,1.751,ok
tpcds,100,i,Interpreted,1,query_23,prepare,3.348,ok
tpcds,100,i,Interpreted,1,query_24,explain,1.289,ok
tpcds,100,i,Interpreted,1,query_24,prepare,2.498,ok
tpcds,100,i,Interpreted,1,query_25,explain,1.399,ok
tpcds,100,i,Interpreted,1,query_25,prepare,2.468,ok
tpcds,100,i,Interpreted,1,query_26,explain,1.913,ok
tpcds,100,i,Interpreted,1,query_26,prepare,3.502,ok
tpcds,100,i,Interpreted,1,query_27,explain,1.141,ok
tpcds,100,i,Interpreted,1,query_27,prepare,2.582,ok
tpcds,100,i,Interpreted,1,query_28,explain,1.661,ok
tpcds,100,i,Interpreted,1,query_28,prepare,3.216,ok
tpcds,100,i,Interpreted,1,query_29,explain,2.008,ok
tpcds,100,i,Interpreted,1,query_29,prepare,4.209,ok
tpcds,100,i,Interpreted,1,query_3,explain,2.908,ok
tpcds,100,i,Interpreted,1,query_3,prepare,5.650,ok
tpcds,100,i,Interpreted,1,query_30,explain,1.419,ok
tpcds,100,i,Interpreted,1,query_30,prepare,3.127,ok
tpcds,100,i,Interpreted,1,query_31,explain,0.893,ok
tpcds,100,i,Interpreted,1,query_31,prepare,1.773,ok
tpcds,100,i,Interpreted,1,query_32,explain,0.779,ok
tpcds,100,i,Interpreted,1,query_32,prepare,2.312,ok
tpcds,100,i,Interpreted,1,query_33,explain,2.960,ok
tpcds,100,i,Interpreted,1,query_33,prepare,4.751,ok
tpcds,100,i,Interpreted,1,query_34,explain,1.116,ok
tpcds,100,i,Interpreted,1,query_34,prepare,3.580,ok
tpcds,100,i,Interpreted,1,query_35,explain,0.782,ok
tpcds,100,i,Interpreted,1,query_35,prepare,2.735,ok
tpcds,100,i,Interpreted,1,query_36,explain,2.174,ok
tpcds,100,i,Interpreted,1,query_36,prepare,4.392,ok
tpcds,100,i,Interpreted,1,query_37,explain,1.203,ok
tpcds,100,i,Interpreted,1,query_37,prepare,3.426,ok
tpcds,100,i,Interpreted,1,query_38,explain,0.798,ok
tpcds,100,i,Interpreted,1,query_38,prepare,1.700,ok
tpcds,100,i,Interpreted,1,query_39,explain,2.912,ok
tpcds,100,i,Interpreted,1,query_39,prepare,8.406,ok
tpcds,100,i,Interpreted,1,query_4,explain,1.460,ok
tpcds,100,i,Interpreted,1,query_4,prepare,2.620,ok
tpcds,100,i,Interpreted,1,query_40,explain,1.048,ok
tpcds,100,i,Interpreted,1,query_40,prepare,1.575,ok
tpcds,100,i,Interpreted,1,query_41,explain,2.235,ok
tpcds,100,i,Interpreted,1,query_41,prepare,4.337,ok
tpcds,100,i,Interpreted,1,query_42,explain,85.952,ok
tpcds,100,i,Interpreted,1,query_42,prepare,87.053,ok
tpcds,100,i,Interpreted,1,query_43,explain,2.159,ok
tpcds,100,i,Interpreted,1,query_43,prepare,3.200,ok
tpcds,100,i,Interpreted,1,query_44,explain,1.083,ok
tpcds,100,i,Interpreted,1,query_44,prepare,1.859,ok
tpcds,100,i,Interpreted,1,query_45,explain,0.630,ok
tpcds,100,i,Interpreted,1,query_45,prepare,1.485,ok
tpcds,100,i,Interpreted,1,query_46,explain,1.021,ok
tpcds,100,i,Interpreted,1,query_46,prepare,3.574,ok
tpcds,100,i,Interpreted,1,query_47,explain,1.493,ok
tpcds,100,i,Interpreted,1,query_47,prepare,3.128,ok
tpcds,100,i,Interpreted,1,query_48,explain,2.480,ok
tpcds,100,i,Interpreted,1,query_48,prepare,5.499,ok
tpcds,100,i,Interpreted,1,query_49,explain,2.094,ok
tpcds,100,i,Interpreted,1,query_49,prepare,3.553,ok
tpcds,100,i,Interpreted,1,query_5,explain,0.980,ok
tpcds,100,i,Interpreted,1,query_5,prepare,2.097,ok
tpcds,100,i,Interpreted,1,query_50,explain,2.308,ok
tpcds,100,i,Interpreted,1,query_50,prepare,3.775,ok
tpcds,100,i,Interpreted,1,query_51,explain,1.260,ok
tpcds,100,i,Interpreted,1,query_51,prepare,3.538,ok
tpcds,100,i,Interpreted,1,query_52,explain,0.689,ok
tpcds,100,i,Interpreted,1,query_52,prepare,1.334,ok
tpcds,100,i,Interpreted,1,query_53,explain,2.005,ok
tpcds,100,i,Interpreted,1,query_53,prepare,3.772,ok
tpcds,100,i,Interpreted,1,query_54,explain,1.135,ok
tpcds,100,i,Interpreted,1,query_54,prepare,2.354,ok
tpcds,100,i,Interpreted,1,query_55,explain,0.483,ok
tpcds,100,i,Interpreted,1,query_55,prepare,1.752,ok
tpcds,100,i,Interpreted,1,query_56,explain,1.160,ok
tpcds,100,i,Interpreted,1,query_56,prepare,3.202,ok
tpcds,100,i,Interpreted,1,query_57,explain,0.938,ok
tpcds,100,i,Interpreted,1,query_57,prepare,1.781,ok
tpcds,100,i,Interpreted,1,query_58,explain,1.279,ok
tpcds,100,i,Interpreted,1,query_58,prepare,2.554,ok
tpcds,100,i,Interpreted,1,query_59,explain,0.656,ok
tpcds,100,i,Interpreted,1,query_59,prepare,1.477,ok
tpcds,100,i,Interpreted,1,query_6,explain,3.129,ok
tpcds,100,i,Interpreted,1,query_6,prepare,6.629,ok
tpcds,100,i,Interpreted,1,query_60,explain,1.475,ok
tpcds,100,i,Interpreted,1,query_60,prepare,3.139,ok
tpcds,100,i,Interpreted,1,query_61,explain,0.649,ok
tpcds,100,i,Interpreted,1,query_61,prepare,1.299,ok
tpcds,100,i,Interpreted,1,query_62,explain,1.363,ok
tpcds,100,i,Interpreted,1,query_62,prepare,2.169,ok
tpcds,100,i,Interpreted,1,query_63,explain,1.758,ok
tpcds,100,i,Interpreted,1,query_63,prepare,3.294,ok
tpcds,100,i,Interpreted,1,query_64,explain,0.797,ok
tpcds,100,i,Interpreted,1,query_64,prepare,2.386,ok
tpcds,100,i,Interpreted,1,query_65,explain,0.790,ok
tpcds,100,i,Interpreted,1,query_65,prepare,2.398,ok
tpcds,100,i,Interpreted,1,query_66,explain,4.980,ok
tpcds,100,i,Interpreted,1,query_66,prepare,7.075,ok
tpcds,100,i,Interpreted,1,query_67,explain,0.867,ok
tpcds,100,i,Interpreted,1,query_67,prepare,1.663,ok
tpcds,100,i,Interpreted,1,query_68,explain,3.500,ok
tpcds,100,i,Interpreted,1,query_68,prepare,5.185,ok
tpcds,100,i,Interpreted,1,query_69,explain,5.659,ok
tpcds,100,i,Interpreted,1,query_69,prepare,9.470,ok
tpcds,100,i,Interpreted,1,query_7,explain,1.054,ok
tpcds,100,i,Interpreted,1,query_7,prepare,1.637,ok
tpcds,100,i,Interpreted,1,query_70,explain,63.257,ok
tpcds,100,i,Interpreted,1,query_70,prepare,66.998,ok
tpcds,100,i,Interpreted,1,query_71,explain,1.410,ok
tpcds,100,i,Interpreted,1,query_71,prepare,2.829,ok
tpcds,100,i,Interpreted,1,query_72,explain,1.261,ok
tpcds,100,i,Interpreted,1,query_72,prepare,2.874,ok
tpcds,100,i,Interpreted,1,query_73,explain,1.385,ok
tpcds,100,i,Interpreted,1,query_73,prepare,2.367,ok
tpcds,100,i,Interpreted,1,query_74,explain,2.192,ok
tpcds,100,i,Interpreted,1,query_74,prepare,2.887,ok
tpcds,100,i,Interpreted,1,query_75,explain,1.253,ok
tpcds,100,i,Interpreted,1,query_75,prepare,3.398,ok
tpcds,100,i,Interpreted,1,query_76,explain,1.125,ok
tpcds,100,i,Interpreted,1,query_76,prepare,3.128,ok
tpcds,100,i,Interpreted,1,query_77,explain,1.071,ok
tpcds,100,i,Interpreted,1,query_77,prepare,2.385,ok
tpcds,100,i,Interpreted,1,query_78,explain,3.287,ok
tpcds,100,i,Interpreted,1,query_78,prepare,6.544,ok
tpcds,100,i,Interpreted,1,query_79,explain,1.234,ok
tpcds,100,i,Interpreted,1,query_79,prepare,2.046,ok
tpcds,100,i,Interpreted,1,query_8,explain,1.308,ok
tpcds,100,i,Interpreted,1,query_8,prepare,2.687,ok
tpcds,100,i,Interpreted,1,query_80,explain,1.033,ok
tpcds,100,i,Interpreted,1,query_80,prepare,1.889,ok
tpcds,100,i,Interpreted,1,query_81,explain,1.905,ok
tpcds,100,i,Interpreted,1,query_81,prepare,3.689,ok
tpcds,100,i,Interpreted,1,query_82,explain,0.621,ok
tpcds,100,i,Interpreted,1,query_82,prepare,1.456,ok
tpcds,100,i,Interpreted,1,query_83,explain,2.430,ok
tpcds,100,i,Interpreted,1,query_83,prepare,4.426,ok
tpcds,100,i,Interpreted,1,query_84,explain,1.634,ok
tpcds,100,i,Interpreted,1,query_84,prepare,3.061,ok
tpcds,100,i,Interpreted,1,query_85,explain,1.005,ok
tpcds,100,i,Interpreted,1,query_85,prepare,2.115,ok
tpcds,100,i,Interpreted,1,query_86,explain,1.032,ok
tpcds,100,i,Interpreted,1,query_86,prepare,2.310,ok
tpcds,100,i,Interpreted,1,query_87,explain,2.801,ok
tpcds,100,i,Interpreted,1,query_87,prepare,4.462,ok
tpcds,100,i,Interpreted,1,query_88,explain,1.154,ok
tpcds,100,i,Interpreted,1,query_88,prepare,2.599,ok
tpcds,100,i,Interpreted,1,query_89,explain,1.124,ok
tpcds,100,i,Interpreted,1,query_89,prepare,2.437,ok
tpcds,100,i,Interpreted,1,query_9,explain,1.934,ok
tpcds,100,i,Interpreted,1,query_9,prepare,3.485,ok
tpcds,100,i,Interpreted,1,query_90,explain,1.538,ok
tpcds,100,i,Interpreted,1,query_90,prepare,3.811,ok
tpcds,100,i,Interpreted,1,query_91,explain,2.497,ok
tpcds,100,i,Interpreted,1,query_91,prepare,3.553,ok
tpcds,100,i,Interpreted,1,query_92,explain,1.969,ok
tpcds,100,i,Interpreted,1,query_92,prepare,4.112,ok
tpcds,100,i,Interpreted,1,query_93,explain,1.666,ok
tpcds,100,i,Interpreted,1,query_93,prepare,4.931,ok
tpcds,100,i,Interpreted,1,query_94,explain,1.355,ok
tpcds,100,i,Interpreted,1,query_94,prepare,2.301,ok
tpcds,100,i,Interpreted,1,query_95,explain,1.516,ok
tpcds,100,i,Interpreted,1,query_95,prepare,2.990,ok
tpcds,100,i,Interpreted,1,query_96,explain,2.654,ok
tpcds,100,i,Interpreted,1,query_96,prepare,4.662,ok
tpcds,100,i,Interpreted,1,query_97,explain,1.976,ok
tpcds,100,i,Interpreted,1,query_97,prepare,3.290,ok
tpcds,100,i,Interpreted,1,query_98,explain,2.031,ok
tpcds,100,i,Interpreted,1,query_98,prepare,5.020,ok
tpcds,100,i,Interpreted,1,query_99,explain,1.206,ok
tpcds,100,i,Interpreted,1,query_99,prepare,2.875,ok
tpcds,100,i,Interpreted,2,__floor__,floor,0.138,ok
tpcds,100,i,Interpreted,2,query_1,explain,0.682,ok
tpcds,100,i,Interpreted,2,query_1,prepare,0.978,ok
tpcds,100,i,Interpreted,2,query_10,explain,2.127,ok
tpcds,100,i,Interpreted,2,query_10,prepare,3.843,ok
tpcds,100,i,Interpreted,2,query_11,explain,0.669,ok
tpcds,100,i,Interpreted,2,query_11,prepare,1.755,ok
tpcds,100,i,Interpreted,2,query_12,explain,1.036,ok
tpcds,100,i,Interpreted,2,query_12,prepare,1.887,ok
tpcds,100,i,Interpreted,2,query_13,explain,1.468,ok
tpcds,100,i,Interpreted,2,query_13,prepare,2.572,ok
tpcds,100,i,Interpreted,2,query_14,explain,0.665,ok
tpcds,100,i,Interpreted,2,query_14,prepare,1.462,ok
tpcds,100,i,Interpreted,2,query_15,explain,0.671,ok
tpcds,100,i,Interpreted,2,query_15,prepare,1.620,ok
tpcds,100,i,Interpreted,2,query_16,explain,0.949,ok
tpcds,100,i,Interpreted,2,query_16,prepare,2.163,ok
tpcds,100,i,Interpreted,2,query_17,explain,1.100,ok
tpcds,100,i,Interpreted,2,query_17,prepare,1.892,ok
tpcds,100,i,Interpreted,2,query_18,explain,1.158,ok
tpcds,100,i,Interpreted,2,query_18,prepare,2.235,ok
tpcds,100,i,Interpreted,2,query_19,explain,2.375,ok
tpcds,100,i,Interpreted,2,query_19,prepare,4.172,ok
tpcds,100,i,Interpreted,2,query_2,explain,0.944,ok
tpcds,100,i,Interpreted,2,query_2,prepare,1.821,ok
tpcds,100,i,Interpreted,2,query_20,explain,5.775,ok
tpcds,100,i,Interpreted,2,query_20,prepare,9.534,ok
tpcds,100,i,Interpreted,2,query_21,explain,0.958,ok
tpcds,100,i,Interpreted,2,query_21,prepare,2.182,ok
tpcds,100,i,Interpreted,2,query_22,explain,1.928,ok
tpcds,100,i,Interpreted,2,query_22,prepare,3.558,ok
tpcds,100,i,Interpreted,2,query_23,explain,1.860,ok
tpcds,100,i,Interpreted,2,query_23,prepare,2.970,ok
tpcds,100,i,Interpreted,2,query_24,explain,1.238,ok
tpcds,100,i,Interpreted,2,query_24,prepare,2.325,ok
tpcds,100,i,Interpreted,2,query_25,explain,1.358,ok
tpcds,100,i,Interpreted,2,query_25,prepare,2.229,ok
tpcds,100,i,Interpreted,2,query_26,explain,1.708,ok
tpcds,100,i,Interpreted,2,query_26,prepare,3.140,ok
tpcds,100,i,Interpreted,2,query_27,explain,1.139,ok
tpcds,100,i,Interpreted,2,query_27,prepare,2.296,ok
tpcds,100,i,Interpreted,2,query_28,explain,1.567,ok
tpcds,100,i,Interpreted,2,query_28,prepare,2.819,ok
tpcds,100,i,Interpreted,2,query_29,explain,1.900,ok
tpcds,100,i,Interpreted,2,query_29,prepare,3.659,ok
tpcds,100,i,Interpreted,2,query_3,explain,2.789,ok
tpcds,100,i,Interpreted,2,query_3,prepare,5.180,ok
tpcds,100,i,Interpreted,2,query_30,explain,1.429,ok
tpcds,100,i,Interpreted,2,query_30,prepare,2.810,ok
tpcds,100,i,Interpreted,2,query_31,explain,0.888,ok
tpcds,100,i,Interpreted,2,query_31,prepare,1.536,ok
tpcds,100,i,Interpreted,2,query_32,explain,0.812,ok
tpcds,100,i,Interpreted,2,query_32,prepare,2.158,ok
tpcds,100,i,Interpreted,2,query_33,explain,2.898,ok
tpcds,100,i,Interpreted,2,query_33,prepare,4.471,ok
tpcds,100,i,Interpreted,2,query_34,explain,1.083,ok
tpcds,100,i,Interpreted,2,query_34,prepare,2.986,ok
tpcds,100,i,Interpreted,2,query_35,explain,0.783,ok
tpcds,100,i,Interpreted,2,query_35,prepare,2.603,ok
tpcds,100,i,Interpreted,2,query_36,explain,2.080,ok
tpcds,100,i,Interpreted,2,query_36,prepare,3.994,ok
tpcds,100,i,Interpreted,2,query_37,explain,1.199,ok
tpcds,100,i,Interpreted,2,query_37,prepare,3.246,ok
tpcds,100,i,Interpreted,2,query_38,explain,0.805,ok
tpcds,100,i,Interpreted,2,query_38,prepare,1.507,ok
tpcds,100,i,Interpreted,2,query_39,explain,2.621,ok
tpcds,100,i,Interpreted,2,query_39,prepare,7.331,ok
tpcds,100,i,Interpreted,2,query_4,explain,1.416,ok
tpcds,100,i,Interpreted,2,query_4,prepare,2.611,ok
tpcds,100,i,Interpreted,2,query_40,explain,1.052,ok
tpcds,100,i,Interpreted,2,query_40,prepare,1.534,ok
tpcds,100,i,Interpreted,2,query_41,explain,2.138,ok
tpcds,100,i,Interpreted,2,query_41,prepare,3.965,ok
tpcds,100,i,Interpreted,2,query_42,explain,83.941,ok
tpcds,100,i,Interpreted,2,query_42,prepare,89.378,ok
tpcds,100,i,Interpreted,2,query_43,explain,2.645,ok
tpcds,100,i,Interpreted,2,query_43,prepare,2.998,ok
tpcds,100,i,Interpreted,2,query_44,explain,1.141,ok
tpcds,100,i,Interpreted,2,query_44,prepare,1.805,ok
tpcds,100,i,Interpreted,2,query_45,explain,0.661,ok
tpcds,100,i,Interpreted,2,query_45,prepare,1.463,ok
tpcds,100,i,Interpreted,2,query_46,explain,0.996,ok
tpcds,100,i,Interpreted,2,query_46,prepare,3.384,ok
tpcds,100,i,Interpreted,2,query_47,explain,1.684,ok
tpcds,100,i,Interpreted,2,query_47,prepare,3.098,ok
tpcds,100,i,Interpreted,2,query_48,explain,2.564,ok
tpcds,100,i,Interpreted,2,query_48,prepare,5.141,ok
tpcds,100,i,Interpreted,2,query_49,explain,2.132,ok
tpcds,100,i,Interpreted,2,query_49,prepare,3.348,ok
tpcds,100,i,Interpreted,2,query_5,explain,1.093,ok
tpcds,100,i,Interpreted,2,query_5,prepare,2.095,ok
tpcds,100,i,Interpreted,2,query_50,explain,2.062,ok
tpcds,100,i,Interpreted,2,query_50,prepare,3.600,ok
tpcds,100,i,Interpreted,2,query_51,explain,1.224,ok
tpcds,100,i,Interpreted,2,query_51,prepare,3.545,ok
tpcds,100,i,Interpreted,2,query_52,explain,0.755,ok
tpcds,100,i,Interpreted,2,query_52,prepare,1.357,ok
tpcds,100,i,Interpreted,2,query_53,explain,1.910,ok
tpcds,100,i,Interpreted,2,query_53,prepare,3.523,ok
tpcds,100,i,Interpreted,2,query_54,explain,1.118,ok
tpcds,100,i,Interpreted,2,query_54,prepare,2.308,ok
tpcds,100,i,Interpreted,2,query_55,explain,0.490,ok
tpcds,100,i,Interpreted,2,query_55,prepare,1.732,ok
tpcds,100,i,Interpreted,2,query_56,explain,1.216,ok
tpcds,100,i,Interpreted,2,query_56,prepare,3.078,ok
tpcds,100,i,Interpreted,2,query_57,explain,0.967,ok
tpcds,100,i,Interpreted,2,query_57,prepare,1.702,ok
tpcds,100,i,Interpreted,2,query_58,explain,1.216,ok
tpcds,100,i,Interpreted,2,query_58,prepare,2.434,ok
tpcds,100,i,Interpreted,2,query_59,explain,0.666,ok
tpcds,100,i,Interpreted,2,query_59,prepare,1.454,ok
tpcds,100,i,Interpreted,2,query_6,explain,3.112,ok
tpcds,100,i,Interpreted,2,query_6,prepare,6.383,ok
tpcds,100,i,Interpreted,2,query_60,explain,1.515,ok
tpcds,100,i,Interpreted,2,query_60,prepare,3.072,ok
tpcds,100,i,Interpreted,2,query_61,explain,0.677,ok
tpcds,100,i,Interpreted,2,query_61,prepare,1.297,ok
tpcds,100,i,Interpreted,2,query_62,explain,1.393,ok
tpcds,100,i,Interpreted,2,query_62,prepare,2.170,ok
tpcds,100,i,Interpreted,2,query_63,explain,1.805,ok
tpcds,100,i,Interpreted,2,query_63,prepare,3.152,ok
tpcds,100,i,Interpreted,2,query_64,explain,0.824,ok
tpcds,100,i,Interpreted,2,query_64,prepare,2.376,ok
tpcds,100,i,Interpreted,2,query_65,explain,0.882,ok
tpcds,100,i,Interpreted,2,query_65,prepare,2.435,ok
tpcds,100,i,Interpreted,2,query_66,explain,4.875,ok
tpcds,100,i,Interpreted,2,query_66,prepare,6.784,ok
tpcds,100,i,Interpreted,2,query_67,explain,0.894,ok
tpcds,100,i,Interpreted,2,query_67,prepare,1.603,ok
tpcds,100,i,Interpreted,2,query_68,explain,3.421,ok
tpcds,100,i,Interpreted,2,query_68,prepare,5.095,ok
tpcds,100,i,Interpreted,2,query_69,explain,5.485,ok
tpcds,100,i,Interpreted,2,query_69,prepare,9.239,ok
tpcds,100,i,Interpreted,2,query_7,explain,1.074,ok
tpcds,100,i,Interpreted,2,query_7,prepare,1.621,ok
tpcds,100,i,Interpreted,2,query_70,explain,64.034,ok
tpcds,100,i,Interpreted,2,query_70,prepare,64.868,ok
tpcds,100,i,Interpreted,2,query_71,explain,1.849,ok
tpcds,100,i,Interpreted,2,query_71,prepare,3.059,ok
tpcds,100,i,Interpreted,2,query_72,explain,1.765,ok
tpcds,100,i,Interpreted,2,query_72,prepare,2.857,ok
tpcds,100,i,Interpreted,2,query_73,explain,1.960,ok
tpcds,100,i,Interpreted,2,query_73,prepare,2.550,ok
tpcds,100,i,Interpreted,2,query_74,explain,2.569,ok
tpcds,100,i,Interpreted,2,query_74,prepare,3.051,ok
tpcds,100,i,Interpreted,2,query_75,explain,1.525,ok
tpcds,100,i,Interpreted,2,query_75,prepare,3.500,ok
tpcds,100,i,Interpreted,2,query_76,explain,1.107,ok
tpcds,100,i,Interpreted,2,query_76,prepare,3.330,ok
tpcds,100,i,Interpreted,2,query_77,explain,1.076,ok
tpcds,100,i,Interpreted,2,query_77,prepare,2.500,ok
tpcds,100,i,Interpreted,2,query_78,explain,3.500,ok
tpcds,100,i,Interpreted,2,query_78,prepare,6.300,ok
tpcds,100,i,Interpreted,2,query_79,explain,1.243,ok
tpcds,100,i,Interpreted,2,query_79,prepare,2.023,ok
tpcds,100,i,Interpreted,2,query_8,explain,1.289,ok
tpcds,100,i,Interpreted,2,query_8,prepare,2.558,ok
tpcds,100,i,Interpreted,2,query_80,explain,1.076,ok
tpcds,100,i,Interpreted,2,query_80,prepare,1.806,ok
tpcds,100,i,Interpreted,2,query_81,explain,1.792,ok
tpcds,100,i,Interpreted,2,query_81,prepare,3.522,ok
tpcds,100,i,Interpreted,2,query_82,explain,0.860,ok
tpcds,100,i,Interpreted,2,query_82,prepare,1.424,ok
tpcds,100,i,Interpreted,2,query_83,explain,2.331,ok
tpcds,100,i,Interpreted,2,query_83,prepare,4.399,ok
tpcds,100,i,Interpreted,2,query_84,explain,1.707,ok
tpcds,100,i,Interpreted,2,query_84,prepare,2.897,ok
tpcds,100,i,Interpreted,2,query_85,explain,1.029,ok
tpcds,100,i,Interpreted,2,query_85,prepare,2.031,ok
tpcds,100,i,Interpreted,2,query_86,explain,1.057,ok
tpcds,100,i,Interpreted,2,query_86,prepare,2.297,ok
tpcds,100,i,Interpreted,2,query_87,explain,2.824,ok
tpcds,100,i,Interpreted,2,query_87,prepare,4.348,ok
tpcds,100,i,Interpreted,2,query_88,explain,1.300,ok
tpcds,100,i,Interpreted,2,query_88,prepare,2.449,ok
tpcds,100,i,Interpreted,2,query_89,explain,1.130,ok
tpcds,100,i,Interpreted,2,query_89,prepare,2.337,ok
tpcds,100,i,Interpreted,2,query_9,explain,1.826,ok
tpcds,100,i,Interpreted,2,query_9,prepare,3.366,ok
tpcds,100,i,Interpreted,2,query_90,explain,1.519,ok
tpcds,100,i,Interpreted,2,query_90,prepare,3.798,ok
tpcds,100,i,Interpreted,2,query_91,explain,2.521,ok
tpcds,100,i,Interpreted,2,query_91,prepare,3.445,ok
tpcds,100,i,Interpreted,2,query_92,explain,2.007,ok
tpcds,100,i,Interpreted,2,query_92,prepare,4.107,ok
tpcds,100,i,Interpreted,2,query_93,explain,1.637,ok
tpcds,100,i,Interpreted,2,query_93,prepare,4.762,ok
tpcds,100,i,Interpreted,2,query_94,explain,1.339,ok
tpcds,100,i,Interpreted,2,query_94,prepare,2.278,ok
tpcds,100,i,Interpreted,2,query_95,explain,1.526,ok
tpcds,100,i,Interpreted,2,query_95,prepare,2.903,ok
tpcds,100,i,Interpreted,2,query_96,explain,2.555,ok
tpcds,100,i,Interpreted,2,query_96,prepare,4.509,ok
tpcds,100,i,Interpreted,2,query_97,explain,1.974,ok
tpcds,100,i,Interpreted,2,query_97,prepare,3.147,ok
tpcds,100,i,Interpreted,2,query_98,explain,1.923,ok
tpcds,100,i,Interpreted,2,query_98,prepare,4.831,ok
tpcds,100,i,Interpreted,2,query_99,explain,1.217,ok
tpcds,100,i,Interpreted,2,query_99,prepare,2.761,ok
tpcds,100,i,Interpreted,3,__floor__,floor,0.172,ok
tpcds,100,i,Interpreted,3,query_1,explain,0.901,ok
tpcds,100,i,Interpreted,3,query_1,prepare,1.258,ok
tpcds,100,i,Interpreted,3,query_10,explain,2.074,ok
tpcds,100,i,Interpreted,3,query_10,prepare,5.886,ok
tpcds,100,i,Interpreted,3,query_11,explain,1.227,ok
tpcds,100,i,Interpreted,3,query_11,prepare,3.236,ok
tpcds,100,i,Interpreted,3,query_12,explain,1.891,ok
tpcds,100,i,Interpreted,3,query_12,prepare,3.467,ok
tpcds,100,i,Interpreted,3,query_13,explain,3.351,ok
tpcds,100,i,Interpreted,3,query_13,prepare,4.647,ok
tpcds,100,i,Interpreted,3,query_14,explain,1.180,ok
tpcds,100,i,Interpreted,3,query_14,prepare,2.644,ok
tpcds,100,i,Interpreted,3,query_15,explain,1.399,ok
tpcds,100,i,Interpreted,3,query_15,prepare,2.945,ok
tpcds,100,i,Interpreted,3,query_16,explain,1.731,ok
tpcds,100,i,Interpreted,3,query_16,prepare,4.154,ok
tpcds,100,i,Interpreted,3,query_17,explain,2.056,ok
tpcds,100,i,Interpreted,3,query_17,prepare,3.469,ok
tpcds,100,i,Interpreted,3,query_18,explain,2.129,ok
tpcds,100,i,Interpreted,3,query_18,prepare,2.941,ok
tpcds,100,i,Interpreted,3,query_19,explain,2.476,ok
tpcds,100,i,Interpreted,3,query_19,prepare,4.518,ok
tpcds,100,i,Interpreted,3,query_2,explain,0.992,ok
tpcds,100,i,Interpreted,3,query_2,prepare,1.947,ok
tpcds,100,i,Interpreted,3,query_20,explain,6.070,ok
tpcds,100,i,Interpreted,3,query_20,prepare,10.176,ok
tpcds,100,i,Interpreted,3,query_21,explain,0.971,ok
tpcds,100,i,Interpreted,3,query_21,prepare,2.339,ok
tpcds,100,i,Interpreted,3,query_22,explain,1.998,ok
tpcds,100,i,Interpreted,3,query_22,prepare,3.788,ok
tpcds,100,i,Interpreted,3,query_23,explain,1.718,ok
tpcds,100,i,Interpreted,3,query_23,prepare,3.053,ok
tpcds,100,i,Interpreted,3,query_24,explain,1.245,ok
tpcds,100,i,Interpreted,3,query_24,prepare,2.328,ok
tpcds,100,i,Interpreted,3,query_25,explain,1.409,ok
tpcds,100,i,Interpreted,3,query_25,prepare,2.388,ok
tpcds,100,i,Interpreted,3,query_26,explain,1.813,ok
tpcds,100,i,Interpreted,3,query_26,prepare,3.363,ok
tpcds,100,i,Interpreted,3,query_27,explain,1.176,ok
tpcds,100,i,Interpreted,3,query_27,prepare,2.301,ok
tpcds,100,i,Interpreted,3,query_28,explain,1.567,ok
tpcds,100,i,Interpreted,3,query_28,prepare,3.076,ok
tpcds,100,i,Interpreted,3,query_29,explain,1.866,ok
tpcds,100,i,Interpreted,3,query_29,prepare,3.928,ok
tpcds,100,i,Interpreted,3,query_3,explain,2.865,ok
tpcds,100,i,Interpreted,3,query_3,prepare,5.481,ok
tpcds,100,i,Interpreted,3,query_30,explain,1.476,ok
tpcds,100,i,Interpreted,3,query_30,prepare,2.886,ok
tpcds,100,i,Interpreted,3,query_31,explain,0.887,ok
tpcds,100,i,Interpreted,3,query_31,prepare,1.650,ok
tpcds,100,i,Interpreted,3,query_32,explain,0.759,ok
tpcds,100,i,Interpreted,3,query_32,prepare,2.311,ok
tpcds,100,i,Interpreted,3,query_33,explain,2.940,ok
tpcds,100,i,Interpreted,3,query_33,prepare,4.652,ok
tpcds,100,i,Interpreted,3,query_34,explain,1.082,ok
tpcds,100,i,Interpreted,3,query_34,prepare,3.107,ok
tpcds,100,i,Interpreted,3,query_35,explain,0.782,ok
tpcds,100,i,Interpreted,3,query_35,prepare,2.629,ok
tpcds,100,i,Interpreted,3,query_36,explain,2.155,ok
tpcds,100,i,Interpreted,3,query_36,prepare,4.200,ok
tpcds,100,i,Interpreted,3,query_37,explain,1.223,ok
tpcds,100,i,Interpreted,3,query_37,prepare,3.486,ok
tpcds,100,i,Interpreted,3,query_38,explain,0.811,ok
tpcds,100,i,Interpreted,3,query_38,prepare,1.577,ok
tpcds,100,i,Interpreted,3,query_39,explain,2.711,ok
tpcds,100,i,Interpreted,3,query_39,prepare,7.769,ok
tpcds,100,i,Interpreted,3,query_4,explain,1.422,ok
tpcds,100,i,Interpreted,3,query_4,prepare,2.643,ok
tpcds,100,i,Interpreted,3,query_40,explain,1.110,ok
tpcds,100,i,Interpreted,3,query_40,prepare,1.540,ok
tpcds,100,i,Interpreted,3,query_41,explain,2.218,ok
tpcds,100,i,Interpreted,3,query_41,prepare,4.087,ok
tpcds,100,i,Interpreted,3,query_42,explain,75.937,ok
tpcds,100,i,Interpreted,3,query_42,prepare,88.035,ok
tpcds,100,i,Interpreted,3,query_43,explain,2.166,ok
tpcds,100,i,Interpreted,3,query_43,prepare,3.019,ok
tpcds,100,i,Interpreted,3,query_44,explain,1.086,ok
tpcds,100,i,Interpreted,3,query_44,prepare,1.704,ok
tpcds,100,i,Interpreted,3,query_45,explain,0.593,ok
tpcds,100,i,Interpreted,3,query_45,prepare,1.369,ok
tpcds,100,i,Interpreted,3,query_46,explain,0.931,ok
tpcds,100,i,Interpreted,3,query_46,prepare,3.013,ok
tpcds,100,i,Interpreted,3,query_47,explain,1.483,ok
tpcds,100,i,Interpreted,3,query_47,prepare,2.940,ok
tpcds,100,i,Interpreted,3,query_48,explain,2.329,ok
tpcds,100,i,Interpreted,3,query_48,prepare,4.971,ok
tpcds,100,i,Interpreted,3,query_49,explain,2.159,ok
tpcds,100,i,Interpreted,3,query_49,prepare,3.329,ok
tpcds,100,i,Interpreted,3,query_5,explain,0.977,ok
tpcds,100,i,Interpreted,3,query_5,prepare,1.997,ok
tpcds,100,i,Interpreted,3,query_50,explain,1.989,ok
tpcds,100,i,Interpreted,3,query_50,prepare,3.502,ok
tpcds,100,i,Interpreted,3,query_51,explain,1.196,ok
tpcds,100,i,Interpreted,3,query_51,prepare,3.468,ok
tpcds,100,i,Interpreted,3,query_52,explain,0.683,ok
tpcds,100,i,Interpreted,3,query_52,prepare,1.359,ok
tpcds,100,i,Interpreted,3,query_53,explain,1.879,ok
tpcds,100,i,Interpreted,3,query_53,prepare,3.462,ok
tpcds,100,i,Interpreted,3,query_54,explain,1.085,ok
tpcds,100,i,Interpreted,3,query_54,prepare,2.275,ok
tpcds,100,i,Interpreted,3,query_55,explain,0.486,ok
tpcds,100,i,Interpreted,3,query_55,prepare,1.671,ok
tpcds,100,i,Interpreted,3,query_56,explain,1.116,ok
tpcds,100,i,Interpreted,3,query_56,prepare,2.955,ok
tpcds,100,i,Interpreted,3,query_57,explain,0.914,ok
tpcds,100,i,Interpreted,3,query_57,prepare,1.709,ok
tpcds,100,i,Interpreted,3,query_58,explain,1.196,ok
tpcds,100,i,Interpreted,3,query_58,prepare,2.375,ok
tpcds,100,i,Interpreted,3,query_59,explain,0.631,ok
tpcds,100,i,Interpreted,3,query_59,prepare,1.347,ok
tpcds,100,i,Interpreted,3,query_6,explain,2.856,ok
tpcds,100,i,Interpreted,3,query_6,prepare,6.258,ok
tpcds,100,i,Interpreted,3,query_60,explain,1.481,ok
tpcds,100,i,Interpreted,3,query_60,prepare,2.887,ok
tpcds,100,i,Interpreted,3,query_61,explain,0.658,ok
tpcds,100,i,Interpreted,3,query_61,prepare,1.220,ok
tpcds,100,i,Interpreted,3,query_62,explain,1.282,ok
tpcds,100,i,Interpreted,3,query_62,prepare,2.179,ok
tpcds,100,i,Interpreted,3,query_63,explain,1.672,ok
tpcds,100,i,Interpreted,3,query_63,prepare,3.048,ok
tpcds,100,i,Interpreted,3,query_64,explain,0.767,ok
tpcds,100,i,Interpreted,3,query_64,prepare,2.132,ok
tpcds,100,i,Interpreted,3,query_65,explain,0.772,ok
tpcds,100,i,Interpreted,3,query_65,prepare,2.183,ok
tpcds,100,i,Interpreted,3,query_66,explain,4.620,ok
tpcds,100,i,Interpreted,3,query_66,prepare,6.886,ok
tpcds,100,i,Interpreted,3,query_67,explain,0.859,ok
tpcds,100,i,Interpreted,3,query_67,prepare,1.598,ok
tpcds,100,i,Interpreted,3,query_68,explain,3.363,ok
tpcds,100,i,Interpreted,3,query_68,prepare,5.048,ok
tpcds,100,i,Interpreted,3,query_69,explain,5.307,ok
tpcds,100,i,Interpreted,3,query_69,prepare,9.122,ok
tpcds,100,i,Interpreted,3,query_7,explain,1.060,ok
tpcds,100,i,Interpreted,3,query_7,prepare,1.704,ok
tpcds,100,i,Interpreted,3,query_70,explain,63.996,ok
tpcds,100,i,Interpreted,3,query_70,prepare,66.612,ok
tpcds,100,i,Interpreted,3,query_71,explain,1.393,ok
tpcds,100,i,Interpreted,3,query_71,prepare,2.643,ok
tpcds,100,i,Interpreted,3,query_72,explain,1.260,ok
tpcds,100,i,Interpreted,3,query_72,prepare,2.387,ok
tpcds,100,i,Interpreted,3,query_73,explain,1.390,ok
tpcds,100,i,Interpreted,3,query_73,prepare,2.181,ok
tpcds,100,i,Interpreted,3,query_74,explain,2.131,ok
tpcds,100,i,Interpreted,3,query_74,prepare,2.706,ok
tpcds,100,i,Interpreted,3,query_75,explain,1.178,ok
tpcds,100,i,Interpreted,3,query_75,prepare,2.887,ok
tpcds,100,i,Interpreted,3,query_76,explain,1.129,ok
tpcds,100,i,Interpreted,3,query_76,prepare,2.866,ok
tpcds,100,i,Interpreted,3,query_77,explain,1.077,ok
tpcds,100,i,Interpreted,3,query_77,prepare,2.080,ok
tpcds,100,i,Interpreted,3,query_78,explain,2.991,ok
tpcds,100,i,Interpreted,3,query_78,prepare,5.809,ok
tpcds,100,i,Interpreted,3,query_79,explain,1.234,ok
tpcds,100,i,Interpreted,3,query_79,prepare,2.001,ok
tpcds,100,i,Interpreted,3,query_8,explain,1.270,ok
tpcds,100,i,Interpreted,3,query_8,prepare,2.452,ok
tpcds,100,i,Interpreted,3,query_80,explain,1.025,ok
tpcds,100,i,Interpreted,3,query_80,prepare,1.708,ok
tpcds,100,i,Interpreted,3,query_81,explain,1.762,ok
tpcds,100,i,Interpreted,3,query_81,prepare,3.470,ok
tpcds,100,i,Interpreted,3,query_82,explain,0.635,ok
tpcds,100,i,Interpreted,3,query_82,prepare,1.386,ok
tpcds,100,i,Interpreted,3,query_83,explain,2.206,ok
tpcds,100,i,Interpreted,3,query_83,prepare,3.963,ok
tpcds,100,i,Interpreted,3,query_84,explain,1.624,ok
tpcds,100,i,Interpreted,3,query_84,prepare,2.875,ok
tpcds,100,i,Interpreted,3,query_85,explain,1.013,ok
tpcds,100,i,Interpreted,3,query_85,prepare,1.856,ok
tpcds,100,i,Interpreted,3,query_86,explain,1.042,ok
tpcds,100,i,Interpreted,3,query_86,prepare,2.057,ok
tpcds,100,i,Interpreted,3,query_87,explain,2.732,ok
tpcds,100,i,Interpreted,3,query_87,prepare,4.142,ok
tpcds,100,i,Interpreted,3,query_88,explain,1.137,ok
tpcds,100,i,Interpreted,3,query_88,prepare,2.404,ok
tpcds,100,i,Interpreted,3,query_89,explain,1.088,ok
tpcds,100,i,Interpreted,3,query_89,prepare,2.187,ok
tpcds,100,i,Interpreted,3,query_9,explain,1.857,ok
tpcds,100,i,Interpreted,3,query_9,prepare,3.369,ok
tpcds,100,i,Interpreted,3,query_90,explain,1.804,ok
tpcds,100,i,Interpreted,3,query_90,prepare,3.344,ok
tpcds,100,i,Interpreted,3,query_91,explain,2.489,ok
tpcds,100,i,Interpreted,3,query_91,prepare,3.360,ok
tpcds,100,i,Interpreted,3,query_92,explain,1.938,ok
tpcds,100,i,Interpreted,3,query_92,prepare,3.709,ok
tpcds,100,i,Interpreted,3,query_93,explain,1.606,ok
tpcds,100,i,Interpreted,3,query_93,prepare,4.073,ok
tpcds,100,i,Interpreted,3,query_94,explain,1.282,ok
tpcds,100,i,Interpreted,3,query_94,prepare,2.245,ok
tpcds,100,i,Interpreted,3,query_95,explain,1.512,ok
tpcds,100,i,Interpreted,3,query_95,prepare,2.733,ok
tpcds,100,i,Interpreted,3,query_96,explain,2.437,ok
tpcds,100,i,Interpreted,3,query_96,prepare,4.137,ok
tpcds,100,i,Interpreted,3,query_97,explain,1.904,ok
tpcds,100,i,Interpreted,3,query_97,prepare,2.996,ok
tpcds,100,i,Interpreted,3,query_98,explain,1.818,ok
tpcds,100,i,Interpreted,3,query_98,prepare,4.381,ok
tpcds,100,i,Interpreted,3,query_99,explain,1.197,ok
tpcds,100,i,Interpreted,3,query_99,prepare,2.666,ok
tpcds,100,i,Interpreted,4,__floor__,floor,0.261,ok
tpcds,100,i,Interpreted,4,query_1,explain,0.820,ok
tpcds,100,i,Interpreted,4,query_1,prepare,1.124,ok
tpcds,100,i,Interpreted,4,query_10,explain,2.119,ok
tpcds,100,i,Interpreted,4,query_10,prepare,4.115,ok
tpcds,100,i,Interpreted,4,query_11,explain,0.719,ok
tpcds,100,i,Interpreted,4,query_11,prepare,1.951,ok
tpcds,100,i,Interpreted,4,query_12,explain,1.087,ok
tpcds,100,i,Interpreted,4,query_12,prepare,2.009,ok
tpcds,100,i,Interpreted,4,query_13,explain,1.518,ok
tpcds,100,i,Interpreted,4,query_13,prepare,2.738,ok
tpcds,100,i,Interpreted,4,query_14,explain,0.685,ok
tpcds,100,i,Interpreted,4,query_14,prepare,1.620,ok
tpcds,100,i,Interpreted,4,query_15,explain,0.710,ok
tpcds,100,i,Interpreted,4,query_15,prepare,1.789,ok
tpcds,100,i,Interpreted,4,query_16,explain,0.965,ok
tpcds,100,i,Interpreted,4,query_16,prepare,2.296,ok
tpcds,100,i,Interpreted,4,query_17,explain,1.140,ok
tpcds,100,i,Interpreted,4,query_17,prepare,1.940,ok
tpcds,100,i,Interpreted,4,query_18,explain,1.159,ok
tpcds,100,i,Interpreted,4,query_18,prepare,2.435,ok
tpcds,100,i,Interpreted,4,query_19,explain,2.409,ok
tpcds,100,i,Interpreted,4,query_19,prepare,4.319,ok
tpcds,100,i,Interpreted,4,query_2,explain,0.955,ok
tpcds,100,i,Interpreted,4,query_2,prepare,1.926,ok
tpcds,100,i,Interpreted,4,query_20,explain,5.958,ok
tpcds,100,i,Interpreted,4,query_20,prepare,9.729,ok
tpcds,100,i,Interpreted,4,query_21,explain,0.963,ok
tpcds,100,i,Interpreted,4,query_21,prepare,2.278,ok
tpcds,100,i,Interpreted,4,query_22,explain,1.934,ok
tpcds,100,i,Interpreted,4,query_22,prepare,3.721,ok
tpcds,100,i,Interpreted,4,query_23,explain,1.892,ok
tpcds,100,i,Interpreted,4,query_23,prepare,3.154,ok
tpcds,100,i,Interpreted,4,query_24,explain,1.258,ok
tpcds,100,i,Interpreted,4,query_24,prepare,2.353,ok
tpcds,100,i,Interpreted,4,query_25,explain,1.378,ok
tpcds,100,i,Interpreted,4,query_25,prepare,2.263,ok
tpcds,100,i,Interpreted,4,query_26,explain,1.720,ok
tpcds,100,i,Interpreted,4,query_26,prepare,3.415,ok
tpcds,100,i,Interpreted,4,query_27,explain,1.214,ok
tpcds,100,i,Interpreted,4,query_27,prepare,2.273,ok
tpcds,100,i,Interpreted,4,query_28,explain,1.596,ok
tpcds,100,i,Interpreted,4,query_28,prepare,2.868,ok
tpcds,100,i,Interpreted,4,query_29,explain,1.907,ok
tpcds,100,i,Interpreted,4,query_29,prepare,3.809,ok
tpcds,100,i,Interpreted,4,query_3,explain,2.818,ok
tpcds,100,i,Interpreted,4,query_3,prepare,5.200,ok
tpcds,100,i,Interpreted,4,query_30,explain,1.457,ok
tpcds,100,i,Interpreted,4,query_30,prepare,2.866,ok
tpcds,100,i,Interpreted,4,query_31,explain,0.889,ok
tpcds,100,i,Interpreted,4,query_31,prepare,1.724,ok
tpcds,100,i,Interpreted,4,query_32,explain,0.748,ok
tpcds,100,i,Interpreted,4,query_32,prepare,2.159,ok
tpcds,100,i,Interpreted,4,query_33,explain,2.914,ok
tpcds,100,i,Interpreted,4,query_33,prepare,4.661,ok
tpcds,100,i,Interpreted,4,query_34,explain,1.080,ok
tpcds,100,i,Interpreted,4,query_34,prepare,3.082,ok
tpcds,100,i,Interpreted,4,query_35,explain,0.787,ok
tpcds,100,i,Interpreted,4,query_35,prepare,2.712,ok
tpcds,100,i,Interpreted,4,query_36,explain,2.079,ok
tpcds,100,i,Interpreted,4,query_36,prepare,4.183,ok
tpcds,100,i,Interpreted,4,query_37,explain,1.206,ok
tpcds,100,i,Interpreted,4,query_37,prepare,3.490,ok
tpcds,100,i,Interpreted,4,query_38,explain,0.813,ok
tpcds,100,i,Interpreted,4,query_38,prepare,1.560,ok
tpcds,100,i,Interpreted,4,query_39,explain,2.773,ok
tpcds,100,i,Interpreted,4,query_39,prepare,7.551,ok
tpcds,100,i,Interpreted,4,query_4,explain,1.433,ok
tpcds,100,i,Interpreted,4,query_4,prepare,2.620,ok
tpcds,100,i,Interpreted,4,query_40,explain,1.058,ok
tpcds,100,i,Interpreted,4,query_40,prepare,1.533,ok
tpcds,100,i,Interpreted,4,query_41,explain,2.178,ok
tpcds,100,i,Interpreted,4,query_41,prepare,4.123,ok
tpcds,100,i,Interpreted,4,query_42,explain,83.479,ok
tpcds,100,i,Interpreted,4,query_42,prepare,87.978,ok
tpcds,100,i,Interpreted,4,query_43,explain,2.181,ok
tpcds,100,i,Interpreted,4,query_43,prepare,3.006,ok
tpcds,100,i,Interpreted,4,query_44,explain,1.093,ok
tpcds,100,i,Interpreted,4,query_44,prepare,1.768,ok
tpcds,100,i,Interpreted,4,query_45,explain,0.600,ok
tpcds,100,i,Interpreted,4,query_45,prepare,1.430,ok
tpcds,100,i,Interpreted,4,query_46,explain,0.939,ok
tpcds,100,i,Interpreted,4,query_46,prepare,3.306,ok
tpcds,100,i,Interpreted,4,query_47,explain,1.493,ok
tpcds,100,i,Interpreted,4,query_47,prepare,3.027,ok
tpcds,100,i,Interpreted,4,query_48,explain,2.313,ok
tpcds,100,i,Interpreted,4,query_48,prepare,4.828,ok
tpcds,100,i,Interpreted,4,query_49,explain,2.045,ok
tpcds,100,i,Interpreted,4,query_49,prepare,3.385,ok
tpcds,100,i,Interpreted,4,query_5,explain,0.974,ok
tpcds,100,i,Interpreted,4,query_5,prepare,2.034,ok
tpcds,100,i,Interpreted,4,query_50,explain,1.992,ok
tpcds,100,i,Interpreted,4,query_50,prepare,3.443,ok
tpcds,100,i,Interpreted,4,query_51,explain,1.183,ok
tpcds,100,i,Interpreted,4,query_51,prepare,3.183,ok
tpcds,100,i,Interpreted,4,query_52,explain,0.691,ok
tpcds,100,i,Interpreted,4,query_52,prepare,1.277,ok
tpcds,100,i,Interpreted,4,query_53,explain,1.910,ok
tpcds,100,i,Interpreted,4,query_53,prepare,3.460,ok
tpcds,100,i,Interpreted,4,query_54,explain,1.079,ok
tpcds,100,i,Interpreted,4,query_54,prepare,2.192,ok
tpcds,100,i,Interpreted,4,query_55,explain,0.481,ok
tpcds,100,i,Interpreted,4,query_55,prepare,1.714,ok
tpcds,100,i,Interpreted,4,query_56,explain,1.227,ok
tpcds,100,i,Interpreted,4,query_56,prepare,2.950,ok
tpcds,100,i,Interpreted,4,query_57,explain,0.919,ok
tpcds,100,i,Interpreted,4,query_57,prepare,1.659,ok
tpcds,100,i,Interpreted,4,query_58,explain,1.182,ok
tpcds,100,i,Interpreted,4,query_58,prepare,2.369,ok
tpcds,100,i,Interpreted,4,query_59,explain,0.653,ok
tpcds,100,i,Interpreted,4,query_59,prepare,1.334,ok
tpcds,100,i,Interpreted,4,query_6,explain,2.869,ok
tpcds,100,i,Interpreted,4,query_6,prepare,6.001,ok
tpcds,100,i,Interpreted,4,query_60,explain,1.482,ok
tpcds,100,i,Interpreted,4,query_60,prepare,3.166,ok
tpcds,100,i,Interpreted,4,query_61,explain,0.653,ok
tpcds,100,i,Interpreted,4,query_61,prepare,1.326,ok
tpcds,100,i,Interpreted,4,query_62,explain,1.342,ok
tpcds,100,i,Interpreted,4,query_62,prepare,2.092,ok
tpcds,100,i,Interpreted,4,query_63,explain,1.755,ok
tpcds,100,i,Interpreted,4,query_63,prepare,3.139,ok
tpcds,100,i,Interpreted,4,query_64,explain,0.805,ok
tpcds,100,i,Interpreted,4,query_64,prepare,2.175,ok
tpcds,100,i,Interpreted,4,query_65,explain,0.790,ok
tpcds,100,i,Interpreted,4,query_65,prepare,2.104,ok
tpcds,100,i,Interpreted,4,query_66,explain,4.642,ok
tpcds,100,i,Interpreted,4,query_66,prepare,6.638,ok
tpcds,100,i,Interpreted,4,query_67,explain,0.862,ok
tpcds,100,i,Interpreted,4,query_67,prepare,1.569,ok
tpcds,100,i,Interpreted,4,query_68,explain,3.352,ok
tpcds,100,i,Interpreted,4,query_68,prepare,5.059,ok
tpcds,100,i,Interpreted,4,query_69,explain,5.429,ok
tpcds,100,i,Interpreted,4,query_69,prepare,9.080,ok
tpcds,100,i,Interpreted,4,query_7,explain,1.063,ok
tpcds,100,i,Interpreted,4,query_7,prepare,1.636,ok
tpcds,100,i,Interpreted,4,query_70,explain,64.225,ok
tpcds,100,i,Interpreted,4,query_70,prepare,66.746,ok
tpcds,100,i,Interpreted,4,query_71,explain,1.435,ok
tpcds,100,i,Interpreted,4,query_71,prepare,2.675,ok
tpcds,100,i,Interpreted,4,query_72,explain,1.278,ok
tpcds,100,i,Interpreted,4,query_72,prepare,2.413,ok
tpcds,100,i,Interpreted,4,query_73,explain,1.394,ok
tpcds,100,i,Interpreted,4,query_73,prepare,2.155,ok
tpcds,100,i,Interpreted,4,query_74,explain,2.136,ok
tpcds,100,i,Interpreted,4,query_74,prepare,2.676,ok
tpcds,100,i,Interpreted,4,query_75,explain,1.172,ok
tpcds,100,i,Interpreted,4,query_75,prepare,2.891,ok
tpcds,100,i,Interpreted,4,query_76,explain,1.142,ok
tpcds,100,i,Interpreted,4,query_76,prepare,2.919,ok
tpcds,100,i,Interpreted,4,query_77,explain,1.070,ok
tpcds,100,i,Interpreted,4,query_77,prepare,2.176,ok
tpcds,100,i,Interpreted,4,query_78,explain,3.009,ok
tpcds,100,i,Interpreted,4,query_78,prepare,5.973,ok
tpcds,100,i,Interpreted,4,query_79,explain,1.245,ok
tpcds,100,i,Interpreted,4,query_79,prepare,2.000,ok
tpcds,100,i,Interpreted,4,query_8,explain,1.247,ok
tpcds,100,i,Interpreted,4,query_8,prepare,2.432,ok
tpcds,100,i,Interpreted,4,query_80,explain,1.019,ok
tpcds,100,i,Interpreted,4,query_80,prepare,1.661,ok
tpcds,100,i,Interpreted,4,query_81,explain,1.724,ok
tpcds,100,i,Interpreted,4,query_81,prepare,3.246,ok
tpcds,100,i,Interpreted,4,query_82,explain,0.627,ok
tpcds,100,i,Interpreted,4,query_82,prepare,1.367,ok
tpcds,100,i,Interpreted,4,query_83,explain,2.247,ok
tpcds,100,i,Interpreted,4,query_83,prepare,4.039,ok
tpcds,100,i,Interpreted,4,query_84,explain,1.652,ok
tpcds,100,i,Interpreted,4,query_84,prepare,2.803,ok
tpcds,100,i,Interpreted,4,query_85,explain,1.016,ok
tpcds,100,i,Interpreted,4,query_85,prepare,1.865,ok
tpcds,100,i,Interpreted,4,query_86,explain,1.036,ok
tpcds,100,i,Interpreted,4,query_86,prepare,2.014,ok
tpcds,100,i,Interpreted,4,query_87,explain,2.742,ok
tpcds,100,i,Interpreted,4,query_87,prepare,4.085,ok
tpcds,100,i,Interpreted,4,query_88,explain,1.154,ok
tpcds,100,i,Interpreted,4,query_88,prepare,2.286,ok
tpcds,100,i,Interpreted,4,query_89,explain,1.090,ok
tpcds,100,i,Interpreted,4,query_89,prepare,2.108,ok
tpcds,100,i,Interpreted,4,query_9,explain,1.830,ok
tpcds,100,i,Interpreted,4,query_9,prepare,3.110,ok
tpcds,100,i,Interpreted,4,query_90,explain,1.505,ok
tpcds,100,i,Interpreted,4,query_90,prepare,3.384,ok
tpcds,100,i,Interpreted,4,query_91,explain,2.511,ok
tpcds,100,i,Interpreted,4,query_91,prepare,3.322,ok
tpcds,100,i,Interpreted,4,query_92,explain,1.928,ok
tpcds,100,i,Interpreted,4,query_92,prepare,3.678,ok
tpcds,100,i,Interpreted,4,query_93,explain,1.602,ok
tpcds,100,i,Interpreted,4,query_93,prepare,4.118,ok
tpcds,100,i,Interpreted,4,query_94,explain,1.287,ok
tpcds,100,i,Interpreted,4,query_94,prepare,2.366,ok
tpcds,100,i,Interpreted,4,query_95,explain,1.509,ok
tpcds,100,i,Interpreted,4,query_95,prepare,2.664,ok
tpcds,100,i,Interpreted,4,query_96,explain,2.424,ok
tpcds,100,i,Interpreted,4,query_96,prepare,4.131,ok
tpcds,100,i,Interpreted,4,query_97,explain,1.925,ok
tpcds,100,i,Interpreted,4,query_97,prepare,2.895,ok
tpcds,100,i,Interpreted,4,query_98,explain,1.786,ok
tpcds,100,i,Interpreted,4,query_98,prepare,4.294,ok
tpcds,100,i,Interpreted,4,query_99,explain,1.238,ok
tpcds,100,i,Interpreted,4,query_99,prepare,2.544,ok
tpcds,100,i,Interpreted,5,__floor__,floor,0.271,ok
tpcds,100,i,Interpreted,5,query_1,explain,0.860,ok
tpcds,100,i,Interpreted,5,query_1,prepare,1.309,ok
tpcds,100,i,Interpreted,5,query_10,explain,2.646,ok
tpcds,100,i,Interpreted,5,query_10,prepare,4.435,ok
tpcds,100,i,Interpreted,5,query_11,explain,0.694,ok
tpcds,100,i,Interpreted,5,query_11,prepare,2.843,ok
tpcds,100,i,Interpreted,5,query_12,explain,1.066,ok
tpcds,100,i,Interpreted,5,query_12,prepare,2.554,ok
tpcds,100,i,Interpreted,5,query_13,explain,2.582,ok
tpcds,100,i,Interpreted,5,query_13,prepare,4.661,ok
tpcds,100,i,Interpreted,5,query_14,explain,1.000,ok
tpcds,100,i,Interpreted,5,query_14,prepare,1.562,ok
tpcds,100,i,Interpreted,5,query_15,explain,0.695,ok
tpcds,100,i,Interpreted,5,query_15,prepare,1.745,ok
tpcds,100,i,Interpreted,5,query_16,explain,0.995,ok
tpcds,100,i,Interpreted,5,query_16,prepare,2.300,ok
tpcds,100,i,Interpreted,5,query_17,explain,1.143,ok
tpcds,100,i,Interpreted,5,query_17,prepare,2.051,ok
tpcds,100,i,Interpreted,5,query_18,explain,1.196,ok
tpcds,100,i,Interpreted,5,query_18,prepare,2.437,ok
tpcds,100,i,Interpreted,5,query_19,explain,2.507,ok
tpcds,100,i,Interpreted,5,query_19,prepare,4.424,ok
tpcds,100,i,Interpreted,5,query_2,explain,0.985,ok
tpcds,100,i,Interpreted,5,query_2,prepare,2.093,ok
tpcds,100,i,Interpreted,5,query_20,explain,5.916,ok
tpcds,100,i,Interpreted,5,query_20,prepare,10.179,ok
tpcds,100,i,Interpreted,5,query_21,explain,0.948,ok
tpcds,100,i,Interpreted,5,query_21,prepare,2.235,ok
tpcds,100,i,Interpreted,5,query_22,explain,1.952,ok
tpcds,100,i,Interpreted,5,query_22,prepare,3.629,ok
tpcds,100,i,Interpreted,5,query_23,explain,1.724,ok
tpcds,100,i,Interpreted,5,query_23,prepare,3.149,ok
tpcds,100,i,Interpreted,5,query_24,explain,1.237,ok
tpcds,100,i,Interpreted,5,query_24,prepare,2.529,ok
tpcds,100,i,Interpreted,5,query_25,explain,1.375,ok
tpcds,100,i,Interpreted,5,query_25,prepare,2.380,ok
tpcds,100,i,Interpreted,5,query_26,explain,1.726,ok
tpcds,100,i,Interpreted,5,query_26,prepare,3.373,ok
tpcds,100,i,Interpreted,5,query_27,explain,1.171,ok
tpcds,100,i,Interpreted,5,query_27,prepare,2.260,ok
tpcds,100,i,Interpreted,5,query_28,explain,1.542,ok
tpcds,100,i,Interpreted,5,query_28,prepare,2.886,ok
tpcds,100,i,Interpreted,5,query_29,explain,1.900,ok
tpcds,100,i,Interpreted,5,query_29,prepare,3.969,ok
tpcds,100,i,Interpreted,5,query_3,explain,2.804,ok
tpcds,100,i,Interpreted,5,query_3,prepare,5.178,ok
tpcds,100,i,Interpreted,5,query_30,explain,1.436,ok
tpcds,100,i,Interpreted,5,query_30,prepare,2.879,ok
tpcds,100,i,Interpreted,5,query_31,explain,0.894,ok
tpcds,100,i,Interpreted,5,query_31,prepare,1.708,ok
tpcds,100,i,Interpreted,5,query_32,explain,0.783,ok
tpcds,100,i,Interpreted,5,query_32,prepare,2.056,ok
tpcds,100,i,Interpreted,5,query_33,explain,2.932,ok
tpcds,100,i,Interpreted,5,query_33,prepare,4.632,ok
tpcds,100,i,Interpreted,5,query_34,explain,1.106,ok
tpcds,100,i,Interpreted,5,query_34,prepare,3.179,ok
tpcds,100,i,Interpreted,5,query_35,explain,0.781,ok
tpcds,100,i,Interpreted,5,query_35,prepare,2.551,ok
tpcds,100,i,Interpreted,5,query_36,explain,2.086,ok
tpcds,100,i,Interpreted,5,query_36,prepare,4.151,ok
tpcds,100,i,Interpreted,5,query_37,explain,1.216,ok
tpcds,100,i,Interpreted,5,query_37,prepare,3.276,ok
tpcds,100,i,Interpreted,5,query_38,explain,0.807,ok
tpcds,100,i,Interpreted,5,query_38,prepare,1.539,ok
tpcds,100,i,Interpreted,5,query_39,explain,2.678,ok
tpcds,100,i,Interpreted,5,query_39,prepare,7.671,ok
tpcds,100,i,Interpreted,5,query_4,explain,1.438,ok
tpcds,100,i,Interpreted,5,query_4,prepare,2.611,ok
tpcds,100,i,Interpreted,5,query_40,explain,1.057,ok
tpcds,100,i,Interpreted,5,query_40,prepare,1.569,ok
tpcds,100,i,Interpreted,5,query_41,explain,2.207,ok
tpcds,100,i,Interpreted,5,query_41,prepare,3.917,ok
tpcds,100,i,Interpreted,5,query_42,explain,77.999,ok
tpcds,100,i,Interpreted,5,query_42,prepare,88.514,ok
tpcds,100,i,Interpreted,5,query_43,explain,2.164,ok
tpcds,100,i,Interpreted,5,query_43,prepare,3.010,ok
tpcds,100,i,Interpreted,5,query_44,explain,1.104,ok
tpcds,100,i,Interpreted,5,query_44,prepare,1.750,ok
tpcds,100,i,Interpreted,5,query_45,explain,0.612,ok
tpcds,100,i,Interpreted,5,query_45,prepare,1.382,ok
tpcds,100,i,Interpreted,5,query_46,explain,0.949,ok
tpcds,100,i,Interpreted,5,query_46,prepare,2.998,ok
tpcds,100,i,Interpreted,5,query_47,explain,1.487,ok
tpcds,100,i,Interpreted,5,query_47,prepare,2.971,ok
tpcds,100,i,Interpreted,5,query_48,explain,2.316,ok
tpcds,100,i,Interpreted,5,query_48,prepare,4.954,ok
tpcds,100,i,Interpreted,5,query_49,explain,2.005,ok
tpcds,100,i,Interpreted,5,query_49,prepare,3.188,ok
tpcds,100,i,Interpreted,5,query_5,explain,0.981,ok
tpcds,100,i,Interpreted,5,query_5,prepare,1.905,ok
tpcds,100,i,Interpreted,5,query_50,explain,2.005,ok
tpcds,100,i,Interpreted,5,query_50,prepare,3.346,ok
tpcds,100,i,Interpreted,5,query_51,explain,1.173,ok
tpcds,100,i,Interpreted,5,query_51,prepare,3.269,ok
tpcds,100,i,Interpreted,5,query_52,explain,0.692,ok
tpcds,100,i,Interpreted,5,query_52,prepare,1.318,ok
tpcds,100,i,Interpreted,5,query_53,explain,1.876,ok
tpcds,100,i,Interpreted,5,query_53,prepare,3.576,ok
tpcds,100,i,Interpreted,5,query_54,explain,1.079,ok
tpcds,100,i,Interpreted,5,query_54,prepare,2.220,ok
tpcds,100,i,Interpreted,5,query_55,explain,0.490,ok
tpcds,100,i,Interpreted,5,query_55,prepare,1.568,ok
tpcds,100,i,Interpreted,5,query_56,explain,1.125,ok
tpcds,100,i,Interpreted,5,query_56,prepare,2.810,ok
tpcds,100,i,Interpreted,5,query_57,explain,0.914,ok
tpcds,100,i,Interpreted,5,query_57,prepare,1.659,ok
tpcds,100,i,Interpreted,5,query_58,explain,1.194,ok
tpcds,100,i,Interpreted,5,query_58,prepare,2.501,ok
tpcds,100,i,Interpreted,5,query_59,explain,0.656,ok
tpcds,100,i,Interpreted,5,query_59,prepare,1.387,ok
tpcds,100,i,Interpreted,5,query_6,explain,2.855,ok
tpcds,100,i,Interpreted,5,query_6,prepare,5.939,ok
tpcds,100,i,Interpreted,5,query_60,explain,1.528,ok
tpcds,100,i,Interpreted,5,query_60,prepare,2.954,ok
tpcds,100,i,Interpreted,5,query_61,explain,0.648,ok
tpcds,100,i,Interpreted,5,query_61,prepare,1.271,ok
tpcds,100,i,Interpreted,5,query_62,explain,1.319,ok
tpcds,100,i,Interpreted,5,query_62,prepare,2.086,ok
tpcds,100,i,Interpreted,5,query_63,explain,1.717,ok
tpcds,100,i,Interpreted,5,query_63,prepare,2.964,ok
tpcds,100,i,Interpreted,5,query_64,explain,0.805,ok
tpcds,100,i,Interpreted,5,query_64,prepare,2.188,ok
tpcds,100,i,Interpreted,5,query_65,explain,0.813,ok
tpcds,100,i,Interpreted,5,query_65,prepare,2.167,ok
tpcds,100,i,Interpreted,5,query_66,explain,4.628,ok
tpcds,100,i,Interpreted,5,query_66,prepare,6.512,ok
tpcds,100,i,Interpreted,5,query_67,explain,0.862,ok
tpcds,100,i,Interpreted,5,query_67,prepare,1.522,ok
tpcds,100,i,Interpreted,5,query_68,explain,3.328,ok
tpcds,100,i,Interpreted,5,query_68,prepare,4.902,ok
tpcds,100,i,Interpreted,5,query_69,explain,5.299,ok
tpcds,100,i,Interpreted,5,query_69,prepare,8.587,ok
tpcds,100,i,Interpreted,5,query_7,explain,1.062,ok
tpcds,100,i,Interpreted,5,query_7,prepare,1.643,ok
tpcds,100,i,Interpreted,5,query_70,explain,64.202,ok
tpcds,100,i,Interpreted,5,query_70,prepare,65.805,ok
tpcds,100,i,Interpreted,5,query_71,explain,1.426,ok
tpcds,100,i,Interpreted,5,query_71,prepare,2.702,ok
tpcds,100,i,Interpreted,5,query_72,explain,1.271,ok
tpcds,100,i,Interpreted,5,query_72,prepare,2.458,ok
tpcds,100,i,Interpreted,5,query_73,explain,1.405,ok
tpcds,100,i,Interpreted,5,query_73,prepare,2.172,ok
tpcds,100,i,Interpreted,5,query_74,explain,2.117,ok
tpcds,100,i,Interpreted,5,query_74,prepare,2.713,ok
tpcds,100,i,Interpreted,5,query_75,explain,1.173,ok
tpcds,100,i,Interpreted,5,query_75,prepare,2.882,ok
tpcds,100,i,Interpreted,5,query_76,explain,1.128,ok
tpcds,100,i,Interpreted,5,query_76,prepare,2.740,ok
tpcds,100,i,Interpreted,5,query_77,explain,1.065,ok
tpcds,100,i,Interpreted,5,query_77,prepare,2.148,ok
tpcds,100,i,Interpreted,5,query_78,explain,3.086,ok
tpcds,100,i,Interpreted,5,query_78,prepare,6.092,ok
tpcds,100,i,Interpreted,5,query_79,explain,1.321,ok
tpcds,100,i,Interpreted,5,query_79,prepare,2.036,ok
tpcds,100,i,Interpreted,5,query_8,explain,1.246,ok
tpcds,100,i,Interpreted,5,query_8,prepare,2.449,ok
tpcds,100,i,Interpreted,5,query_80,explain,1.020,ok
tpcds,100,i,Interpreted,5,query_80,prepare,1.660,ok
tpcds,100,i,Interpreted,5,query_81,explain,1.752,ok
tpcds,100,i,Interpreted,5,query_81,prepare,3.227,ok
tpcds,100,i,Interpreted,5,query_82,explain,0.626,ok
tpcds,100,i,Interpreted,5,query_82,prepare,1.336,ok
tpcds,100,i,Interpreted,5,query_83,explain,2.244,ok
tpcds,100,i,Interpreted,5,query_83,prepare,4.098,ok
tpcds,100,i,Interpreted,5,query_84,explain,1.635,ok
tpcds,100,i,Interpreted,5,query_84,prepare,2.879,ok
tpcds,100,i,Interpreted,5,query_85,explain,1.027,ok
tpcds,100,i,Interpreted,5,query_85,prepare,1.904,ok
tpcds,100,i,Interpreted,5,query_86,explain,1.039,ok
tpcds,100,i,Interpreted,5,query_86,prepare,2.096,ok
tpcds,100,i,Interpreted,5,query_87,explain,2.741,ok
tpcds,100,i,Interpreted,5,query_87,prepare,4.252,ok
tpcds,100,i,Interpreted,5,query_88,explain,1.194,ok
tpcds,100,i,Interpreted,5,query_88,prepare,2.421,ok
tpcds,100,i,Interpreted,5,query_89,explain,1.101,ok
tpcds,100,i,Interpreted,5,query_89,prepare,2.312,ok
tpcds,100,i,Interpreted,5,query_9,explain,1.828,ok
tpcds,100,i,Interpreted,5,query_9,prepare,3.202,ok
tpcds,100,i,Interpreted,5,query_90,explain,1.477,ok
tpcds,100,i,Interpreted,5,query_90,prepare,3.555,ok
tpcds,100,i,Interpreted,5,query_91,explain,2.506,ok
tpcds,100,i,Interpreted,5,query_91,prepare,3.447,ok
tpcds,100,i,Interpreted,5,query_92,explain,1.915,ok
tpcds,100,i,Interpreted,5,query_92,prepare,3.655,ok
tpcds,100,i,Interpreted,5,query_93,explain,1.618,ok
tpcds,100,i,Interpreted,5,query_93,prepare,4.258,ok
tpcds,100,i,Interpreted,5,query_94,explain,1.276,ok
tpcds,100,i,Interpreted,5,query_94,prepare,2.264,ok
tpcds,100,i,Interpreted,5,query_95,explain,1.521,ok
tpcds,100,i,Interpreted,5,query_95,prepare,2.811,ok
tpcds,100,i,Interpreted,5,query_96,explain,2.493,ok
tpcds,100,i,Interpreted,5,query_96,prepare,4.321,ok
tpcds,100,i,Interpreted,5,query_97,explain,1.932,ok
tpcds,100,i,Interpreted,5,query_97,prepare,3.060,ok
tpcds,100,i,Interpreted,5,query_98,explain,1.856,ok
tpcds,100,i,Interpreted,5,query_98,prepare,4.365,ok
tpcds,100,i,Interpreted,5,query_99,explain,1.205,ok
tpcds,100,i,Interpreted,5,query_99,prepare,2.601,ok
tpcds,100,A,Auto (default),1,__floor__,floor,0.193,ok
tpcds,100,A,Auto (default),1,query_1,explain,0.826,ok
tpcds,100,A,Auto (default),1,query_1,prepare,1.152,ok
tpcds,100,A,Auto (default),1,query_10,explain,2.122,ok
tpcds,100,A,Auto (default),1,query_10,prepare,4.583,ok
tpcds,100,A,Auto (default),1,query_11,explain,0.743,ok
tpcds,100,A,Auto (default),1,query_11,prepare,2.373,ok
tpcds,100,A,Auto (default),1,query_12,explain,1.126,ok
tpcds,100,A,Auto (default),1,query_12,prepare,2.360,ok
tpcds,100,A,Auto (default),1,query_13,explain,1.522,ok
tpcds,100,A,Auto (default),1,query_13,prepare,3.094,ok
tpcds,100,A,Auto (default),1,query_14,explain,0.731,ok
tpcds,100,A,Auto (default),1,query_14,prepare,1.825,ok
tpcds,100,A,Auto (default),1,query_15,explain,0.748,ok
tpcds,100,A,Auto (default),1,query_15,prepare,1.915,ok
tpcds,100,A,Auto (default),1,query_16,explain,1.026,ok
tpcds,100,A,Auto (default),1,query_16,prepare,2.629,ok
tpcds,100,A,Auto (default),1,query_17,explain,1.200,ok
tpcds,100,A,Auto (default),1,query_17,prepare,2.232,ok
tpcds,100,A,Auto (default),1,query_18,explain,1.216,ok
tpcds,100,A,Auto (default),1,query_18,prepare,2.635,ok
tpcds,100,A,Auto (default),1,query_19,explain,2.559,ok
tpcds,100,A,Auto (default),1,query_19,prepare,4.922,ok
tpcds,100,A,Auto (default),1,query_2,explain,1.021,ok
tpcds,100,A,Auto (default),1,query_2,prepare,2.198,ok
tpcds,100,A,Auto (default),1,query_20,explain,5.938,ok
tpcds,100,A,Auto (default),1,query_20,prepare,10.478,ok
tpcds,100,A,Auto (default),1,query_21,explain,1.001,ok
tpcds,100,A,Auto (default),1,query_21,prepare,2.813,ok
tpcds,100,A,Auto (default),1,query_22,explain,2.178,ok
tpcds,100,A,Auto (default),1,query_22,prepare,3.976,ok
tpcds,100,A,Auto (default),1,query_23,explain,1.761,ok
tpcds,100,A,Auto (default),1,query_23,prepare,3.362,ok
tpcds,100,A,Auto (default),1,query_24,explain,1.280,ok
tpcds,100,A,Auto (default),1,query_24,prepare,2.519,ok
tpcds,100,A,Auto (default),1,query_25,explain,1.390,ok
tpcds,100,A,Auto (default),1,query_25,prepare,2.537,ok
tpcds,100,A,Auto (default),1,query_26,explain,1.752,ok
tpcds,100,A,Auto (default),1,query_26,prepare,3.569,ok
tpcds,100,A,Auto (default),1,query_27,explain,1.154,ok
tpcds,100,A,Auto (default),1,query_27,prepare,2.566,ok
tpcds,100,A,Auto (default),1,query_28,explain,1.572,ok
tpcds,100,A,Auto (default),1,query_28,prepare,3.189,ok
tpcds,100,A,Auto (default),1,query_29,explain,1.900,ok
tpcds,100,A,Auto (default),1,query_29,prepare,4.016,ok
tpcds,100,A,Auto (default),1,query_3,explain,2.806,ok
tpcds,100,A,Auto (default),1,query_3,prepare,5.557,ok
tpcds,100,A,Auto (default),1,query_30,explain,1.444,ok
tpcds,100,A,Auto (default),1,query_30,prepare,3.181,ok
tpcds,100,A,Auto (default),1,query_31,explain,0.903,ok
tpcds,100,A,Auto (default),1,query_31,prepare,1.749,ok
tpcds,100,A,Auto (default),1,query_32,explain,0.787,ok
tpcds,100,A,Auto (default),1,query_32,prepare,2.451,ok
tpcds,100,A,Auto (default),1,query_33,explain,2.918,ok
tpcds,100,A,Auto (default),1,query_33,prepare,4.780,ok
tpcds,100,A,Auto (default),1,query_34,explain,1.125,ok
tpcds,100,A,Auto (default),1,query_34,prepare,3.443,ok
tpcds,100,A,Auto (default),1,query_35,explain,0.797,ok
tpcds,100,A,Auto (default),1,query_35,prepare,2.945,ok
tpcds,100,A,Auto (default),1,query_36,explain,2.117,ok
tpcds,100,A,Auto (default),1,query_36,prepare,4.376,ok
tpcds,100,A,Auto (default),1,query_37,explain,1.245,ok
tpcds,100,A,Auto (default),1,query_37,prepare,3.712,ok
tpcds,100,A,Auto (default),1,query_38,explain,0.834,ok
tpcds,100,A,Auto (default),1,query_38,prepare,1.741,ok
tpcds,100,A,Auto (default),1,query_39,explain,2.609,ok
tpcds,100,A,Auto (default),1,query_39,prepare,7.987,ok
tpcds,100,A,Auto (default),1,query_4,explain,1.453,ok
tpcds,100,A,Auto (default),1,query_4,prepare,3.032,ok
tpcds,100,A,Auto (default),1,query_40,explain,1.075,ok
tpcds,100,A,Auto (default),1,query_40,prepare,1.771,ok
tpcds,100,A,Auto (default),1,query_41,explain,2.133,ok
tpcds,100,A,Auto (default),1,query_41,prepare,4.313,ok
tpcds,100,A,Auto (default),1,query_42,explain,83.736,ok
tpcds,100,A,Auto (default),1,query_42,prepare,88.342,ok
tpcds,100,A,Auto (default),1,query_43,explain,2.179,ok
tpcds,100,A,Auto (default),1,query_43,prepare,3.319,ok
tpcds,100,A,Auto (default),1,query_44,explain,1.117,ok
tpcds,100,A,Auto (default),1,query_44,prepare,1.879,ok
tpcds,100,A,Auto (default),1,query_45,explain,0.629,ok
tpcds,100,A,Auto (default),1,query_45,prepare,1.562,ok
tpcds,100,A,Auto (default),1,query_46,explain,0.957,ok
tpcds,100,A,Auto (default),1,query_46,prepare,3.551,ok
tpcds,100,A,Auto (default),1,query_47,explain,1.520,ok
tpcds,100,A,Auto (default),1,query_47,prepare,3.267,ok
tpcds,100,A,Auto (default),1,query_48,explain,2.281,ok
tpcds,100,A,Auto (default),1,query_48,prepare,5.398,ok
tpcds,100,A,Auto (default),1,query_49,explain,2.031,ok
tpcds,100,A,Auto (default),1,query_49,prepare,3.391,ok
tpcds,100,A,Auto (default),1,query_5,explain,1.000,ok
tpcds,100,A,Auto (default),1,query_5,prepare,2.126,ok
tpcds,100,A,Auto (default),1,query_50,explain,2.016,ok
tpcds,100,A,Auto (default),1,query_50,prepare,3.935,ok
tpcds,100,A,Auto (default),1,query_51,explain,1.228,ok
tpcds,100,A,Auto (default),1,query_51,prepare,3.637,ok
tpcds,100,A,Auto (default),1,query_52,explain,0.716,ok
tpcds,100,A,Auto (default),1,query_52,prepare,1.429,ok
tpcds,100,A,Auto (default),1,query_53,explain,1.901,ok
tpcds,100,A,Auto (default),1,query_53,prepare,3.769,ok
tpcds,100,A,Auto (default),1,query_54,explain,1.119,ok
tpcds,100,A,Auto (default),1,query_54,prepare,2.384,ok
tpcds,100,A,Auto (default),1,query_55,explain,0.521,ok
tpcds,100,A,Auto (default),1,query_55,prepare,1.873,ok
tpcds,100,A,Auto (default),1,query_56,explain,1.080,ok
tpcds,100,A,Auto (default),1,query_56,prepare,3.253,ok
tpcds,100,A,Auto (default),1,query_57,explain,0.957,ok
tpcds,100,A,Auto (default),1,query_57,prepare,1.872,ok
tpcds,100,A,Auto (default),1,query_58,explain,1.216,ok
tpcds,100,A,Auto (default),1,query_58,prepare,2.523,ok
tpcds,100,A,Auto (default),1,query_59,explain,0.681,ok
tpcds,100,A,Auto (default),1,query_59,prepare,1.532,ok
tpcds,100,A,Auto (default),1,query_6,explain,2.833,ok
tpcds,100,A,Auto (default),1,query_6,prepare,6.476,ok
tpcds,100,A,Auto (default),1,query_60,explain,1.528,ok
tpcds,100,A,Auto (default),1,query_60,prepare,3.251,ok
tpcds,100,A,Auto (default),1,query_61,explain,0.675,ok
tpcds,100,A,Auto (default),1,query_61,prepare,1.451,ok
tpcds,100,A,Auto (default),1,query_62,explain,1.298,ok
tpcds,100,A,Auto (default),1,query_62,prepare,2.212,ok
tpcds,100,A,Auto (default),1,query_63,explain,1.725,ok
tpcds,100,A,Auto (default),1,query_63,prepare,3.234,ok
tpcds,100,A,Auto (default),1,query_64,explain,0.818,ok
tpcds,100,A,Auto (default),1,query_64,prepare,2.510,ok
tpcds,100,A,Auto (default),1,query_65,explain,0.810,ok
tpcds,100,A,Auto (default),1,query_65,prepare,2.530,ok
tpcds,100,A,Auto (default),1,query_66,explain,4.577,ok
tpcds,100,A,Auto (default),1,query_66,prepare,6.947,ok
tpcds,100,A,Auto (default),1,query_67,explain,0.888,ok
tpcds,100,A,Auto (default),1,query_67,prepare,1.742,ok
tpcds,100,A,Auto (default),1,query_68,explain,3.353,ok
tpcds,100,A,Auto (default),1,query_68,prepare,5.222,ok
tpcds,100,A,Auto (default),1,query_69,explain,5.215,ok
tpcds,100,A,Auto (default),1,query_69,prepare,9.380,ok
tpcds,100,A,Auto (default),1,query_7,explain,1.090,ok
tpcds,100,A,Auto (default),1,query_7,prepare,1.831,ok
tpcds,100,A,Auto (default),1,query_70,explain,64.068,ok
tpcds,100,A,Auto (default),1,query_70,prepare,67.158,ok
tpcds,100,A,Auto (default),1,query_71,explain,1.447,ok
tpcds,100,A,Auto (default),1,query_71,prepare,3.071,ok
tpcds,100,A,Auto (default),1,query_72,explain,1.284,ok
tpcds,100,A,Auto (default),1,query_72,prepare,2.705,ok
tpcds,100,A,Auto (default),1,query_73,explain,1.434,ok
tpcds,100,A,Auto (default),1,query_73,prepare,2.362,ok
tpcds,100,A,Auto (default),1,query_74,explain,2.153,ok
tpcds,100,A,Auto (default),1,query_74,prepare,2.866,ok
tpcds,100,A,Auto (default),1,query_75,explain,1.217,ok
tpcds,100,A,Auto (default),1,query_75,prepare,3.334,ok
tpcds,100,A,Auto (default),1,query_76,explain,1.146,ok
tpcds,100,A,Auto (default),1,query_76,prepare,3.262,ok
tpcds,100,A,Auto (default),1,query_77,explain,1.118,ok
tpcds,100,A,Auto (default),1,query_77,prepare,2.400,ok
tpcds,100,A,Auto (default),1,query_78,explain,3.000,ok
tpcds,100,A,Auto (default),1,query_78,prepare,6.477,ok
tpcds,100,A,Auto (default),1,query_79,explain,1.263,ok
tpcds,100,A,Auto (default),1,query_79,prepare,2.241,ok
tpcds,100,A,Auto (default),1,query_8,explain,1.270,ok
tpcds,100,A,Auto (default),1,query_8,prepare,2.717,ok
tpcds,100,A,Auto (default),1,query_80,explain,1.041,ok
tpcds,100,A,Auto (default),1,query_80,prepare,1.861,ok
tpcds,100,A,Auto (default),1,query_81,explain,1.733,ok
tpcds,100,A,Auto (default),1,query_81,prepare,3.655,ok
tpcds,100,A,Auto (default),1,query_82,explain,0.659,ok
tpcds,100,A,Auto (default),1,query_82,prepare,1.496,ok
tpcds,100,A,Auto (default),1,query_83,explain,2.227,ok
tpcds,100,A,Auto (default),1,query_83,prepare,4.414,ok
tpcds,100,A,Auto (default),1,query_84,explain,1.656,ok
tpcds,100,A,Auto (default),1,query_84,prepare,3.014,ok
tpcds,100,A,Auto (default),1,query_85,explain,1.035,ok
tpcds,100,A,Auto (default),1,query_85,prepare,2.082,ok
tpcds,100,A,Auto (default),1,query_86,explain,1.063,ok
tpcds,100,A,Auto (default),1,query_86,prepare,2.294,ok
tpcds,100,A,Auto (default),1,query_87,explain,2.833,ok
tpcds,100,A,Auto (default),1,query_87,prepare,4.511,ok
tpcds,100,A,Auto (default),1,query_88,explain,1.167,ok
tpcds,100,A,Auto (default),1,query_88,prepare,2.656,ok
tpcds,100,A,Auto (default),1,query_89,explain,1.123,ok
tpcds,100,A,Auto (default),1,query_89,prepare,2.453,ok
tpcds,100,A,Auto (default),1,query_9,explain,1.847,ok
tpcds,100,A,Auto (default),1,query_9,prepare,3.500,ok
tpcds,100,A,Auto (default),1,query_90,explain,1.518,ok
tpcds,100,A,Auto (default),1,query_90,prepare,3.864,ok
tpcds,100,A,Auto (default),1,query_91,explain,2.539,ok
tpcds,100,A,Auto (default),1,query_91,prepare,3.555,ok
tpcds,100,A,Auto (default),1,query_92,explain,1.956,ok
tpcds,100,A,Auto (default),1,query_92,prepare,4.109,ok
tpcds,100,A,Auto (default),1,query_93,explain,1.631,ok
tpcds,100,A,Auto (default),1,query_93,prepare,4.867,ok
tpcds,100,A,Auto (default),1,query_94,explain,1.323,ok
tpcds,100,A,Auto (default),1,query_94,prepare,2.476,ok
tpcds,100,A,Auto (default),1,query_95,explain,1.547,ok
tpcds,100,A,Auto (default),1,query_95,prepare,2.994,ok
tpcds,100,A,Auto (default),1,query_96,explain,2.452,ok
tpcds,100,A,Auto (default),1,query_96,prepare,4.617,ok
tpcds,100,A,Auto (default),1,query_97,explain,1.951,ok
tpcds,100,A,Auto (default),1,query_97,prepare,3.257,ok
tpcds,100,A,Auto (default),1,query_98,explain,1.824,ok
tpcds,100,A,Auto (default),1,query_98,prepare,5.001,ok
tpcds,100,A,Auto (default),1,query_99,explain,1.238,ok
tpcds,100,A,Auto (default),1,query_99,prepare,2.933,ok
tpcds,100,A,Auto (default),2,__floor__,floor,0.172,ok
tpcds,100,A,Auto (default),2,query_1,explain,0.792,ok
tpcds,100,A,Auto (default),2,query_1,prepare,1.194,ok
tpcds,100,A,Auto (default),2,query_10,explain,2.386,ok
tpcds,100,A,Auto (default),2,query_10,prepare,4.480,ok
tpcds,100,A,Auto (default),2,query_11,explain,0.723,ok
tpcds,100,A,Auto (default),2,query_11,prepare,2.311,ok
tpcds,100,A,Auto (default),2,query_12,explain,1.070,ok
tpcds,100,A,Auto (default),2,query_12,prepare,2.301,ok
tpcds,100,A,Auto (default),2,query_13,explain,1.488,ok
tpcds,100,A,Auto (default),2,query_13,prepare,3.012,ok
tpcds,100,A,Auto (default),2,query_14,explain,0.684,ok
tpcds,100,A,Auto (default),2,query_14,prepare,1.777,ok
tpcds,100,A,Auto (default),2,query_15,explain,0.704,ok
tpcds,100,A,Auto (default),2,query_15,prepare,1.916,ok
tpcds,100,A,Auto (default),2,query_16,explain,1.005,ok
tpcds,100,A,Auto (default),2,query_16,prepare,2.657,ok
tpcds,100,A,Auto (default),2,query_17,explain,1.149,ok
tpcds,100,A,Auto (default),2,query_17,prepare,2.215,ok
tpcds,100,A,Auto (default),2,query_18,explain,1.215,ok
tpcds,100,A,Auto (default),2,query_18,prepare,2.705,ok
tpcds,100,A,Auto (default),2,query_19,explain,2.461,ok
tpcds,100,A,Auto (default),2,query_19,prepare,4.899,ok
tpcds,100,A,Auto (default),2,query_2,explain,0.987,ok
tpcds,100,A,Auto (default),2,query_2,prepare,2.251,ok
tpcds,100,A,Auto (default),2,query_20,explain,5.930,ok
tpcds,100,A,Auto (default),2,query_20,prepare,10.855,ok
tpcds,100,A,Auto (default),2,query_21,explain,1.164,ok
tpcds,100,A,Auto (default),2,query_21,prepare,2.671,ok
tpcds,100,A,Auto (default),2,query_22,explain,1.975,ok
tpcds,100,A,Auto (default),2,query_22,prepare,4.104,ok
tpcds,100,A,Auto (default),2,query_23,explain,1.760,ok
tpcds,100,A,Auto (default),2,query_23,prepare,3.478,ok
tpcds,100,A,Auto (default),2,query_24,explain,1.305,ok
tpcds,100,A,Auto (default),2,query_24,prepare,2.700,ok
tpcds,100,A,Auto (default),2,query_25,explain,1.404,ok
tpcds,100,A,Auto (default),2,query_25,prepare,2.566,ok
tpcds,100,A,Auto (default),2,query_26,explain,1.765,ok
tpcds,100,A,Auto (default),2,query_26,prepare,3.709,ok
tpcds,100,A,Auto (default),2,query_27,explain,1.225,ok
tpcds,100,A,Auto (default),2,query_27,prepare,2.696,ok
tpcds,100,A,Auto (default),2,query_28,explain,1.605,ok
tpcds,100,A,Auto (default),2,query_28,prepare,3.428,ok
tpcds,100,A,Auto (default),2,query_29,explain,2.059,ok
tpcds,100,A,Auto (default),2,query_29,prepare,4.168,ok
tpcds,100,A,Auto (default),2,query_3,explain,2.816,ok
tpcds,100,A,Auto (default),2,query_3,prepare,5.881,ok
tpcds,100,A,Auto (default),2,query_30,explain,1.443,ok
tpcds,100,A,Auto (default),2,query_30,prepare,3.343,ok
tpcds,100,A,Auto (default),2,query_31,explain,0.909,ok
tpcds,100,A,Auto (default),2,query_31,prepare,1.820,ok
tpcds,100,A,Auto (default),2,query_32,explain,0.806,ok
tpcds,100,A,Auto (default),2,query_32,prepare,2.547,ok
tpcds,100,A,Auto (default),2,query_33,explain,2.908,ok
tpcds,100,A,Auto (default),2,query_33,prepare,4.950,ok
tpcds,100,A,Auto (default),2,query_34,explain,1.196,ok
tpcds,100,A,Auto (default),2,query_34,prepare,3.512,ok
tpcds,100,A,Auto (default),2,query_35,explain,0.813,ok
tpcds,100,A,Auto (default),2,query_35,prepare,2.986,ok
tpcds,100,A,Auto (default),2,query_36,explain,2.131,ok
tpcds,100,A,Auto (default),2,query_36,prepare,4.472,ok
tpcds,100,A,Auto (default),2,query_37,explain,1.232,ok
tpcds,100,A,Auto (default),2,query_37,prepare,3.741,ok
tpcds,100,A,Auto (default),2,query_38,explain,0.855,ok
tpcds,100,A,Auto (default),2,query_38,prepare,1.745,ok
tpcds,100,A,Auto (default),2,query_39,explain,2.628,ok
tpcds,100,A,Auto (default),2,query_39,prepare,8.058,ok
tpcds,100,A,Auto (default),2,query_4,explain,1.456,ok
tpcds,100,A,Auto (default),2,query_4,prepare,3.050,ok
tpcds,100,A,Auto (default),2,query_40,explain,1.081,ok
tpcds,100,A,Auto (default),2,query_40,prepare,1.782,ok
tpcds,100,A,Auto (default),2,query_41,explain,2.184,ok
tpcds,100,A,Auto (default),2,query_41,prepare,4.344,ok
tpcds,100,A,Auto (default),2,query_42,explain,83.472,ok
tpcds,100,A,Auto (default),2,query_42,prepare,87.730,ok
tpcds,100,A,Auto (default),2,query_43,explain,2.169,ok
tpcds,100,A,Auto (default),2,query_43,prepare,3.300,ok
tpcds,100,A,Auto (default),2,query_44,explain,1.120,ok
tpcds,100,A,Auto (default),2,query_44,prepare,1.896,ok
tpcds,100,A,Auto (default),2,query_45,explain,0.648,ok
tpcds,100,A,Auto (default),2,query_45,prepare,1.579,ok
tpcds,100,A,Auto (default),2,query_46,explain,0.962,ok
tpcds,100,A,Auto (default),2,query_46,prepare,3.600,ok
tpcds,100,A,Auto (default),2,query_47,explain,1.561,ok
tpcds,100,A,Auto (default),2,query_47,prepare,3.289,ok
tpcds,100,A,Auto (default),2,query_48,explain,2.296,ok
tpcds,100,A,Auto (default),2,query_48,prepare,5.371,ok
tpcds,100,A,Auto (default),2,query_49,explain,2.037,ok
tpcds,100,A,Auto (default),2,query_49,prepare,3.387,ok
tpcds,100,A,Auto (default),2,query_5,explain,1.006,ok
tpcds,100,A,Auto (default),2,query_5,prepare,2.164,ok
tpcds,100,A,Auto (default),2,query_50,explain,2.002,ok
tpcds,100,A,Auto (default),2,query_50,prepare,3.761,ok
tpcds,100,A,Auto (default),2,query_51,explain,1.245,ok
tpcds,100,A,Auto (default),2,query_51,prepare,3.612,ok
tpcds,100,A,Auto (default),2,query_52,explain,0.726,ok
tpcds,100,A,Auto (default),2,query_52,prepare,1.440,ok
tpcds,100,A,Auto (default),2,query_53,explain,1.900,ok
tpcds,100,A,Auto (default),2,query_53,prepare,3.719,ok
tpcds,100,A,Auto (default),2,query_54,explain,1.111,ok
tpcds,100,A,Auto (default),2,query_54,prepare,2.408,ok
tpcds,100,A,Auto (default),2,query_55,explain,0.515,ok
tpcds,100,A,Auto (default),2,query_55,prepare,1.891,ok
tpcds,100,A,Auto (default),2,query_56,explain,1.085,ok
tpcds,100,A,Auto (default),2,query_56,prepare,3.320,ok
tpcds,100,A,Auto (default),2,query_57,explain,0.958,ok
tpcds,100,A,Auto (default),2,query_57,prepare,1.880,ok
tpcds,100,A,Auto (default),2,query_58,explain,1.221,ok
tpcds,100,A,Auto (default),2,query_58,prepare,2.572,ok
tpcds,100,A,Auto (default),2,query_59,explain,0.689,ok
tpcds,100,A,Auto (default),2,query_59,prepare,1.535,ok
tpcds,100,A,Auto (default),2,query_6,explain,2.848,ok
tpcds,100,A,Auto (default),2,query_6,prepare,6.500,ok
tpcds,100,A,Auto (default),2,query_60,explain,1.526,ok
tpcds,100,A,Auto (default),2,query_60,prepare,3.252,ok
tpcds,100,A,Auto (default),2,query_61,explain,0.681,ok
tpcds,100,A,Auto (default),2,query_61,prepare,1.447,ok
tpcds,100,A,Auto (default),2,query_62,explain,1.308,ok
tpcds,100,A,Auto (default),2,query_62,prepare,2.235,ok
tpcds,100,A,Auto (default),2,query_63,explain,1.762,ok
tpcds,100,A,Auto (default),2,query_63,prepare,3.268,ok
tpcds,100,A,Auto (default),2,query_64,explain,0.812,ok
tpcds,100,A,Auto (default),2,query_64,prepare,2.526,ok
tpcds,100,A,Auto (default),2,query_65,explain,0.820,ok
tpcds,100,A,Auto (default),2,query_65,prepare,2.513,ok
tpcds,100,A,Auto (default),2,query_66,explain,4.632,ok
tpcds,100,A,Auto (default),2,query_66,prepare,7.004,ok
tpcds,100,A,Auto (default),2,query_67,explain,0.881,ok
tpcds,100,A,Auto (default),2,query_67,prepare,1.751,ok
tpcds,100,A,Auto (default),2,query_68,explain,3.377,ok
tpcds,100,A,Auto (default),2,query_68,prepare,5.246,ok
tpcds,100,A,Auto (default),2,query_69,explain,5.258,ok
tpcds,100,A,Auto (default),2,query_69,prepare,9.445,ok
tpcds,100,A,Auto (default),2,query_7,explain,1.099,ok
tpcds,100,A,Auto (default),2,query_7,prepare,1.830,ok
tpcds,100,A,Auto (default),2,query_70,explain,64.367,ok
tpcds,100,A,Auto (default),2,query_70,prepare,66.510,ok
tpcds,100,A,Auto (default),2,query_71,explain,1.436,ok
tpcds,100,A,Auto (default),2,query_71,prepare,3.059,ok
tpcds,100,A,Auto (default),2,query_72,explain,1.282,ok
tpcds,100,A,Auto (default),2,query_72,prepare,2.712,ok
tpcds,100,A,Auto (default),2,query_73,explain,1.447,ok
tpcds,100,A,Auto (default),2,query_73,prepare,2.364,ok
tpcds,100,A,Auto (default),2,query_74,explain,2.169,ok
tpcds,100,A,Auto (default),2,query_74,prepare,2.865,ok
tpcds,100,A,Auto (default),2,query_75,explain,1.230,ok
tpcds,100,A,Auto (default),2,query_75,prepare,3.405,ok
tpcds,100,A,Auto (default),2,query_76,explain,1.170,ok
tpcds,100,A,Auto (default),2,query_76,prepare,3.320,ok
tpcds,100,A,Auto (default),2,query_77,explain,1.114,ok
tpcds,100,A,Auto (default),2,query_77,prepare,2.407,ok
tpcds,100,A,Auto (default),2,query_78,explain,3.029,ok
tpcds,100,A,Auto (default),2,query_78,prepare,6.498,ok
tpcds,100,A,Auto (default),2,query_79,explain,1.260,ok
tpcds,100,A,Auto (default),2,query_79,prepare,2.242,ok
tpcds,100,A,Auto (default),2,query_8,explain,1.286,ok
tpcds,100,A,Auto (default),2,query_8,prepare,2.721,ok
tpcds,100,A,Auto (default),2,query_80,explain,1.066,ok
tpcds,100,A,Auto (default),2,query_80,prepare,1.860,ok
tpcds,100,A,Auto (default),2,query_81,explain,1.755,ok
tpcds,100,A,Auto (default),2,query_81,prepare,3.655,ok
tpcds,100,A,Auto (default),2,query_82,explain,0.666,ok
tpcds,100,A,Auto (default),2,query_82,prepare,1.495,ok
tpcds,100,A,Auto (default),2,query_83,explain,2.210,ok
tpcds,100,A,Auto (default),2,query_83,prepare,4.445,ok
tpcds,100,A,Auto (default),2,query_84,explain,1.667,ok
tpcds,100,A,Auto (default),2,query_84,prepare,3.005,ok
tpcds,100,A,Auto (default),2,query_85,explain,1.044,ok
tpcds,100,A,Auto (default),2,query_85,prepare,2.110,ok
tpcds,100,A,Auto (default),2,query_86,explain,1.070,ok
tpcds,100,A,Auto (default),2,query_86,prepare,2.304,ok
tpcds,100,A,Auto (default),2,query_87,explain,2.766,ok
tpcds,100,A,Auto (default),2,query_87,prepare,4.516,ok
tpcds,100,A,Auto (default),2,query_88,explain,1.177,ok
tpcds,100,A,Auto (default),2,query_88,prepare,2.665,ok
tpcds,100,A,Auto (default),2,query_89,explain,1.124,ok
tpcds,100,A,Auto (default),2,query_89,prepare,2.457,ok
tpcds,100,A,Auto (default),2,query_9,explain,1.872,ok
tpcds,100,A,Auto (default),2,query_9,prepare,3.587,ok
tpcds,100,A,Auto (default),2,query_90,explain,1.505,ok
tpcds,100,A,Auto (default),2,query_90,prepare,3.915,ok
tpcds,100,A,Auto (default),2,query_91,explain,2.558,ok
tpcds,100,A,Auto (default),2,query_91,prepare,3.590,ok
tpcds,100,A,Auto (default),2,query_92,explain,1.957,ok
tpcds,100,A,Auto (default),2,query_92,prepare,4.140,ok
tpcds,100,A,Auto (default),2,query_93,explain,1.636,ok
tpcds,100,A,Auto (default),2,query_93,prepare,4.867,ok
tpcds,100,A,Auto (default),2,query_94,explain,1.316,ok
tpcds,100,A,Auto (default),2,query_94,prepare,2.482,ok
tpcds,100,A,Auto (default),2,query_95,explain,1.561,ok
tpcds,100,A,Auto (default),2,query_95,prepare,3.026,ok
tpcds,100,A,Auto (default),2,query_96,explain,2.468,ok
tpcds,100,A,Auto (default),2,query_96,prepare,4.639,ok
tpcds,100,A,Auto (default),2,query_97,explain,1.952,ok
tpcds,100,A,Auto (default),2,query_97,prepare,3.268,ok
tpcds,100,A,Auto (default),2,query_98,explain,1.839,ok
tpcds,100,A,Auto (default),2,query_98,prepare,5.016,ok
tpcds,100,A,Auto (default),2,query_99,explain,1.234,ok
tpcds,100,A,Auto (default),2,query_99,prepare,3.016,ok
tpcds,100,A,Auto (default),3,__floor__,floor,0.243,ok
tpcds,100,A,Auto (default),3,query_1,explain,1.307,ok
tpcds,100,A,Auto (default),3,query_1,prepare,2.323,ok
tpcds,100,A,Auto (default),3,query_10,explain,3.879,ok
tpcds,100,A,Auto (default),3,query_10,prepare,8.867,ok
tpcds,100,A,Auto (default),3,query_11,explain,1.197,ok
tpcds,100,A,Auto (default),3,query_11,prepare,4.420,ok
tpcds,100,A,Auto (default),3,query_12,explain,2.367,ok
tpcds,100,A,Auto (default),3,query_12,prepare,4.218,ok
tpcds,100,A,Auto (default),3,query_13,explain,2.701,ok
tpcds,100,A,Auto (default),3,query_13,prepare,5.421,ok
tpcds,100,A,Auto (default),3,query_14,explain,1.208,ok
tpcds,100,A,Auto (default),3,query_14,prepare,3.304,ok
tpcds,100,A,Auto (default),3,query_15,explain,1.274,ok
tpcds,100,A,Auto (default),3,query_15,prepare,3.341,ok
tpcds,100,A,Auto (default),3,query_16,explain,1.006,ok
tpcds,100,A,Auto (default),3,query_16,prepare,2.789,ok
tpcds,100,A,Auto (default),3,query_17,explain,1.142,ok
tpcds,100,A,Auto (default),3,query_17,prepare,2.380,ok
tpcds,100,A,Auto (default),3,query_18,explain,1.228,ok
tpcds,100,A,Auto (default),3,query_18,prepare,2.780,ok
tpcds,100,A,Auto (default),3,query_19,explain,2.658,ok
tpcds,100,A,Auto (default),3,query_19,prepare,5.092,ok
tpcds,100,A,Auto (default),3,query_2,explain,0.972,ok
tpcds,100,A,Auto (default),3,query_2,prepare,2.180,ok
tpcds,100,A,Auto (default),3,query_20,explain,6.222,ok
tpcds,100,A,Auto (default),3,query_20,prepare,10.942,ok
tpcds,100,A,Auto (default),3,query_21,explain,1.016,ok
tpcds,100,A,Auto (default),3,query_21,prepare,2.788,ok
tpcds,100,A,Auto (default),3,query_22,explain,1.987,ok
tpcds,100,A,Auto (default),3,query_22,prepare,4.278,ok
tpcds,100,A,Auto (default),3,query_23,explain,1.739,ok
tpcds,100,A,Auto (default),3,query_23,prepare,3.781,ok
tpcds,100,A,Auto (default),3,query_24,explain,1.269,ok
tpcds,100,A,Auto (default),3,query_24,prepare,2.732,ok
tpcds,100,A,Auto (default),3,query_25,explain,1.387,ok
tpcds,100,A,Auto (default),3,query_25,prepare,2.666,ok
tpcds,100,A,Auto (default),3,query_26,explain,1.821,ok
tpcds,100,A,Auto (default),3,query_26,prepare,3.866,ok
tpcds,100,A,Auto (default),3,query_27,explain,1.140,ok
tpcds,100,A,Auto (default),3,query_27,prepare,2.763,ok
tpcds,100,A,Auto (default),3,query_28,explain,1.690,ok
tpcds,100,A,Auto (default),3,query_28,prepare,3.787,ok
tpcds,100,A,Auto (default),3,query_29,explain,2.070,ok
tpcds,100,A,Auto (default),3,query_29,prepare,4.474,ok
tpcds,100,A,Auto (default),3,query_3,explain,3.033,ok
tpcds,100,A,Auto (default),3,query_3,prepare,6.042,ok
tpcds,100,A,Auto (default),3,query_30,explain,1.549,ok
tpcds,100,A,Auto (default),3,query_30,prepare,3.514,ok
tpcds,100,A,Auto (default),3,query_31,explain,0.927,ok
tpcds,100,A,Auto (default),3,query_31,prepare,1.921,ok
tpcds,100,A,Auto (default),3,query_32,explain,0.800,ok
tpcds,100,A,Auto (default),3,query_32,prepare,2.775,ok
tpcds,100,A,Auto (default),3,query_33,explain,2.988,ok
tpcds,100,A,Auto (default),3,query_33,prepare,5.131,ok
tpcds,100,A,Auto (default),3,query_34,explain,1.181,ok
tpcds,100,A,Auto (default),3,query_34,prepare,3.888,ok
tpcds,100,A,Auto (default),3,query_35,explain,0.805,ok
tpcds,100,A,Auto (default),3,query_35,prepare,3.313,ok
tpcds,100,A,Auto (default),3,query_36,explain,2.111,ok
tpcds,100,A,Auto (default),3,query_36,prepare,4.862,ok
tpcds,100,A,Auto (default),3,query_37,explain,1.256,ok
tpcds,100,A,Auto (default),3,query_37,prepare,4.214,ok
tpcds,100,A,Auto (default),3,query_38,explain,0.856,ok
tpcds,100,A,Auto (default),3,query_38,prepare,1.814,ok
tpcds,100,A,Auto (default),3,query_39,explain,3.016,ok
tpcds,100,A,Auto (default),3,query_39,prepare,8.983,ok
tpcds,100,A,Auto (default),3,query_4,explain,1.469,ok
tpcds,100,A,Auto (default),3,query_4,prepare,3.098,ok
tpcds,100,A,Auto (default),3,query_40,explain,1.086,ok
tpcds,100,A,Auto (default),3,query_40,prepare,1.896,ok
tpcds,100,A,Auto (default),3,query_41,explain,2.287,ok
tpcds,100,A,Auto (default),3,query_41,prepare,4.704,ok
tpcds,100,A,Auto (default),3,query_42,explain,75.644,ok
tpcds,100,A,Auto (default),3,query_42,prepare,82.953,ok
tpcds,100,A,Auto (default),3,query_43,explain,2.191,ok
tpcds,100,A,Auto (default),3,query_43,prepare,3.501,ok
tpcds,100,A,Auto (default),3,query_44,explain,1.188,ok
tpcds,100,A,Auto (default),3,query_44,prepare,2.036,ok
tpcds,100,A,Auto (default),3,query_45,explain,0.674,ok
tpcds,100,A,Auto (default),3,query_45,prepare,1.759,ok
tpcds,100,A,Auto (default),3,query_46,explain,1.067,ok
tpcds,100,A,Auto (default),3,query_46,prepare,4.196,ok
tpcds,100,A,Auto (default),3,query_47,explain,1.631,ok
tpcds,100,A,Auto (default),3,query_47,prepare,3.692,ok
tpcds,100,A,Auto (default),3,query_48,explain,2.391,ok
tpcds,100,A,Auto (default),3,query_48,prepare,6.078,ok
tpcds,100,A,Auto (default),3,query_49,explain,2.047,ok
tpcds,100,A,Auto (default),3,query_49,prepare,3.820,ok
tpcds,100,A,Auto (default),3,query_5,explain,1.012,ok
tpcds,100,A,Auto (default),3,query_5,prepare,2.321,ok
tpcds,100,A,Auto (default),3,query_50,explain,2.275,ok
tpcds,100,A,Auto (default),3,query_50,prepare,4.094,ok
tpcds,100,A,Auto (default),3,query_51,explain,1.257,ok
tpcds,100,A,Auto (default),3,query_51,prepare,4.154,ok
tpcds,100,A,Auto (default),3,query_52,explain,0.721,ok
tpcds,100,A,Auto (default),3,query_52,prepare,1.442,ok
tpcds,100,A,Auto (default),3,query_53,explain,2.046,ok
tpcds,100,A,Auto (default),3,query_53,prepare,4.104,ok
tpcds,100,A,Auto (default),3,query_54,explain,1.129,ok
tpcds,100,A,Auto (default),3,query_54,prepare,2.668,ok
tpcds,100,A,Auto (default),3,query_55,explain,0.532,ok
tpcds,100,A,Auto (default),3,query_55,prepare,2.171,ok
tpcds,100,A,Auto (default),3,query_56,explain,1.084,ok
tpcds,100,A,Auto (default),3,query_56,prepare,3.658,ok
tpcds,100,A,Auto (default),3,query_57,explain,0.972,ok
tpcds,100,A,Auto (default),3,query_57,prepare,2.018,ok
tpcds,100,A,Auto (default),3,query_58,explain,1.258,ok
tpcds,100,A,Auto (default),3,query_58,prepare,2.897,ok
tpcds,100,A,Auto (default),3,query_59,explain,0.696,ok
tpcds,100,A,Auto (default),3,query_59,prepare,1.706,ok
tpcds,100,A,Auto (default),3,query_6,explain,3.154,ok
tpcds,100,A,Auto (default),3,query_6,prepare,7.153,ok
tpcds,100,A,Auto (default),3,query_60,explain,1.517,ok
tpcds,100,A,Auto (default),3,query_60,prepare,3.609,ok
tpcds,100,A,Auto (default),3,query_61,explain,0.688,ok
tpcds,100,A,Auto (default),3,query_61,prepare,1.542,ok
tpcds,100,A,Auto (default),3,query_62,explain,1.372,ok
tpcds,100,A,Auto (default),3,query_62,prepare,2.373,ok
tpcds,100,A,Auto (default),3,query_63,explain,1.802,ok
tpcds,100,A,Auto (default),3,query_63,prepare,3.599,ok
tpcds,100,A,Auto (default),3,query_64,explain,0.823,ok
tpcds,100,A,Auto (default),3,query_64,prepare,2.805,ok
tpcds,100,A,Auto (default),3,query_65,explain,0.848,ok
tpcds,100,A,Auto (default),3,query_65,prepare,2.796,ok
tpcds,100,A,Auto (default),3,query_66,explain,5.094,ok
tpcds,100,A,Auto (default),3,query_66,prepare,7.581,ok
tpcds,100,A,Auto (default),3,query_67,explain,0.892,ok
tpcds,100,A,Auto (default),3,query_67,prepare,1.909,ok
tpcds,100,A,Auto (default),3,query_68,explain,3.586,ok
tpcds,100,A,Auto (default),3,query_68,prepare,5.809,ok
tpcds,100,A,Auto (default),3,query_69,explain,5.695,ok
tpcds,100,A,Auto (default),3,query_69,prepare,10.330,ok
tpcds,100,A,Auto (default),3,query_7,explain,1.100,ok
tpcds,100,A,Auto (default),3,query_7,prepare,1.996,ok
tpcds,100,A,Auto (default),3,query_70,explain,60.237,ok
tpcds,100,A,Auto (default),3,query_70,prepare,65.035,ok
tpcds,100,A,Auto (default),3,query_71,explain,1.502,ok
tpcds,100,A,Auto (default),3,query_71,prepare,3.361,ok
tpcds,100,A,Auto (default),3,query_72,explain,1.341,ok
tpcds,100,A,Auto (default),3,query_72,prepare,3.125,ok
tpcds,100,A,Auto (default),3,query_73,explain,1.506,ok
tpcds,100,A,Auto (default),3,query_73,prepare,2.659,ok
tpcds,100,A,Auto (default),3,query_74,explain,2.226,ok
tpcds,100,A,Auto (default),3,query_74,prepare,3.115,ok
tpcds,100,A,Auto (default),3,query_75,explain,1.348,ok
tpcds,100,A,Auto (default),3,query_75,prepare,3.868,ok
tpcds,100,A,Auto (default),3,query_76,explain,1.183,ok
tpcds,100,A,Auto (default),3,query_76,prepare,3.657,ok
tpcds,100,A,Auto (default),3,query_77,explain,1.178,ok
tpcds,100,A,Auto (default),3,query_77,prepare,2.737,ok
tpcds,100,A,Auto (default),3,query_78,explain,3.388,ok
tpcds,100,A,Auto (default),3,query_78,prepare,7.474,ok
tpcds,100,A,Auto (default),3,query_79,explain,1.272,ok
tpcds,100,A,Auto (default),3,query_79,prepare,2.492,ok
tpcds,100,A,Auto (default),3,query_8,explain,1.341,ok
tpcds,100,A,Auto (default),3,query_8,prepare,3.100,ok
tpcds,100,A,Auto (default),3,query_80,explain,1.071,ok
tpcds,100,A,Auto (default),3,query_80,prepare,2.074,ok
tpcds,100,A,Auto (default),3,query_81,explain,1.917,ok
tpcds,100,A,Auto (default),3,query_81,prepare,4.121,ok
tpcds,100,A,Auto (default),3,query_82,explain,0.635,ok
tpcds,100,A,Auto (default),3,query_82,prepare,1.592,ok
tpcds,100,A,Auto (default),3,query_83,explain,2.592,ok
tpcds,100,A,Auto (default),3,query_83,prepare,4.866,ok
tpcds,100,A,Auto (default),3,query_84,explain,1.712,ok
tpcds,100,A,Auto (default),3,query_84,prepare,3.420,ok
tpcds,100,A,Auto (default),3,query_85,explain,1.034,ok
tpcds,100,A,Auto (default),3,query_85,prepare,2.300,ok
tpcds,100,A,Auto (default),3,query_86,explain,1.198,ok
tpcds,100,A,Auto (default),3,query_86,prepare,2.694,ok
tpcds,100,A,Auto (default),3,query_87,explain,2.901,ok
tpcds,100,A,Auto (default),3,query_87,prepare,4.888,ok
tpcds,100,A,Auto (default),3,query_88,explain,1.249,ok
tpcds,100,A,Auto (default),3,query_88,prepare,2.907,ok
tpcds,100,A,Auto (default),3,query_89,explain,1.139,ok
tpcds,100,A,Auto (default),3,query_89,prepare,2.724,ok
tpcds,100,A,Auto (default),3,query_9,explain,1.930,ok
tpcds,100,A,Auto (default),3,query_9,prepare,3.866,ok
tpcds,100,A,Auto (default),3,query_90,explain,1.532,ok
tpcds,100,A,Auto (default),3,query_90,prepare,4.547,ok
tpcds,100,A,Auto (default),3,query_91,explain,2.578,ok
tpcds,100,A,Auto (default),3,query_91,prepare,3.804,ok
tpcds,100,A,Auto (default),3,query_92,explain,2.060,ok
tpcds,100,A,Auto (default),3,query_92,prepare,4.544,ok
tpcds,100,A,Auto (default),3,query_93,explain,1.749,ok
tpcds,100,A,Auto (default),3,query_93,prepare,5.535,ok
tpcds,100,A,Auto (default),3,query_94,explain,1.338,ok
tpcds,100,A,Auto (default),3,query_94,prepare,2.639,ok
tpcds,100,A,Auto (default),3,query_95,explain,1.573,ok
tpcds,100,A,Auto (default),3,query_95,prepare,3.325,ok
tpcds,100,A,Auto (default),3,query_96,explain,2.715,ok
tpcds,100,A,Auto (default),3,query_96,prepare,5.153,ok
tpcds,100,A,Auto (default),3,query_97,explain,2.018,ok
tpcds,100,A,Auto (default),3,query_97,prepare,3.570,ok
tpcds,100,A,Auto (default),3,query_98,explain,2.113,ok
tpcds,100,A,Auto (default),3,query_98,prepare,5.667,ok
tpcds,100,A,Auto (default),3,query_99,explain,1.279,ok
tpcds,100,A,Auto (default),3,query_99,prepare,3.359,ok
tpcds,100,A,Auto (default),4,__floor__,floor,0.196,ok
tpcds,100,A,Auto (default),4,query_1,explain,0.846,ok
tpcds,100,A,Auto (default),4,query_1,prepare,1.190,ok
tpcds,100,A,Auto (default),4,query_10,explain,3.132,ok
tpcds,100,A,Auto (default),4,query_10,prepare,8.219,ok
tpcds,100,A,Auto (default),4,query_11,explain,1.602,ok
tpcds,100,A,Auto (default),4,query_11,prepare,3.705,ok
tpcds,100,A,Auto (default),4,query_12,explain,2.098,ok
tpcds,100,A,Auto (default),4,query_12,prepare,3.796,ok
tpcds,100,A,Auto (default),4,query_13,explain,2.995,ok
tpcds,100,A,Auto (default),4,query_13,prepare,6.444,ok
tpcds,100,A,Auto (default),4,query_14,explain,1.537,ok
tpcds,100,A,Auto (default),4,query_14,prepare,3.554,ok
tpcds,100,A,Auto (default),4,query_15,explain,1.681,ok
tpcds,100,A,Auto (default),4,query_15,prepare,4.241,ok
tpcds,100,A,Auto (default),4,query_16,explain,2.252,ok
tpcds,100,A,Auto (default),4,query_16,prepare,5.138,ok
tpcds,100,A,Auto (default),4,query_17,explain,2.107,ok
tpcds,100,A,Auto (default),4,query_17,prepare,3.764,ok
tpcds,100,A,Auto (default),4,query_18,explain,2.267,ok
tpcds,100,A,Auto (default),4,query_18,prepare,4.470,ok
tpcds,100,A,Auto (default),4,query_19,explain,4.316,ok
tpcds,100,A,Auto (default),4,query_19,prepare,7.492,ok
tpcds,100,A,Auto (default),4,query_2,explain,1.019,ok
tpcds,100,A,Auto (default),4,query_2,prepare,2.086,ok
tpcds,100,A,Auto (default),4,query_20,explain,5.960,ok
tpcds,100,A,Auto (default),4,query_20,prepare,10.350,ok
tpcds,100,A,Auto (default),4,query_21,explain,1.014,ok
tpcds,100,A,Auto (default),4,query_21,prepare,2.618,ok
tpcds,100,A,Auto (default),4,query_22,explain,1.992,ok
tpcds,100,A,Auto (default),4,query_22,prepare,3.970,ok
tpcds,100,A,Auto (default),4,query_23,explain,1.741,ok
tpcds,100,A,Auto (default),4,query_23,prepare,3.327,ok
tpcds,100,A,Auto (default),4,query_24,explain,1.298,ok
tpcds,100,A,Auto (default),4,query_24,prepare,2.507,ok
tpcds,100,A,Auto (default),4,query_25,explain,1.403,ok
tpcds,100,A,Auto (default),4,query_25,prepare,2.482,ok
tpcds,100,A,Auto (default),4,query_26,explain,1.751,ok
tpcds,100,A,Auto (default),4,query_26,prepare,3.555,ok
tpcds,100,A,Auto (default),4,query_27,explain,1.168,ok
tpcds,100,A,Auto (default),4,query_27,prepare,2.608,ok
tpcds,100,A,Auto (default),4,query_28,explain,1.588,ok
tpcds,100,A,Auto (default),4,query_28,prepare,3.153,ok
tpcds,100,A,Auto (default),4,query_29,explain,1.898,ok
tpcds,100,A,Auto (default),4,query_29,prepare,4.047,ok
tpcds,100,A,Auto (default),4,query_3,explain,2.832,ok
tpcds,100,A,Auto (default),4,query_3,prepare,5.572,ok
tpcds,100,A,Auto (default),4,query_30,explain,1.470,ok
tpcds,100,A,Auto (default),4,query_30,prepare,3.191,ok
tpcds,100,A,Auto (default),4,query_31,explain,0.912,ok
tpcds,100,A,Auto (default),4,query_31,prepare,1.788,ok
tpcds,100,A,Auto (default),4,query_32,explain,0.933,ok
tpcds,100,A,Auto (default),4,query_32,prepare,2.504,ok
tpcds,100,A,Auto (default),4,query_33,explain,2.974,ok
tpcds,100,A,Auto (default),4,query_33,prepare,4.831,ok
tpcds,100,A,Auto (default),4,query_34,explain,1.145,ok
tpcds,100,A,Auto (default),4,query_34,prepare,3.500,ok
tpcds,100,A,Auto (default),4,query_35,explain,0.857,ok
tpcds,100,A,Auto (default),4,query_35,prepare,2.941,ok
tpcds,100,A,Auto (default),4,query_36,explain,2.140,ok
tpcds,100,A,Auto (default),4,query_36,prepare,4.414,ok
tpcds,100,A,Auto (default),4,query_37,explain,1.251,ok
tpcds,100,A,Auto (default),4,query_37,prepare,3.783,ok
tpcds,100,A,Auto (default),4,query_38,explain,0.829,ok
tpcds,100,A,Auto (default),4,query_38,prepare,1.734,ok
tpcds,100,A,Auto (default),4,query_39,explain,2.603,ok
tpcds,100,A,Auto (default),4,query_39,prepare,7.860,ok
tpcds,100,A,Auto (default),4,query_4,explain,1.475,ok
tpcds,100,A,Auto (default),4,query_4,prepare,3.070,ok
tpcds,100,A,Auto (default),4,query_40,explain,1.078,ok
tpcds,100,A,Auto (default),4,query_40,prepare,1.789,ok
tpcds,100,A,Auto (default),4,query_41,explain,2.178,ok
tpcds,100,A,Auto (default),4,query_41,prepare,4.331,ok
tpcds,100,A,Auto (default),4,query_42,explain,83.193,ok
tpcds,100,A,Auto (default),4,query_42,prepare,89.066,ok
tpcds,100,A,Auto (default),4,query_43,explain,2.196,ok
tpcds,100,A,Auto (default),4,query_43,prepare,3.291,ok
tpcds,100,A,Auto (default),4,query_44,explain,1.152,ok
tpcds,100,A,Auto (default),4,query_44,prepare,1.837,ok
tpcds,100,A,Auto (default),4,query_45,explain,0.639,ok
tpcds,100,A,Auto (default),4,query_45,prepare,1.586,ok
tpcds,100,A,Auto (default),4,query_46,explain,0.963,ok
tpcds,100,A,Auto (default),4,query_46,prepare,3.592,ok
tpcds,100,A,Auto (default),4,query_47,explain,1.565,ok
tpcds,100,A,Auto (default),4,query_47,prepare,3.218,ok
tpcds,100,A,Auto (default),4,query_48,explain,2.435,ok
tpcds,100,A,Auto (default),4,query_48,prepare,5.502,ok
tpcds,100,A,Auto (default),4,query_49,explain,2.031,ok
tpcds,100,A,Auto (default),4,query_49,prepare,3.375,ok
tpcds,100,A,Auto (default),4,query_5,explain,1.006,ok
tpcds,100,A,Auto (default),4,query_5,prepare,2.186,ok
tpcds,100,A,Auto (default),4,query_50,explain,2.017,ok
tpcds,100,A,Auto (default),4,query_50,prepare,3.725,ok
tpcds,100,A,Auto (default),4,query_51,explain,1.221,ok
tpcds,100,A,Auto (default),4,query_51,prepare,3.699,ok
tpcds,100,A,Auto (default),4,query_52,explain,0.709,ok
tpcds,100,A,Auto (default),4,query_52,prepare,1.469,ok
tpcds,100,A,Auto (default),4,query_53,explain,1.923,ok
tpcds,100,A,Auto (default),4,query_53,prepare,3.785,ok
tpcds,100,A,Auto (default),4,query_54,explain,1.114,ok
tpcds,100,A,Auto (default),4,query_54,prepare,2.394,ok
tpcds,100,A,Auto (default),4,query_55,explain,0.505,ok
tpcds,100,A,Auto (default),4,query_55,prepare,1.879,ok
tpcds,100,A,Auto (default),4,query_56,explain,1.095,ok
tpcds,100,A,Auto (default),4,query_56,prepare,3.302,ok
tpcds,100,A,Auto (default),4,query_57,explain,0.956,ok
tpcds,100,A,Auto (default),4,query_57,prepare,1.886,ok
tpcds,100,A,Auto (default),4,query_58,explain,1.220,ok
tpcds,100,A,Auto (default),4,query_58,prepare,2.537,ok
tpcds,100,A,Auto (default),4,query_59,explain,0.676,ok
tpcds,100,A,Auto (default),4,query_59,prepare,1.583,ok
tpcds,100,A,Auto (default),4,query_6,explain,2.860,ok
tpcds,100,A,Auto (default),4,query_6,prepare,6.562,ok
tpcds,100,A,Auto (default),4,query_60,explain,1.522,ok
tpcds,100,A,Auto (default),4,query_60,prepare,3.255,ok
tpcds,100,A,Auto (default),4,query_61,explain,0.664,ok
tpcds,100,A,Auto (default),4,query_61,prepare,1.463,ok
tpcds,100,A,Auto (default),4,query_62,explain,1.292,ok
tpcds,100,A,Auto (default),4,query_62,prepare,2.260,ok
tpcds,100,A,Auto (default),4,query_63,explain,1.743,ok
tpcds,100,A,Auto (default),4,query_63,prepare,3.266,ok
tpcds,100,A,Auto (default),4,query_64,explain,0.831,ok
tpcds,100,A,Auto (default),4,query_64,prepare,2.563,ok
tpcds,100,A,Auto (default),4,query_65,explain,0.809,ok
tpcds,100,A,Auto (default),4,query_65,prepare,2.512,ok
tpcds,100,A,Auto (default),4,query_66,explain,4.590,ok
tpcds,100,A,Auto (default),4,query_66,prepare,7.003,ok
tpcds,100,A,Auto (default),4,query_67,explain,0.893,ok
tpcds,100,A,Auto (default),4,query_67,prepare,1.759,ok
tpcds,100,A,Auto (default),4,query_68,explain,3.365,ok
tpcds,100,A,Auto (default),4,query_68,prepare,5.595,ok
tpcds,100,A,Auto (default),4,query_69,explain,5.299,ok
tpcds,100,A,Auto (default),4,query_69,prepare,9.427,ok
tpcds,100,A,Auto (default),4,query_7,explain,1.102,ok
tpcds,100,A,Auto (default),4,query_7,prepare,1.834,ok
tpcds,100,A,Auto (default),4,query_70,explain,64.113,ok
tpcds,100,A,Auto (default),4,query_70,prepare,67.213,ok
tpcds,100,A,Auto (default),4,query_71,explain,1.447,ok
tpcds,100,A,Auto (default),4,query_71,prepare,3.051,ok
tpcds,100,A,Auto (default),4,query_72,explain,1.287,ok
tpcds,100,A,Auto (default),4,query_72,prepare,2.727,ok
tpcds,100,A,Auto (default),4,query_73,explain,1.424,ok
tpcds,100,A,Auto (default),4,query_73,prepare,2.394,ok
tpcds,100,A,Auto (default),4,query_74,explain,2.151,ok
tpcds,100,A,Auto (default),4,query_74,prepare,2.885,ok
tpcds,100,A,Auto (default),4,query_75,explain,1.211,ok
tpcds,100,A,Auto (default),4,query_75,prepare,3.366,ok
tpcds,100,A,Auto (default),4,query_76,explain,1.153,ok
tpcds,100,A,Auto (default),4,query_76,prepare,3.226,ok
tpcds,100,A,Auto (default),4,query_77,explain,1.106,ok
tpcds,100,A,Auto (default),4,query_77,prepare,2.408,ok
tpcds,100,A,Auto (default),4,query_78,explain,3.072,ok
tpcds,100,A,Auto (default),4,query_78,prepare,6.520,ok
tpcds,100,A,Auto (default),4,query_79,explain,1.263,ok
tpcds,100,A,Auto (default),4,query_79,prepare,2.258,ok
tpcds,100,A,Auto (default),4,query_8,explain,1.293,ok
tpcds,100,A,Auto (default),4,query_8,prepare,2.726,ok
tpcds,100,A,Auto (default),4,query_80,explain,1.059,ok
tpcds,100,A,Auto (default),4,query_80,prepare,1.880,ok
tpcds,100,A,Auto (default),4,query_81,explain,1.753,ok
tpcds,100,A,Auto (default),4,query_81,prepare,3.659,ok
tpcds,100,A,Auto (default),4,query_82,explain,0.663,ok
tpcds,100,A,Auto (default),4,query_82,prepare,1.501,ok
tpcds,100,A,Auto (default),4,query_83,explain,2.222,ok
tpcds,100,A,Auto (default),4,query_83,prepare,4.444,ok
tpcds,100,A,Auto (default),4,query_84,explain,1.675,ok
tpcds,100,A,Auto (default),4,query_84,prepare,2.987,ok
tpcds,100,A,Auto (default),4,query_85,explain,1.037,ok
tpcds,100,A,Auto (default),4,query_85,prepare,2.108,ok
tpcds,100,A,Auto (default),4,query_86,explain,1.068,ok
tpcds,100,A,Auto (default),4,query_86,prepare,2.288,ok
tpcds,100,A,Auto (default),4,query_87,explain,2.773,ok
tpcds,100,A,Auto (default),4,query_87,prepare,4.509,ok
tpcds,100,A,Auto (default),4,query_88,explain,1.171,ok
tpcds,100,A,Auto (default),4,query_88,prepare,2.652,ok
tpcds,100,A,Auto (default),4,query_89,explain,1.124,ok
tpcds,100,A,Auto (default),4,query_89,prepare,2.466,ok
tpcds,100,A,Auto (default),4,query_9,explain,1.857,ok
tpcds,100,A,Auto (default),4,query_9,prepare,3.553,ok
tpcds,100,A,Auto (default),4,query_90,explain,1.562,ok
tpcds,100,A,Auto (default),4,query_90,prepare,3.920,ok
tpcds,100,A,Auto (default),4,query_91,explain,2.564,ok
tpcds,100,A,Auto (default),4,query_91,prepare,3.568,ok
tpcds,100,A,Auto (default),4,query_92,explain,1.974,ok
tpcds,100,A,Auto (default),4,query_92,prepare,4.158,ok
tpcds,100,A,Auto (default),4,query_93,explain,1.640,ok
tpcds,100,A,Auto (default),4,query_93,prepare,4.894,ok
tpcds,100,A,Auto (default),4,query_94,explain,1.314,ok
tpcds,100,A,Auto (default),4,query_94,prepare,2.493,ok
tpcds,100,A,Auto (default),4,query_95,explain,1.533,ok
tpcds,100,A,Auto (default),4,query_95,prepare,3.020,ok
tpcds,100,A,Auto (default),4,query_96,explain,2.477,ok
tpcds,100,A,Auto (default),4,query_96,prepare,4.632,ok
tpcds,100,A,Auto (default),4,query_97,explain,1.956,ok
tpcds,100,A,Auto (default),4,query_97,prepare,3.261,ok
tpcds,100,A,Auto (default),4,query_98,explain,1.846,ok
tpcds,100,A,Auto (default),4,query_98,prepare,5.072,ok
tpcds,100,A,Auto (default),4,query_99,explain,1.253,ok
tpcds,100,A,Auto (default),4,query_99,prepare,2.958,ok
tpcds,100,A,Auto (default),5,__floor__,floor,0.174,ok
tpcds,100,A,Auto (default),5,query_1,explain,0.843,ok
tpcds,100,A,Auto (default),5,query_1,prepare,1.387,ok
tpcds,100,A,Auto (default),5,query_10,explain,3.703,ok
tpcds,100,A,Auto (default),5,query_10,prepare,8.477,ok
tpcds,100,A,Auto (default),5,query_11,explain,1.119,ok
tpcds,100,A,Auto (default),5,query_11,prepare,4.446,ok
tpcds,100,A,Auto (default),5,query_12,explain,2.103,ok
tpcds,100,A,Auto (default),5,query_12,prepare,4.625,ok
tpcds,100,A,Auto (default),5,query_13,explain,2.988,ok
tpcds,100,A,Auto (default),5,query_13,prepare,6.230,ok
tpcds,100,A,Auto (default),5,query_14,explain,1.300,ok
tpcds,100,A,Auto (default),5,query_14,prepare,3.625,ok
tpcds,100,A,Auto (default),5,query_15,explain,1.534,ok
tpcds,100,A,Auto (default),5,query_15,prepare,3.922,ok
tpcds,100,A,Auto (default),5,query_16,explain,2.118,ok
tpcds,100,A,Auto (default),5,query_16,prepare,5.178,ok
tpcds,100,A,Auto (default),5,query_17,explain,1.966,ok
tpcds,100,A,Auto (default),5,query_17,prepare,3.673,ok
tpcds,100,A,Auto (default),5,query_18,explain,2.106,ok
tpcds,100,A,Auto (default),5,query_18,prepare,4.398,ok
tpcds,100,A,Auto (default),5,query_19,explain,4.580,ok
tpcds,100,A,Auto (default),5,query_19,prepare,6.860,ok
tpcds,100,A,Auto (default),5,query_2,explain,0.985,ok
tpcds,100,A,Auto (default),5,query_2,prepare,2.111,ok
tpcds,100,A,Auto (default),5,query_20,explain,5.803,ok
tpcds,100,A,Auto (default),5,query_20,prepare,10.334,ok
tpcds,100,A,Auto (default),5,query_21,explain,0.976,ok
tpcds,100,A,Auto (default),5,query_21,prepare,2.565,ok
tpcds,100,A,Auto (default),5,query_22,explain,2.105,ok
tpcds,100,A,Auto (default),5,query_22,prepare,3.931,ok
tpcds,100,A,Auto (default),5,query_23,explain,1.726,ok
tpcds,100,A,Auto (default),5,query_23,prepare,3.339,ok
tpcds,100,A,Auto (default),5,query_24,explain,1.258,ok
tpcds,100,A,Auto (default),5,query_24,prepare,2.555,ok
tpcds,100,A,Auto (default),5,query_25,explain,1.365,ok
tpcds,100,A,Auto (default),5,query_25,prepare,2.472,ok
tpcds,100,A,Auto (default),5,query_26,explain,1.784,ok
tpcds,100,A,Auto (default),5,query_26,prepare,3.517,ok
tpcds,100,A,Auto (default),5,query_27,explain,1.133,ok
tpcds,100,A,Auto (default),5,query_27,prepare,2.558,ok
tpcds,100,A,Auto (default),5,query_28,explain,1.604,ok
tpcds,100,A,Auto (default),5,query_28,prepare,3.169,ok
tpcds,100,A,Auto (default),5,query_29,explain,1.879,ok
tpcds,100,A,Auto (default),5,query_29,prepare,4.053,ok
tpcds,100,A,Auto (default),5,query_3,explain,2.788,ok
tpcds,100,A,Auto (default),5,query_3,prepare,5.513,ok
tpcds,100,A,Auto (default),5,query_30,explain,1.469,ok
tpcds,100,A,Auto (default),5,query_30,prepare,3.136,ok
tpcds,100,A,Auto (default),5,query_31,explain,0.897,ok
tpcds,100,A,Auto (default),5,query_31,prepare,1.776,ok
tpcds,100,A,Auto (default),5,query_32,explain,0.775,ok
tpcds,100,A,Auto (default),5,query_32,prepare,2.423,ok
tpcds,100,A,Auto (default),5,query_33,explain,2.911,ok
tpcds,100,A,Auto (default),5,query_33,prepare,4.768,ok
tpcds,100,A,Auto (default),5,query_34,explain,1.111,ok
tpcds,100,A,Auto (default),5,query_34,prepare,3.406,ok
tpcds,100,A,Auto (default),5,query_35,explain,0.774,ok
tpcds,100,A,Auto (default),5,query_35,prepare,2.869,ok
tpcds,100,A,Auto (default),5,query_36,explain,2.092,ok
tpcds,100,A,Auto (default),5,query_36,prepare,4.475,ok
tpcds,100,A,Auto (default),5,query_37,explain,1.216,ok
tpcds,100,A,Auto (default),5,query_37,prepare,3.670,ok
tpcds,100,A,Auto (default),5,query_38,explain,0.809,ok
tpcds,100,A,Auto (default),5,query_38,prepare,1.727,ok
tpcds,100,A,Auto (default),5,query_39,explain,2.618,ok
tpcds,100,A,Auto (default),5,query_39,prepare,7.915,ok
tpcds,100,A,Auto (default),5,query_4,explain,1.432,ok
tpcds,100,A,Auto (default),5,query_4,prepare,3.024,ok
tpcds,100,A,Auto (default),5,query_40,explain,1.086,ok
tpcds,100,A,Auto (default),5,query_40,prepare,1.813,ok
tpcds,100,A,Auto (default),5,query_41,explain,2.206,ok
tpcds,100,A,Auto (default),5,query_41,prepare,4.289,ok
tpcds,100,A,Auto (default),5,query_42,explain,76.352,ok
tpcds,100,A,Auto (default),5,query_42,prepare,81.832,ok
tpcds,100,A,Auto (default),5,query_43,explain,2.236,ok
tpcds,100,A,Auto (default),5,query_43,prepare,3.340,ok
tpcds,100,A,Auto (default),5,query_44,explain,1.131,ok
tpcds,100,A,Auto (default),5,query_44,prepare,1.864,ok
tpcds,100,A,Auto (default),5,query_45,explain,0.648,ok
tpcds,100,A,Auto (default),5,query_45,prepare,1.562,ok
tpcds,100,A,Auto (default),5,query_46,explain,0.968,ok
tpcds,100,A,Auto (default),5,query_46,prepare,3.583,ok
tpcds,100,A,Auto (default),5,query_47,explain,1.501,ok
tpcds,100,A,Auto (default),5,query_47,prepare,3.253,ok
tpcds,100,A,Auto (default),5,query_48,explain,2.301,ok
tpcds,100,A,Auto (default),5,query_48,prepare,5.372,ok
tpcds,100,A,Auto (default),5,query_49,explain,2.028,ok
tpcds,100,A,Auto (default),5,query_49,prepare,3.453,ok
tpcds,100,A,Auto (default),5,query_5,explain,0.986,ok
tpcds,100,A,Auto (default),5,query_5,prepare,2.136,ok
tpcds,100,A,Auto (default),5,query_50,explain,2.032,ok
tpcds,100,A,Auto (default),5,query_50,prepare,3.748,ok
tpcds,100,A,Auto (default),5,query_51,explain,1.196,ok
tpcds,100,A,Auto (default),5,query_51,prepare,3.826,ok
tpcds,100,A,Auto (default),5,query_52,explain,0.705,ok
tpcds,100,A,Auto (default),5,query_52,prepare,1.443,ok
tpcds,100,A,Auto (default),5,query_53,explain,1.942,ok
tpcds,100,A,Auto (default),5,query_53,prepare,3.858,ok
tpcds,100,A,Auto (default),5,query_54,explain,1.116,ok
tpcds,100,A,Auto (default),5,query_54,prepare,2.469,ok
tpcds,100,A,Auto (default),5,query_55,explain,0.507,ok
tpcds,100,A,Auto (default),5,query_55,prepare,1.931,ok
tpcds,100,A,Auto (default),5,query_56,explain,1.095,ok
tpcds,100,A,Auto (default),5,query_56,prepare,3.338,ok
tpcds,100,A,Auto (default),5,query_57,explain,0.923,ok
tpcds,100,A,Auto (default),5,query_57,prepare,1.888,ok
tpcds,100,A,Auto (default),5,query_58,explain,1.206,ok
tpcds,100,A,Auto (default),5,query_58,prepare,2.526,ok
tpcds,100,A,Auto (default),5,query_59,explain,0.652,ok
tpcds,100,A,Auto (default),5,query_59,prepare,1.505,ok
tpcds,100,A,Auto (default),5,query_6,explain,3.011,ok
tpcds,100,A,Auto (default),5,query_6,prepare,6.583,ok
tpcds,100,A,Auto (default),5,query_60,explain,1.498,ok
tpcds,100,A,Auto (default),5,query_60,prepare,3.312,ok
tpcds,100,A,Auto (default),5,query_61,explain,0.636,ok
tpcds,100,A,Auto (default),5,query_61,prepare,1.431,ok
tpcds,100,A,Auto (default),5,query_62,explain,1.265,ok
tpcds,100,A,Auto (default),5,query_62,prepare,2.180,ok
tpcds,100,A,Auto (default),5,query_63,explain,1.757,ok
tpcds,100,A,Auto (default),5,query_63,prepare,3.358,ok
tpcds,100,A,Auto (default),5,query_64,explain,0.802,ok
tpcds,100,A,Auto (default),5,query_64,prepare,2.520,ok
tpcds,100,A,Auto (default),5,query_65,explain,0.800,ok
tpcds,100,A,Auto (default),5,query_65,prepare,2.506,ok
tpcds,100,A,Auto (default),5,query_66,explain,4.614,ok
tpcds,100,A,Auto (default),5,query_66,prepare,6.994,ok
tpcds,100,A,Auto (default),5,query_67,explain,0.867,ok
tpcds,100,A,Auto (default),5,query_67,prepare,1.752,ok
tpcds,100,A,Auto (default),5,query_68,explain,3.395,ok
tpcds,100,A,Auto (default),5,query_68,prepare,5.355,ok
tpcds,100,A,Auto (default),5,query_69,explain,5.346,ok
tpcds,100,A,Auto (default),5,query_69,prepare,9.514,ok
tpcds,100,A,Auto (default),5,query_7,explain,1.073,ok
tpcds,100,A,Auto (default),5,query_7,prepare,1.838,ok
tpcds,100,A,Auto (default),5,query_70,explain,59.825,ok
tpcds,100,A,Auto (default),5,query_70,prepare,63.011,ok
tpcds,100,A,Auto (default),5,query_71,explain,1.674,ok
tpcds,100,A,Auto (default),5,query_71,prepare,3.091,ok
tpcds,100,A,Auto (default),5,query_72,explain,1.364,ok
tpcds,100,A,Auto (default),5,query_72,prepare,2.764,ok
tpcds,100,A,Auto (default),5,query_73,explain,1.422,ok
tpcds,100,A,Auto (default),5,query_73,prepare,2.417,ok
tpcds,100,A,Auto (default),5,query_74,explain,2.184,ok
tpcds,100,A,Auto (default),5,query_74,prepare,2.913,ok
tpcds,100,A,Auto (default),5,query_75,explain,1.195,ok
tpcds,100,A,Auto (default),5,query_75,prepare,3.311,ok
tpcds,100,A,Auto (default),5,query_76,explain,1.134,ok
tpcds,100,A,Auto (default),5,query_76,prepare,3.242,ok
tpcds,100,A,Auto (default),5,query_77,explain,1.108,ok
tpcds,100,A,Auto (default),5,query_77,prepare,2.342,ok
tpcds,100,A,Auto (default),5,query_78,explain,3.075,ok
tpcds,100,A,Auto (default),5,query_78,prepare,6.629,ok
tpcds,100,A,Auto (default),5,query_79,explain,1.218,ok
tpcds,100,A,Auto (default),5,query_79,prepare,2.246,ok
tpcds,100,A,Auto (default),5,query_8,explain,1.239,ok
tpcds,100,A,Auto (default),5,query_8,prepare,2.764,ok
tpcds,100,A,Auto (default),5,query_80,explain,1.013,ok
tpcds,100,A,Auto (default),5,query_80,prepare,1.826,ok
tpcds,100,A,Auto (default),5,query_81,explain,1.731,ok
tpcds,100,A,Auto (default),5,query_81,prepare,3.667,ok
tpcds,100,A,Auto (default),5,query_82,explain,0.652,ok
tpcds,100,A,Auto (default),5,query_82,prepare,1.466,ok
tpcds,100,A,Auto (default),5,query_83,explain,2.185,ok
tpcds,100,A,Auto (default),5,query_83,prepare,4.598,ok
tpcds,100,A,Auto (default),5,query_84,explain,1.667,ok
tpcds,100,A,Auto (default),5,query_84,prepare,3.012,ok
tpcds,100,A,Auto (default),5,query_85,explain,1.018,ok
tpcds,100,A,Auto (default),5,query_85,prepare,2.089,ok
tpcds,100,A,Auto (default),5,query_86,explain,1.040,ok
tpcds,100,A,Auto (default),5,query_86,prepare,2.298,ok
tpcds,100,A,Auto (default),5,query_87,explain,2.751,ok
tpcds,100,A,Auto (default),5,query_87,prepare,4.514,ok
tpcds,100,A,Auto (default),5,query_88,explain,1.129,ok
tpcds,100,A,Auto (default),5,query_88,prepare,2.761,ok
tpcds,100,A,Auto (default),5,query_89,explain,1.106,ok
tpcds,100,A,Auto (default),5,query_89,prepare,2.513,ok
tpcds,100,A,Auto (default),5,query_9,explain,1.836,ok
tpcds,100,A,Auto (default),5,query_9,prepare,3.482,ok
tpcds,100,A,Auto (default),5,query_90,explain,1.555,ok
tpcds,100,A,Auto (default),5,query_90,prepare,4.062,ok
tpcds,100,A,Auto (default),5,query_91,explain,2.589,ok
tpcds,100,A,Auto (default),5,query_91,prepare,3.599,ok
tpcds,100,A,Auto (default),5,query_92,explain,1.922,ok
tpcds,100,A,Auto (default),5,query_92,prepare,4.131,ok
tpcds,100,A,Auto (default),5,query_93,explain,1.622,ok
tpcds,100,A,Auto (default),5,query_93,prepare,4.929,ok
tpcds,100,A,Auto (default),5,query_94,explain,1.283,ok
tpcds,100,A,Auto (default),5,query_94,prepare,2.556,ok
tpcds,100,A,Auto (default),5,query_95,explain,1.501,ok
tpcds,100,A,Auto (default),5,query_95,prepare,3.015,ok
tpcds,100,A,Auto (default),5,query_96,explain,2.576,ok
tpcds,100,A,Auto (default),5,query_96,prepare,4.645,ok
tpcds,100,A,Auto (default),5,query_97,explain,1.949,ok
tpcds,100,A,Auto (default),5,query_97,prepare,3.231,ok
tpcds,100,A,Auto (default),5,query_98,explain,1.816,ok
tpcds,100,A,Auto (default),5,query_98,prepare,5.200,ok
tpcds,100,A,Auto (default),5,query_99,explain,1.288,ok
tpcds,100,A,Auto (default),5,query_99,prepare,2.967,ok
tpcds,100,d,DirectEmit,1,__floor__,floor,0.159,ok
tpcds,100,d,DirectEmit,1,query_1,explain,0.913,ok
tpcds,100,d,DirectEmit,1,query_1,prepare,1.087,ok
tpcds,100,d,DirectEmit,1,query_10,explain,2.050,ok
tpcds,100,d,DirectEmit,1,query_10,prepare,4.421,ok
tpcds,100,d,DirectEmit,1,query_11,explain,0.724,ok
tpcds,100,d,DirectEmit,1,query_11,prepare,2.275,ok
tpcds,100,d,DirectEmit,1,query_12,explain,1.061,ok
tpcds,100,d,DirectEmit,1,query_12,prepare,2.260,ok
tpcds,100,d,DirectEmit,1,query_13,explain,1.482,ok
tpcds,100,d,DirectEmit,1,query_13,prepare,3.001,ok
tpcds,100,d,DirectEmit,1,query_14,explain,0.706,ok
tpcds,100,d,DirectEmit,1,query_14,prepare,1.718,ok
tpcds,100,d,DirectEmit,1,query_15,explain,0.685,ok
tpcds,100,d,DirectEmit,1,query_15,prepare,1.823,ok
tpcds,100,d,DirectEmit,1,query_16,explain,0.981,ok
tpcds,100,d,DirectEmit,1,query_16,prepare,2.529,ok
tpcds,100,d,DirectEmit,1,query_17,explain,1.144,ok
tpcds,100,d,DirectEmit,1,query_17,prepare,2.128,ok
tpcds,100,d,DirectEmit,1,query_18,explain,1.194,ok
tpcds,100,d,DirectEmit,1,query_18,prepare,2.536,ok
tpcds,100,d,DirectEmit,1,query_19,explain,2.402,ok
tpcds,100,d,DirectEmit,1,query_19,prepare,4.762,ok
tpcds,100,d,DirectEmit,1,query_2,explain,1.081,ok
tpcds,100,d,DirectEmit,1,query_2,prepare,2.078,ok
tpcds,100,d,DirectEmit,1,query_20,explain,5.875,ok
tpcds,100,d,DirectEmit,1,query_20,prepare,10.429,ok
tpcds,100,d,DirectEmit,1,query_21,explain,0.988,ok
tpcds,100,d,DirectEmit,1,query_21,prepare,2.590,ok
tpcds,100,d,DirectEmit,1,query_22,explain,1.984,ok
tpcds,100,d,DirectEmit,1,query_22,prepare,3.946,ok
tpcds,100,d,DirectEmit,1,query_23,explain,1.752,ok
tpcds,100,d,DirectEmit,1,query_23,prepare,3.431,ok
tpcds,100,d,DirectEmit,1,query_24,explain,1.292,ok
tpcds,100,d,DirectEmit,1,query_24,prepare,2.545,ok
tpcds,100,d,DirectEmit,1,query_25,explain,1.402,ok
tpcds,100,d,DirectEmit,1,query_25,prepare,2.460,ok
tpcds,100,d,DirectEmit,1,query_26,explain,1.745,ok
tpcds,100,d,DirectEmit,1,query_26,prepare,3.556,ok
tpcds,100,d,DirectEmit,1,query_27,explain,1.201,ok
tpcds,100,d,DirectEmit,1,query_27,prepare,2.638,ok
tpcds,100,d,DirectEmit,1,query_28,explain,1.643,ok
tpcds,100,d,DirectEmit,1,query_28,prepare,3.557,ok
tpcds,100,d,DirectEmit,1,query_29,explain,1.939,ok
tpcds,100,d,DirectEmit,1,query_29,prepare,4.171,ok
tpcds,100,d,DirectEmit,1,query_3,explain,2.928,ok
tpcds,100,d,DirectEmit,1,query_3,prepare,5.822,ok
tpcds,100,d,DirectEmit,1,query_30,explain,1.519,ok
tpcds,100,d,DirectEmit,1,query_30,prepare,3.379,ok
tpcds,100,d,DirectEmit,1,query_31,explain,0.927,ok
tpcds,100,d,DirectEmit,1,query_31,prepare,1.862,ok
tpcds,100,d,DirectEmit,1,query_32,explain,0.835,ok
tpcds,100,d,DirectEmit,1,query_32,prepare,2.701,ok
tpcds,100,d,DirectEmit,1,query_33,explain,3.048,ok
tpcds,100,d,DirectEmit,1,query_33,prepare,5.024,ok
tpcds,100,d,DirectEmit,1,query_34,explain,1.172,ok
tpcds,100,d,DirectEmit,1,query_34,prepare,3.625,ok
tpcds,100,d,DirectEmit,1,query_35,explain,0.830,ok
tpcds,100,d,DirectEmit,1,query_35,prepare,2.982,ok
tpcds,100,d,DirectEmit,1,query_36,explain,2.128,ok
tpcds,100,d,DirectEmit,1,query_36,prepare,4.562,ok
tpcds,100,d,DirectEmit,1,query_37,explain,1.240,ok
tpcds,100,d,DirectEmit,1,query_37,prepare,3.779,ok
tpcds,100,d,DirectEmit,1,query_38,explain,0.837,ok
tpcds,100,d,DirectEmit,1,query_38,prepare,1.755,ok
tpcds,100,d,DirectEmit,1,query_39,explain,2.636,ok
tpcds,100,d,DirectEmit,1,query_39,prepare,8.255,ok
tpcds,100,d,DirectEmit,1,query_4,explain,1.463,ok
tpcds,100,d,DirectEmit,1,query_4,prepare,3.054,ok
tpcds,100,d,DirectEmit,1,query_40,explain,1.088,ok
tpcds,100,d,DirectEmit,1,query_40,prepare,1.821,ok
tpcds,100,d,DirectEmit,1,query_41,explain,2.168,ok
tpcds,100,d,DirectEmit,1,query_41,prepare,4.648,ok
tpcds,100,d,DirectEmit,1,query_42,explain,75.697,ok
tpcds,100,d,DirectEmit,1,query_42,prepare,83.759,ok
tpcds,100,d,DirectEmit,1,query_43,explain,2.199,ok
tpcds,100,d,DirectEmit,1,query_43,prepare,3.318,ok
tpcds,100,d,DirectEmit,1,query_44,explain,1.135,ok
tpcds,100,d,DirectEmit,1,query_44,prepare,1.891,ok
tpcds,100,d,DirectEmit,1,query_45,explain,0.648,ok
tpcds,100,d,DirectEmit,1,query_45,prepare,1.569,ok
tpcds,100,d,DirectEmit,1,query_46,explain,0.965,ok
tpcds,100,d,DirectEmit,1,query_46,prepare,3.591,ok
tpcds,100,d,DirectEmit,1,query_47,explain,1.526,ok
tpcds,100,d,DirectEmit,1,query_47,prepare,3.427,ok
tpcds,100,d,DirectEmit,1,query_48,explain,2.329,ok
tpcds,100,d,DirectEmit,1,query_48,prepare,5.437,ok
tpcds,100,d,DirectEmit,1,query_49,explain,2.094,ok
tpcds,100,d,DirectEmit,1,query_49,prepare,3.401,ok
tpcds,100,d,DirectEmit,1,query_5,explain,1.021,ok
tpcds,100,d,DirectEmit,1,query_5,prepare,2.178,ok
tpcds,100,d,DirectEmit,1,query_50,explain,2.076,ok
tpcds,100,d,DirectEmit,1,query_50,prepare,3.749,ok
tpcds,100,d,DirectEmit,1,query_51,explain,1.211,ok
tpcds,100,d,DirectEmit,1,query_51,prepare,3.705,ok
tpcds,100,d,DirectEmit,1,query_52,explain,0.716,ok
tpcds,100,d,DirectEmit,1,query_52,prepare,1.507,ok
tpcds,100,d,DirectEmit,1,query_53,explain,1.911,ok
tpcds,100,d,DirectEmit,1,query_53,prepare,3.816,ok
tpcds,100,d,DirectEmit,1,query_54,explain,1.133,ok
tpcds,100,d,DirectEmit,1,query_54,prepare,2.465,ok
tpcds,100,d,DirectEmit,1,query_55,explain,0.508,ok
tpcds,100,d,DirectEmit,1,query_55,prepare,1.908,ok
tpcds,100,d,DirectEmit,1,query_56,explain,1.085,ok
tpcds,100,d,DirectEmit,1,query_56,prepare,3.434,ok
tpcds,100,d,DirectEmit,1,query_57,explain,0.962,ok
tpcds,100,d,DirectEmit,1,query_57,prepare,1.922,ok
tpcds,100,d,DirectEmit,1,query_58,explain,1.254,ok
tpcds,100,d,DirectEmit,1,query_58,prepare,2.565,ok
tpcds,100,d,DirectEmit,1,query_59,explain,0.684,ok
tpcds,100,d,DirectEmit,1,query_59,prepare,1.528,ok
tpcds,100,d,DirectEmit,1,query_6,explain,2.885,ok
tpcds,100,d,DirectEmit,1,query_6,prepare,6.692,ok
tpcds,100,d,DirectEmit,1,query_60,explain,1.543,ok
tpcds,100,d,DirectEmit,1,query_60,prepare,3.379,ok
tpcds,100,d,DirectEmit,1,query_61,explain,0.689,ok
tpcds,100,d,DirectEmit,1,query_61,prepare,1.484,ok
tpcds,100,d,DirectEmit,1,query_62,explain,1.335,ok
tpcds,100,d,DirectEmit,1,query_62,prepare,2.235,ok
tpcds,100,d,DirectEmit,1,query_63,explain,1.771,ok
tpcds,100,d,DirectEmit,1,query_63,prepare,3.365,ok
tpcds,100,d,DirectEmit,1,query_64,explain,0.845,ok
tpcds,100,d,DirectEmit,1,query_64,prepare,2.540,ok
tpcds,100,d,DirectEmit,1,query_65,explain,0.854,ok
tpcds,100,d,DirectEmit,1,query_65,prepare,2.577,ok
tpcds,100,d,DirectEmit,1,query_66,explain,4.678,ok
tpcds,100,d,DirectEmit,1,query_66,prepare,7.124,ok
tpcds,100,d,DirectEmit,1,query_67,explain,0.893,ok
tpcds,100,d,DirectEmit,1,query_67,prepare,1.794,ok
tpcds,100,d,DirectEmit,1,query_68,explain,3.385,ok
tpcds,100,d,DirectEmit,1,query_68,prepare,5.311,ok
tpcds,100,d,DirectEmit,1,query_69,explain,5.291,ok
tpcds,100,d,DirectEmit,1,query_69,prepare,9.559,ok
tpcds,100,d,DirectEmit,1,query_7,explain,1.109,ok
tpcds,100,d,DirectEmit,1,query_7,prepare,1.862,ok
tpcds,100,d,DirectEmit,1,query_70,explain,59.303,ok
tpcds,100,d,DirectEmit,1,query_70,prepare,62.729,ok
tpcds,100,d,DirectEmit,1,query_71,explain,1.449,ok
tpcds,100,d,DirectEmit,1,query_71,prepare,3.185,ok
tpcds,100,d,DirectEmit,1,query_72,explain,1.306,ok
tpcds,100,d,DirectEmit,1,query_72,prepare,2.804,ok
tpcds,100,d,DirectEmit,1,query_73,explain,1.425,ok
tpcds,100,d,DirectEmit,1,query_73,prepare,2.432,ok
tpcds,100,d,DirectEmit,1,query_74,explain,2.307,ok
tpcds,100,d,DirectEmit,1,query_74,prepare,2.945,ok
tpcds,100,d,DirectEmit,1,query_75,explain,1.244,ok
tpcds,100,d,DirectEmit,1,query_75,prepare,3.443,ok
tpcds,100,d,DirectEmit,1,query_76,explain,1.162,ok
tpcds,100,d,DirectEmit,1,query_76,prepare,3.302,ok
tpcds,100,d,DirectEmit,1,query_77,explain,1.123,ok
tpcds,100,d,DirectEmit,1,query_77,prepare,2.465,ok
tpcds,100,d,DirectEmit,1,query_78,explain,3.036,ok
tpcds,100,d,DirectEmit,1,query_78,prepare,6.578,ok
tpcds,100,d,DirectEmit,1,query_79,explain,1.267,ok
tpcds,100,d,DirectEmit,1,query_79,prepare,2.287,ok
tpcds,100,d,DirectEmit,1,query_8,explain,1.291,ok
tpcds,100,d,DirectEmit,1,query_8,prepare,2.785,ok
tpcds,100,d,DirectEmit,1,query_80,explain,1.073,ok
tpcds,100,d,DirectEmit,1,query_80,prepare,1.927,ok
tpcds,100,d,DirectEmit,1,query_81,explain,1.770,ok
tpcds,100,d,DirectEmit,1,query_81,prepare,3.805,ok
tpcds,100,d,DirectEmit,1,query_82,explain,0.811,ok
tpcds,100,d,DirectEmit,1,query_82,prepare,1.531,ok
tpcds,100,d,DirectEmit,1,query_83,explain,2.249,ok
tpcds,100,d,DirectEmit,1,query_83,prepare,4.564,ok
tpcds,100,d,DirectEmit,1,query_84,explain,1.698,ok
tpcds,100,d,DirectEmit,1,query_84,prepare,3.070,ok
tpcds,100,d,DirectEmit,1,query_85,explain,1.040,ok
tpcds,100,d,DirectEmit,1,query_85,prepare,2.151,ok
tpcds,100,d,DirectEmit,1,query_86,explain,1.088,ok
tpcds,100,d,DirectEmit,1,query_86,prepare,2.343,ok
tpcds,100,d,DirectEmit,1,query_87,explain,2.808,ok
tpcds,100,d,DirectEmit,1,query_87,prepare,4.577,ok
tpcds,100,d,DirectEmit,1,query_88,explain,1.267,ok
tpcds,100,d,DirectEmit,1,query_88,prepare,2.716,ok
tpcds,100,d,DirectEmit,1,query_89,explain,1.138,ok
tpcds,100,d,DirectEmit,1,query_89,prepare,2.527,ok
tpcds,100,d,DirectEmit,1,query_9,explain,1.926,ok
tpcds,100,d,DirectEmit,1,query_9,prepare,3.667,ok
tpcds,100,d,DirectEmit,1,query_90,explain,1.566,ok
tpcds,100,d,DirectEmit,1,query_90,prepare,4.010,ok
tpcds,100,d,DirectEmit,1,query_91,explain,2.555,ok
tpcds,100,d,DirectEmit,1,query_91,prepare,3.597,ok
tpcds,100,d,DirectEmit,1,query_92,explain,1.986,ok
tpcds,100,d,DirectEmit,1,query_92,prepare,4.284,ok
tpcds,100,d,DirectEmit,1,query_93,explain,1.651,ok
tpcds,100,d,DirectEmit,1,query_93,prepare,5.008,ok
tpcds,100,d,DirectEmit,1,query_94,explain,1.305,ok
tpcds,100,d,DirectEmit,1,query_94,prepare,2.687,ok
tpcds,100,d,DirectEmit,1,query_95,explain,1.579,ok
tpcds,100,d,DirectEmit,1,query_95,prepare,3.165,ok
tpcds,100,d,DirectEmit,1,query_96,explain,2.532,ok
tpcds,100,d,DirectEmit,1,query_96,prepare,4.670,ok
tpcds,100,d,DirectEmit,1,query_97,explain,1.961,ok
tpcds,100,d,DirectEmit,1,query_97,prepare,3.305,ok
tpcds,100,d,DirectEmit,1,query_98,explain,1.871,ok
tpcds,100,d,DirectEmit,1,query_98,prepare,5.112,ok
tpcds,100,d,DirectEmit,1,query_99,explain,1.257,ok
tpcds,100,d,DirectEmit,1,query_99,prepare,2.985,ok
tpcds,100,d,DirectEmit,2,__floor__,floor,0.159,ok
tpcds,100,d,DirectEmit,2,query_1,explain,0.701,ok
tpcds,100,d,DirectEmit,2,query_1,prepare,1.122,ok
tpcds,100,d,DirectEmit,2,query_10,explain,2.339,ok
tpcds,100,d,DirectEmit,2,query_10,prepare,4.253,ok
tpcds,100,d,DirectEmit,2,query_11,explain,0.720,ok
tpcds,100,d,DirectEmit,2,query_11,prepare,2.184,ok
tpcds,100,d,DirectEmit,2,query_12,explain,1.067,ok
tpcds,100,d,DirectEmit,2,query_12,prepare,2.195,ok
tpcds,100,d,DirectEmit,2,query_13,explain,1.511,ok
tpcds,100,d,DirectEmit,2,query_13,prepare,2.910,ok
tpcds,100,d,DirectEmit,2,query_14,explain,0.709,ok
tpcds,100,d,DirectEmit,2,query_14,prepare,1.679,ok
tpcds,100,d,DirectEmit,2,query_15,explain,0.679,ok
tpcds,100,d,DirectEmit,2,query_15,prepare,1.817,ok
tpcds,100,d,DirectEmit,2,query_16,explain,0.978,ok
tpcds,100,d,DirectEmit,2,query_16,prepare,2.558,ok
tpcds,100,d,DirectEmit,2,query_17,explain,1.132,ok
tpcds,100,d,DirectEmit,2,query_17,prepare,2.145,ok
tpcds,100,d,DirectEmit,2,query_18,explain,1.200,ok
tpcds,100,d,DirectEmit,2,query_18,prepare,2.534,ok
tpcds,100,d,DirectEmit,2,query_19,explain,2.425,ok
tpcds,100,d,DirectEmit,2,query_19,prepare,4.717,ok
tpcds,100,d,DirectEmit,2,query_2,explain,0.983,ok
tpcds,100,d,DirectEmit,2,query_2,prepare,2.026,ok
tpcds,100,d,DirectEmit,2,query_20,explain,5.935,ok
tpcds,100,d,DirectEmit,2,query_20,prepare,10.419,ok
tpcds,100,d,DirectEmit,2,query_21,explain,0.990,ok
tpcds,100,d,DirectEmit,2,query_21,prepare,2.571,ok
tpcds,100,d,DirectEmit,2,query_22,explain,1.968,ok
tpcds,100,d,DirectEmit,2,query_22,prepare,3.894,ok
tpcds,100,d,DirectEmit,2,query_23,explain,1.740,ok
tpcds,100,d,DirectEmit,2,query_23,prepare,3.318,ok
tpcds,100,d,DirectEmit,2,query_24,explain,1.303,ok
tpcds,100,d,DirectEmit,2,query_24,prepare,2.509,ok
tpcds,100,d,DirectEmit,2,query_25,explain,1.405,ok
tpcds,100,d,DirectEmit,2,query_25,prepare,2.625,ok
tpcds,100,d,DirectEmit,2,query_26,explain,1.734,ok
tpcds,100,d,DirectEmit,2,query_26,prepare,3.659,ok
tpcds,100,d,DirectEmit,2,query_27,explain,1.178,ok
tpcds,100,d,DirectEmit,2,query_27,prepare,2.705,ok
tpcds,100,d,DirectEmit,2,query_28,explain,1.686,ok
tpcds,100,d,DirectEmit,2,query_28,prepare,3.236,ok
tpcds,100,d,DirectEmit,2,query_29,explain,1.998,ok
tpcds,100,d,DirectEmit,2,query_29,prepare,4.110,ok
tpcds,100,d,DirectEmit,2,query_3,explain,2.902,ok
tpcds,100,d,DirectEmit,2,query_3,prepare,5.763,ok
tpcds,100,d,DirectEmit,2,query_30,explain,1.458,ok
tpcds,100,d,DirectEmit,2,query_30,prepare,3.184,ok
tpcds,100,d,DirectEmit,2,query_31,explain,0.916,ok
tpcds,100,d,DirectEmit,2,query_31,prepare,1.801,ok
tpcds,100,d,DirectEmit,2,query_32,explain,0.815,ok
tpcds,100,d,DirectEmit,2,query_32,prepare,2.527,ok
tpcds,100,d,DirectEmit,2,query_33,explain,2.958,ok
tpcds,100,d,DirectEmit,2,query_33,prepare,4.850,ok
tpcds,100,d,DirectEmit,2,query_34,explain,1.133,ok
tpcds,100,d,DirectEmit,2,query_34,prepare,3.430,ok
tpcds,100,d,DirectEmit,2,query_35,explain,0.806,ok
tpcds,100,d,DirectEmit,2,query_35,prepare,3.043,ok
tpcds,100,d,DirectEmit,2,query_36,explain,2.129,ok
tpcds,100,d,DirectEmit,2,query_36,prepare,4.442,ok
tpcds,100,d,DirectEmit,2,query_37,explain,1.348,ok
tpcds,100,d,DirectEmit,2,query_37,prepare,3.827,ok
tpcds,100,d,DirectEmit,2,query_38,explain,0.843,ok
tpcds,100,d,DirectEmit,2,query_38,prepare,1.758,ok
tpcds,100,d,DirectEmit,2,query_39,explain,2.655,ok
tpcds,100,d,DirectEmit,2,query_39,prepare,7.972,ok
tpcds,100,d,DirectEmit,2,query_4,explain,1.474,ok
tpcds,100,d,DirectEmit,2,query_4,prepare,3.051,ok
tpcds,100,d,DirectEmit,2,query_40,explain,1.143,ok
tpcds,100,d,DirectEmit,2,query_40,prepare,1.717,ok
tpcds,100,d,DirectEmit,2,query_41,explain,2.158,ok
tpcds,100,d,DirectEmit,2,query_41,prepare,4.383,ok
tpcds,100,d,DirectEmit,2,query_42,explain,76.185,ok
tpcds,100,d,DirectEmit,2,query_42,prepare,82.196,ok
tpcds,100,d,DirectEmit,2,query_43,explain,2.209,ok
tpcds,100,d,DirectEmit,2,query_43,prepare,3.305,ok
tpcds,100,d,DirectEmit,2,query_44,explain,1.103,ok
tpcds,100,d,DirectEmit,2,query_44,prepare,1.861,ok
tpcds,100,d,DirectEmit,2,query_45,explain,0.630,ok
tpcds,100,d,DirectEmit,2,query_45,prepare,1.587,ok
tpcds,100,d,DirectEmit,2,query_46,explain,0.988,ok
tpcds,100,d,DirectEmit,2,query_46,prepare,3.640,ok
tpcds,100,d,DirectEmit,2,query_47,explain,1.528,ok
tpcds,100,d,DirectEmit,2,query_47,prepare,3.344,ok
tpcds,100,d,DirectEmit,2,query_48,explain,2.300,ok
tpcds,100,d,DirectEmit,2,query_48,prepare,5.505,ok
tpcds,100,d,DirectEmit,2,query_49,explain,2.018,ok
tpcds,100,d,DirectEmit,2,query_49,prepare,3.388,ok
tpcds,100,d,DirectEmit,2,query_5,explain,1.020,ok
tpcds,100,d,DirectEmit,2,query_5,prepare,2.149,ok
tpcds,100,d,DirectEmit,2,query_50,explain,2.032,ok
tpcds,100,d,DirectEmit,2,query_50,prepare,3.760,ok
tpcds,100,d,DirectEmit,2,query_51,explain,1.248,ok
tpcds,100,d,DirectEmit,2,query_51,prepare,3.679,ok
tpcds,100,d,DirectEmit,2,query_52,explain,0.737,ok
tpcds,100,d,DirectEmit,2,query_52,prepare,1.453,ok
tpcds,100,d,DirectEmit,2,query_53,explain,1.954,ok
tpcds,100,d,DirectEmit,2,query_53,prepare,3.893,ok
tpcds,100,d,DirectEmit,2,query_54,explain,1.183,ok
tpcds,100,d,DirectEmit,2,query_54,prepare,2.457,ok
tpcds,100,d,DirectEmit,2,query_55,explain,0.518,ok
tpcds,100,d,DirectEmit,2,query_55,prepare,1.965,ok
tpcds,100,d,DirectEmit,2,query_56,explain,1.096,ok
tpcds,100,d,DirectEmit,2,query_56,prepare,3.468,ok
tpcds,100,d,DirectEmit,2,query_57,explain,0.961,ok
tpcds,100,d,DirectEmit,2,query_57,prepare,1.957,ok
tpcds,100,d,DirectEmit,2,query_58,explain,1.226,ok
tpcds,100,d,DirectEmit,2,query_58,prepare,2.580,ok
tpcds,100,d,DirectEmit,2,query_59,explain,0.685,ok
tpcds,100,d,DirectEmit,2,query_59,prepare,1.509,ok
tpcds,100,d,DirectEmit,2,query_6,explain,2.866,ok
tpcds,100,d,DirectEmit,2,query_6,prepare,6.550,ok
tpcds,100,d,DirectEmit,2,query_60,explain,1.547,ok
tpcds,100,d,DirectEmit,2,query_60,prepare,3.361,ok
tpcds,100,d,DirectEmit,2,query_61,explain,0.690,ok
tpcds,100,d,DirectEmit,2,query_61,prepare,1.475,ok
tpcds,100,d,DirectEmit,2,query_62,explain,1.327,ok
tpcds,100,d,DirectEmit,2,query_62,prepare,2.242,ok
tpcds,100,d,DirectEmit,2,query_63,explain,1.738,ok
tpcds,100,d,DirectEmit,2,query_63,prepare,3.311,ok
tpcds,100,d,DirectEmit,2,query_64,explain,0.813,ok
tpcds,100,d,DirectEmit,2,query_64,prepare,2.532,ok
tpcds,100,d,DirectEmit,2,query_65,explain,0.834,ok
tpcds,100,d,DirectEmit,2,query_65,prepare,2.534,ok
tpcds,100,d,DirectEmit,2,query_66,explain,4.722,ok
tpcds,100,d,DirectEmit,2,query_66,prepare,7.058,ok
tpcds,100,d,DirectEmit,2,query_67,explain,0.889,ok
tpcds,100,d,DirectEmit,2,query_67,prepare,1.753,ok
tpcds,100,d,DirectEmit,2,query_68,explain,3.394,ok
tpcds,100,d,DirectEmit,2,query_68,prepare,5.351,ok
tpcds,100,d,DirectEmit,2,query_69,explain,5.316,ok
tpcds,100,d,DirectEmit,2,query_69,prepare,9.556,ok
tpcds,100,d,DirectEmit,2,query_7,explain,1.088,ok
tpcds,100,d,DirectEmit,2,query_7,prepare,1.864,ok
tpcds,100,d,DirectEmit,2,query_70,explain,60.926,ok
tpcds,100,d,DirectEmit,2,query_70,prepare,63.266,ok
tpcds,100,d,DirectEmit,2,query_71,explain,1.479,ok
tpcds,100,d,DirectEmit,2,query_71,prepare,3.150,ok
tpcds,100,d,DirectEmit,2,query_72,explain,1.319,ok
tpcds,100,d,DirectEmit,2,query_72,prepare,2.757,ok
tpcds,100,d,DirectEmit,2,query_73,explain,1.509,ok
tpcds,100,d,DirectEmit,2,query_73,prepare,2.399,ok
tpcds,100,d,DirectEmit,2,query_74,explain,2.154,ok
tpcds,100,d,DirectEmit,2,query_74,prepare,2.905,ok
tpcds,100,d,DirectEmit,2,query_75,explain,1.215,ok
tpcds,100,d,DirectEmit,2,query_75,prepare,3.449,ok
tpcds,100,d,DirectEmit,2,query_76,explain,1.149,ok
tpcds,100,d,DirectEmit,2,query_76,prepare,3.315,ok
tpcds,100,d,DirectEmit,2,query_77,explain,1.109,ok
tpcds,100,d,DirectEmit,2,query_77,prepare,2.483,ok
tpcds,100,d,DirectEmit,2,query_78,explain,3.056,ok
tpcds,100,d,DirectEmit,2,query_78,prepare,6.613,ok
tpcds,100,d,DirectEmit,2,query_79,explain,1.264,ok
tpcds,100,d,DirectEmit,2,query_79,prepare,2.380,ok
tpcds,100,d,DirectEmit,2,query_8,explain,1.280,ok
tpcds,100,d,DirectEmit,2,query_8,prepare,2.792,ok
tpcds,100,d,DirectEmit,2,query_80,explain,1.051,ok
tpcds,100,d,DirectEmit,2,query_80,prepare,1.889,ok
tpcds,100,d,DirectEmit,2,query_81,explain,1.771,ok
tpcds,100,d,DirectEmit,2,query_81,prepare,3.711,ok
tpcds,100,d,DirectEmit,2,query_82,explain,0.678,ok
tpcds,100,d,DirectEmit,2,query_82,prepare,1.500,ok
tpcds,100,d,DirectEmit,2,query_83,explain,2.254,ok
tpcds,100,d,DirectEmit,2,query_83,prepare,4.504,ok
tpcds,100,d,DirectEmit,2,query_84,explain,1.745,ok
tpcds,100,d,DirectEmit,2,query_84,prepare,3.062,ok
tpcds,100,d,DirectEmit,2,query_85,explain,1.046,ok
tpcds,100,d,DirectEmit,2,query_85,prepare,2.120,ok
tpcds,100,d,DirectEmit,2,query_86,explain,1.070,ok
tpcds,100,d,DirectEmit,2,query_86,prepare,2.406,ok
tpcds,100,d,DirectEmit,2,query_87,explain,2.835,ok
tpcds,100,d,DirectEmit,2,query_87,prepare,4.567,ok
tpcds,100,d,DirectEmit,2,query_88,explain,1.163,ok
tpcds,100,d,DirectEmit,2,query_88,prepare,2.700,ok
tpcds,100,d,DirectEmit,2,query_89,explain,1.120,ok
tpcds,100,d,DirectEmit,2,query_89,prepare,2.490,ok
tpcds,100,d,DirectEmit,2,query_9,explain,1.856,ok
tpcds,100,d,DirectEmit,2,query_9,prepare,3.620,ok
tpcds,100,d,DirectEmit,2,query_90,explain,1.501,ok
tpcds,100,d,DirectEmit,2,query_90,prepare,4.097,ok
tpcds,100,d,DirectEmit,2,query_91,explain,2.568,ok
tpcds,100,d,DirectEmit,2,query_91,prepare,3.631,ok
tpcds,100,d,DirectEmit,2,query_92,explain,1.980,ok
tpcds,100,d,DirectEmit,2,query_92,prepare,4.155,ok
tpcds,100,d,DirectEmit,2,query_93,explain,1.621,ok
tpcds,100,d,DirectEmit,2,query_93,prepare,4.916,ok
tpcds,100,d,DirectEmit,2,query_94,explain,1.272,ok
tpcds,100,d,DirectEmit,2,query_94,prepare,2.502,ok
tpcds,100,d,DirectEmit,2,query_95,explain,1.504,ok
tpcds,100,d,DirectEmit,2,query_95,prepare,3.094,ok
tpcds,100,d,DirectEmit,2,query_96,explain,2.537,ok
tpcds,100,d,DirectEmit,2,query_96,prepare,4.673,ok
tpcds,100,d,DirectEmit,2,query_97,explain,1.953,ok
tpcds,100,d,DirectEmit,2,query_97,prepare,3.241,ok
tpcds,100,d,DirectEmit,2,query_98,explain,1.911,ok
tpcds,100,d,DirectEmit,2,query_98,prepare,5.079,ok
tpcds,100,d,DirectEmit,2,query_99,explain,1.219,ok
tpcds,100,d,DirectEmit,2,query_99,prepare,2.942,ok
tpcds,100,d,DirectEmit,3,__floor__,floor,0.160,ok
tpcds,100,d,DirectEmit,3,query_1,explain,0.704,ok
tpcds,100,d,DirectEmit,3,query_1,prepare,1.247,ok
tpcds,100,d,DirectEmit,3,query_10,explain,2.007,ok
tpcds,100,d,DirectEmit,3,query_10,prepare,4.296,ok
tpcds,100,d,DirectEmit,3,query_11,explain,0.713,ok
tpcds,100,d,DirectEmit,3,query_11,prepare,2.168,ok
tpcds,100,d,DirectEmit,3,query_12,explain,1.089,ok
tpcds,100,d,DirectEmit,3,query_12,prepare,2.226,ok
tpcds,100,d,DirectEmit,3,query_13,explain,1.453,ok
tpcds,100,d,DirectEmit,3,query_13,prepare,2.877,ok
tpcds,100,d,DirectEmit,3,query_14,explain,0.690,ok
tpcds,100,d,DirectEmit,3,query_14,prepare,1.684,ok
tpcds,100,d,DirectEmit,3,query_15,explain,0.682,ok
tpcds,100,d,DirectEmit,3,query_15,prepare,1.830,ok
tpcds,100,d,DirectEmit,3,query_16,explain,0.987,ok
tpcds,100,d,DirectEmit,3,query_16,prepare,2.532,ok
tpcds,100,d,DirectEmit,3,query_17,explain,1.130,ok
tpcds,100,d,DirectEmit,3,query_17,prepare,2.146,ok
tpcds,100,d,DirectEmit,3,query_18,explain,1.199,ok
tpcds,100,d,DirectEmit,3,query_18,prepare,2.518,ok
tpcds,100,d,DirectEmit,3,query_19,explain,2.408,ok
tpcds,100,d,DirectEmit,3,query_19,prepare,4.638,ok
tpcds,100,d,DirectEmit,3,query_2,explain,0.981,ok
tpcds,100,d,DirectEmit,3,query_2,prepare,2.041,ok
tpcds,100,d,DirectEmit,3,query_20,explain,5.843,ok
tpcds,100,d,DirectEmit,3,query_20,prepare,10.356,ok
tpcds,100,d,DirectEmit,3,query_21,explain,0.996,ok
tpcds,100,d,DirectEmit,3,query_21,prepare,2.807,ok
tpcds,100,d,DirectEmit,3,query_22,explain,1.961,ok
tpcds,100,d,DirectEmit,3,query_22,prepare,3.975,ok
tpcds,100,d,DirectEmit,3,query_23,explain,1.748,ok
tpcds,100,d,DirectEmit,3,query_23,prepare,3.297,ok
tpcds,100,d,DirectEmit,3,query_24,explain,1.300,ok
tpcds,100,d,DirectEmit,3,query_24,prepare,2.565,ok
tpcds,100,d,DirectEmit,3,query_25,explain,1.390,ok
tpcds,100,d,DirectEmit,3,query_25,prepare,2.454,ok
tpcds,100,d,DirectEmit,3,query_26,explain,1.730,ok
tpcds,100,d,DirectEmit,3,query_26,prepare,3.553,ok
tpcds,100,d,DirectEmit,3,query_27,explain,1.160,ok
tpcds,100,d,DirectEmit,3,query_27,prepare,2.611,ok
tpcds,100,d,DirectEmit,3,query_28,explain,1.581,ok
tpcds,100,d,DirectEmit,3,query_28,prepare,3.155,ok
tpcds,100,d,DirectEmit,3,query_29,explain,1.893,ok
tpcds,100,d,DirectEmit,3,query_29,prepare,3.986,ok
tpcds,100,d,DirectEmit,3,query_3,explain,2.821,ok
tpcds,100,d,DirectEmit,3,query_3,prepare,5.569,ok
tpcds,100,d,DirectEmit,3,query_30,explain,1.465,ok
tpcds,100,d,DirectEmit,3,query_30,prepare,3.171,ok
tpcds,100,d,DirectEmit,3,query_31,explain,0.913,ok
tpcds,100,d,DirectEmit,3,query_31,prepare,1.806,ok
tpcds,100,d,DirectEmit,3,query_32,explain,0.792,ok
tpcds,100,d,DirectEmit,3,query_32,prepare,2.517,ok
tpcds,100,d,DirectEmit,3,query_33,explain,2.961,ok
tpcds,100,d,DirectEmit,3,query_33,prepare,4.801,ok
tpcds,100,d,DirectEmit,3,query_34,explain,1.123,ok
tpcds,100,d,DirectEmit,3,query_34,prepare,3.452,ok
tpcds,100,d,DirectEmit,3,query_35,explain,0.819,ok
tpcds,100,d,DirectEmit,3,query_35,prepare,2.926,ok
tpcds,100,d,DirectEmit,3,query_36,explain,2.136,ok
tpcds,100,d,DirectEmit,3,query_36,prepare,4.406,ok
tpcds,100,d,DirectEmit,3,query_37,explain,1.259,ok
tpcds,100,d,DirectEmit,3,query_37,prepare,3.754,ok
tpcds,100,d,DirectEmit,3,query_38,explain,0.829,ok
tpcds,100,d,DirectEmit,3,query_38,prepare,1.749,ok
tpcds,100,d,DirectEmit,3,query_39,explain,2.677,ok
tpcds,100,d,DirectEmit,3,query_39,prepare,8.118,ok
tpcds,100,d,DirectEmit,3,query_4,explain,1.462,ok
tpcds,100,d,DirectEmit,3,query_4,prepare,3.045,ok
tpcds,100,d,DirectEmit,3,query_40,explain,1.089,ok
tpcds,100,d,DirectEmit,3,query_40,prepare,1.743,ok
tpcds,100,d,DirectEmit,3,query_41,explain,2.151,ok
tpcds,100,d,DirectEmit,3,query_41,prepare,4.322,ok
tpcds,100,d,DirectEmit,3,query_42,explain,78.320,ok
tpcds,100,d,DirectEmit,3,query_42,prepare,81.266,ok
tpcds,100,d,DirectEmit,3,query_43,explain,2.180,ok
tpcds,100,d,DirectEmit,3,query_43,prepare,3.304,ok
tpcds,100,d,DirectEmit,3,query_44,explain,1.109,ok
tpcds,100,d,DirectEmit,3,query_44,prepare,1.851,ok
tpcds,100,d,DirectEmit,3,query_45,explain,0.631,ok
tpcds,100,d,DirectEmit,3,query_45,prepare,1.553,ok
tpcds,100,d,DirectEmit,3,query_46,explain,0.970,ok
tpcds,100,d,DirectEmit,3,query_46,prepare,3.533,ok
tpcds,100,d,DirectEmit,3,query_47,explain,1.518,ok
tpcds,100,d,DirectEmit,3,query_47,prepare,3.252,ok
tpcds,100,d,DirectEmit,3,query_48,explain,2.292,ok
tpcds,100,d,DirectEmit,3,query_48,prepare,5.396,ok
tpcds,100,d,DirectEmit,3,query_49,explain,2.072,ok
tpcds,100,d,DirectEmit,3,query_49,prepare,3.441,ok
tpcds,100,d,DirectEmit,3,query_5,explain,1.014,ok
tpcds,100,d,DirectEmit,3,query_5,prepare,2.140,ok
tpcds,100,d,DirectEmit,3,query_50,explain,2.024,ok
tpcds,100,d,DirectEmit,3,query_50,prepare,3.724,ok
tpcds,100,d,DirectEmit,3,query_51,explain,1.227,ok
tpcds,100,d,DirectEmit,3,query_51,prepare,3.662,ok
tpcds,100,d,DirectEmit,3,query_52,explain,0.731,ok
tpcds,100,d,DirectEmit,3,query_52,prepare,1.444,ok
tpcds,100,d,DirectEmit,3,query_53,explain,1.923,ok
tpcds,100,d,DirectEmit,3,query_53,prepare,3.828,ok
tpcds,100,d,DirectEmit,3,query_54,explain,1.113,ok
tpcds,100,d,DirectEmit,3,query_54,prepare,2.417,ok
tpcds,100,d,DirectEmit,3,query_55,explain,0.512,ok
tpcds,100,d,DirectEmit,3,query_55,prepare,1.944,ok
tpcds,100,d,DirectEmit,3,query_56,explain,1.097,ok
tpcds,100,d,DirectEmit,3,query_56,prepare,3.273,ok
tpcds,100,d,DirectEmit,3,query_57,explain,0.969,ok
tpcds,100,d,DirectEmit,3,query_57,prepare,1.893,ok
tpcds,100,d,DirectEmit,3,query_58,explain,1.228,ok
tpcds,100,d,DirectEmit,3,query_58,prepare,2.550,ok
tpcds,100,d,DirectEmit,3,query_59,explain,0.688,ok
tpcds,100,d,DirectEmit,3,query_59,prepare,1.508,ok
tpcds,100,d,DirectEmit,3,query_6,explain,2.830,ok
tpcds,100,d,DirectEmit,3,query_6,prepare,6.510,ok
tpcds,100,d,DirectEmit,3,query_60,explain,1.527,ok
tpcds,100,d,DirectEmit,3,query_60,prepare,3.307,ok
tpcds,100,d,DirectEmit,3,query_61,explain,0.696,ok
tpcds,100,d,DirectEmit,3,query_61,prepare,1.469,ok
tpcds,100,d,DirectEmit,3,query_62,explain,1.324,ok
tpcds,100,d,DirectEmit,3,query_62,prepare,2.254,ok
tpcds,100,d,DirectEmit,3,query_63,explain,1.734,ok
tpcds,100,d,DirectEmit,3,query_63,prepare,3.277,ok
tpcds,100,d,DirectEmit,3,query_64,explain,0.823,ok
tpcds,100,d,DirectEmit,3,query_64,prepare,2.649,ok
tpcds,100,d,DirectEmit,3,query_65,explain,0.820,ok
tpcds,100,d,DirectEmit,3,query_65,prepare,2.574,ok
tpcds,100,d,DirectEmit,3,query_66,explain,4.645,ok
tpcds,100,d,DirectEmit,3,query_66,prepare,7.066,ok
tpcds,100,d,DirectEmit,3,query_67,explain,0.902,ok
tpcds,100,d,DirectEmit,3,query_67,prepare,1.785,ok
tpcds,100,d,DirectEmit,3,query_68,explain,3.391,ok
tpcds,100,d,DirectEmit,3,query_68,prepare,5.305,ok
tpcds,100,d,DirectEmit,3,query_69,explain,5.330,ok
tpcds,100,d,DirectEmit,3,query_69,prepare,9.612,ok
tpcds,100,d,DirectEmit,3,query_7,explain,1.110,ok
tpcds,100,d,DirectEmit,3,query_7,prepare,1.876,ok
tpcds,100,d,DirectEmit,3,query_70,explain,64.169,ok
tpcds,100,d,DirectEmit,3,query_70,prepare,67.356,ok
tpcds,100,d,DirectEmit,3,query_71,explain,1.444,ok
tpcds,100,d,DirectEmit,3,query_71,prepare,3.049,ok
tpcds,100,d,DirectEmit,3,query_72,explain,1.302,ok
tpcds,100,d,DirectEmit,3,query_72,prepare,2.752,ok
tpcds,100,d,DirectEmit,3,query_73,explain,1.450,ok
tpcds,100,d,DirectEmit,3,query_73,prepare,2.404,ok
tpcds,100,d,DirectEmit,3,query_74,explain,2.185,ok
tpcds,100,d,DirectEmit,3,query_74,prepare,2.899,ok
tpcds,100,d,DirectEmit,3,query_75,explain,1.214,ok
tpcds,100,d,DirectEmit,3,query_75,prepare,3.380,ok
tpcds,100,d,DirectEmit,3,query_76,explain,1.171,ok
tpcds,100,d,DirectEmit,3,query_76,prepare,3.281,ok
tpcds,100,d,DirectEmit,3,query_77,explain,1.126,ok
tpcds,100,d,DirectEmit,3,query_77,prepare,2.448,ok
tpcds,100,d,DirectEmit,3,query_78,explain,3.040,ok
tpcds,100,d,DirectEmit,3,query_78,prepare,6.518,ok
tpcds,100,d,DirectEmit,3,query_79,explain,1.268,ok
tpcds,100,d,DirectEmit,3,query_79,prepare,2.266,ok
tpcds,100,d,DirectEmit,3,query_8,explain,1.278,ok
tpcds,100,d,DirectEmit,3,query_8,prepare,2.770,ok
tpcds,100,d,DirectEmit,3,query_80,explain,1.067,ok
tpcds,100,d,DirectEmit,3,query_80,prepare,1.887,ok
tpcds,100,d,DirectEmit,3,query_81,explain,1.768,ok
tpcds,100,d,DirectEmit,3,query_81,prepare,3.709,ok
tpcds,100,d,DirectEmit,3,query_82,explain,0.669,ok
tpcds,100,d,DirectEmit,3,query_82,prepare,1.511,ok
tpcds,100,d,DirectEmit,3,query_83,explain,2.240,ok
tpcds,100,d,DirectEmit,3,query_83,prepare,4.551,ok
tpcds,100,d,DirectEmit,3,query_84,explain,1.695,ok
tpcds,100,d,DirectEmit,3,query_84,prepare,3.052,ok
tpcds,100,d,DirectEmit,3,query_85,explain,1.044,ok
tpcds,100,d,DirectEmit,3,query_85,prepare,2.103,ok
tpcds,100,d,DirectEmit,3,query_86,explain,1.079,ok
tpcds,100,d,DirectEmit,3,query_86,prepare,2.352,ok
tpcds,100,d,DirectEmit,3,query_87,explain,2.770,ok
tpcds,100,d,DirectEmit,3,query_87,prepare,4.586,ok
tpcds,100,d,DirectEmit,3,query_88,explain,1.181,ok
tpcds,100,d,DirectEmit,3,query_88,prepare,2.680,ok
tpcds,100,d,DirectEmit,3,query_89,explain,1.136,ok
tpcds,100,d,DirectEmit,3,query_89,prepare,2.487,ok
tpcds,100,d,DirectEmit,3,query_9,explain,1.875,ok
tpcds,100,d,DirectEmit,3,query_9,prepare,3.587,ok
tpcds,100,d,DirectEmit,3,query_90,explain,1.531,ok
tpcds,100,d,DirectEmit,3,query_90,prepare,4.005,ok
tpcds,100,d,DirectEmit,3,query_91,explain,2.585,ok
tpcds,100,d,DirectEmit,3,query_91,prepare,3.627,ok
tpcds,100,d,DirectEmit,3,query_92,explain,1.961,ok
tpcds,100,d,DirectEmit,3,query_92,prepare,4.170,ok
tpcds,100,d,DirectEmit,3,query_93,explain,1.656,ok
tpcds,100,d,DirectEmit,3,query_93,prepare,4.878,ok
tpcds,100,d,DirectEmit,3,query_94,explain,1.323,ok
tpcds,100,d,DirectEmit,3,query_94,prepare,2.519,ok
tpcds,100,d,DirectEmit,3,query_95,explain,1.551,ok
tpcds,100,d,DirectEmit,3,query_95,prepare,3.051,ok
tpcds,100,d,DirectEmit,3,query_96,explain,2.497,ok
tpcds,100,d,DirectEmit,3,query_96,prepare,4.753,ok
tpcds,100,d,DirectEmit,3,query_97,explain,1.960,ok
tpcds,100,d,DirectEmit,3,query_97,prepare,3.272,ok
tpcds,100,d,DirectEmit,3,query_98,explain,1.880,ok
tpcds,100,d,DirectEmit,3,query_98,prepare,5.100,ok
tpcds,100,d,DirectEmit,3,query_99,explain,1.242,ok
tpcds,100,d,DirectEmit,3,query_99,prepare,3.001,ok
tpcds,100,d,DirectEmit,4,__floor__,floor,0.172,ok
tpcds,100,d,DirectEmit,4,query_1,explain,0.710,ok
tpcds,100,d,DirectEmit,4,query_1,prepare,1.059,ok
tpcds,100,d,DirectEmit,4,query_10,explain,2.008,ok
tpcds,100,d,DirectEmit,4,query_10,prepare,4.377,ok
tpcds,100,d,DirectEmit,4,query_11,explain,0.714,ok
tpcds,100,d,DirectEmit,4,query_11,prepare,2.178,ok
tpcds,100,d,DirectEmit,4,query_12,explain,1.059,ok
tpcds,100,d,DirectEmit,4,query_12,prepare,2.189,ok
tpcds,100,d,DirectEmit,4,query_13,explain,1.457,ok
tpcds,100,d,DirectEmit,4,query_13,prepare,2.949,ok
tpcds,100,d,DirectEmit,4,query_14,explain,0.694,ok
tpcds,100,d,DirectEmit,4,query_14,prepare,1.734,ok
tpcds,100,d,DirectEmit,4,query_15,explain,0.695,ok
tpcds,100,d,DirectEmit,4,query_15,prepare,1.867,ok
tpcds,100,d,DirectEmit,4,query_16,explain,0.977,ok
tpcds,100,d,DirectEmit,4,query_16,prepare,2.546,ok
tpcds,100,d,DirectEmit,4,query_17,explain,1.141,ok
tpcds,100,d,DirectEmit,4,query_17,prepare,2.168,ok
tpcds,100,d,DirectEmit,4,query_18,explain,1.206,ok
tpcds,100,d,DirectEmit,4,query_18,prepare,2.560,ok
tpcds,100,d,DirectEmit,4,query_19,explain,2.431,ok
tpcds,100,d,DirectEmit,4,query_19,prepare,4.691,ok
tpcds,100,d,DirectEmit,4,query_2,explain,0.982,ok
tpcds,100,d,DirectEmit,4,query_2,prepare,2.079,ok
tpcds,100,d,DirectEmit,4,query_20,explain,5.872,ok
tpcds,100,d,DirectEmit,4,query_20,prepare,10.366,ok
tpcds,100,d,DirectEmit,4,query_21,explain,0.972,ok
tpcds,100,d,DirectEmit,4,query_21,prepare,2.634,ok
tpcds,100,d,DirectEmit,4,query_22,explain,1.934,ok
tpcds,100,d,DirectEmit,4,query_22,prepare,3.913,ok
tpcds,100,d,DirectEmit,4,query_23,explain,1.745,ok
tpcds,100,d,DirectEmit,4,query_23,prepare,3.361,ok
tpcds,100,d,DirectEmit,4,query_24,explain,1.300,ok
tpcds,100,d,DirectEmit,4,query_24,prepare,2.494,ok
tpcds,100,d,DirectEmit,4,query_25,explain,1.408,ok
tpcds,100,d,DirectEmit,4,query_25,prepare,2.476,ok
tpcds,100,d,DirectEmit,4,query_26,explain,1.731,ok
tpcds,100,d,DirectEmit,4,query_26,prepare,3.543,ok
tpcds,100,d,DirectEmit,4,query_27,explain,1.182,ok
tpcds,100,d,DirectEmit,4,query_27,prepare,2.622,ok
tpcds,100,d,DirectEmit,4,query_28,explain,1.570,ok
tpcds,100,d,DirectEmit,4,query_28,prepare,3.227,ok
tpcds,100,d,DirectEmit,4,query_29,explain,1.913,ok
tpcds,100,d,DirectEmit,4,query_29,prepare,4.047,ok
tpcds,100,d,DirectEmit,4,query_3,explain,2.812,ok
tpcds,100,d,DirectEmit,4,query_3,prepare,5.595,ok
tpcds,100,d,DirectEmit,4,query_30,explain,1.458,ok
tpcds,100,d,DirectEmit,4,query_30,prepare,3.240,ok
tpcds,100,d,DirectEmit,4,query_31,explain,0.914,ok
tpcds,100,d,DirectEmit,4,query_31,prepare,1.827,ok
tpcds,100,d,DirectEmit,4,query_32,explain,0.787,ok
tpcds,100,d,DirectEmit,4,query_32,prepare,2.548,ok
tpcds,100,d,DirectEmit,4,query_33,explain,2.940,ok
tpcds,100,d,DirectEmit,4,query_33,prepare,4.967,ok
tpcds,100,d,DirectEmit,4,query_34,explain,1.130,ok
tpcds,100,d,DirectEmit,4,query_34,prepare,3.520,ok
tpcds,100,d,DirectEmit,4,query_35,explain,0.827,ok
tpcds,100,d,DirectEmit,4,query_35,prepare,2.938,ok
tpcds,100,d,DirectEmit,4,query_36,explain,2.183,ok
tpcds,100,d,DirectEmit,4,query_36,prepare,4.511,ok
tpcds,100,d,DirectEmit,4,query_37,explain,1.244,ok
tpcds,100,d,DirectEmit,4,query_37,prepare,3.817,ok
tpcds,100,d,DirectEmit,4,query_38,explain,0.846,ok
tpcds,100,d,DirectEmit,4,query_38,prepare,1.762,ok
tpcds,100,d,DirectEmit,4,query_39,explain,2.629,ok
tpcds,100,d,DirectEmit,4,query_39,prepare,7.959,ok
tpcds,100,d,DirectEmit,4,query_4,explain,1.456,ok
tpcds,100,d,DirectEmit,4,query_4,prepare,3.081,ok
tpcds,100,d,DirectEmit,4,query_40,explain,1.085,ok
tpcds,100,d,DirectEmit,4,query_40,prepare,1.747,ok
tpcds,100,d,DirectEmit,4,query_41,explain,2.161,ok
tpcds,100,d,DirectEmit,4,query_41,prepare,4.315,ok
tpcds,100,d,DirectEmit,4,query_42,explain,82.240,ok
tpcds,100,d,DirectEmit,4,query_42,prepare,90.254,ok
tpcds,100,d,DirectEmit,4,query_43,explain,2.207,ok
tpcds,100,d,DirectEmit,4,query_43,prepare,3.290,ok
tpcds,100,d,DirectEmit,4,query_44,explain,1.145,ok
tpcds,100,d,DirectEmit,4,query_44,prepare,1.838,ok
tpcds,100,d,DirectEmit,4,query_45,explain,0.657,ok
tpcds,100,d,DirectEmit,4,query_45,prepare,1.557,ok
tpcds,100,d,DirectEmit,4,query_46,explain,0.970,ok
tpcds,100,d,DirectEmit,4,query_46,prepare,3.592,ok
tpcds,100,d,DirectEmit,4,query_47,explain,1.529,ok
tpcds,100,d,DirectEmit,4,query_47,prepare,3.234,ok
tpcds,100,d,DirectEmit,4,query_48,explain,2.313,ok
tpcds,100,d,DirectEmit,4,query_48,prepare,5.460,ok
tpcds,100,d,DirectEmit,4,query_49,explain,2.048,ok
tpcds,100,d,DirectEmit,4,query_49,prepare,3.437,ok
tpcds,100,d,DirectEmit,4,query_5,explain,1.002,ok
tpcds,100,d,DirectEmit,4,query_5,prepare,2.146,ok
tpcds,100,d,DirectEmit,4,query_50,explain,2.032,ok
tpcds,100,d,DirectEmit,4,query_50,prepare,3.759,ok
tpcds,100,d,DirectEmit,4,query_51,explain,1.218,ok
tpcds,100,d,DirectEmit,4,query_51,prepare,3.650,ok
tpcds,100,d,DirectEmit,4,query_52,explain,0.724,ok
tpcds,100,d,DirectEmit,4,query_52,prepare,1.452,ok
tpcds,100,d,DirectEmit,4,query_53,explain,1.920,ok
tpcds,100,d,DirectEmit,4,query_53,prepare,3.780,ok
tpcds,100,d,DirectEmit,4,query_54,explain,1.115,ok
tpcds,100,d,DirectEmit,4,query_54,prepare,2.429,ok
tpcds,100,d,DirectEmit,4,query_55,explain,0.527,ok
tpcds,100,d,DirectEmit,4,query_55,prepare,1.925,ok
tpcds,100,d,DirectEmit,4,query_56,explain,1.062,ok
tpcds,100,d,DirectEmit,4,query_56,prepare,3.340,ok
tpcds,100,d,DirectEmit,4,query_57,explain,0.945,ok
tpcds,100,d,DirectEmit,4,query_57,prepare,1.872,ok
tpcds,100,d,DirectEmit,4,query_58,explain,1.198,ok
tpcds,100,d,DirectEmit,4,query_58,prepare,2.507,ok
tpcds,100,d,DirectEmit,4,query_59,explain,0.655,ok
tpcds,100,d,DirectEmit,4,query_59,prepare,1.502,ok
tpcds,100,d,DirectEmit,4,query_6,explain,2.816,ok
tpcds,100,d,DirectEmit,4,query_6,prepare,6.690,ok
tpcds,100,d,DirectEmit,4,query_60,explain,1.516,ok
tpcds,100,d,DirectEmit,4,query_60,prepare,3.343,ok
tpcds,100,d,DirectEmit,4,query_61,explain,0.659,ok
tpcds,100,d,DirectEmit,4,query_61,prepare,1.443,ok
tpcds,100,d,DirectEmit,4,query_62,explain,1.290,ok
tpcds,100,d,DirectEmit,4,query_62,prepare,2.248,ok
tpcds,100,d,DirectEmit,4,query_63,explain,1.736,ok
tpcds,100,d,DirectEmit,4,query_63,prepare,3.278,ok
tpcds,100,d,DirectEmit,4,query_64,explain,0.799,ok
tpcds,100,d,DirectEmit,4,query_64,prepare,2.563,ok
tpcds,100,d,DirectEmit,4,query_65,explain,0.802,ok
tpcds,100,d,DirectEmit,4,query_65,prepare,2.509,ok
tpcds,100,d,DirectEmit,4,query_66,explain,4.627,ok
tpcds,100,d,DirectEmit,4,query_66,prepare,6.980,ok
tpcds,100,d,DirectEmit,4,query_67,explain,0.861,ok
tpcds,100,d,DirectEmit,4,query_67,prepare,1.742,ok
tpcds,100,d,DirectEmit,4,query_68,explain,3.382,ok
tpcds,100,d,DirectEmit,4,query_68,prepare,5.294,ok
tpcds,100,d,DirectEmit,4,query_69,explain,5.290,ok
tpcds,100,d,DirectEmit,4,query_69,prepare,9.482,ok
tpcds,100,d,DirectEmit,4,query_7,explain,1.098,ok
tpcds,100,d,DirectEmit,4,query_7,prepare,1.879,ok
tpcds,100,d,DirectEmit,4,query_70,explain,64.090,ok
tpcds,100,d,DirectEmit,4,query_70,prepare,66.162,ok
tpcds,100,d,DirectEmit,4,query_71,explain,1.450,ok
tpcds,100,d,DirectEmit,4,query_71,prepare,3.100,ok
tpcds,100,d,DirectEmit,4,query_72,explain,1.300,ok
tpcds,100,d,DirectEmit,4,query_72,prepare,2.771,ok
tpcds,100,d,DirectEmit,4,query_73,explain,1.429,ok
tpcds,100,d,DirectEmit,4,query_73,prepare,2.462,ok
tpcds,100,d,DirectEmit,4,query_74,explain,2.182,ok
tpcds,100,d,DirectEmit,4,query_74,prepare,2.907,ok
tpcds,100,d,DirectEmit,4,query_75,explain,1.223,ok
tpcds,100,d,DirectEmit,4,query_75,prepare,3.435,ok
tpcds,100,d,DirectEmit,4,query_76,explain,1.151,ok
tpcds,100,d,DirectEmit,4,query_76,prepare,3.282,ok
tpcds,100,d,DirectEmit,4,query_77,explain,1.128,ok
tpcds,100,d,DirectEmit,4,query_77,prepare,2.430,ok
tpcds,100,d,DirectEmit,4,query_78,explain,3.055,ok
tpcds,100,d,DirectEmit,4,query_78,prepare,6.601,ok
tpcds,100,d,DirectEmit,4,query_79,explain,1.268,ok
tpcds,100,d,DirectEmit,4,query_79,prepare,2.265,ok
tpcds,100,d,DirectEmit,4,query_8,explain,1.274,ok
tpcds,100,d,DirectEmit,4,query_8,prepare,2.756,ok
tpcds,100,d,DirectEmit,4,query_80,explain,1.076,ok
tpcds,100,d,DirectEmit,4,query_80,prepare,1.894,ok
tpcds,100,d,DirectEmit,4,query_81,explain,1.774,ok
tpcds,100,d,DirectEmit,4,query_81,prepare,3.751,ok
tpcds,100,d,DirectEmit,4,query_82,explain,0.671,ok
tpcds,100,d,DirectEmit,4,query_82,prepare,1.522,ok
tpcds,100,d,DirectEmit,4,query_83,explain,2.252,ok
tpcds,100,d,DirectEmit,4,query_83,prepare,4.495,ok
tpcds,100,d,DirectEmit,4,query_84,explain,1.684,ok
tpcds,100,d,DirectEmit,4,query_84,prepare,3.068,ok
tpcds,100,d,DirectEmit,4,query_85,explain,1.207,ok
tpcds,100,d,DirectEmit,4,query_85,prepare,2.730,ok
tpcds,100,d,DirectEmit,4,query_86,explain,1.090,ok
tpcds,100,d,DirectEmit,4,query_86,prepare,2.362,ok
tpcds,100,d,DirectEmit,4,query_87,explain,2.807,ok
tpcds,100,d,DirectEmit,4,query_87,prepare,4.652,ok
tpcds,100,d,DirectEmit,4,query_88,explain,1.182,ok
tpcds,100,d,DirectEmit,4,query_88,prepare,2.734,ok
tpcds,100,d,DirectEmit,4,query_89,explain,1.161,ok
tpcds,100,d,DirectEmit,4,query_89,prepare,2.488,ok
tpcds,100,d,DirectEmit,4,query_9,explain,1.911,ok
tpcds,100,d,DirectEmit,4,query_9,prepare,3.513,ok
tpcds,100,d,DirectEmit,4,query_90,explain,1.562,ok
tpcds,100,d,DirectEmit,4,query_90,prepare,3.986,ok
tpcds,100,d,DirectEmit,4,query_91,explain,3.007,ok
tpcds,100,d,DirectEmit,4,query_91,prepare,3.909,ok
tpcds,100,d,DirectEmit,4,query_92,explain,2.024,ok
tpcds,100,d,DirectEmit,4,query_92,prepare,4.209,ok
tpcds,100,d,DirectEmit,4,query_93,explain,1.669,ok
tpcds,100,d,DirectEmit,4,query_93,prepare,5.025,ok
tpcds,100,d,DirectEmit,4,query_94,explain,1.320,ok
tpcds,100,d,DirectEmit,4,query_94,prepare,2.504,ok
tpcds,100,d,DirectEmit,4,query_95,explain,1.556,ok
tpcds,100,d,DirectEmit,4,query_95,prepare,3.082,ok
tpcds,100,d,DirectEmit,4,query_96,explain,2.532,ok
tpcds,100,d,DirectEmit,4,query_96,prepare,4.662,ok
tpcds,100,d,DirectEmit,4,query_97,explain,1.961,ok
tpcds,100,d,DirectEmit,4,query_97,prepare,3.320,ok
tpcds,100,d,DirectEmit,4,query_98,explain,1.860,ok
tpcds,100,d,DirectEmit,4,query_98,prepare,5.049,ok
tpcds,100,d,DirectEmit,4,query_99,explain,1.238,ok
tpcds,100,d,DirectEmit,4,query_99,prepare,2.988,ok
tpcds,100,d,DirectEmit,5,__floor__,floor,0.191,ok
tpcds,100,d,DirectEmit,5,query_1,explain,0.977,ok
tpcds,100,d,DirectEmit,5,query_1,prepare,1.233,ok
tpcds,100,d,DirectEmit,5,query_10,explain,2.947,ok
tpcds,100,d,DirectEmit,5,query_10,prepare,7.459,ok
tpcds,100,d,DirectEmit,5,query_11,explain,1.402,ok
tpcds,100,d,DirectEmit,5,query_11,prepare,3.770,ok
tpcds,100,d,DirectEmit,5,query_12,explain,1.925,ok
tpcds,100,d,DirectEmit,5,query_12,prepare,4.505,ok
tpcds,100,d,DirectEmit,5,query_13,explain,3.039,ok
tpcds,100,d,DirectEmit,5,query_13,prepare,6.316,ok
tpcds,100,d,DirectEmit,5,query_14,explain,1.388,ok
tpcds,100,d,DirectEmit,5,query_14,prepare,3.037,ok
tpcds,100,d,DirectEmit,5,query_15,explain,1.572,ok
tpcds,100,d,DirectEmit,5,query_15,prepare,4.062,ok
tpcds,100,d,DirectEmit,5,query_16,explain,2.234,ok
tpcds,100,d,DirectEmit,5,query_16,prepare,5.264,ok
tpcds,100,d,DirectEmit,5,query_17,explain,2.014,ok
tpcds,100,d,DirectEmit,5,query_17,prepare,3.738,ok
tpcds,100,d,DirectEmit,5,query_18,explain,2.145,ok
tpcds,100,d,DirectEmit,5,query_18,prepare,4.393,ok
tpcds,100,d,DirectEmit,5,query_19,explain,4.222,ok
tpcds,100,d,DirectEmit,5,query_19,prepare,7.449,ok
tpcds,100,d,DirectEmit,5,query_2,explain,1.019,ok
tpcds,100,d,DirectEmit,5,query_2,prepare,2.069,ok
tpcds,100,d,DirectEmit,5,query_20,explain,5.880,ok
tpcds,100,d,DirectEmit,5,query_20,prepare,10.410,ok
tpcds,100,d,DirectEmit,5,query_21,explain,0.997,ok
tpcds,100,d,DirectEmit,5,query_21,prepare,2.591,ok
tpcds,100,d,DirectEmit,5,query_22,explain,1.964,ok
tpcds,100,d,DirectEmit,5,query_22,prepare,3.922,ok
tpcds,100,d,DirectEmit,5,query_23,explain,1.764,ok
tpcds,100,d,DirectEmit,5,query_23,prepare,3.314,ok
tpcds,100,d,DirectEmit,5,query_24,explain,1.295,ok
tpcds,100,d,DirectEmit,5,query_24,prepare,2.525,ok
tpcds,100,d,DirectEmit,5,query_25,explain,1.410,ok
tpcds,100,d,DirectEmit,5,query_25,prepare,2.461,ok
tpcds,100,d,DirectEmit,5,query_26,explain,1.747,ok
tpcds,100,d,DirectEmit,5,query_26,prepare,3.529,ok
tpcds,100,d,DirectEmit,5,query_27,explain,1.165,ok
tpcds,100,d,DirectEmit,5,query_27,prepare,2.564,ok
tpcds,100,d,DirectEmit,5,query_28,explain,1.585,ok
tpcds,100,d,DirectEmit,5,query_28,prepare,3.175,ok
tpcds,100,d,DirectEmit,5,query_29,explain,1.929,ok
tpcds,100,d,DirectEmit,5,query_29,prepare,4.028,ok
tpcds,100,d,DirectEmit,5,query_3,explain,2.813,ok
tpcds,100,d,DirectEmit,5,query_3,prepare,5.565,ok
tpcds,100,d,DirectEmit,5,query_30,explain,1.464,ok
tpcds,100,d,DirectEmit,5,query_30,prepare,3.194,ok
tpcds,100,d,DirectEmit,5,query_31,explain,0.898,ok
tpcds,100,d,DirectEmit,5,query_31,prepare,1.773,ok
tpcds,100,d,DirectEmit,5,query_32,explain,0.795,ok
tpcds,100,d,DirectEmit,5,query_32,prepare,2.464,ok
tpcds,100,d,DirectEmit,5,query_33,explain,2.948,ok
tpcds,100,d,DirectEmit,5,query_33,prepare,4.830,ok
tpcds,100,d,DirectEmit,5,query_34,explain,1.124,ok
tpcds,100,d,DirectEmit,5,query_34,prepare,3.499,ok
tpcds,100,d,DirectEmit,5,query_35,explain,0.800,ok
tpcds,100,d,DirectEmit,5,query_35,prepare,2.920,ok
tpcds,100,d,DirectEmit,5,query_36,explain,2.108,ok
tpcds,100,d,DirectEmit,5,query_36,prepare,4.408,ok
tpcds,100,d,DirectEmit,5,query_37,explain,1.249,ok
tpcds,100,d,DirectEmit,5,query_37,prepare,3.705,ok
tpcds,100,d,DirectEmit,5,query_38,explain,0.836,ok
tpcds,100,d,DirectEmit,5,query_38,prepare,1.743,ok
tpcds,100,d,DirectEmit,5,query_39,explain,2.613,ok
tpcds,100,d,DirectEmit,5,query_39,prepare,8.027,ok
tpcds,100,d,DirectEmit,5,query_4,explain,1.473,ok
tpcds,100,d,DirectEmit,5,query_4,prepare,3.132,ok
tpcds,100,d,DirectEmit,5,query_40,explain,1.081,ok
tpcds,100,d,DirectEmit,5,query_40,prepare,1.756,ok
tpcds,100,d,DirectEmit,5,query_41,explain,2.139,ok
tpcds,100,d,DirectEmit,5,query_41,prepare,4.290,ok
tpcds,100,d,DirectEmit,5,query_42,explain,81.133,ok
tpcds,100,d,DirectEmit,5,query_42,prepare,87.228,ok
tpcds,100,d,DirectEmit,5,query_43,explain,2.240,ok
tpcds,100,d,DirectEmit,5,query_43,prepare,3.318,ok
tpcds,100,d,DirectEmit,5,query_44,explain,1.113,ok
tpcds,100,d,DirectEmit,5,query_44,prepare,1.904,ok
tpcds,100,d,DirectEmit,5,query_45,explain,0.639,ok
tpcds,100,d,DirectEmit,5,query_45,prepare,1.548,ok
tpcds,100,d,DirectEmit,5,query_46,explain,0.961,ok
tpcds,100,d,DirectEmit,5,query_46,prepare,3.574,ok
tpcds,100,d,DirectEmit,5,query_47,explain,1.536,ok
tpcds,100,d,DirectEmit,5,query_47,prepare,3.205,ok
tpcds,100,d,DirectEmit,5,query_48,explain,2.320,ok
tpcds,100,d,DirectEmit,5,query_48,prepare,5.787,ok
tpcds,100,d,DirectEmit,5,query_49,explain,2.037,ok
tpcds,100,d,DirectEmit,5,query_49,prepare,3.524,ok
tpcds,100,d,DirectEmit,5,query_5,explain,0.996,ok
tpcds,100,d,DirectEmit,5,query_5,prepare,2.132,ok
tpcds,100,d,DirectEmit,5,query_50,explain,2.025,ok
tpcds,100,d,DirectEmit,5,query_50,prepare,3.758,ok
tpcds,100,d,DirectEmit,5,query_51,explain,1.206,ok
tpcds,100,d,DirectEmit,5,query_51,prepare,3.718,ok
tpcds,100,d,DirectEmit,5,query_52,explain,0.722,ok
tpcds,100,d,DirectEmit,5,query_52,prepare,1.437,ok
tpcds,100,d,DirectEmit,5,query_53,explain,1.894,ok
tpcds,100,d,DirectEmit,5,query_53,prepare,3.735,ok
tpcds,100,d,DirectEmit,5,query_54,explain,1.113,ok
tpcds,100,d,DirectEmit,5,query_54,prepare,2.405,ok
tpcds,100,d,DirectEmit,5,query_55,explain,0.507,ok
tpcds,100,d,DirectEmit,5,query_55,prepare,1.886,ok
tpcds,100,d,DirectEmit,5,query_56,explain,1.079,ok
tpcds,100,d,DirectEmit,5,query_56,prepare,3.378,ok
tpcds,100,d,DirectEmit,5,query_57,explain,0.956,ok
tpcds,100,d,DirectEmit,5,query_57,prepare,1.883,ok
tpcds,100,d,DirectEmit,5,query_58,explain,1.226,ok
tpcds,100,d,DirectEmit,5,query_58,prepare,2.570,ok
tpcds,100,d,DirectEmit,5,query_59,explain,0.680,ok
tpcds,100,d,DirectEmit,5,query_59,prepare,1.545,ok
tpcds,100,d,DirectEmit,5,query_6,explain,2.812,ok
tpcds,100,d,DirectEmit,5,query_6,prepare,6.462,ok
tpcds,100,d,DirectEmit,5,query_60,explain,1.510,ok
tpcds,100,d,DirectEmit,5,query_60,prepare,3.264,ok
tpcds,100,d,DirectEmit,5,query_61,explain,0.672,ok
tpcds,100,d,DirectEmit,5,query_61,prepare,1.443,ok
tpcds,100,d,DirectEmit,5,query_62,explain,1.294,ok
tpcds,100,d,DirectEmit,5,query_62,prepare,2.215,ok
tpcds,100,d,DirectEmit,5,query_63,explain,1.729,ok
tpcds,100,d,DirectEmit,5,query_63,prepare,3.247,ok
tpcds,100,d,DirectEmit,5,query_64,explain,0.826,ok
tpcds,100,d,DirectEmit,5,query_64,prepare,2.522,ok
tpcds,100,d,DirectEmit,5,query_65,explain,0.821,ok
tpcds,100,d,DirectEmit,5,query_65,prepare,2.520,ok
tpcds,100,d,DirectEmit,5,query_66,explain,4.608,ok
tpcds,100,d,DirectEmit,5,query_66,prepare,6.943,ok
tpcds,100,d,DirectEmit,5,query_67,explain,0.889,ok
tpcds,100,d,DirectEmit,5,query_67,prepare,1.779,ok
tpcds,100,d,DirectEmit,5,query_68,explain,3.429,ok
tpcds,100,d,DirectEmit,5,query_68,prepare,5.273,ok
tpcds,100,d,DirectEmit,5,query_69,explain,5.306,ok
tpcds,100,d,DirectEmit,5,query_69,prepare,9.347,ok
tpcds,100,d,DirectEmit,5,query_7,explain,1.095,ok
tpcds,100,d,DirectEmit,5,query_7,prepare,1.849,ok
tpcds,100,d,DirectEmit,5,query_70,explain,64.167,ok
tpcds,100,d,DirectEmit,5,query_70,prepare,67.316,ok
tpcds,100,d,DirectEmit,5,query_71,explain,1.432,ok
tpcds,100,d,DirectEmit,5,query_71,prepare,3.070,ok
tpcds,100,d,DirectEmit,5,query_72,explain,1.290,ok
tpcds,100,d,DirectEmit,5,query_72,prepare,2.731,ok
tpcds,100,d,DirectEmit,5,query_73,explain,1.421,ok
tpcds,100,d,DirectEmit,5,query_73,prepare,2.367,ok
tpcds,100,d,DirectEmit,5,query_74,explain,2.159,ok
tpcds,100,d,DirectEmit,5,query_74,prepare,2.913,ok
tpcds,100,d,DirectEmit,5,query_75,explain,1.206,ok
tpcds,100,d,DirectEmit,5,query_75,prepare,3.361,ok
tpcds,100,d,DirectEmit,5,query_76,explain,1.152,ok
tpcds,100,d,DirectEmit,5,query_76,prepare,3.241,ok
tpcds,100,d,DirectEmit,5,query_77,explain,1.108,ok
tpcds,100,d,DirectEmit,5,query_77,prepare,2.430,ok
tpcds,100,d,DirectEmit,5,query_78,explain,3.059,ok
tpcds,100,d,DirectEmit,5,query_78,prepare,6.606,ok
tpcds,100,d,DirectEmit,5,query_79,explain,1.252,ok
tpcds,100,d,DirectEmit,5,query_79,prepare,2.260,ok
tpcds,100,d,DirectEmit,5,query_8,explain,1.269,ok
tpcds,100,d,DirectEmit,5,query_8,prepare,2.728,ok
tpcds,100,d,DirectEmit,5,query_80,explain,1.048,ok
tpcds,100,d,DirectEmit,5,query_80,prepare,1.887,ok
tpcds,100,d,DirectEmit,5,query_81,explain,1.749,ok
tpcds,100,d,DirectEmit,5,query_81,prepare,3.645,ok
tpcds,100,d,DirectEmit,5,query_82,explain,0.656,ok
tpcds,100,d,DirectEmit,5,query_82,prepare,1.500,ok
tpcds,100,d,DirectEmit,5,query_83,explain,2.228,ok
tpcds,100,d,DirectEmit,5,query_83,prepare,4.456,ok
tpcds,100,d,DirectEmit,5,query_84,explain,1.650,ok
tpcds,100,d,DirectEmit,5,query_84,prepare,2.995,ok
tpcds,100,d,DirectEmit,5,query_85,explain,1.046,ok
tpcds,100,d,DirectEmit,5,query_85,prepare,2.091,ok
tpcds,100,d,DirectEmit,5,query_86,explain,1.076,ok
tpcds,100,d,DirectEmit,5,query_86,prepare,2.304,ok
tpcds,100,d,DirectEmit,5,query_87,explain,2.765,ok
tpcds,100,d,DirectEmit,5,query_87,prepare,4.518,ok
tpcds,100,d,DirectEmit,5,query_88,explain,1.170,ok
tpcds,100,d,DirectEmit,5,query_88,prepare,2.652,ok
tpcds,100,d,DirectEmit,5,query_89,explain,1.135,ok
tpcds,100,d,DirectEmit,5,query_89,prepare,2.457,ok
tpcds,100,d,DirectEmit,5,query_9,explain,1.861,ok
tpcds,100,d,DirectEmit,5,query_9,prepare,3.531,ok
tpcds,100,d,DirectEmit,5,query_90,explain,1.545,ok
tpcds,100,d,DirectEmit,5,query_90,prepare,3.898,ok
tpcds,100,d,DirectEmit,5,query_91,explain,2.561,ok
tpcds,100,d,DirectEmit,5,query_91,prepare,3.580,ok
tpcds,100,d,DirectEmit,5,query_92,explain,1.963,ok
tpcds,100,d,DirectEmit,5,query_92,prepare,4.134,ok
tpcds,100,d,DirectEmit,5,query_93,explain,1.637,ok
tpcds,100,d,DirectEmit,5,query_93,prepare,4.836,ok
tpcds,100,d,DirectEmit,5,query_94,explain,1.313,ok
tpcds,100,d,DirectEmit,5,query_94,prepare,2.504,ok
tpcds,100,d,DirectEmit,5,query_95,explain,1.552,ok
tpcds,100,d,DirectEmit,5,query_95,prepare,3.032,ok
tpcds,100,d,DirectEmit,5,query_96,explain,2.476,ok
tpcds,100,d,DirectEmit,5,query_96,prepare,4.626,ok
tpcds,100,d,DirectEmit,5,query_97,explain,1.952,ok
tpcds,100,d,DirectEmit,5,query_97,prepare,3.240,ok
tpcds,100,d,DirectEmit,5,query_98,explain,1.840,ok
tpcds,100,d,DirectEmit,5,query_98,prepare,5.019,ok
tpcds,100,d,DirectEmit,5,query_99,explain,1.241,ok
tpcds,100,d,DirectEmit,5,query_99,prepare,2.951,ok
tpcds,100,c,Cheap,1,__floor__,floor,1.753,ok
tpcds,100,c,Cheap,1,query_1,explain,3.397,ok
tpcds,100,c,Cheap,1,query_1,prepare,9.468,ok
tpcds,100,c,Cheap,1,query_10,explain,6.579,ok
tpcds,100,c,Cheap,1,query_10,prepare,46.805,ok
tpcds,100,c,Cheap,1,query_11,explain,2.185,ok
tpcds,100,c,Cheap,1,query_11,prepare,18.050,ok
tpcds,100,c,Cheap,1,query_12,explain,2.510,ok
tpcds,100,c,Cheap,1,query_12,prepare,14.743,ok
tpcds,100,c,Cheap,1,query_13,explain,2.994,ok
tpcds,100,c,Cheap,1,query_13,prepare,19.103,ok
tpcds,100,c,Cheap,1,query_14,explain,2.136,ok
tpcds,100,c,Cheap,1,query_14,prepare,12.997,ok
tpcds,100,c,Cheap,1,query_15,explain,2.078,ok
tpcds,100,c,Cheap,1,query_15,prepare,13.616,ok
tpcds,100,c,Cheap,1,query_16,explain,2.484,ok
tpcds,100,c,Cheap,1,query_16,prepare,19.150,ok
tpcds,100,c,Cheap,1,query_17,explain,2.616,ok
tpcds,100,c,Cheap,1,query_17,prepare,11.883,ok
tpcds,100,c,Cheap,1,query_18,explain,2.633,ok
tpcds,100,c,Cheap,1,query_18,prepare,17.698,ok
tpcds,100,c,Cheap,1,query_19,explain,3.900,ok
tpcds,100,c,Cheap,1,query_19,prepare,31.720,ok
tpcds,100,c,Cheap,1,query_2,explain,2.588,ok
tpcds,100,c,Cheap,1,query_2,prepare,14.647,ok
tpcds,100,c,Cheap,1,query_20,explain,7.398,ok
tpcds,100,c,Cheap,1,query_20,prepare,53.168,ok
tpcds,100,c,Cheap,1,query_21,explain,2.735,ok
tpcds,100,c,Cheap,1,query_21,prepare,22.983,ok
tpcds,100,c,Cheap,1,query_22,explain,3.473,ok
tpcds,100,c,Cheap,1,query_22,prepare,24.497,ok
tpcds,100,c,Cheap,1,query_23,explain,3.266,ok
tpcds,100,c,Cheap,1,query_23,prepare,20.443,ok
tpcds,100,c,Cheap,1,query_24,explain,2.754,ok
tpcds,100,c,Cheap,1,query_24,prepare,18.017,ok
tpcds,100,c,Cheap,1,query_25,explain,2.852,ok
tpcds,100,c,Cheap,1,query_25,prepare,12.630,ok
tpcds,100,c,Cheap,1,query_26,explain,3.159,ok
tpcds,100,c,Cheap,1,query_26,prepare,21.797,ok
tpcds,100,c,Cheap,1,query_27,explain,2.666,ok
tpcds,100,c,Cheap,1,query_27,prepare,17.817,ok
tpcds,100,c,Cheap,1,query_28,explain,3.026,ok
tpcds,100,c,Cheap,1,query_28,prepare,20.061,ok
tpcds,100,c,Cheap,1,query_29,explain,3.307,ok
tpcds,100,c,Cheap,1,query_29,prepare,28.951,ok
tpcds,100,c,Cheap,1,query_3,explain,4.293,ok
tpcds,100,c,Cheap,1,query_3,prepare,31.579,ok
tpcds,100,c,Cheap,1,query_30,explain,2.952,ok
tpcds,100,c,Cheap,1,query_30,prepare,21.012,ok
tpcds,100,c,Cheap,1,query_31,explain,2.438,ok
tpcds,100,c,Cheap,1,query_31,prepare,12.500,ok
tpcds,100,c,Cheap,1,query_32,explain,2.238,ok
tpcds,100,c,Cheap,1,query_32,prepare,24.600,ok
tpcds,100,c,Cheap,1,query_33,explain,4.462,ok
tpcds,100,c,Cheap,1,query_33,prepare,25.315,ok
tpcds,100,c,Cheap,1,query_34,explain,2.530,ok
tpcds,100,c,Cheap,1,query_34,prepare,28.482,ok
tpcds,100,c,Cheap,1,query_35,explain,2.241,ok
tpcds,100,c,Cheap,1,query_35,prepare,28.166,ok
tpcds,100,c,Cheap,1,query_36,explain,3.628,ok
tpcds,100,c,Cheap,1,query_36,prepare,30.834,ok
tpcds,100,c,Cheap,1,query_37,explain,2.698,ok
tpcds,100,c,Cheap,1,query_37,prepare,42.303,ok
tpcds,100,c,Cheap,1,query_38,explain,2.325,ok
tpcds,100,c,Cheap,1,query_38,prepare,10.972,ok
tpcds,100,c,Cheap,1,query_39,explain,4.066,ok
tpcds,100,c,Cheap,1,query_39,prepare,66.168,ok
tpcds,100,c,Cheap,1,query_4,explain,3.435,ok
tpcds,100,c,Cheap,1,query_4,prepare,25.292,ok
tpcds,100,c,Cheap,1,query_40,explain,2.583,ok
tpcds,100,c,Cheap,1,query_40,prepare,9.746,ok
tpcds,100,c,Cheap,1,query_41,explain,3.607,ok
tpcds,100,c,Cheap,1,query_41,prepare,26.925,ok
tpcds,100,c,Cheap,1,query_42,explain,85.142,ok
tpcds,100,c,Cheap,1,query_42,prepare,129.241,ok
tpcds,100,c,Cheap,1,query_43,explain,3.847,ok
tpcds,100,c,Cheap,1,query_43,prepare,15.777,ok
tpcds,100,c,Cheap,1,query_44,explain,2.543,ok
tpcds,100,c,Cheap,1,query_44,prepare,9.645,ok
tpcds,100,c,Cheap,1,query_45,explain,2.010,ok
tpcds,100,c,Cheap,1,query_45,prepare,11.564,ok
tpcds,100,c,Cheap,1,query_46,explain,2.385,ok
tpcds,100,c,Cheap,1,query_46,prepare,25.189,ok
tpcds,100,c,Cheap,1,query_47,explain,2.947,ok
tpcds,100,c,Cheap,1,query_47,prepare,19.423,ok
tpcds,100,c,Cheap,1,query_48,explain,3.757,ok
tpcds,100,c,Cheap,1,query_48,prepare,50.798,ok
tpcds,100,c,Cheap,1,query_49,explain,3.530,ok
tpcds,100,c,Cheap,1,query_49,prepare,23.429,ok
tpcds,100,c,Cheap,1,query_5,explain,2.430,ok
tpcds,100,c,Cheap,1,query_5,prepare,13.715,ok
tpcds,100,c,Cheap,1,query_50,explain,3.471,ok
tpcds,100,c,Cheap,1,query_50,prepare,23.017,ok
tpcds,100,c,Cheap,1,query_51,explain,2.668,ok
tpcds,100,c,Cheap,1,query_51,prepare,35.335,ok
tpcds,100,c,Cheap,1,query_52,explain,2.208,ok
tpcds,100,c,Cheap,1,query_52,prepare,8.504,ok
tpcds,100,c,Cheap,1,query_53,explain,3.306,ok
tpcds,100,c,Cheap,1,query_53,prepare,25.359,ok
tpcds,100,c,Cheap,1,query_54,explain,2.542,ok
tpcds,100,c,Cheap,1,query_54,prepare,17.709,ok
tpcds,100,c,Cheap,1,query_55,explain,1.894,ok
tpcds,100,c,Cheap,1,query_55,prepare,22.026,ok
tpcds,100,c,Cheap,1,query_56,explain,2.574,ok
tpcds,100,c,Cheap,1,query_56,prepare,33.455,ok
tpcds,100,c,Cheap,1,query_57,explain,2.708,ok
tpcds,100,c,Cheap,1,query_57,prepare,13.407,ok
tpcds,100,c,Cheap,1,query_58,explain,2.697,ok
tpcds,100,c,Cheap,1,query_58,prepare,17.126,ok
tpcds,100,c,Cheap,1,query_59,explain,2.096,ok
tpcds,100,c,Cheap,1,query_59,prepare,10.928,ok
tpcds,100,c,Cheap,1,query_6,explain,4.300,ok
tpcds,100,c,Cheap,1,query_6,prepare,45.973,ok
tpcds,100,c,Cheap,1,query_60,explain,3.086,ok
tpcds,100,c,Cheap,1,query_60,prepare,25.681,ok
tpcds,100,c,Cheap,1,query_61,explain,2.060,ok
tpcds,100,c,Cheap,1,query_61,prepare,10.951,ok
tpcds,100,c,Cheap,1,query_62,explain,2.763,ok
tpcds,100,c,Cheap,1,query_62,prepare,13.280,ok
tpcds,100,c,Cheap,1,query_63,explain,3.147,ok
tpcds,100,c,Cheap,1,query_63,prepare,21.797,ok
tpcds,100,c,Cheap,1,query_64,explain,2.251,ok
tpcds,100,c,Cheap,1,query_64,prepare,25.523,ok
tpcds,100,c,Cheap,1,query_65,explain,2.260,ok
tpcds,100,c,Cheap,1,query_65,prepare,25.422,ok
tpcds,100,c,Cheap,1,query_66,explain,6.234,ok
tpcds,100,c,Cheap,1,query_66,prepare,34.136,ok
tpcds,100,c,Cheap,1,query_67,explain,2.353,ok
tpcds,100,c,Cheap,1,query_67,prepare,12.449,ok
tpcds,100,c,Cheap,1,query_68,explain,4.842,ok
tpcds,100,c,Cheap,1,query_68,prepare,24.884,ok
tpcds,100,c,Cheap,1,query_69,explain,6.753,ok
tpcds,100,c,Cheap,1,query_69,prepare,53.885,ok
tpcds,100,c,Cheap,1,query_7,explain,2.733,ok
tpcds,100,c,Cheap,1,query_7,prepare,10.634,ok
tpcds,100,c,Cheap,1,query_70,explain,61.036,ok
tpcds,100,c,Cheap,1,query_70,prepare,100.272,ok
tpcds,100,c,Cheap,1,query_71,explain,3.140,ok
tpcds,100,c,Cheap,1,query_71,prepare,22.081,ok
tpcds,100,c,Cheap,1,query_72,explain,2.816,ok
tpcds,100,c,Cheap,1,query_72,prepare,16.935,ok
tpcds,100,c,Cheap,1,query_73,explain,3.031,ok
tpcds,100,c,Cheap,1,query_73,prepare,12.665,ok
tpcds,100,c,Cheap,1,query_74,explain,3.592,ok
tpcds,100,c,Cheap,1,query_74,prepare,9.502,ok
tpcds,100,c,Cheap,1,query_75,explain,2.579,ok
tpcds,100,c,Cheap,1,query_75,prepare,34.168,ok
tpcds,100,c,Cheap,1,query_76,explain,2.662,ok
tpcds,100,c,Cheap,1,query_76,prepare,27.792,ok
tpcds,100,c,Cheap,1,query_77,explain,2.561,ok
tpcds,100,c,Cheap,1,query_77,prepare,17.686,ok
tpcds,100,c,Cheap,1,query_78,explain,4.443,ok
tpcds,100,c,Cheap,1,query_78,prepare,45.671,ok
tpcds,100,c,Cheap,1,query_79,explain,2.991,ok
tpcds,100,c,Cheap,1,query_79,prepare,13.156,ok
tpcds,100,c,Cheap,1,query_8,explain,2.722,ok
tpcds,100,c,Cheap,1,query_8,prepare,19.646,ok
tpcds,100,c,Cheap,1,query_80,explain,2.469,ok
tpcds,100,c,Cheap,1,query_80,prepare,11.496,ok
tpcds,100,c,Cheap,1,query_81,explain,3.173,ok
tpcds,100,c,Cheap,1,query_81,prepare,24.005,ok
tpcds,100,c,Cheap,1,query_82,explain,2.044,ok
tpcds,100,c,Cheap,1,query_82,prepare,10.955,ok
tpcds,100,c,Cheap,1,query_83,explain,3.662,ok
tpcds,100,c,Cheap,1,query_83,prepare,29.685,ok
tpcds,100,c,Cheap,1,query_84,explain,3.217,ok
tpcds,100,c,Cheap,1,query_84,prepare,16.381,ok
tpcds,100,c,Cheap,1,query_85,explain,2.504,ok
tpcds,100,c,Cheap,1,query_85,prepare,14.538,ok
tpcds,100,c,Cheap,1,query_86,explain,2.484,ok
tpcds,100,c,Cheap,1,query_86,prepare,16.396,ok
tpcds,100,c,Cheap,1,query_87,explain,4.208,ok
tpcds,100,c,Cheap,1,query_87,prepare,23.480,ok
tpcds,100,c,Cheap,1,query_88,explain,2.827,ok
tpcds,100,c,Cheap,1,query_88,prepare,19.228,ok
tpcds,100,c,Cheap,1,query_89,explain,2.702,ok
tpcds,100,c,Cheap,1,query_89,prepare,17.653,ok
tpcds,100,c,Cheap,1,query_9,explain,3.285,ok
tpcds,100,c,Cheap,1,query_9,prepare,21.614,ok
tpcds,100,c,Cheap,1,query_90,explain,3.048,ok
tpcds,100,c,Cheap,1,query_90,prepare,32.383,ok
tpcds,100,c,Cheap,1,query_91,explain,4.107,ok
tpcds,100,c,Cheap,1,query_91,prepare,12.268,ok
tpcds,100,c,Cheap,1,query_92,explain,3.451,ok
tpcds,100,c,Cheap,1,query_92,prepare,29.748,ok
tpcds,100,c,Cheap,1,query_93,explain,3.086,ok
tpcds,100,c,Cheap,1,query_93,prepare,54.863,ok
tpcds,100,c,Cheap,1,query_94,explain,2.888,ok
tpcds,100,c,Cheap,1,query_94,prepare,18.411,ok
tpcds,100,c,Cheap,1,query_95,explain,3.119,ok
tpcds,100,c,Cheap,1,query_95,prepare,17.979,ok
tpcds,100,c,Cheap,1,query_96,explain,3.952,ok
tpcds,100,c,Cheap,1,query_96,prepare,29.870,ok
tpcds,100,c,Cheap,1,query_97,explain,3.640,ok
tpcds,100,c,Cheap,1,query_97,prepare,16.072,ok
tpcds,100,c,Cheap,1,query_98,explain,3.219,ok
tpcds,100,c,Cheap,1,query_98,prepare,40.684,ok
tpcds,100,c,Cheap,1,query_99,explain,2.782,ok
tpcds,100,c,Cheap,1,query_99,prepare,23.094,ok
tpcds,100,c,Cheap,2,__floor__,floor,1.374,ok
tpcds,100,c,Cheap,2,query_1,explain,2.751,ok
tpcds,100,c,Cheap,2,query_1,prepare,12.300,ok
tpcds,100,c,Cheap,2,query_10,explain,7.228,ok
tpcds,100,c,Cheap,2,query_10,prepare,46.468,ok
tpcds,100,c,Cheap,2,query_11,explain,2.181,ok
tpcds,100,c,Cheap,2,query_11,prepare,18.234,ok
tpcds,100,c,Cheap,2,query_12,explain,2.501,ok
tpcds,100,c,Cheap,2,query_12,prepare,14.865,ok
tpcds,100,c,Cheap,2,query_13,explain,2.997,ok
tpcds,100,c,Cheap,2,query_13,prepare,19.269,ok
tpcds,100,c,Cheap,2,query_14,explain,2.151,ok
tpcds,100,c,Cheap,2,query_14,prepare,13.121,ok
tpcds,100,c,Cheap,2,query_15,explain,2.103,ok
tpcds,100,c,Cheap,2,query_15,prepare,13.618,ok
tpcds,100,c,Cheap,2,query_16,explain,2.463,ok
tpcds,100,c,Cheap,2,query_16,prepare,19.145,ok
tpcds,100,c,Cheap,2,query_17,explain,2.614,ok
tpcds,100,c,Cheap,2,query_17,prepare,12.007,ok
tpcds,100,c,Cheap,2,query_18,explain,2.680,ok
tpcds,100,c,Cheap,2,query_18,prepare,17.737,ok
tpcds,100,c,Cheap,2,query_19,explain,3.957,ok
tpcds,100,c,Cheap,2,query_19,prepare,31.661,ok
tpcds,100,c,Cheap,2,query_2,explain,2.575,ok
tpcds,100,c,Cheap,2,query_2,prepare,14.751,ok
tpcds,100,c,Cheap,2,query_20,explain,7.431,ok
tpcds,100,c,Cheap,2,query_20,prepare,53.924,ok
tpcds,100,c,Cheap,2,query_21,explain,2.745,ok
tpcds,100,c,Cheap,2,query_21,prepare,23.068,ok
tpcds,100,c,Cheap,2,query_22,explain,3.480,ok
tpcds,100,c,Cheap,2,query_22,prepare,24.692,ok
tpcds,100,c,Cheap,2,query_23,explain,3.345,ok
tpcds,100,c,Cheap,2,query_23,prepare,20.457,ok
tpcds,100,c,Cheap,2,query_24,explain,2.725,ok
tpcds,100,c,Cheap,2,query_24,prepare,18.151,ok
tpcds,100,c,Cheap,2,query_25,explain,2.876,ok
tpcds,100,c,Cheap,2,query_25,prepare,12.683,ok
tpcds,100,c,Cheap,2,query_26,explain,3.139,ok
tpcds,100,c,Cheap,2,query_26,prepare,21.972,ok
tpcds,100,c,Cheap,2,query_27,explain,2.631,ok
tpcds,100,c,Cheap,2,query_27,prepare,17.865,ok
tpcds,100,c,Cheap,2,query_28,explain,2.999,ok
tpcds,100,c,Cheap,2,query_28,prepare,20.302,ok
tpcds,100,c,Cheap,2,query_29,explain,3.322,ok
tpcds,100,c,Cheap,2,query_29,prepare,29.014,ok
tpcds,100,c,Cheap,2,query_3,explain,4.270,ok
tpcds,100,c,Cheap,2,query_3,prepare,32.193,ok
tpcds,100,c,Cheap,2,query_30,explain,2.976,ok
tpcds,100,c,Cheap,2,query_30,prepare,21.282,ok
tpcds,100,c,Cheap,2,query_31,explain,2.440,ok
tpcds,100,c,Cheap,2,query_31,prepare,12.559,ok
tpcds,100,c,Cheap,2,query_32,explain,2.185,ok
tpcds,100,c,Cheap,2,query_32,prepare,24.645,ok
tpcds,100,c,Cheap,2,query_33,explain,4.639,ok
tpcds,100,c,Cheap,2,query_33,prepare,25.650,ok
tpcds,100,c,Cheap,2,query_34,explain,2.549,ok
tpcds,100,c,Cheap,2,query_34,prepare,28.751,ok
tpcds,100,c,Cheap,2,query_35,explain,2.223,ok
tpcds,100,c,Cheap,2,query_35,prepare,28.269,ok
tpcds,100,c,Cheap,2,query_36,explain,3.639,ok
tpcds,100,c,Cheap,2,query_36,prepare,31.281,ok
tpcds,100,c,Cheap,2,query_37,explain,2.713,ok
tpcds,100,c,Cheap,2,query_37,prepare,42.714,ok
tpcds,100,c,Cheap,2,query_38,explain,2.422,ok
tpcds,100,c,Cheap,2,query_38,prepare,11.156,ok
tpcds,100,c,Cheap,2,query_39,explain,4.146,ok
tpcds,100,c,Cheap,2,query_39,prepare,66.545,ok
tpcds,100,c,Cheap,2,query_4,explain,3.514,ok
tpcds,100,c,Cheap,2,query_4,prepare,25.557,ok
tpcds,100,c,Cheap,2,query_40,explain,2.581,ok
tpcds,100,c,Cheap,2,query_40,prepare,9.821,ok
tpcds,100,c,Cheap,2,query_41,explain,3.672,ok
tpcds,100,c,Cheap,2,query_41,prepare,27.116,ok
tpcds,100,c,Cheap,2,query_42,explain,84.996,ok
tpcds,100,c,Cheap,2,query_42,prepare,127.016,ok
tpcds,100,c,Cheap,2,query_43,explain,4.053,ok
tpcds,100,c,Cheap,2,query_43,prepare,16.006,ok
tpcds,100,c,Cheap,2,query_44,explain,2.531,ok
tpcds,100,c,Cheap,2,query_44,prepare,9.655,ok
tpcds,100,c,Cheap,2,query_45,explain,1.975,ok
tpcds,100,c,Cheap,2,query_45,prepare,11.602,ok
tpcds,100,c,Cheap,2,query_46,explain,2.355,ok
tpcds,100,c,Cheap,2,query_46,prepare,25.600,ok
tpcds,100,c,Cheap,2,query_47,explain,2.991,ok
tpcds,100,c,Cheap,2,query_47,prepare,19.773,ok
tpcds,100,c,Cheap,2,query_48,explain,3.768,ok
tpcds,100,c,Cheap,2,query_48,prepare,51.615,ok
tpcds,100,c,Cheap,2,query_49,explain,3.584,ok
tpcds,100,c,Cheap,2,query_49,prepare,23.746,ok
tpcds,100,c,Cheap,2,query_5,explain,2.440,ok
tpcds,100,c,Cheap,2,query_5,prepare,13.823,ok
tpcds,100,c,Cheap,2,query_50,explain,3.434,ok
tpcds,100,c,Cheap,2,query_50,prepare,23.057,ok
tpcds,100,c,Cheap,2,query_51,explain,2.665,ok
tpcds,100,c,Cheap,2,query_51,prepare,35.682,ok
tpcds,100,c,Cheap,2,query_52,explain,2.257,ok
tpcds,100,c,Cheap,2,query_52,prepare,8.575,ok
tpcds,100,c,Cheap,2,query_53,explain,3.298,ok
tpcds,100,c,Cheap,2,query_53,prepare,25.593,ok
tpcds,100,c,Cheap,2,query_54,explain,2.541,ok
tpcds,100,c,Cheap,2,query_54,prepare,17.898,ok
tpcds,100,c,Cheap,2,query_55,explain,1.882,ok
tpcds,100,c,Cheap,2,query_55,prepare,22.258,ok
tpcds,100,c,Cheap,2,query_56,explain,2.631,ok
tpcds,100,c,Cheap,2,query_56,prepare,31.218,ok
tpcds,100,c,Cheap,2,query_57,explain,2.479,ok
tpcds,100,c,Cheap,2,query_57,prepare,13.317,ok
tpcds,100,c,Cheap,2,query_58,explain,2.775,ok
tpcds,100,c,Cheap,2,query_58,prepare,17.073,ok
tpcds,100,c,Cheap,2,query_59,explain,2.053,ok
tpcds,100,c,Cheap,2,query_59,prepare,11.048,ok
tpcds,100,c,Cheap,2,query_6,explain,4.244,ok
tpcds,100,c,Cheap,2,query_6,prepare,46.213,ok
tpcds,100,c,Cheap,2,query_60,explain,3.137,ok
tpcds,100,c,Cheap,2,query_60,prepare,26.090,ok
tpcds,100,c,Cheap,2,query_61,explain,2.108,ok
tpcds,100,c,Cheap,2,query_61,prepare,11.052,ok
tpcds,100,c,Cheap,2,query_62,explain,2.815,ok
tpcds,100,c,Cheap,2,query_62,prepare,13.505,ok
tpcds,100,c,Cheap,2,query_63,explain,3.179,ok
tpcds,100,c,Cheap,2,query_63,prepare,21.977,ok
tpcds,100,c,Cheap,2,query_64,explain,2.295,ok
tpcds,100,c,Cheap,2,query_64,prepare,25.700,ok
tpcds,100,c,Cheap,2,query_65,explain,2.290,ok
tpcds,100,c,Cheap,2,query_65,prepare,25.794,ok
tpcds,100,c,Cheap,2,query_66,explain,6.127,ok
tpcds,100,c,Cheap,2,query_66,prepare,34.586,ok
tpcds,100,c,Cheap,2,query_67,explain,2.386,ok
tpcds,100,c,Cheap,2,query_67,prepare,12.572,ok
tpcds,100,c,Cheap,2,query_68,explain,4.831,ok
tpcds,100,c,Cheap,2,query_68,prepare,25.153,ok
tpcds,100,c,Cheap,2,query_69,explain,6.797,ok
tpcds,100,c,Cheap,2,query_69,prepare,54.753,ok
tpcds,100,c,Cheap,2,query_7,explain,2.732,ok
tpcds,100,c,Cheap,2,query_7,prepare,10.757,ok
tpcds,100,c,Cheap,2,query_70,explain,64.804,ok
tpcds,100,c,Cheap,2,query_70,prepare,100.812,ok
tpcds,100,c,Cheap,2,query_71,explain,3.010,ok
tpcds,100,c,Cheap,2,query_71,prepare,22.271,ok
tpcds,100,c,Cheap,2,query_72,explain,2.875,ok
tpcds,100,c,Cheap,2,query_72,prepare,17.073,ok
tpcds,100,c,Cheap,2,query_73,explain,2.890,ok
tpcds,100,c,Cheap,2,query_73,prepare,12.704,ok
tpcds,100,c,Cheap,2,query_74,explain,3.590,ok
tpcds,100,c,Cheap,2,query_74,prepare,9.540,ok
tpcds,100,c,Cheap,2,query_75,explain,2.600,ok
tpcds,100,c,Cheap,2,query_75,prepare,34.468,ok
tpcds,100,c,Cheap,2,query_76,explain,2.624,ok
tpcds,100,c,Cheap,2,query_76,prepare,27.817,ok
tpcds,100,c,Cheap,2,query_77,explain,2.519,ok
tpcds,100,c,Cheap,2,query_77,prepare,17.771,ok
tpcds,100,c,Cheap,2,query_78,explain,4.459,ok
tpcds,100,c,Cheap,2,query_78,prepare,45.881,ok
tpcds,100,c,Cheap,2,query_79,explain,2.974,ok
tpcds,100,c,Cheap,2,query_79,prepare,13.153,ok
tpcds,100,c,Cheap,2,query_8,explain,2.706,ok
tpcds,100,c,Cheap,2,query_8,prepare,19.623,ok
tpcds,100,c,Cheap,2,query_80,explain,2.459,ok
tpcds,100,c,Cheap,2,query_80,prepare,11.536,ok
tpcds,100,c,Cheap,2,query_81,explain,3.161,ok
tpcds,100,c,Cheap,2,query_81,prepare,24.134,ok
tpcds,100,c,Cheap,2,query_82,explain,2.058,ok
tpcds,100,c,Cheap,2,query_82,prepare,10.978,ok
tpcds,100,c,Cheap,2,query_83,explain,3.689,ok
tpcds,100,c,Cheap,2,query_83,prepare,29.691,ok
tpcds,100,c,Cheap,2,query_84,explain,3.121,ok
tpcds,100,c,Cheap,2,query_84,prepare,16.384,ok
tpcds,100,c,Cheap,2,query_85,explain,2.473,ok
tpcds,100,c,Cheap,2,query_85,prepare,14.619,ok
tpcds,100,c,Cheap,2,query_86,explain,2.462,ok
tpcds,100,c,Cheap,2,query_86,prepare,16.334,ok
tpcds,100,c,Cheap,2,query_87,explain,4.151,ok
tpcds,100,c,Cheap,2,query_87,prepare,23.138,ok
tpcds,100,c,Cheap,2,query_88,explain,2.684,ok
tpcds,100,c,Cheap,2,query_88,prepare,19.037,ok
tpcds,100,c,Cheap,2,query_89,explain,2.556,ok
tpcds,100,c,Cheap,2,query_89,prepare,17.569,ok
tpcds,100,c,Cheap,2,query_9,explain,3.274,ok
tpcds,100,c,Cheap,2,query_9,prepare,21.785,ok
tpcds,100,c,Cheap,2,query_90,explain,2.994,ok
tpcds,100,c,Cheap,2,query_90,prepare,32.116,ok
tpcds,100,c,Cheap,2,query_91,explain,4.104,ok
tpcds,100,c,Cheap,2,query_91,prepare,12.175,ok
tpcds,100,c,Cheap,2,query_92,explain,3.364,ok
tpcds,100,c,Cheap,2,query_92,prepare,29.986,ok
tpcds,100,c,Cheap,2,query_93,explain,3.109,ok
tpcds,100,c,Cheap,2,query_93,prepare,55.012,ok
tpcds,100,c,Cheap,2,query_94,explain,2.910,ok
tpcds,100,c,Cheap,2,query_94,prepare,18.321,ok
tpcds,100,c,Cheap,2,query_95,explain,3.118,ok
tpcds,100,c,Cheap,2,query_95,prepare,18.063,ok
tpcds,100,c,Cheap,2,query_96,explain,3.982,ok
tpcds,100,c,Cheap,2,query_96,prepare,30.243,ok
tpcds,100,c,Cheap,2,query_97,explain,3.468,ok
tpcds,100,c,Cheap,2,query_97,prepare,16.160,ok
tpcds,100,c,Cheap,2,query_98,explain,3.264,ok
tpcds,100,c,Cheap,2,query_98,prepare,40.679,ok
tpcds,100,c,Cheap,2,query_99,explain,2.734,ok
tpcds,100,c,Cheap,2,query_99,prepare,23.237,ok
tpcds,100,c,Cheap,3,__floor__,floor,1.979,ok
tpcds,100,c,Cheap,3,query_1,explain,2.916,ok
tpcds,100,c,Cheap,3,query_1,prepare,11.320,ok
tpcds,100,c,Cheap,3,query_10,explain,7.420,ok
tpcds,100,c,Cheap,3,query_10,prepare,47.822,ok
tpcds,100,c,Cheap,3,query_11,explain,2.219,ok
tpcds,100,c,Cheap,3,query_11,prepare,18.166,ok
tpcds,100,c,Cheap,3,query_12,explain,2.501,ok
tpcds,100,c,Cheap,3,query_12,prepare,14.887,ok
tpcds,100,c,Cheap,3,query_13,explain,2.998,ok
tpcds,100,c,Cheap,3,query_13,prepare,18.962,ok
tpcds,100,c,Cheap,3,query_14,explain,2.108,ok
tpcds,100,c,Cheap,3,query_14,prepare,13.081,ok
tpcds,100,c,Cheap,3,query_15,explain,2.081,ok
tpcds,100,c,Cheap,3,query_15,prepare,13.452,ok
tpcds,100,c,Cheap,3,query_16,explain,2.449,ok
tpcds,100,c,Cheap,3,query_16,prepare,19.013,ok
tpcds,100,c,Cheap,3,query_17,explain,2.610,ok
tpcds,100,c,Cheap,3,query_17,prepare,11.811,ok
tpcds,100,c,Cheap,3,query_18,explain,2.634,ok
tpcds,100,c,Cheap,3,query_18,prepare,17.550,ok
tpcds,100,c,Cheap,3,query_19,explain,3.892,ok
tpcds,100,c,Cheap,3,query_19,prepare,31.189,ok
tpcds,100,c,Cheap,3,query_2,explain,2.530,ok
tpcds,100,c,Cheap,3,query_2,prepare,14.541,ok
tpcds,100,c,Cheap,3,query_20,explain,7.491,ok
tpcds,100,c,Cheap,3,query_20,prepare,53.052,ok
tpcds,100,c,Cheap,3,query_21,explain,2.931,ok
tpcds,100,c,Cheap,3,query_21,prepare,22.856,ok
tpcds,100,c,Cheap,3,query_22,explain,3.512,ok
tpcds,100,c,Cheap,3,query_22,prepare,24.754,ok
tpcds,100,c,Cheap,3,query_23,explain,3.357,ok
tpcds,100,c,Cheap,3,query_23,prepare,20.803,ok
tpcds,100,c,Cheap,3,query_24,explain,2.773,ok
tpcds,100,c,Cheap,3,query_24,prepare,18.061,ok
tpcds,100,c,Cheap,3,query_25,explain,2.876,ok
tpcds,100,c,Cheap,3,query_25,prepare,12.603,ok
tpcds,100,c,Cheap,3,query_26,explain,3.168,ok
tpcds,100,c,Cheap,3,query_26,prepare,21.769,ok
tpcds,100,c,Cheap,3,query_27,explain,2.662,ok
tpcds,100,c,Cheap,3,query_27,prepare,17.791,ok
tpcds,100,c,Cheap,3,query_28,explain,3.002,ok
tpcds,100,c,Cheap,3,query_28,prepare,20.259,ok
tpcds,100,c,Cheap,3,query_29,explain,3.327,ok
tpcds,100,c,Cheap,3,query_29,prepare,28.709,ok
tpcds,100,c,Cheap,3,query_3,explain,4.290,ok
tpcds,100,c,Cheap,3,query_3,prepare,31.828,ok
tpcds,100,c,Cheap,3,query_30,explain,2.995,ok
tpcds,100,c,Cheap,3,query_30,prepare,20.961,ok
tpcds,100,c,Cheap,3,query_31,explain,2.429,ok
tpcds,100,c,Cheap,3,query_31,prepare,12.704,ok
tpcds,100,c,Cheap,3,query_32,explain,2.194,ok
tpcds,100,c,Cheap,3,query_32,prepare,24.440,ok
tpcds,100,c,Cheap,3,query_33,explain,4.735,ok
tpcds,100,c,Cheap,3,query_33,prepare,26.344,ok
tpcds,100,c,Cheap,3,query_34,explain,2.612,ok
tpcds,100,c,Cheap,3,query_34,prepare,28.467,ok
tpcds,100,c,Cheap,3,query_35,explain,2.231,ok
tpcds,100,c,Cheap,3,query_35,prepare,27.969,ok
tpcds,100,c,Cheap,3,query_36,explain,3.579,ok
tpcds,100,c,Cheap,3,query_36,prepare,30.755,ok
tpcds,100,c,Cheap,3,query_37,explain,2.775,ok
tpcds,100,c,Cheap,3,query_37,prepare,42.385,ok
tpcds,100,c,Cheap,3,query_38,explain,2.434,ok
tpcds,100,c,Cheap,3,query_38,prepare,11.100,ok
tpcds,100,c,Cheap,3,query_39,explain,4.257,ok
tpcds,100,c,Cheap,3,query_39,prepare,64.905,ok
tpcds,100,c,Cheap,3,query_4,explain,3.399,ok
tpcds,100,c,Cheap,3,query_4,prepare,25.286,ok
tpcds,100,c,Cheap,3,query_40,explain,2.581,ok
tpcds,100,c,Cheap,3,query_40,prepare,9.762,ok
tpcds,100,c,Cheap,3,query_41,explain,3.617,ok
tpcds,100,c,Cheap,3,query_41,prepare,26.963,ok
tpcds,100,c,Cheap,3,query_42,explain,78.216,ok
tpcds,100,c,Cheap,3,query_42,prepare,123.286,ok
tpcds,100,c,Cheap,3,query_43,explain,3.898,ok
tpcds,100,c,Cheap,3,query_43,prepare,15.761,ok
tpcds,100,c,Cheap,3,query_44,explain,2.510,ok
tpcds,100,c,Cheap,3,query_44,prepare,9.640,ok
tpcds,100,c,Cheap,3,query_45,explain,2.024,ok
tpcds,100,c,Cheap,3,query_45,prepare,11.539,ok
tpcds,100,c,Cheap,3,query_46,explain,2.377,ok
tpcds,100,c,Cheap,3,query_46,prepare,25.138,ok
tpcds,100,c,Cheap,3,query_47,explain,2.951,ok
tpcds,100,c,Cheap,3,query_47,prepare,19.429,ok
tpcds,100,c,Cheap,3,query_48,explain,3.800,ok
tpcds,100,c,Cheap,3,query_48,prepare,50.918,ok
tpcds,100,c,Cheap,3,query_49,explain,3.576,ok
tpcds,100,c,Cheap,3,query_49,prepare,23.399,ok
tpcds,100,c,Cheap,3,query_5,explain,2.407,ok
tpcds,100,c,Cheap,3,query_5,prepare,13.646,ok
tpcds,100,c,Cheap,3,query_50,explain,3.504,ok
tpcds,100,c,Cheap,3,query_50,prepare,23.211,ok
tpcds,100,c,Cheap,3,query_51,explain,2.641,ok
tpcds,100,c,Cheap,3,query_51,prepare,35.391,ok
tpcds,100,c,Cheap,3,query_52,explain,2.197,ok
tpcds,100,c,Cheap,3,query_52,prepare,8.702,ok
tpcds,100,c,Cheap,3,query_53,explain,3.322,ok
tpcds,100,c,Cheap,3,query_53,prepare,25.583,ok
tpcds,100,c,Cheap,3,query_54,explain,2.559,ok
tpcds,100,c,Cheap,3,query_54,prepare,17.705,ok
tpcds,100,c,Cheap,3,query_55,explain,1.884,ok
tpcds,100,c,Cheap,3,query_55,prepare,22.255,ok
tpcds,100,c,Cheap,3,query_56,explain,2.642,ok
tpcds,100,c,Cheap,3,query_56,prepare,30.648,ok
tpcds,100,c,Cheap,3,query_57,explain,2.564,ok
tpcds,100,c,Cheap,3,query_57,prepare,13.165,ok
tpcds,100,c,Cheap,3,query_58,explain,2.615,ok
tpcds,100,c,Cheap,3,query_58,prepare,16.898,ok
tpcds,100,c,Cheap,3,query_59,explain,2.104,ok
tpcds,100,c,Cheap,3,query_59,prepare,11.001,ok
tpcds,100,c,Cheap,3,query_6,explain,4.353,ok
tpcds,100,c,Cheap,3,query_6,prepare,45.468,ok
tpcds,100,c,Cheap,3,query_60,explain,3.096,ok
tpcds,100,c,Cheap,3,query_60,prepare,26.545,ok
tpcds,100,c,Cheap,3,query_61,explain,2.165,ok
tpcds,100,c,Cheap,3,query_61,prepare,10.960,ok
tpcds,100,c,Cheap,3,query_62,explain,2.745,ok
tpcds,100,c,Cheap,3,query_62,prepare,13.369,ok
tpcds,100,c,Cheap,3,query_63,explain,3.139,ok
tpcds,100,c,Cheap,3,query_63,prepare,21.788,ok
tpcds,100,c,Cheap,3,query_64,explain,2.303,ok
tpcds,100,c,Cheap,3,query_64,prepare,25.596,ok
tpcds,100,c,Cheap,3,query_65,explain,2.288,ok
tpcds,100,c,Cheap,3,query_65,prepare,25.728,ok
tpcds,100,c,Cheap,3,query_66,explain,6.157,ok
tpcds,100,c,Cheap,3,query_66,prepare,34.076,ok
tpcds,100,c,Cheap,3,query_67,explain,2.427,ok
tpcds,100,c,Cheap,3,query_67,prepare,12.504,ok
tpcds,100,c,Cheap,3,query_68,explain,4.885,ok
tpcds,100,c,Cheap,3,query_68,prepare,25.064,ok
tpcds,100,c,Cheap,3,query_69,explain,6.718,ok
tpcds,100,c,Cheap,3,query_69,prepare,54.621,ok
tpcds,100,c,Cheap,3,query_7,explain,2.879,ok
tpcds,100,c,Cheap,3,query_7,prepare,10.754,ok
tpcds,100,c,Cheap,3,query_70,explain,61.160,ok
tpcds,100,c,Cheap,3,query_70,prepare,101.182,ok
tpcds,100,c,Cheap,3,query_71,explain,3.067,ok
tpcds,100,c,Cheap,3,query_71,prepare,21.895,ok
tpcds,100,c,Cheap,3,query_72,explain,2.789,ok
tpcds,100,c,Cheap,3,query_72,prepare,17.100,ok
tpcds,100,c,Cheap,3,query_73,explain,2.932,ok
tpcds,100,c,Cheap,3,query_73,prepare,12.520,ok
tpcds,100,c,Cheap,3,query_74,explain,3.570,ok
tpcds,100,c,Cheap,3,query_74,prepare,9.431,ok
tpcds,100,c,Cheap,3,query_75,explain,2.568,ok
tpcds,100,c,Cheap,3,query_75,prepare,34.687,ok
tpcds,100,c,Cheap,3,query_76,explain,2.821,ok
tpcds,100,c,Cheap,3,query_76,prepare,27.959,ok
tpcds,100,c,Cheap,3,query_77,explain,2.548,ok
tpcds,100,c,Cheap,3,query_77,prepare,17.918,ok
tpcds,100,c,Cheap,3,query_78,explain,4.490,ok
tpcds,100,c,Cheap,3,query_78,prepare,45.618,ok
tpcds,100,c,Cheap,3,query_79,explain,3.071,ok
tpcds,100,c,Cheap,3,query_79,prepare,12.991,ok
tpcds,100,c,Cheap,3,query_8,explain,2.683,ok
tpcds,100,c,Cheap,3,query_8,prepare,19.692,ok
tpcds,100,c,Cheap,3,query_80,explain,2.479,ok
tpcds,100,c,Cheap,3,query_80,prepare,11.447,ok
tpcds,100,c,Cheap,3,query_81,explain,3.236,ok
tpcds,100,c,Cheap,3,query_81,prepare,23.959,ok
tpcds,100,c,Cheap,3,query_82,explain,2.158,ok
tpcds,100,c,Cheap,3,query_82,prepare,10.941,ok
tpcds,100,c,Cheap,3,query_83,explain,3.697,ok
tpcds,100,c,Cheap,3,query_83,prepare,29.470,ok
tpcds,100,c,Cheap,3,query_84,explain,3.106,ok
tpcds,100,c,Cheap,3,query_84,prepare,16.233,ok
tpcds,100,c,Cheap,3,query_85,explain,2.479,ok
tpcds,100,c,Cheap,3,query_85,prepare,14.528,ok
tpcds,100,c,Cheap,3,query_86,explain,2.471,ok
tpcds,100,c,Cheap,3,query_86,prepare,16.269,ok
tpcds,100,c,Cheap,3,query_87,explain,4.139,ok
tpcds,100,c,Cheap,3,query_87,prepare,23.051,ok
tpcds,100,c,Cheap,3,query_88,explain,2.649,ok
tpcds,100,c,Cheap,3,query_88,prepare,18.902,ok
tpcds,100,c,Cheap,3,query_89,explain,2.533,ok
tpcds,100,c,Cheap,3,query_89,prepare,17.466,ok
tpcds,100,c,Cheap,3,query_9,explain,3.445,ok
tpcds,100,c,Cheap,3,query_9,prepare,21.385,ok
tpcds,100,c,Cheap,3,query_90,explain,3.152,ok
tpcds,100,c,Cheap,3,query_90,prepare,32.029,ok
tpcds,100,c,Cheap,3,query_91,explain,4.183,ok
tpcds,100,c,Cheap,3,query_91,prepare,12.403,ok
tpcds,100,c,Cheap,3,query_92,explain,3.391,ok
tpcds,100,c,Cheap,3,query_92,prepare,29.931,ok
tpcds,100,c,Cheap,3,query_93,explain,3.167,ok
tpcds,100,c,Cheap,3,query_93,prepare,54.830,ok
tpcds,100,c,Cheap,3,query_94,explain,2.838,ok
tpcds,100,c,Cheap,3,query_94,prepare,18.521,ok
tpcds,100,c,Cheap,3,query_95,explain,3.136,ok
tpcds,100,c,Cheap,3,query_95,prepare,17.947,ok
tpcds,100,c,Cheap,3,query_96,explain,4.035,ok
tpcds,100,c,Cheap,3,query_96,prepare,29.961,ok
tpcds,100,c,Cheap,3,query_97,explain,3.477,ok
tpcds,100,c,Cheap,3,query_97,prepare,15.978,ok
tpcds,100,c,Cheap,3,query_98,explain,3.251,ok
tpcds,100,c,Cheap,3,query_98,prepare,40.346,ok
tpcds,100,c,Cheap,3,query_99,explain,2.724,ok
tpcds,100,c,Cheap,3,query_99,prepare,23.038,ok
tpcds,100,c,Cheap,4,__floor__,floor,1.464,ok
tpcds,100,c,Cheap,4,query_1,explain,2.498,ok
tpcds,100,c,Cheap,4,query_1,prepare,7.380,ok
tpcds,100,c,Cheap,4,query_10,explain,4.606,ok
tpcds,100,c,Cheap,4,query_10,prepare,40.827,ok
tpcds,100,c,Cheap,4,query_11,explain,2.158,ok
tpcds,100,c,Cheap,4,query_11,prepare,18.133,ok
tpcds,100,c,Cheap,4,query_12,explain,2.536,ok
tpcds,100,c,Cheap,4,query_12,prepare,14.779,ok
tpcds,100,c,Cheap,4,query_13,explain,2.974,ok
tpcds,100,c,Cheap,4,query_13,prepare,19.535,ok
tpcds,100,c,Cheap,4,query_14,explain,2.166,ok
tpcds,100,c,Cheap,4,query_14,prepare,13.142,ok
tpcds,100,c,Cheap,4,query_15,explain,2.120,ok
tpcds,100,c,Cheap,4,query_15,prepare,13.738,ok
tpcds,100,c,Cheap,4,query_16,explain,2.489,ok
tpcds,100,c,Cheap,4,query_16,prepare,19.444,ok
tpcds,100,c,Cheap,4,query_17,explain,2.674,ok
tpcds,100,c,Cheap,4,query_17,prepare,12.020,ok
tpcds,100,c,Cheap,4,query_18,explain,2.675,ok
tpcds,100,c,Cheap,4,query_18,prepare,17.828,ok
tpcds,100,c,Cheap,4,query_19,explain,3.924,ok
tpcds,100,c,Cheap,4,query_19,prepare,32.002,ok
tpcds,100,c,Cheap,4,query_2,explain,2.614,ok
tpcds,100,c,Cheap,4,query_2,prepare,14.719,ok
tpcds,100,c,Cheap,4,query_20,explain,7.433,ok
tpcds,100,c,Cheap,4,query_20,prepare,55.365,ok
tpcds,100,c,Cheap,4,query_21,explain,3.209,ok
tpcds,100,c,Cheap,4,query_21,prepare,23.532,ok
tpcds,100,c,Cheap,4,query_22,explain,3.582,ok
tpcds,100,c,Cheap,4,query_22,prepare,24.782,ok
tpcds,100,c,Cheap,4,query_23,explain,3.290,ok
tpcds,100,c,Cheap,4,query_23,prepare,20.452,ok
tpcds,100,c,Cheap,4,query_24,explain,2.719,ok
tpcds,100,c,Cheap,4,query_24,prepare,18.174,ok
tpcds,100,c,Cheap,4,query_25,explain,2.893,ok
tpcds,100,c,Cheap,4,query_25,prepare,12.767,ok
tpcds,100,c,Cheap,4,query_26,explain,3.162,ok
tpcds,100,c,Cheap,4,query_26,prepare,22.015,ok
tpcds,100,c,Cheap,4,query_27,explain,2.647,ok
tpcds,100,c,Cheap,4,query_27,prepare,17.915,ok
tpcds,100,c,Cheap,4,query_28,explain,3.019,ok
tpcds,100,c,Cheap,4,query_28,prepare,20.246,ok
tpcds,100,c,Cheap,4,query_29,explain,3.347,ok
tpcds,100,c,Cheap,4,query_29,prepare,29.054,ok
tpcds,100,c,Cheap,4,query_3,explain,4.285,ok
tpcds,100,c,Cheap,4,query_3,prepare,31.898,ok
tpcds,100,c,Cheap,4,query_30,explain,2.956,ok
tpcds,100,c,Cheap,4,query_30,prepare,21.156,ok
tpcds,100,c,Cheap,4,query_31,explain,2.429,ok
tpcds,100,c,Cheap,4,query_31,prepare,12.501,ok
tpcds,100,c,Cheap,4,query_32,explain,2.197,ok
tpcds,100,c,Cheap,4,query_32,prepare,24.610,ok
tpcds,100,c,Cheap,4,query_33,explain,4.446,ok
tpcds,100,c,Cheap,4,query_33,prepare,25.494,ok
tpcds,100,c,Cheap,4,query_34,explain,2.548,ok
tpcds,100,c,Cheap,4,query_34,prepare,28.857,ok
tpcds,100,c,Cheap,4,query_35,explain,2.207,ok
tpcds,100,c,Cheap,4,query_35,prepare,28.293,ok
tpcds,100,c,Cheap,4,query_36,explain,3.615,ok
tpcds,100,c,Cheap,4,query_36,prepare,31.066,ok
tpcds,100,c,Cheap,4,query_37,explain,2.663,ok
tpcds,100,c,Cheap,4,query_37,prepare,42.848,ok
tpcds,100,c,Cheap,4,query_38,explain,2.374,ok
tpcds,100,c,Cheap,4,query_38,prepare,11.160,ok
tpcds,100,c,Cheap,4,query_39,explain,4.158,ok
tpcds,100,c,Cheap,4,query_39,prepare,67.626,ok
tpcds,100,c,Cheap,4,query_4,explain,3.486,ok
tpcds,100,c,Cheap,4,query_4,prepare,25.464,ok
tpcds,100,c,Cheap,4,query_40,explain,2.615,ok
tpcds,100,c,Cheap,4,query_40,prepare,9.870,ok
tpcds,100,c,Cheap,4,query_41,explain,3.613,ok
tpcds,100,c,Cheap,4,query_41,prepare,27.106,ok
tpcds,100,c,Cheap,4,query_42,explain,84.539,ok
tpcds,100,c,Cheap,4,query_42,prepare,131.880,ok
tpcds,100,c,Cheap,4,query_43,explain,3.819,ok
tpcds,100,c,Cheap,4,query_43,prepare,15.867,ok
tpcds,100,c,Cheap,4,query_44,explain,2.532,ok
tpcds,100,c,Cheap,4,query_44,prepare,9.687,ok
tpcds,100,c,Cheap,4,query_45,explain,1.993,ok
tpcds,100,c,Cheap,4,query_45,prepare,11.574,ok
tpcds,100,c,Cheap,4,query_46,explain,2.347,ok
tpcds,100,c,Cheap,4,query_46,prepare,25.336,ok
tpcds,100,c,Cheap,4,query_47,explain,2.934,ok
tpcds,100,c,Cheap,4,query_47,prepare,19.540,ok
tpcds,100,c,Cheap,4,query_48,explain,3.756,ok
tpcds,100,c,Cheap,4,query_48,prepare,51.312,ok
tpcds,100,c,Cheap,4,query_49,explain,3.572,ok
tpcds,100,c,Cheap,4,query_49,prepare,23.633,ok
tpcds,100,c,Cheap,4,query_5,explain,2.413,ok
tpcds,100,c,Cheap,4,query_5,prepare,13.788,ok
tpcds,100,c,Cheap,4,query_50,explain,3.418,ok
tpcds,100,c,Cheap,4,query_50,prepare,22.997,ok
tpcds,100,c,Cheap,4,query_51,explain,2.619,ok
tpcds,100,c,Cheap,4,query_51,prepare,35.531,ok
tpcds,100,c,Cheap,4,query_52,explain,2.165,ok
tpcds,100,c,Cheap,4,query_52,prepare,8.537,ok
tpcds,100,c,Cheap,4,query_53,explain,3.287,ok
tpcds,100,c,Cheap,4,query_53,prepare,25.625,ok
tpcds,100,c,Cheap,4,query_54,explain,2.513,ok
tpcds,100,c,Cheap,4,query_54,prepare,17.764,ok
tpcds,100,c,Cheap,4,query_55,explain,1.869,ok
tpcds,100,c,Cheap,4,query_55,prepare,22.117,ok
tpcds,100,c,Cheap,4,query_56,explain,2.628,ok
tpcds,100,c,Cheap,4,query_56,prepare,31.082,ok
tpcds,100,c,Cheap,4,query_57,explain,2.423,ok
tpcds,100,c,Cheap,4,query_57,prepare,13.255,ok
tpcds,100,c,Cheap,4,query_58,explain,2.615,ok
tpcds,100,c,Cheap,4,query_58,prepare,16.978,ok
tpcds,100,c,Cheap,4,query_59,explain,2.042,ok
tpcds,100,c,Cheap,4,query_59,prepare,11.056,ok
tpcds,100,c,Cheap,4,query_6,explain,4.278,ok
tpcds,100,c,Cheap,4,query_6,prepare,46.135,ok
tpcds,100,c,Cheap,4,query_60,explain,3.114,ok
tpcds,100,c,Cheap,4,query_60,prepare,26.054,ok
tpcds,100,c,Cheap,4,query_61,explain,2.221,ok
tpcds,100,c,Cheap,4,query_61,prepare,11.203,ok
tpcds,100,c,Cheap,4,query_62,explain,2.788,ok
tpcds,100,c,Cheap,4,query_62,prepare,13.528,ok
tpcds,100,c,Cheap,4,query_63,explain,3.148,ok
tpcds,100,c,Cheap,4,query_63,prepare,21.804,ok
tpcds,100,c,Cheap,4,query_64,explain,2.253,ok
tpcds,100,c,Cheap,4,query_64,prepare,25.635,ok
tpcds,100,c,Cheap,4,query_65,explain,2.270,ok
tpcds,100,c,Cheap,4,query_65,prepare,25.743,ok
tpcds,100,c,Cheap,4,query_66,explain,6.103,ok
tpcds,100,c,Cheap,4,query_66,prepare,34.741,ok
tpcds,100,c,Cheap,4,query_67,explain,2.406,ok
tpcds,100,c,Cheap,4,query_67,prepare,12.698,ok
tpcds,100,c,Cheap,4,query_68,explain,4.854,ok
tpcds,100,c,Cheap,4,query_68,prepare,25.117,ok
tpcds,100,c,Cheap,4,query_69,explain,6.788,ok
tpcds,100,c,Cheap,4,query_69,prepare,55.116,ok
tpcds,100,c,Cheap,4,query_7,explain,2.745,ok
tpcds,100,c,Cheap,4,query_7,prepare,10.790,ok
tpcds,100,c,Cheap,4,query_70,explain,63.602,ok
tpcds,100,c,Cheap,4,query_70,prepare,104.413,ok
tpcds,100,c,Cheap,4,query_71,explain,2.981,ok
tpcds,100,c,Cheap,4,query_71,prepare,22.193,ok
tpcds,100,c,Cheap,4,query_72,explain,2.776,ok
tpcds,100,c,Cheap,4,query_72,prepare,17.068,ok
tpcds,100,c,Cheap,4,query_73,explain,2.950,ok
tpcds,100,c,Cheap,4,query_73,prepare,12.634,ok
tpcds,100,c,Cheap,4,query_74,explain,3.560,ok
tpcds,100,c,Cheap,4,query_74,prepare,9.507,ok
tpcds,100,c,Cheap,4,query_75,explain,2.586,ok
tpcds,100,c,Cheap,4,query_75,prepare,34.544,ok
tpcds,100,c,Cheap,4,query_76,explain,2.610,ok
tpcds,100,c,Cheap,4,query_76,prepare,27.833,ok
tpcds,100,c,Cheap,4,query_77,explain,2.502,ok
tpcds,100,c,Cheap,4,query_77,prepare,17.863,ok
tpcds,100,c,Cheap,4,query_78,explain,4.442,ok
tpcds,100,c,Cheap,4,query_78,prepare,46.005,ok
tpcds,100,c,Cheap,4,query_79,explain,2.988,ok
tpcds,100,c,Cheap,4,query_79,prepare,13.132,ok
tpcds,100,c,Cheap,4,query_8,explain,2.752,ok
tpcds,100,c,Cheap,4,query_8,prepare,19.677,ok
tpcds,100,c,Cheap,4,query_80,explain,2.482,ok
tpcds,100,c,Cheap,4,query_80,prepare,11.503,ok
tpcds,100,c,Cheap,4,query_81,explain,3.194,ok
tpcds,100,c,Cheap,4,query_81,prepare,24.279,ok
tpcds,100,c,Cheap,4,query_82,explain,2.052,ok
tpcds,100,c,Cheap,4,query_82,prepare,10.976,ok
tpcds,100,c,Cheap,4,query_83,explain,3.660,ok
tpcds,100,c,Cheap,4,query_83,prepare,29.850,ok
tpcds,100,c,Cheap,4,query_84,explain,3.112,ok
tpcds,100,c,Cheap,4,query_84,prepare,16.351,ok
tpcds,100,c,Cheap,4,query_85,explain,2.484,ok
tpcds,100,c,Cheap,4,query_85,prepare,14.653,ok
tpcds,100,c,Cheap,4,query_86,explain,2.480,ok
tpcds,100,c,Cheap,4,query_86,prepare,16.317,ok
tpcds,100,c,Cheap,4,query_87,explain,4.119,ok
tpcds,100,c,Cheap,4,query_87,prepare,23.235,ok
tpcds,100,c,Cheap,4,query_88,explain,2.675,ok
tpcds,100,c,Cheap,4,query_88,prepare,18.981,ok
tpcds,100,c,Cheap,4,query_89,explain,2.551,ok
tpcds,100,c,Cheap,4,query_89,prepare,17.552,ok
tpcds,100,c,Cheap,4,query_9,explain,3.258,ok
tpcds,100,c,Cheap,4,query_9,prepare,21.783,ok
tpcds,100,c,Cheap,4,query_90,explain,3.018,ok
tpcds,100,c,Cheap,4,query_90,prepare,32.200,ok
tpcds,100,c,Cheap,4,query_91,explain,4.097,ok
tpcds,100,c,Cheap,4,query_91,prepare,12.237,ok
tpcds,100,c,Cheap,4,query_92,explain,3.419,ok
tpcds,100,c,Cheap,4,query_92,prepare,30.341,ok
tpcds,100,c,Cheap,4,query_93,explain,3.096,ok
tpcds,100,c,Cheap,4,query_93,prepare,55.175,ok
tpcds,100,c,Cheap,4,query_94,explain,2.818,ok
tpcds,100,c,Cheap,4,query_94,prepare,18.133,ok
tpcds,100,c,Cheap,4,query_95,explain,3.260,ok
tpcds,100,c,Cheap,4,query_95,prepare,18.162,ok
tpcds,100,c,Cheap,4,query_96,explain,3.941,ok
tpcds,100,c,Cheap,4,query_96,prepare,30.281,ok
tpcds,100,c,Cheap,4,query_97,explain,3.451,ok
tpcds,100,c,Cheap,4,query_97,prepare,17.123,ok
tpcds,100,c,Cheap,4,query_98,explain,3.258,ok
tpcds,100,c,Cheap,4,query_98,prepare,40.829,ok
tpcds,100,c,Cheap,4,query_99,explain,2.723,ok
tpcds,100,c,Cheap,4,query_99,prepare,23.403,ok
tpcds,100,c,Cheap,5,__floor__,floor,1.441,ok
tpcds,100,c,Cheap,5,query_1,explain,2.978,ok
tpcds,100,c,Cheap,5,query_1,prepare,12.215,ok
tpcds,100,c,Cheap,5,query_10,explain,6.451,ok
tpcds,100,c,Cheap,5,query_10,prepare,49.334,ok
tpcds,100,c,Cheap,5,query_11,explain,2.277,ok
tpcds,100,c,Cheap,5,query_11,prepare,18.682,ok
tpcds,100,c,Cheap,5,query_12,explain,2.556,ok
tpcds,100,c,Cheap,5,query_12,prepare,14.900,ok
tpcds,100,c,Cheap,5,query_13,explain,2.994,ok
tpcds,100,c,Cheap,5,query_13,prepare,19.102,ok
tpcds,100,c,Cheap,5,query_14,explain,2.173,ok
tpcds,100,c,Cheap,5,query_14,prepare,13.298,ok
tpcds,100,c,Cheap,5,query_15,explain,2.145,ok
tpcds,100,c,Cheap,5,query_15,prepare,13.548,ok
tpcds,100,c,Cheap,5,query_16,explain,2.460,ok
tpcds,100,c,Cheap,5,query_16,prepare,19.076,ok
tpcds,100,c,Cheap,5,query_17,explain,2.601,ok
tpcds,100,c,Cheap,5,query_17,prepare,11.935,ok
tpcds,100,c,Cheap,5,query_18,explain,2.644,ok
tpcds,100,c,Cheap,5,query_18,prepare,17.648,ok
tpcds,100,c,Cheap,5,query_19,explain,3.876,ok
tpcds,100,c,Cheap,5,query_19,prepare,32.070,ok
tpcds,100,c,Cheap,5,query_2,explain,2.774,ok
tpcds,100,c,Cheap,5,query_2,prepare,14.886,ok
tpcds,100,c,Cheap,5,query_20,explain,7.532,ok
tpcds,100,c,Cheap,5,query_20,prepare,52.962,ok
tpcds,100,c,Cheap,5,query_21,explain,2.774,ok
tpcds,100,c,Cheap,5,query_21,prepare,23.391,ok
tpcds,100,c,Cheap,5,query_22,explain,3.604,ok
tpcds,100,c,Cheap,5,query_22,prepare,24.962,ok
tpcds,100,c,Cheap,5,query_23,explain,3.496,ok
tpcds,100,c,Cheap,5,query_23,prepare,21.239,ok
tpcds,100,c,Cheap,5,query_24,explain,2.830,ok
tpcds,100,c,Cheap,5,query_24,prepare,18.406,ok
tpcds,100,c,Cheap,5,query_25,explain,2.887,ok
tpcds,100,c,Cheap,5,query_25,prepare,13.007,ok
tpcds,100,c,Cheap,5,query_26,explain,3.233,ok
tpcds,100,c,Cheap,5,query_26,prepare,21.941,ok
tpcds,100,c,Cheap,5,query_27,explain,2.646,ok
tpcds,100,c,Cheap,5,query_27,prepare,17.952,ok
tpcds,100,c,Cheap,5,query_28,explain,3.021,ok
tpcds,100,c,Cheap,5,query_28,prepare,20.393,ok
tpcds,100,c,Cheap,5,query_29,explain,3.452,ok
tpcds,100,c,Cheap,5,query_29,prepare,29.557,ok
tpcds,100,c,Cheap,5,query_3,explain,4.741,ok
tpcds,100,c,Cheap,5,query_3,prepare,31.893,ok
tpcds,100,c,Cheap,5,query_30,explain,3.005,ok
tpcds,100,c,Cheap,5,query_30,prepare,21.273,ok
tpcds,100,c,Cheap,5,query_31,explain,2.482,ok
tpcds,100,c,Cheap,5,query_31,prepare,12.494,ok
tpcds,100,c,Cheap,5,query_32,explain,2.298,ok
tpcds,100,c,Cheap,5,query_32,prepare,24.681,ok
tpcds,100,c,Cheap,5,query_33,explain,4.814,ok
tpcds,100,c,Cheap,5,query_33,prepare,26.058,ok
tpcds,100,c,Cheap,5,query_34,explain,2.613,ok
tpcds,100,c,Cheap,5,query_34,prepare,28.889,ok
tpcds,100,c,Cheap,5,query_35,explain,2.262,ok
tpcds,100,c,Cheap,5,query_35,prepare,28.358,ok
tpcds,100,c,Cheap,5,query_36,explain,3.665,ok
tpcds,100,c,Cheap,5,query_36,prepare,31.238,ok
tpcds,100,c,Cheap,5,query_37,explain,2.742,ok
tpcds,100,c,Cheap,5,query_37,prepare,42.343,ok
tpcds,100,c,Cheap,5,query_38,explain,2.393,ok
tpcds,100,c,Cheap,5,query_38,prepare,11.035,ok
tpcds,100,c,Cheap,5,query_39,explain,4.072,ok
tpcds,100,c,Cheap,5,query_39,prepare,65.917,ok
tpcds,100,c,Cheap,5,query_4,explain,3.505,ok
tpcds,100,c,Cheap,5,query_4,prepare,25.317,ok
tpcds,100,c,Cheap,5,query_40,explain,2.552,ok
tpcds,100,c,Cheap,5,query_40,prepare,9.707,ok
tpcds,100,c,Cheap,5,query_41,explain,3.573,ok
tpcds,100,c,Cheap,5,query_41,prepare,27.221,ok
tpcds,100,c,Cheap,5,query_42,explain,78.787,ok
tpcds,100,c,Cheap,5,query_42,prepare,124.457,ok
tpcds,100,c,Cheap,5,query_43,explain,3.953,ok
tpcds,100,c,Cheap,5,query_43,prepare,15.968,ok
tpcds,100,c,Cheap,5,query_44,explain,2.538,ok
tpcds,100,c,Cheap,5,query_44,prepare,9.693,ok
tpcds,100,c,Cheap,5,query_45,explain,2.001,ok
tpcds,100,c,Cheap,5,query_45,prepare,11.518,ok
tpcds,100,c,Cheap,5,query_46,explain,2.333,ok
tpcds,100,c,Cheap,5,query_46,prepare,25.442,ok
tpcds,100,c,Cheap,5,query_47,explain,2.955,ok
tpcds,100,c,Cheap,5,query_47,prepare,20.127,ok
tpcds,100,c,Cheap,5,query_48,explain,3.895,ok
tpcds,100,c,Cheap,5,query_48,prepare,50.860,ok
tpcds,100,c,Cheap,5,query_49,explain,3.575,ok
tpcds,100,c,Cheap,5,query_49,prepare,23.450,ok
tpcds,100,c,Cheap,5,query_5,explain,2.405,ok
tpcds,100,c,Cheap,5,query_5,prepare,13.939,ok
tpcds,100,c,Cheap,5,query_50,explain,3.474,ok
tpcds,100,c,Cheap,5,query_50,prepare,22.928,ok
tpcds,100,c,Cheap,5,query_51,explain,2.658,ok
tpcds,100,c,Cheap,5,query_51,prepare,35.440,ok
tpcds,100,c,Cheap,5,query_52,explain,2.191,ok
tpcds,100,c,Cheap,5,query_52,prepare,8.711,ok
tpcds,100,c,Cheap,5,query_53,explain,3.298,ok
tpcds,100,c,Cheap,5,query_53,prepare,25.927,ok
tpcds,100,c,Cheap,5,query_54,explain,2.653,ok
tpcds,100,c,Cheap,5,query_54,prepare,17.745,ok
tpcds,100,c,Cheap,5,query_55,explain,1.879,ok
tpcds,100,c,Cheap,5,query_55,prepare,22.243,ok
tpcds,100,c,Cheap,5,query_56,explain,2.629,ok
tpcds,100,c,Cheap,5,query_56,prepare,30.634,ok
tpcds,100,c,Cheap,5,query_57,explain,2.460,ok
tpcds,100,c,Cheap,5,query_57,prepare,13.498,ok
tpcds,100,c,Cheap,5,query_58,explain,2.882,ok
tpcds,100,c,Cheap,5,query_58,prepare,16.989,ok
tpcds,100,c,Cheap,5,query_59,explain,2.223,ok
tpcds,100,c,Cheap,5,query_59,prepare,11.014,ok
tpcds,100,c,Cheap,5,query_6,explain,4.331,ok
tpcds,100,c,Cheap,5,query_6,prepare,45.941,ok
tpcds,100,c,Cheap,5,query_60,explain,3.429,ok
tpcds,100,c,Cheap,5,query_60,prepare,26.375,ok
tpcds,100,c,Cheap,5,query_61,explain,2.200,ok
tpcds,100,c,Cheap,5,query_61,prepare,11.008,ok
tpcds,100,c,Cheap,5,query_62,explain,2.818,ok
tpcds,100,c,Cheap,5,query_62,prepare,13.440,ok
tpcds,100,c,Cheap,5,query_63,explain,3.207,ok
tpcds,100,c,Cheap,5,query_63,prepare,21.662,ok
tpcds,100,c,Cheap,5,query_64,explain,2.268,ok
tpcds,100,c,Cheap,5,query_64,prepare,25.388,ok
tpcds,100,c,Cheap,5,query_65,explain,2.514,ok
tpcds,100,c,Cheap,5,query_65,prepare,25.639,ok
tpcds,100,c,Cheap,5,query_66,explain,6.102,ok
tpcds,100,c,Cheap,5,query_66,prepare,33.936,ok
tpcds,100,c,Cheap,5,query_67,explain,2.435,ok
tpcds,100,c,Cheap,5,query_67,prepare,12.613,ok
tpcds,100,c,Cheap,5,query_68,explain,4.876,ok
tpcds,100,c,Cheap,5,query_68,prepare,25.086,ok
tpcds,100,c,Cheap,5,query_69,explain,6.812,ok
tpcds,100,c,Cheap,5,query_69,prepare,54.099,ok
tpcds,100,c,Cheap,5,query_7,explain,2.749,ok
tpcds,100,c,Cheap,5,query_7,prepare,10.684,ok
tpcds,100,c,Cheap,5,query_70,explain,65.826,ok
tpcds,100,c,Cheap,5,query_70,prepare,104.606,ok
tpcds,100,c,Cheap,5,query_71,explain,3.044,ok
tpcds,100,c,Cheap,5,query_71,prepare,22.027,ok
tpcds,100,c,Cheap,5,query_72,explain,2.815,ok
tpcds,100,c,Cheap,5,query_72,prepare,16.968,ok
tpcds,100,c,Cheap,5,query_73,explain,2.903,ok
tpcds,100,c,Cheap,5,query_73,prepare,12.701,ok
tpcds,100,c,Cheap,5,query_74,explain,3.639,ok
tpcds,100,c,Cheap,5,query_74,prepare,9.517,ok
tpcds,100,c,Cheap,5,query_75,explain,2.609,ok
tpcds,100,c,Cheap,5,query_75,prepare,34.136,ok
tpcds,100,c,Cheap,5,query_76,explain,2.616,ok
tpcds,100,c,Cheap,5,query_76,prepare,27.651,ok
tpcds,100,c,Cheap,5,query_77,explain,2.524,ok
tpcds,100,c,Cheap,5,query_77,prepare,17.852,ok
tpcds,100,c,Cheap,5,query_78,explain,4.560,ok
tpcds,100,c,Cheap,5,query_78,prepare,45.459,ok
tpcds,100,c,Cheap,5,query_79,explain,2.982,ok
tpcds,100,c,Cheap,5,query_79,prepare,13.062,ok
tpcds,100,c,Cheap,5,query_8,explain,2.802,ok
tpcds,100,c,Cheap,5,query_8,prepare,19.695,ok
tpcds,100,c,Cheap,5,query_80,explain,2.484,ok
tpcds,100,c,Cheap,5,query_80,prepare,11.549,ok
tpcds,100,c,Cheap,5,query_81,explain,3.156,ok
tpcds,100,c,Cheap,5,query_81,prepare,24.047,ok
tpcds,100,c,Cheap,5,query_82,explain,2.076,ok
tpcds,100,c,Cheap,5,query_82,prepare,11.931,ok
tpcds,100,c,Cheap,5,query_83,explain,3.897,ok
tpcds,100,c,Cheap,5,query_83,prepare,29.645,ok
tpcds,100,c,Cheap,5,query_84,explain,3.125,ok
tpcds,100,c,Cheap,5,query_84,prepare,16.555,ok
tpcds,100,c,Cheap,5,query_85,explain,2.501,ok
tpcds,100,c,Cheap,5,query_85,prepare,14.580,ok
tpcds,100,c,Cheap,5,query_86,explain,2.440,ok
tpcds,100,c,Cheap,5,query_86,prepare,16.278,ok
tpcds,100,c,Cheap,5,query_87,explain,4.368,ok
tpcds,100,c,Cheap,5,query_87,prepare,22.992,ok
tpcds,100,c,Cheap,5,query_88,explain,2.669,ok
tpcds,100,c,Cheap,5,query_88,prepare,18.928,ok
tpcds,100,c,Cheap,5,query_89,explain,2.572,ok
tpcds,100,c,Cheap,5,query_89,prepare,17.473,ok
tpcds,100,c,Cheap,5,query_9,explain,3.320,ok
tpcds,100,c,Cheap,5,query_9,prepare,21.519,ok
tpcds,100,c,Cheap,5,query_90,explain,3.015,ok
tpcds,100,c,Cheap,5,query_90,prepare,31.878,ok
tpcds,100,c,Cheap,5,query_91,explain,4.146,ok
tpcds,100,c,Cheap,5,query_91,prepare,12.164,ok
tpcds,100,c,Cheap,5,query_92,explain,3.431,ok
tpcds,100,c,Cheap,5,query_92,prepare,30.056,ok
tpcds,100,c,Cheap,5,query_93,explain,3.156,ok
tpcds,100,c,Cheap,5,query_93,prepare,54.942,ok
tpcds,100,c,Cheap,5,query_94,explain,2.881,ok
tpcds,100,c,Cheap,5,query_94,prepare,18.002,ok
tpcds,100,c,Cheap,5,query_95,explain,3.069,ok
tpcds,100,c,Cheap,5,query_95,prepare,18.074,ok
tpcds,100,c,Cheap,5,query_96,explain,3.974,ok
tpcds,100,c,Cheap,5,query_96,prepare,30.149,ok
tpcds,100,c,Cheap,5,query_97,explain,3.483,ok
tpcds,100,c,Cheap,5,query_97,prepare,15.970,ok
tpcds,100,c,Cheap,5,query_98,explain,3.255,ok
tpcds,100,c,Cheap,5,query_98,prepare,40.475,ok
tpcds,100,c,Cheap,5,query_99,explain,2.749,ok
tpcds,100,c,Cheap,5,query_99,prepare,22.997,ok
tpcds,100,o,Optimized,1,__floor__,floor,7.152,ok
tpcds,100,o,Optimized,1,query_1,explain,8.867,ok
tpcds,100,o,Optimized,1,query_1,prepare,44.995,ok
tpcds,100,o,Optimized,1,query_10,explain,6.935,ok
tpcds,100,o,Optimized,1,query_10,prepare,193.161,ok
tpcds,100,o,Optimized,1,query_11,explain,6.265,ok
tpcds,100,o,Optimized,1,query_11,prepare,123.002,ok
tpcds,100,o,Optimized,1,query_12,explain,6.532,ok
tpcds,100,o,Optimized,1,query_12,prepare,90.018,ok
tpcds,100,o,Optimized,1,query_13,explain,7.017,ok
tpcds,100,o,Optimized,1,query_13,prepare,115.928,ok
tpcds,100,o,Optimized,1,query_14,explain,6.091,ok
tpcds,100,o,Optimized,1,query_14,prepare,78.722,ok
tpcds,100,o,Optimized,1,query_15,explain,5.930,ok
tpcds,100,o,Optimized,1,query_15,prepare,90.804,ok
tpcds,100,o,Optimized,1,query_16,explain,6.401,ok
tpcds,100,o,Optimized,1,query_16,prepare,124.348,ok
tpcds,100,o,Optimized,1,query_17,explain,6.607,ok
tpcds,100,o,Optimized,1,query_17,prepare,76.215,ok
tpcds,100,o,Optimized,1,query_18,explain,6.630,ok
tpcds,100,o,Optimized,1,query_18,prepare,108.851,ok
tpcds,100,o,Optimized,1,query_19,explain,7.935,ok
tpcds,100,o,Optimized,1,query_19,prepare,194.298,ok
tpcds,100,o,Optimized,1,query_2,explain,6.641,ok
tpcds,100,o,Optimized,1,query_2,prepare,85.870,ok
tpcds,100,o,Optimized,1,query_20,explain,11.621,ok
tpcds,100,o,Optimized,1,query_20,prepare,327.285,ok
tpcds,100,o,Optimized,1,query_21,explain,6.850,ok
tpcds,100,o,Optimized,1,query_21,prepare,136.649,ok
tpcds,100,o,Optimized,1,query_22,explain,7.474,ok
tpcds,100,o,Optimized,1,query_22,prepare,177.871,ok
tpcds,100,o,Optimized,1,query_23,explain,7.530,ok
tpcds,100,o,Optimized,1,query_23,prepare,129.959,ok
tpcds,100,o,Optimized,1,query_24,explain,6.792,ok
tpcds,100,o,Optimized,1,query_24,prepare,100.693,ok
tpcds,100,o,Optimized,1,query_25,explain,6.964,ok
tpcds,100,o,Optimized,1,query_25,prepare,80.886,ok
tpcds,100,o,Optimized,1,query_26,explain,7.204,ok
tpcds,100,o,Optimized,1,query_26,prepare,162.726,ok
tpcds,100,o,Optimized,1,query_27,explain,6.857,ok
tpcds,100,o,Optimized,1,query_27,prepare,120.134,ok
tpcds,100,o,Optimized,1,query_28,explain,7.193,ok
tpcds,100,o,Optimized,1,query_28,prepare,143.298,ok
tpcds,100,o,Optimized,1,query_29,explain,7.296,ok
tpcds,100,o,Optimized,1,query_29,prepare,194.219,ok
tpcds,100,o,Optimized,1,query_3,explain,8.308,ok
tpcds,100,o,Optimized,1,query_3,prepare,221.310,ok
tpcds,100,o,Optimized,1,query_30,explain,7.292,ok
tpcds,100,o,Optimized,1,query_30,prepare,135.387,ok
tpcds,100,o,Optimized,1,query_31,explain,6.370,ok
tpcds,100,o,Optimized,1,query_31,prepare,70.911,ok
tpcds,100,o,Optimized,1,query_32,explain,6.164,ok
tpcds,100,o,Optimized,1,query_32,prepare,150.599,ok
tpcds,100,o,Optimized,1,query_33,explain,8.528,ok
tpcds,100,o,Optimized,1,query_33,prepare,131.137,ok
tpcds,100,o,Optimized,1,query_34,explain,6.513,ok
tpcds,100,o,Optimized,1,query_34,prepare,202.705,ok
tpcds,100,o,Optimized,1,query_35,explain,6.267,ok
tpcds,100,o,Optimized,1,query_35,prepare,206.216,ok
tpcds,100,o,Optimized,1,query_36,explain,7.708,ok
tpcds,100,o,Optimized,1,query_36,prepare,200.695,ok
tpcds,100,o,Optimized,1,query_37,explain,6.684,ok
tpcds,100,o,Optimized,1,query_37,prepare,237.209,ok
tpcds,100,o,Optimized,1,query_38,explain,6.523,ok
tpcds,100,o,Optimized,1,query_38,prepare,75.005,ok
tpcds,100,o,Optimized,1,query_39,explain,8.057,ok
tpcds,100,o,Optimized,1,query_39,prepare,496.518,ok
tpcds,100,o,Optimized,1,query_4,explain,7.872,ok
tpcds,100,o,Optimized,1,query_4,prepare,149.648,ok
tpcds,100,o,Optimized,1,query_40,explain,6.541,ok
tpcds,100,o,Optimized,1,query_40,prepare,62.977,ok
tpcds,100,o,Optimized,1,query_41,explain,7.533,ok
tpcds,100,o,Optimized,1,query_41,prepare,166.866,ok
tpcds,100,o,Optimized,1,query_42,explain,88.630,ok
tpcds,100,o,Optimized,1,query_42,prepare,430.652,ok
tpcds,100,o,Optimized,1,query_43,explain,8.094,ok
tpcds,100,o,Optimized,1,query_43,prepare,105.188,ok
tpcds,100,o,Optimized,1,query_44,explain,6.418,ok
tpcds,100,o,Optimized,1,query_44,prepare,55.587,ok
tpcds,100,o,Optimized,1,query_45,explain,5.708,ok
tpcds,100,o,Optimized,1,query_45,prepare,79.273,ok
tpcds,100,o,Optimized,1,query_46,explain,6.242,ok
tpcds,100,o,Optimized,1,query_46,prepare,237.515,ok
tpcds,100,o,Optimized,1,query_47,explain,7.185,ok
tpcds,100,o,Optimized,1,query_47,prepare,148.716,ok
tpcds,100,o,Optimized,1,query_48,explain,7.862,ok
tpcds,100,o,Optimized,1,query_48,prepare,297.008,ok
tpcds,100,o,Optimized,1,query_49,explain,7.626,ok
tpcds,100,o,Optimized,1,query_49,prepare,126.796,ok
tpcds,100,o,Optimized,1,query_5,explain,6.304,ok
tpcds,100,o,Optimized,1,query_5,prepare,87.163,ok
tpcds,100,o,Optimized,1,query_50,explain,7.374,ok
tpcds,100,o,Optimized,1,query_50,prepare,140.811,ok
tpcds,100,o,Optimized,1,query_51,explain,6.494,ok
tpcds,100,o,Optimized,1,query_51,prepare,227.973,ok
tpcds,100,o,Optimized,1,query_52,explain,6.012,ok
tpcds,100,o,Optimized,1,query_52,prepare,58.343,ok
tpcds,100,o,Optimized,1,query_53,explain,7.059,ok
tpcds,100,o,Optimized,1,query_53,prepare,148.026,ok
tpcds,100,o,Optimized,1,query_54,explain,6.388,ok
tpcds,100,o,Optimized,1,query_54,prepare,120.844,ok
tpcds,100,o,Optimized,1,query_55,explain,5.638,ok
tpcds,100,o,Optimized,1,query_55,prepare,126.406,ok
tpcds,100,o,Optimized,1,query_56,explain,6.528,ok
tpcds,100,o,Optimized,1,query_56,prepare,207.082,ok
tpcds,100,o,Optimized,1,query_57,explain,6.298,ok
tpcds,100,o,Optimized,1,query_57,prepare,76.179,ok
tpcds,100,o,Optimized,1,query_58,explain,6.393,ok
tpcds,100,o,Optimized,1,query_58,prepare,100.821,ok
tpcds,100,o,Optimized,1,query_59,explain,6.061,ok
tpcds,100,o,Optimized,1,query_59,prepare,72.162,ok
tpcds,100,o,Optimized,1,query_6,explain,8.055,ok
tpcds,100,o,Optimized,1,query_6,prepare,301.565,ok
tpcds,100,o,Optimized,1,query_60,explain,7.358,ok
tpcds,100,o,Optimized,1,query_60,prepare,166.317,ok
tpcds,100,o,Optimized,1,query_61,explain,6.146,ok
tpcds,100,o,Optimized,1,query_61,prepare,65.424,ok
tpcds,100,o,Optimized,1,query_62,explain,6.781,ok
tpcds,100,o,Optimized,1,query_62,prepare,80.852,ok
tpcds,100,o,Optimized,1,query_63,explain,7.210,ok
tpcds,100,o,Optimized,1,query_63,prepare,123.039,ok
tpcds,100,o,Optimized,1,query_64,explain,6.278,ok
tpcds,100,o,Optimized,1,query_64,prepare,158.049,ok
tpcds,100,o,Optimized,1,query_65,explain,6.303,ok
tpcds,100,o,Optimized,1,query_65,prepare,160.459,ok
tpcds,100,o,Optimized,1,query_66,explain,10.406,ok
tpcds,100,o,Optimized,1,query_66,prepare,242.811,ok
tpcds,100,o,Optimized,1,query_67,explain,6.652,ok
tpcds,100,o,Optimized,1,query_67,prepare,71.087,ok
tpcds,100,o,Optimized,1,query_68,explain,8.855,ok
tpcds,100,o,Optimized,1,query_68,prepare,158.156,ok
tpcds,100,o,Optimized,1,query_69,explain,10.927,ok
tpcds,100,o,Optimized,1,query_69,prepare,374.516,ok
tpcds,100,o,Optimized,1,query_7,explain,6.688,ok
tpcds,100,o,Optimized,1,query_7,prepare,62.098,ok
tpcds,100,o,Optimized,1,query_70,explain,69.681,ok
tpcds,100,o,Optimized,1,query_70,prepare,363.603,ok
tpcds,100,o,Optimized,1,query_71,explain,7.082,ok
tpcds,100,o,Optimized,1,query_71,prepare,142.032,ok
tpcds,100,o,Optimized,1,query_72,explain,6.833,ok
tpcds,100,o,Optimized,1,query_72,prepare,127.503,ok
tpcds,100,o,Optimized,1,query_73,explain,6.848,ok
tpcds,100,o,Optimized,1,query_73,prepare,71.909,ok
tpcds,100,o,Optimized,1,query_74,explain,7.641,ok
tpcds,100,o,Optimized,1,query_74,prepare,50.403,ok
tpcds,100,o,Optimized,1,query_75,explain,6.346,ok
tpcds,100,o,Optimized,1,query_75,prepare,194.554,ok
tpcds,100,o,Optimized,1,query_76,explain,6.673,ok
tpcds,100,o,Optimized,1,query_76,prepare,184.745,ok
tpcds,100,o,Optimized,1,query_77,explain,6.408,ok
tpcds,100,o,Optimized,1,query_77,prepare,120.371,ok
tpcds,100,o,Optimized,1,query_78,explain,8.300,ok
tpcds,100,o,Optimized,1,query_78,prepare,304.462,ok
tpcds,100,o,Optimized,1,query_79,explain,7.055,ok
tpcds,100,o,Optimized,1,query_79,prepare,77.891,ok
tpcds,100,o,Optimized,1,query_8,explain,6.498,ok
tpcds,100,o,Optimized,1,query_8,prepare,121.273,ok
tpcds,100,o,Optimized,1,query_80,explain,6.318,ok
tpcds,100,o,Optimized,1,query_80,prepare,69.575,ok
tpcds,100,o,Optimized,1,query_81,explain,6.841,ok
tpcds,100,o,Optimized,1,query_81,prepare,166.790,ok
tpcds,100,o,Optimized,1,query_82,explain,5.997,ok
tpcds,100,o,Optimized,1,query_82,prepare,71.772,ok
tpcds,100,o,Optimized,1,query_83,explain,7.588,ok
tpcds,100,o,Optimized,1,query_83,prepare,202.732,ok
tpcds,100,o,Optimized,1,query_84,explain,7.117,ok
tpcds,100,o,Optimized,1,query_84,prepare,102.967,ok
tpcds,100,o,Optimized,1,query_85,explain,6.410,ok
tpcds,100,o,Optimized,1,query_85,prepare,85.264,ok
tpcds,100,o,Optimized,1,query_86,explain,6.340,ok
tpcds,100,o,Optimized,1,query_86,prepare,96.468,ok
tpcds,100,o,Optimized,1,query_87,explain,7.920,ok
tpcds,100,o,Optimized,1,query_87,prepare,148.151,ok
tpcds,100,o,Optimized,1,query_88,explain,6.671,ok
tpcds,100,o,Optimized,1,query_88,prepare,130.831,ok
tpcds,100,o,Optimized,1,query_89,explain,6.523,ok
tpcds,100,o,Optimized,1,query_89,prepare,112.404,ok
tpcds,100,o,Optimized,1,query_9,explain,7.170,ok
tpcds,100,o,Optimized,1,query_9,prepare,127.031,ok
tpcds,100,o,Optimized,1,query_90,explain,6.959,ok
tpcds,100,o,Optimized,1,query_90,prepare,207.343,ok
tpcds,100,o,Optimized,1,query_91,explain,8.357,ok
tpcds,100,o,Optimized,1,query_91,prepare,69.123,ok
tpcds,100,o,Optimized,1,query_92,explain,7.376,ok
tpcds,100,o,Optimized,1,query_92,prepare,191.720,ok
tpcds,100,o,Optimized,1,query_93,explain,7.179,ok
tpcds,100,o,Optimized,1,query_93,prepare,315.024,ok
tpcds,100,o,Optimized,1,query_94,explain,7.017,ok
tpcds,100,o,Optimized,1,query_94,prepare,100.892,ok
tpcds,100,o,Optimized,1,query_95,explain,7.139,ok
tpcds,100,o,Optimized,1,query_95,prepare,112.656,ok
tpcds,100,o,Optimized,1,query_96,explain,8.072,ok
tpcds,100,o,Optimized,1,query_96,prepare,200.887,ok
tpcds,100,o,Optimized,1,query_97,explain,7.640,ok
tpcds,100,o,Optimized,1,query_97,prepare,103.163,ok
tpcds,100,o,Optimized,1,query_98,explain,7.159,ok
tpcds,100,o,Optimized,1,query_98,prepare,273.891,ok
tpcds,100,o,Optimized,1,query_99,explain,6.628,ok
tpcds,100,o,Optimized,1,query_99,prepare,152.396,ok
tpcds,100,o,Optimized,2,__floor__,floor,4.741,ok
tpcds,100,o,Optimized,2,query_1,explain,5.474,ok
tpcds,100,o,Optimized,2,query_1,prepare,32.665,ok
tpcds,100,o,Optimized,2,query_10,explain,6.901,ok
tpcds,100,o,Optimized,2,query_10,prepare,197.139,ok
tpcds,100,o,Optimized,2,query_11,explain,6.288,ok
tpcds,100,o,Optimized,2,query_11,prepare,123.288,ok
tpcds,100,o,Optimized,2,query_12,explain,6.460,ok
tpcds,100,o,Optimized,2,query_12,prepare,89.804,ok
tpcds,100,o,Optimized,2,query_13,explain,6.992,ok
tpcds,100,o,Optimized,2,query_13,prepare,115.506,ok
tpcds,100,o,Optimized,2,query_14,explain,6.109,ok
tpcds,100,o,Optimized,2,query_14,prepare,78.622,ok
tpcds,100,o,Optimized,2,query_15,explain,5.975,ok
tpcds,100,o,Optimized,2,query_15,prepare,90.825,ok
tpcds,100,o,Optimized,2,query_16,explain,6.480,ok
tpcds,100,o,Optimized,2,query_16,prepare,124.503,ok
tpcds,100,o,Optimized,2,query_17,explain,6.639,ok
tpcds,100,o,Optimized,2,query_17,prepare,76.442,ok
tpcds,100,o,Optimized,2,query_18,explain,6.653,ok
tpcds,100,o,Optimized,2,query_18,prepare,107.870,ok
tpcds,100,o,Optimized,2,query_19,explain,7.999,ok
tpcds,100,o,Optimized,2,query_19,prepare,195.141,ok
tpcds,100,o,Optimized,2,query_2,explain,6.683,ok
tpcds,100,o,Optimized,2,query_2,prepare,85.732,ok
tpcds,100,o,Optimized,2,query_20,explain,11.489,ok
tpcds,100,o,Optimized,2,query_20,prepare,326.769,ok
tpcds,100,o,Optimized,2,query_21,explain,7.134,ok
tpcds,100,o,Optimized,2,query_21,prepare,137.854,ok
tpcds,100,o,Optimized,2,query_22,explain,7.393,ok
tpcds,100,o,Optimized,2,query_22,prepare,177.637,ok
tpcds,100,o,Optimized,2,query_23,explain,7.448,ok
tpcds,100,o,Optimized,2,query_23,prepare,129.845,ok
tpcds,100,o,Optimized,2,query_24,explain,6.783,ok
tpcds,100,o,Optimized,2,query_24,prepare,100.953,ok
tpcds,100,o,Optimized,2,query_25,explain,6.997,ok
tpcds,100,o,Optimized,2,query_25,prepare,80.652,ok
tpcds,100,o,Optimized,2,query_26,explain,7.108,ok
tpcds,100,o,Optimized,2,query_26,prepare,162.180,ok
tpcds,100,o,Optimized,2,query_27,explain,6.797,ok
tpcds,100,o,Optimized,2,query_27,prepare,120.431,ok
tpcds,100,o,Optimized,2,query_28,explain,7.457,ok
tpcds,100,o,Optimized,2,query_28,prepare,146.453,ok
tpcds,100,o,Optimized,2,query_29,explain,7.220,ok
tpcds,100,o,Optimized,2,query_29,prepare,195.450,ok
tpcds,100,o,Optimized,2,query_3,explain,8.322,ok
tpcds,100,o,Optimized,2,query_3,prepare,221.074,ok
tpcds,100,o,Optimized,2,query_30,explain,7.026,ok
tpcds,100,o,Optimized,2,query_30,prepare,135.886,ok
tpcds,100,o,Optimized,2,query_31,explain,6.459,ok
tpcds,100,o,Optimized,2,query_31,prepare,71.198,ok
tpcds,100,o,Optimized,2,query_32,explain,6.313,ok
tpcds,100,o,Optimized,2,query_32,prepare,151.359,ok
tpcds,100,o,Optimized,2,query_33,explain,8.652,ok
tpcds,100,o,Optimized,2,query_33,prepare,132.916,ok
tpcds,100,o,Optimized,2,query_34,explain,6.581,ok
tpcds,100,o,Optimized,2,query_34,prepare,205.317,ok
tpcds,100,o,Optimized,2,query_35,explain,6.837,ok
tpcds,100,o,Optimized,2,query_35,prepare,208.543,ok
tpcds,100,o,Optimized,2,query_36,explain,7.848,ok
tpcds,100,o,Optimized,2,query_36,prepare,202.879,ok
tpcds,100,o,Optimized,2,query_37,explain,7.002,ok
tpcds,100,o,Optimized,2,query_37,prepare,236.222,ok
tpcds,100,o,Optimized,2,query_38,explain,6.645,ok
tpcds,100,o,Optimized,2,query_38,prepare,75.017,ok
tpcds,100,o,Optimized,2,query_39,explain,8.331,ok
tpcds,100,o,Optimized,2,query_39,prepare,497.241,ok
tpcds,100,o,Optimized,2,query_4,explain,7.720,ok
tpcds,100,o,Optimized,2,query_4,prepare,149.576,ok
tpcds,100,o,Optimized,2,query_40,explain,6.419,ok
tpcds,100,o,Optimized,2,query_40,prepare,63.154,ok
tpcds,100,o,Optimized,2,query_41,explain,7.487,ok
tpcds,100,o,Optimized,2,query_41,prepare,165.586,ok
tpcds,100,o,Optimized,2,query_42,explain,84.045,ok
tpcds,100,o,Optimized,2,query_42,prepare,424.143,ok
tpcds,100,o,Optimized,2,query_43,explain,8.170,ok
tpcds,100,o,Optimized,2,query_43,prepare,105.290,ok
tpcds,100,o,Optimized,2,query_44,explain,6.490,ok
tpcds,100,o,Optimized,2,query_44,prepare,55.090,ok
tpcds,100,o,Optimized,2,query_45,explain,5.728,ok
tpcds,100,o,Optimized,2,query_45,prepare,79.440,ok
tpcds,100,o,Optimized,2,query_46,explain,6.315,ok
tpcds,100,o,Optimized,2,query_46,prepare,238.790,ok
tpcds,100,o,Optimized,2,query_47,explain,7.157,ok
tpcds,100,o,Optimized,2,query_47,prepare,150.247,ok
tpcds,100,o,Optimized,2,query_48,explain,7.771,ok
tpcds,100,o,Optimized,2,query_48,prepare,296.709,ok
tpcds,100,o,Optimized,2,query_49,explain,7.723,ok
tpcds,100,o,Optimized,2,query_49,prepare,127.120,ok
tpcds,100,o,Optimized,2,query_5,explain,6.713,ok
tpcds,100,o,Optimized,2,query_5,prepare,86.877,ok
tpcds,100,o,Optimized,2,query_50,explain,7.392,ok
tpcds,100,o,Optimized,2,query_50,prepare,141.792,ok
tpcds,100,o,Optimized,2,query_51,explain,6.657,ok
tpcds,100,o,Optimized,2,query_51,prepare,229.414,ok
tpcds,100,o,Optimized,2,query_52,explain,6.354,ok
tpcds,100,o,Optimized,2,query_52,prepare,59.223,ok
tpcds,100,o,Optimized,2,query_53,explain,7.139,ok
tpcds,100,o,Optimized,2,query_53,prepare,149.014,ok
tpcds,100,o,Optimized,2,query_54,explain,6.543,ok
tpcds,100,o,Optimized,2,query_54,prepare,121.833,ok
tpcds,100,o,Optimized,2,query_55,explain,5.848,ok
tpcds,100,o,Optimized,2,query_55,prepare,127.698,ok
tpcds,100,o,Optimized,2,query_56,explain,6.659,ok
tpcds,100,o,Optimized,2,query_56,prepare,207.580,ok
tpcds,100,o,Optimized,2,query_57,explain,6.507,ok
tpcds,100,o,Optimized,2,query_57,prepare,76.133,ok
tpcds,100,o,Optimized,2,query_58,explain,6.522,ok
tpcds,100,o,Optimized,2,query_58,prepare,101.507,ok
tpcds,100,o,Optimized,2,query_59,explain,6.025,ok
tpcds,100,o,Optimized,2,query_59,prepare,72.667,ok
tpcds,100,o,Optimized,2,query_6,explain,8.234,ok
tpcds,100,o,Optimized,2,query_6,prepare,306.663,ok
tpcds,100,o,Optimized,2,query_60,explain,7.868,ok
tpcds,100,o,Optimized,2,query_60,prepare,169.462,ok
tpcds,100,o,Optimized,2,query_61,explain,6.166,ok
tpcds,100,o,Optimized,2,query_61,prepare,66.340,ok
tpcds,100,o,Optimized,2,query_62,explain,6.788,ok
tpcds,100,o,Optimized,2,query_62,prepare,80.854,ok
tpcds,100,o,Optimized,2,query_63,explain,7.266,ok
tpcds,100,o,Optimized,2,query_63,prepare,123.714,ok
tpcds,100,o,Optimized,2,query_64,explain,6.365,ok
tpcds,100,o,Optimized,2,query_64,prepare,159.550,ok
tpcds,100,o,Optimized,2,query_65,explain,6.464,ok
tpcds,100,o,Optimized,2,query_65,prepare,159.346,ok
tpcds,100,o,Optimized,2,query_66,explain,10.241,ok
tpcds,100,o,Optimized,2,query_66,prepare,242.154,ok
tpcds,100,o,Optimized,2,query_67,explain,6.596,ok
tpcds,100,o,Optimized,2,query_67,prepare,71.767,ok
tpcds,100,o,Optimized,2,query_68,explain,9.029,ok
tpcds,100,o,Optimized,2,query_68,prepare,158.561,ok
tpcds,100,o,Optimized,2,query_69,explain,11.008,ok
tpcds,100,o,Optimized,2,query_69,prepare,375.074,ok
tpcds,100,o,Optimized,2,query_7,explain,6.855,ok
tpcds,100,o,Optimized,2,query_7,prepare,62.732,ok
tpcds,100,o,Optimized,2,query_70,explain,67.308,ok
tpcds,100,o,Optimized,2,query_70,prepare,359.611,ok
tpcds,100,o,Optimized,2,query_71,explain,7.150,ok
tpcds,100,o,Optimized,2,query_71,prepare,142.103,ok
tpcds,100,o,Optimized,2,query_72,explain,6.830,ok
tpcds,100,o,Optimized,2,query_72,prepare,127.105,ok
tpcds,100,o,Optimized,2,query_73,explain,7.012,ok
tpcds,100,o,Optimized,2,query_73,prepare,71.931,ok
tpcds,100,o,Optimized,2,query_74,explain,7.615,ok
tpcds,100,o,Optimized,2,query_74,prepare,50.223,ok
tpcds,100,o,Optimized,2,query_75,explain,7.023,ok
tpcds,100,o,Optimized,2,query_75,prepare,195.082,ok
tpcds,100,o,Optimized,2,query_76,explain,6.539,ok
tpcds,100,o,Optimized,2,query_76,prepare,183.089,ok
tpcds,100,o,Optimized,2,query_77,explain,6.459,ok
tpcds,100,o,Optimized,2,query_77,prepare,120.974,ok
tpcds,100,o,Optimized,2,query_78,explain,8.389,ok
tpcds,100,o,Optimized,2,query_78,prepare,305.442,ok
tpcds,100,o,Optimized,2,query_79,explain,7.113,ok
tpcds,100,o,Optimized,2,query_79,prepare,78.064,ok
tpcds,100,o,Optimized,2,query_8,explain,6.522,ok
tpcds,100,o,Optimized,2,query_8,prepare,121.117,ok
tpcds,100,o,Optimized,2,query_80,explain,6.303,ok
tpcds,100,o,Optimized,2,query_80,prepare,69.338,ok
tpcds,100,o,Optimized,2,query_81,explain,6.953,ok
tpcds,100,o,Optimized,2,query_81,prepare,166.106,ok
tpcds,100,o,Optimized,2,query_82,explain,5.835,ok
tpcds,100,o,Optimized,2,query_82,prepare,71.638,ok
tpcds,100,o,Optimized,2,query_83,explain,7.559,ok
tpcds,100,o,Optimized,2,query_83,prepare,202.434,ok
tpcds,100,o,Optimized,2,query_84,explain,7.157,ok
tpcds,100,o,Optimized,2,query_84,prepare,102.762,ok
tpcds,100,o,Optimized,2,query_85,explain,6.352,ok
tpcds,100,o,Optimized,2,query_85,prepare,85.568,ok
tpcds,100,o,Optimized,2,query_86,explain,6.331,ok
tpcds,100,o,Optimized,2,query_86,prepare,96.637,ok
tpcds,100,o,Optimized,2,query_87,explain,8.043,ok
tpcds,100,o,Optimized,2,query_87,prepare,148.483,ok
tpcds,100,o,Optimized,2,query_88,explain,7.003,ok
tpcds,100,o,Optimized,2,query_88,prepare,131.094,ok
tpcds,100,o,Optimized,2,query_89,explain,6.455,ok
tpcds,100,o,Optimized,2,query_89,prepare,111.961,ok
tpcds,100,o,Optimized,2,query_9,explain,7.071,ok
tpcds,100,o,Optimized,2,query_9,prepare,126.698,ok
tpcds,100,o,Optimized,2,query_90,explain,6.963,ok
tpcds,100,o,Optimized,2,query_90,prepare,210.994,ok
tpcds,100,o,Optimized,2,query_91,explain,8.132,ok
tpcds,100,o,Optimized,2,query_91,prepare,69.742,ok
tpcds,100,o,Optimized,2,query_92,explain,7.363,ok
tpcds,100,o,Optimized,2,query_92,prepare,191.632,ok
tpcds,100,o,Optimized,2,query_93,explain,7.084,ok
tpcds,100,o,Optimized,2,query_93,prepare,312.925,ok
tpcds,100,o,Optimized,2,query_94,explain,6.994,ok
tpcds,100,o,Optimized,2,query_94,prepare,100.684,ok
tpcds,100,o,Optimized,2,query_95,explain,7.053,ok
tpcds,100,o,Optimized,2,query_95,prepare,112.712,ok
tpcds,100,o,Optimized,2,query_96,explain,8.539,ok
tpcds,100,o,Optimized,2,query_96,prepare,201.116,ok
tpcds,100,o,Optimized,2,query_97,explain,7.571,ok
tpcds,100,o,Optimized,2,query_97,prepare,103.307,ok
tpcds,100,o,Optimized,2,query_98,explain,7.413,ok
tpcds,100,o,Optimized,2,query_98,prepare,275.070,ok
tpcds,100,o,Optimized,2,query_99,explain,6.880,ok
tpcds,100,o,Optimized,2,query_99,prepare,153.134,ok
tpcds,100,o,Optimized,3,__floor__,floor,4.654,ok
tpcds,100,o,Optimized,3,query_1,explain,5.447,ok
tpcds,100,o,Optimized,3,query_1,prepare,32.813,ok
tpcds,100,o,Optimized,3,query_10,explain,6.900,ok
tpcds,100,o,Optimized,3,query_10,prepare,193.492,ok
tpcds,100,o,Optimized,3,query_11,explain,6.254,ok
tpcds,100,o,Optimized,3,query_11,prepare,123.921,ok
tpcds,100,o,Optimized,3,query_12,explain,6.561,ok
tpcds,100,o,Optimized,3,query_12,prepare,90.244,ok
tpcds,100,o,Optimized,3,query_13,explain,7.039,ok
tpcds,100,o,Optimized,3,query_13,prepare,115.873,ok
tpcds,100,o,Optimized,3,query_14,explain,6.117,ok
tpcds,100,o,Optimized,3,query_14,prepare,78.865,ok
tpcds,100,o,Optimized,3,query_15,explain,6.046,ok
tpcds,100,o,Optimized,3,query_15,prepare,91.117,ok
tpcds,100,o,Optimized,3,query_16,explain,6.819,ok
tpcds,100,o,Optimized,3,query_16,prepare,124.869,ok
tpcds,100,o,Optimized,3,query_17,explain,6.745,ok
tpcds,100,o,Optimized,3,query_17,prepare,76.582,ok
tpcds,100,o,Optimized,3,query_18,explain,6.718,ok
tpcds,100,o,Optimized,3,query_18,prepare,109.002,ok
tpcds,100,o,Optimized,3,query_19,explain,7.917,ok
tpcds,100,o,Optimized,3,query_19,prepare,195.104,ok
tpcds,100,o,Optimized,3,query_2,explain,6.835,ok
tpcds,100,o,Optimized,3,query_2,prepare,86.237,ok
tpcds,100,o,Optimized,3,query_20,explain,11.731,ok
tpcds,100,o,Optimized,3,query_20,prepare,327.687,ok
tpcds,100,o,Optimized,3,query_21,explain,7.017,ok
tpcds,100,o,Optimized,3,query_21,prepare,138.117,ok
tpcds,100,o,Optimized,3,query_22,explain,7.353,ok
tpcds,100,o,Optimized,3,query_22,prepare,178.854,ok
tpcds,100,o,Optimized,3,query_23,explain,7.552,ok
tpcds,100,o,Optimized,3,query_23,prepare,130.473,ok
tpcds,100,o,Optimized,3,query_24,explain,7.203,ok
tpcds,100,o,Optimized,3,query_24,prepare,101.075,ok
tpcds,100,o,Optimized,3,query_25,explain,7.021,ok
tpcds,100,o,Optimized,3,query_25,prepare,80.346,ok
tpcds,100,o,Optimized,3,query_26,explain,7.178,ok
tpcds,100,o,Optimized,3,query_26,prepare,162.772,ok
tpcds,100,o,Optimized,3,query_27,explain,6.962,ok
tpcds,100,o,Optimized,3,query_27,prepare,120.035,ok
tpcds,100,o,Optimized,3,query_28,explain,7.197,ok
tpcds,100,o,Optimized,3,query_28,prepare,144.657,ok
tpcds,100,o,Optimized,3,query_29,explain,7.280,ok
tpcds,100,o,Optimized,3,query_29,prepare,194.128,ok
tpcds,100,o,Optimized,3,query_3,explain,8.459,ok
tpcds,100,o,Optimized,3,query_3,prepare,220.120,ok
tpcds,100,o,Optimized,3,query_30,explain,7.047,ok
tpcds,100,o,Optimized,3,query_30,prepare,139.319,ok
tpcds,100,o,Optimized,3,query_31,explain,6.456,ok
tpcds,100,o,Optimized,3,query_31,prepare,71.131,ok
tpcds,100,o,Optimized,3,query_32,explain,6.144,ok
tpcds,100,o,Optimized,3,query_32,prepare,151.289,ok
tpcds,100,o,Optimized,3,query_33,explain,8.584,ok
tpcds,100,o,Optimized,3,query_33,prepare,131.849,ok
tpcds,100,o,Optimized,3,query_34,explain,6.499,ok
tpcds,100,o,Optimized,3,query_34,prepare,205.062,ok
tpcds,100,o,Optimized,3,query_35,explain,6.198,ok
tpcds,100,o,Optimized,3,query_35,prepare,206.921,ok
tpcds,100,o,Optimized,3,query_36,explain,7.696,ok
tpcds,100,o,Optimized,3,query_36,prepare,201.702,ok
tpcds,100,o,Optimized,3,query_37,explain,6.801,ok
tpcds,100,o,Optimized,3,query_37,prepare,235.746,ok
tpcds,100,o,Optimized,3,query_38,explain,6.490,ok
tpcds,100,o,Optimized,3,query_38,prepare,74.608,ok
tpcds,100,o,Optimized,3,query_39,explain,8.101,ok
tpcds,100,o,Optimized,3,query_39,prepare,495.285,ok
tpcds,100,o,Optimized,3,query_4,explain,7.564,ok
tpcds,100,o,Optimized,3,query_4,prepare,149.323,ok
tpcds,100,o,Optimized,3,query_40,explain,6.590,ok
tpcds,100,o,Optimized,3,query_40,prepare,63.305,ok
tpcds,100,o,Optimized,3,query_41,explain,7.515,ok
tpcds,100,o,Optimized,3,query_41,prepare,165.550,ok
tpcds,100,o,Optimized,3,query_42,explain,82.268,ok
tpcds,100,o,Optimized,3,query_42,prepare,426.449,ok
tpcds,100,o,Optimized,3,query_43,explain,7.898,ok
tpcds,100,o,Optimized,3,query_43,prepare,104.299,ok
tpcds,100,o,Optimized,3,query_44,explain,6.396,ok
tpcds,100,o,Optimized,3,query_44,prepare,55.098,ok
tpcds,100,o,Optimized,3,query_45,explain,5.746,ok
tpcds,100,o,Optimized,3,query_45,prepare,78.446,ok
tpcds,100,o,Optimized,3,query_46,explain,6.172,ok
tpcds,100,o,Optimized,3,query_46,prepare,235.339,ok
tpcds,100,o,Optimized,3,query_47,explain,6.951,ok
tpcds,100,o,Optimized,3,query_47,prepare,148.139,ok
tpcds,100,o,Optimized,3,query_48,explain,7.753,ok
tpcds,100,o,Optimized,3,query_48,prepare,292.657,ok
tpcds,100,o,Optimized,3,query_49,explain,7.636,ok
tpcds,100,o,Optimized,3,query_49,prepare,125.592,ok
tpcds,100,o,Optimized,3,query_5,explain,6.294,ok
tpcds,100,o,Optimized,3,query_5,prepare,86.456,ok
tpcds,100,o,Optimized,3,query_50,explain,7.290,ok
tpcds,100,o,Optimized,3,query_50,prepare,141.621,ok
tpcds,100,o,Optimized,3,query_51,explain,6.580,ok
tpcds,100,o,Optimized,3,query_51,prepare,228.346,ok
tpcds,100,o,Optimized,3,query_52,explain,6.280,ok
tpcds,100,o,Optimized,3,query_52,prepare,58.791,ok
tpcds,100,o,Optimized,3,query_53,explain,7.111,ok
tpcds,100,o,Optimized,3,query_53,prepare,149.148,ok
tpcds,100,o,Optimized,3,query_54,explain,6.639,ok
tpcds,100,o,Optimized,3,query_54,prepare,121.477,ok
tpcds,100,o,Optimized,3,query_55,explain,5.668,ok
tpcds,100,o,Optimized,3,query_55,prepare,126.617,ok
tpcds,100,o,Optimized,3,query_56,explain,6.556,ok
tpcds,100,o,Optimized,3,query_56,prepare,207.382,ok
tpcds,100,o,Optimized,3,query_57,explain,6.493,ok
tpcds,100,o,Optimized,3,query_57,prepare,77.986,ok
tpcds,100,o,Optimized,3,query_58,explain,6.582,ok
tpcds,100,o,Optimized,3,query_58,prepare,101.730,ok
tpcds,100,o,Optimized,3,query_59,explain,6.031,ok
tpcds,100,o,Optimized,3,query_59,prepare,72.094,ok
tpcds,100,o,Optimized,3,query_6,explain,8.147,ok
tpcds,100,o,Optimized,3,query_6,prepare,304.896,ok
tpcds,100,o,Optimized,3,query_60,explain,7.159,ok
tpcds,100,o,Optimized,3,query_60,prepare,166.681,ok
tpcds,100,o,Optimized,3,query_61,explain,6.066,ok
tpcds,100,o,Optimized,3,query_61,prepare,65.549,ok
tpcds,100,o,Optimized,3,query_62,explain,6.609,ok
tpcds,100,o,Optimized,3,query_62,prepare,81.527,ok
tpcds,100,o,Optimized,3,query_63,explain,7.101,ok
tpcds,100,o,Optimized,3,query_63,prepare,124.693,ok
tpcds,100,o,Optimized,3,query_64,explain,6.279,ok
tpcds,100,o,Optimized,3,query_64,prepare,158.344,ok
tpcds,100,o,Optimized,3,query_65,explain,6.363,ok
tpcds,100,o,Optimized,3,query_65,prepare,159.640,ok
tpcds,100,o,Optimized,3,query_66,explain,10.072,ok
tpcds,100,o,Optimized,3,query_66,prepare,242.152,ok
tpcds,100,o,Optimized,3,query_67,explain,6.750,ok
tpcds,100,o,Optimized,3,query_67,prepare,71.386,ok
tpcds,100,o,Optimized,3,query_68,explain,8.857,ok
tpcds,100,o,Optimized,3,query_68,prepare,158.986,ok
tpcds,100,o,Optimized,3,query_69,explain,11.408,ok
tpcds,100,o,Optimized,3,query_69,prepare,376.336,ok
tpcds,100,o,Optimized,3,query_7,explain,6.950,ok
tpcds,100,o,Optimized,3,query_7,prepare,63.044,ok
tpcds,100,o,Optimized,3,query_70,explain,67.928,ok
tpcds,100,o,Optimized,3,query_70,prepare,362.628,ok
tpcds,100,o,Optimized,3,query_71,explain,7.187,ok
tpcds,100,o,Optimized,3,query_71,prepare,142.150,ok
tpcds,100,o,Optimized,3,query_72,explain,6.903,ok
tpcds,100,o,Optimized,3,query_72,prepare,127.414,ok
tpcds,100,o,Optimized,3,query_73,explain,7.220,ok
tpcds,100,o,Optimized,3,query_73,prepare,71.847,ok
tpcds,100,o,Optimized,3,query_74,explain,7.583,ok
tpcds,100,o,Optimized,3,query_74,prepare,50.882,ok
tpcds,100,o,Optimized,3,query_75,explain,6.442,ok
tpcds,100,o,Optimized,3,query_75,prepare,194.793,ok
tpcds,100,o,Optimized,3,query_76,explain,6.595,ok
tpcds,100,o,Optimized,3,query_76,prepare,184.350,ok
tpcds,100,o,Optimized,3,query_77,explain,6.937,ok
tpcds,100,o,Optimized,3,query_77,prepare,121.528,ok
tpcds,100,o,Optimized,3,query_78,explain,8.363,ok
tpcds,100,o,Optimized,3,query_78,prepare,307.212,ok
tpcds,100,o,Optimized,3,query_79,explain,7.095,ok
tpcds,100,o,Optimized,3,query_79,prepare,78.302,ok
tpcds,100,o,Optimized,3,query_8,explain,6.455,ok
tpcds,100,o,Optimized,3,query_8,prepare,122.540,ok
tpcds,100,o,Optimized,3,query_80,explain,6.420,ok
tpcds,100,o,Optimized,3,query_80,prepare,69.639,ok
tpcds,100,o,Optimized,3,query_81,explain,7.016,ok
tpcds,100,o,Optimized,3,query_81,prepare,167.576,ok
tpcds,100,o,Optimized,3,query_82,explain,6.132,ok
tpcds,100,o,Optimized,3,query_82,prepare,72.010,ok
tpcds,100,o,Optimized,3,query_83,explain,7.779,ok
tpcds,100,o,Optimized,3,query_83,prepare,203.239,ok
tpcds,100,o,Optimized,3,query_84,explain,7.140,ok
tpcds,100,o,Optimized,3,query_84,prepare,103.064,ok
tpcds,100,o,Optimized,3,query_85,explain,6.596,ok
tpcds,100,o,Optimized,3,query_85,prepare,85.674,ok
tpcds,100,o,Optimized,3,query_86,explain,6.336,ok
tpcds,100,o,Optimized,3,query_86,prepare,96.282,ok
tpcds,100,o,Optimized,3,query_87,explain,8.073,ok
tpcds,100,o,Optimized,3,query_87,prepare,150.661,ok
tpcds,100,o,Optimized,3,query_88,explain,6.741,ok
tpcds,100,o,Optimized,3,query_88,prepare,131.251,ok
tpcds,100,o,Optimized,3,query_89,explain,6.530,ok
tpcds,100,o,Optimized,3,query_89,prepare,112.505,ok
tpcds,100,o,Optimized,3,query_9,explain,7.145,ok
tpcds,100,o,Optimized,3,query_9,prepare,127.521,ok
tpcds,100,o,Optimized,3,query_90,explain,7.077,ok
tpcds,100,o,Optimized,3,query_90,prepare,207.849,ok
tpcds,100,o,Optimized,3,query_91,explain,8.313,ok
tpcds,100,o,Optimized,3,query_91,prepare,69.082,ok
tpcds,100,o,Optimized,3,query_92,explain,7.463,ok
tpcds,100,o,Optimized,3,query_92,prepare,191.897,ok
tpcds,100,o,Optimized,3,query_93,explain,7.171,ok
tpcds,100,o,Optimized,3,query_93,prepare,316.022,ok
tpcds,100,o,Optimized,3,query_94,explain,7.010,ok
tpcds,100,o,Optimized,3,query_94,prepare,101.441,ok
tpcds,100,o,Optimized,3,query_95,explain,7.143,ok
tpcds,100,o,Optimized,3,query_95,prepare,112.713,ok
tpcds,100,o,Optimized,3,query_96,explain,7.996,ok
tpcds,100,o,Optimized,3,query_96,prepare,201.562,ok
tpcds,100,o,Optimized,3,query_97,explain,7.583,ok
tpcds,100,o,Optimized,3,query_97,prepare,103.649,ok
tpcds,100,o,Optimized,3,query_98,explain,7.156,ok
tpcds,100,o,Optimized,3,query_98,prepare,275.107,ok
tpcds,100,o,Optimized,3,query_99,explain,6.891,ok
tpcds,100,o,Optimized,3,query_99,prepare,153.702,ok
tpcds,100,o,Optimized,4,__floor__,floor,4.747,ok
tpcds,100,o,Optimized,4,query_1,explain,5.392,ok
tpcds,100,o,Optimized,4,query_1,prepare,33.050,ok
tpcds,100,o,Optimized,4,query_10,explain,6.984,ok
tpcds,100,o,Optimized,4,query_10,prepare,194.479,ok
tpcds,100,o,Optimized,4,query_11,explain,6.144,ok
tpcds,100,o,Optimized,4,query_11,prepare,122.754,ok
tpcds,100,o,Optimized,4,query_12,explain,6.399,ok
tpcds,100,o,Optimized,4,query_12,prepare,89.748,ok
tpcds,100,o,Optimized,4,query_13,explain,6.898,ok
tpcds,100,o,Optimized,4,query_13,prepare,115.602,ok
tpcds,100,o,Optimized,4,query_14,explain,5.995,ok
tpcds,100,o,Optimized,4,query_14,prepare,78.600,ok
tpcds,100,o,Optimized,4,query_15,explain,5.966,ok
tpcds,100,o,Optimized,4,query_15,prepare,91.274,ok
tpcds,100,o,Optimized,4,query_16,explain,6.598,ok
tpcds,100,o,Optimized,4,query_16,prepare,125.090,ok
tpcds,100,o,Optimized,4,query_17,explain,6.442,ok
tpcds,100,o,Optimized,4,query_17,prepare,76.251,ok
tpcds,100,o,Optimized,4,query_18,explain,6.593,ok
tpcds,100,o,Optimized,4,query_18,prepare,108.216,ok
tpcds,100,o,Optimized,4,query_19,explain,7.908,ok
tpcds,100,o,Optimized,4,query_19,prepare,194.030,ok
tpcds,100,o,Optimized,4,query_2,explain,6.765,ok
tpcds,100,o,Optimized,4,query_2,prepare,87.989,ok
tpcds,100,o,Optimized,4,query_20,explain,11.459,ok
tpcds,100,o,Optimized,4,query_20,prepare,329.862,ok
tpcds,100,o,Optimized,4,query_21,explain,6.897,ok
tpcds,100,o,Optimized,4,query_21,prepare,138.674,ok
tpcds,100,o,Optimized,4,query_22,explain,7.464,ok
tpcds,100,o,Optimized,4,query_22,prepare,179.693,ok
tpcds,100,o,Optimized,4,query_23,explain,7.659,ok
tpcds,100,o,Optimized,4,query_23,prepare,131.461,ok
tpcds,100,o,Optimized,4,query_24,explain,6.946,ok
tpcds,100,o,Optimized,4,query_24,prepare,102.998,ok
tpcds,100,o,Optimized,4,query_25,explain,7.015,ok
tpcds,100,o,Optimized,4,query_25,prepare,82.288,ok
tpcds,100,o,Optimized,4,query_26,explain,7.601,ok
tpcds,100,o,Optimized,4,query_26,prepare,165.269,ok
tpcds,100,o,Optimized,4,query_27,explain,7.170,ok
tpcds,100,o,Optimized,4,query_27,prepare,121.103,ok
tpcds,100,o,Optimized,4,query_28,explain,7.306,ok
tpcds,100,o,Optimized,4,query_28,prepare,148.997,ok
tpcds,100,o,Optimized,4,query_29,explain,7.398,ok
tpcds,100,o,Optimized,4,query_29,prepare,197.149,ok
tpcds,100,o,Optimized,4,query_3,explain,8.538,ok
tpcds,100,o,Optimized,4,query_3,prepare,223.672,ok
tpcds,100,o,Optimized,4,query_30,explain,7.119,ok
tpcds,100,o,Optimized,4,query_30,prepare,137.788,ok
tpcds,100,o,Optimized,4,query_31,explain,6.557,ok
tpcds,100,o,Optimized,4,query_31,prepare,72.959,ok
tpcds,100,o,Optimized,4,query_32,explain,6.148,ok
tpcds,100,o,Optimized,4,query_32,prepare,153.152,ok
tpcds,100,o,Optimized,4,query_33,explain,8.686,ok
tpcds,100,o,Optimized,4,query_33,prepare,133.478,ok
tpcds,100,o,Optimized,4,query_34,explain,6.624,ok
tpcds,100,o,Optimized,4,query_34,prepare,206.005,ok
tpcds,100,o,Optimized,4,query_35,explain,6.383,ok
tpcds,100,o,Optimized,4,query_35,prepare,209.864,ok
tpcds,100,o,Optimized,4,query_36,explain,8.103,ok
tpcds,100,o,Optimized,4,query_36,prepare,204.445,ok
tpcds,100,o,Optimized,4,query_37,explain,6.957,ok
tpcds,100,o,Optimized,4,query_37,prepare,238.079,ok
tpcds,100,o,Optimized,4,query_38,explain,6.746,ok
tpcds,100,o,Optimized,4,query_38,prepare,74.570,ok
tpcds,100,o,Optimized,4,query_39,explain,8.257,ok
tpcds,100,o,Optimized,4,query_39,prepare,494.989,ok
tpcds,100,o,Optimized,4,query_4,explain,7.648,ok
tpcds,100,o,Optimized,4,query_4,prepare,149.342,ok
tpcds,100,o,Optimized,4,query_40,explain,6.777,ok
tpcds,100,o,Optimized,4,query_40,prepare,62.927,ok
tpcds,100,o,Optimized,4,query_41,explain,7.627,ok
tpcds,100,o,Optimized,4,query_41,prepare,165.916,ok
tpcds,100,o,Optimized,4,query_42,explain,82.898,ok
tpcds,100,o,Optimized,4,query_42,prepare,423.484,ok
tpcds,100,o,Optimized,4,query_43,explain,8.020,ok
tpcds,100,o,Optimized,4,query_43,prepare,104.883,ok
tpcds,100,o,Optimized,4,query_44,explain,6.523,ok
tpcds,100,o,Optimized,4,query_44,prepare,55.658,ok
tpcds,100,o,Optimized,4,query_45,explain,5.980,ok
tpcds,100,o,Optimized,4,query_45,prepare,79.575,ok
tpcds,100,o,Optimized,4,query_46,explain,6.253,ok
tpcds,100,o,Optimized,4,query_46,prepare,238.474,ok
tpcds,100,o,Optimized,4,query_47,explain,7.060,ok
tpcds,100,o,Optimized,4,query_47,prepare,150.001,ok
tpcds,100,o,Optimized,4,query_48,explain,7.802,ok
tpcds,100,o,Optimized,4,query_48,prepare,297.854,ok
tpcds,100,o,Optimized,4,query_49,explain,7.646,ok
tpcds,100,o,Optimized,4,query_49,prepare,126.086,ok
tpcds,100,o,Optimized,4,query_5,explain,6.343,ok
tpcds,100,o,Optimized,4,query_5,prepare,86.922,ok
tpcds,100,o,Optimized,4,query_50,explain,7.439,ok
tpcds,100,o,Optimized,4,query_50,prepare,141.064,ok
tpcds,100,o,Optimized,4,query_51,explain,6.558,ok
tpcds,100,o,Optimized,4,query_51,prepare,228.912,ok
tpcds,100,o,Optimized,4,query_52,explain,6.106,ok
tpcds,100,o,Optimized,4,query_52,prepare,58.725,ok
tpcds,100,o,Optimized,4,query_53,explain,7.055,ok
tpcds,100,o,Optimized,4,query_53,prepare,151.247,ok
tpcds,100,o,Optimized,4,query_54,explain,6.525,ok
tpcds,100,o,Optimized,4,query_54,prepare,122.046,ok
tpcds,100,o,Optimized,4,query_55,explain,5.702,ok
tpcds,100,o,Optimized,4,query_55,prepare,126.509,ok
tpcds,100,o,Optimized,4,query_56,explain,6.700,ok
tpcds,100,o,Optimized,4,query_56,prepare,207.870,ok
tpcds,100,o,Optimized,4,query_57,explain,6.511,ok
tpcds,100,o,Optimized,4,query_57,prepare,76.819,ok
tpcds,100,o,Optimized,4,query_58,explain,6.676,ok
tpcds,100,o,Optimized,4,query_58,prepare,101.982,ok
tpcds,100,o,Optimized,4,query_59,explain,5.872,ok
tpcds,100,o,Optimized,4,query_59,prepare,72.359,ok
tpcds,100,o,Optimized,4,query_6,explain,8.346,ok
tpcds,100,o,Optimized,4,query_6,prepare,303.697,ok
tpcds,100,o,Optimized,4,query_60,explain,7.326,ok
tpcds,100,o,Optimized,4,query_60,prepare,167.458,ok
tpcds,100,o,Optimized,4,query_61,explain,6.141,ok
tpcds,100,o,Optimized,4,query_61,prepare,66.129,ok
tpcds,100,o,Optimized,4,query_62,explain,6.847,ok
tpcds,100,o,Optimized,4,query_62,prepare,81.885,ok
tpcds,100,o,Optimized,4,query_63,explain,7.437,ok
tpcds,100,o,Optimized,4,query_63,prepare,123.610,ok
tpcds,100,o,Optimized,4,query_64,explain,6.388,ok
tpcds,100,o,Optimized,4,query_64,prepare,158.308,ok
tpcds,100,o,Optimized,4,query_65,explain,6.512,ok
tpcds,100,o,Optimized,4,query_65,prepare,159.759,ok
tpcds,100,o,Optimized,4,query_66,explain,10.382,ok
tpcds,100,o,Optimized,4,query_66,prepare,243.017,ok
tpcds,100,o,Optimized,4,query_67,explain,6.820,ok
tpcds,100,o,Optimized,4,query_67,prepare,70.997,ok
tpcds,100,o,Optimized,4,query_68,explain,8.888,ok
tpcds,100,o,Optimized,4,query_68,prepare,159.569,ok
tpcds,100,o,Optimized,4,query_69,explain,11.179,ok
tpcds,100,o,Optimized,4,query_69,prepare,378.843,ok
tpcds,100,o,Optimized,4,query_7,explain,7.063,ok
tpcds,100,o,Optimized,4,query_7,prepare,62.864,ok
tpcds,100,o,Optimized,4,query_70,explain,69.799,ok
tpcds,100,o,Optimized,4,query_70,prepare,367.066,ok
tpcds,100,o,Optimized,4,query_71,explain,7.971,ok
tpcds,100,o,Optimized,4,query_71,prepare,142.745,ok
tpcds,100,o,Optimized,4,query_72,explain,7.086,ok
tpcds,100,o,Optimized,4,query_72,prepare,128.142,ok
tpcds,100,o,Optimized,4,query_73,explain,7.130,ok
tpcds,100,o,Optimized,4,query_73,prepare,72.646,ok
tpcds,100,o,Optimized,4,query_74,explain,7.795,ok
tpcds,100,o,Optimized,4,query_74,prepare,51.176,ok
tpcds,100,o,Optimized,4,query_75,explain,6.433,ok
tpcds,100,o,Optimized,4,query_75,prepare,195.708,ok
tpcds,100,o,Optimized,4,query_76,explain,6.767,ok
tpcds,100,o,Optimized,4,query_76,prepare,183.023,ok
tpcds,100,o,Optimized,4,query_77,explain,6.621,ok
tpcds,100,o,Optimized,4,query_77,prepare,121.214,ok
tpcds,100,o,Optimized,4,query_78,explain,8.559,ok
tpcds,100,o,Optimized,4,query_78,prepare,307.841,ok
tpcds,100,o,Optimized,4,query_79,explain,7.386,ok
tpcds,100,o,Optimized,4,query_79,prepare,78.773,ok
tpcds,100,o,Optimized,4,query_8,explain,6.693,ok
tpcds,100,o,Optimized,4,query_8,prepare,122.864,ok
tpcds,100,o,Optimized,4,query_80,explain,6.544,ok
tpcds,100,o,Optimized,4,query_80,prepare,70.360,ok
tpcds,100,o,Optimized,4,query_81,explain,7.198,ok
tpcds,100,o,Optimized,4,query_81,prepare,167.575,ok
tpcds,100,o,Optimized,4,query_82,explain,6.093,ok
tpcds,100,o,Optimized,4,query_82,prepare,73.569,ok
tpcds,100,o,Optimized,4,query_83,explain,7.792,ok
tpcds,100,o,Optimized,4,query_83,prepare,204.842,ok
tpcds,100,o,Optimized,4,query_84,explain,7.281,ok
tpcds,100,o,Optimized,4,query_84,prepare,103.488,ok
tpcds,100,o,Optimized,4,query_85,explain,6.577,ok
tpcds,100,o,Optimized,4,query_85,prepare,85.825,ok
tpcds,100,o,Optimized,4,query_86,explain,6.375,ok
tpcds,100,o,Optimized,4,query_86,prepare,96.836,ok
tpcds,100,o,Optimized,4,query_87,explain,8.153,ok
tpcds,100,o,Optimized,4,query_87,prepare,149.271,ok
tpcds,100,o,Optimized,4,query_88,explain,6.872,ok
tpcds,100,o,Optimized,4,query_88,prepare,131.462,ok
tpcds,100,o,Optimized,4,query_89,explain,6.638,ok
tpcds,100,o,Optimized,4,query_89,prepare,112.635,ok
tpcds,100,o,Optimized,4,query_9,explain,7.293,ok
tpcds,100,o,Optimized,4,query_9,prepare,128.023,ok
tpcds,100,o,Optimized,4,query_90,explain,7.238,ok
tpcds,100,o,Optimized,4,query_90,prepare,207.731,ok
tpcds,100,o,Optimized,4,query_91,explain,8.300,ok
tpcds,100,o,Optimized,4,query_91,prepare,69.108,ok
tpcds,100,o,Optimized,4,query_92,explain,7.447,ok
tpcds,100,o,Optimized,4,query_92,prepare,193.007,ok
tpcds,100,o,Optimized,4,query_93,explain,7.210,ok
tpcds,100,o,Optimized,4,query_93,prepare,315.320,ok
tpcds,100,o,Optimized,4,query_94,explain,7.011,ok
tpcds,100,o,Optimized,4,query_94,prepare,101.323,ok
tpcds,100,o,Optimized,4,query_95,explain,7.177,ok
tpcds,100,o,Optimized,4,query_95,prepare,113.592,ok
tpcds,100,o,Optimized,4,query_96,explain,8.201,ok
tpcds,100,o,Optimized,4,query_96,prepare,201.054,ok
tpcds,100,o,Optimized,4,query_97,explain,7.632,ok
tpcds,100,o,Optimized,4,query_97,prepare,103.624,ok
tpcds,100,o,Optimized,4,query_98,explain,7.276,ok
tpcds,100,o,Optimized,4,query_98,prepare,275.698,ok
tpcds,100,o,Optimized,4,query_99,explain,6.920,ok
tpcds,100,o,Optimized,4,query_99,prepare,153.714,ok
tpcds,100,o,Optimized,5,__floor__,floor,5.697,ok
tpcds,100,o,Optimized,5,query_1,explain,6.647,ok
tpcds,100,o,Optimized,5,query_1,prepare,36.046,ok
tpcds,100,o,Optimized,5,query_10,explain,6.953,ok
tpcds,100,o,Optimized,5,query_10,prepare,191.786,ok
tpcds,100,o,Optimized,5,query_11,explain,6.250,ok
tpcds,100,o,Optimized,5,query_11,prepare,122.782,ok
tpcds,100,o,Optimized,5,query_12,explain,6.457,ok
tpcds,100,o,Optimized,5,query_12,prepare,89.499,ok
tpcds,100,o,Optimized,5,query_13,explain,6.787,ok
tpcds,100,o,Optimized,5,query_13,prepare,115.173,ok
tpcds,100,o,Optimized,5,query_14,explain,5.990,ok
tpcds,100,o,Optimized,5,query_14,prepare,78.147,ok
tpcds,100,o,Optimized,5,query_15,explain,5.889,ok
tpcds,100,o,Optimized,5,query_15,prepare,90.470,ok
tpcds,100,o,Optimized,5,query_16,explain,6.841,ok
tpcds,100,o,Optimized,5,query_16,prepare,124.245,ok
tpcds,100,o,Optimized,5,query_17,explain,6.628,ok
tpcds,100,o,Optimized,5,query_17,prepare,75.772,ok
tpcds,100,o,Optimized,5,query_18,explain,6.543,ok
tpcds,100,o,Optimized,5,query_18,prepare,108.384,ok
tpcds,100,o,Optimized,5,query_19,explain,7.843,ok
tpcds,100,o,Optimized,5,query_19,prepare,193.149,ok
tpcds,100,o,Optimized,5,query_2,explain,6.608,ok
tpcds,100,o,Optimized,5,query_2,prepare,85.149,ok
tpcds,100,o,Optimized,5,query_20,explain,11.732,ok
tpcds,100,o,Optimized,5,query_20,prepare,325.105,ok
tpcds,100,o,Optimized,5,query_21,explain,6.962,ok
tpcds,100,o,Optimized,5,query_21,prepare,137.014,ok
tpcds,100,o,Optimized,5,query_22,explain,7.280,ok
tpcds,100,o,Optimized,5,query_22,prepare,177.378,ok
tpcds,100,o,Optimized,5,query_23,explain,7.427,ok
tpcds,100,o,Optimized,5,query_23,prepare,131.023,ok
tpcds,100,o,Optimized,5,query_24,explain,6.691,ok
tpcds,100,o,Optimized,5,query_24,prepare,100.571,ok
tpcds,100,o,Optimized,5,query_25,explain,6.927,ok
tpcds,100,o,Optimized,5,query_25,prepare,80.709,ok
tpcds,100,o,Optimized,5,query_26,explain,7.174,ok
tpcds,100,o,Optimized,5,query_26,prepare,161.985,ok
tpcds,100,o,Optimized,5,query_27,explain,6.791,ok
tpcds,100,o,Optimized,5,query_27,prepare,119.914,ok
tpcds,100,o,Optimized,5,query_28,explain,7.063,ok
tpcds,100,o,Optimized,5,query_28,prepare,144.104,ok
tpcds,100,o,Optimized,5,query_29,explain,7.345,ok
tpcds,100,o,Optimized,5,query_29,prepare,193.968,ok
tpcds,100,o,Optimized,5,query_3,explain,8.401,ok
tpcds,100,o,Optimized,5,query_3,prepare,221.096,ok
tpcds,100,o,Optimized,5,query_30,explain,7.125,ok
tpcds,100,o,Optimized,5,query_30,prepare,135.695,ok
tpcds,100,o,Optimized,5,query_31,explain,6.455,ok
tpcds,100,o,Optimized,5,query_31,prepare,71.085,ok
tpcds,100,o,Optimized,5,query_32,explain,6.158,ok
tpcds,100,o,Optimized,5,query_32,prepare,151.389,ok
tpcds,100,o,Optimized,5,query_33,explain,8.637,ok
tpcds,100,o,Optimized,5,query_33,prepare,131.597,ok
tpcds,100,o,Optimized,5,query_34,explain,6.477,ok
tpcds,100,o,Optimized,5,query_34,prepare,202.928,ok
tpcds,100,o,Optimized,5,query_35,explain,6.274,ok
tpcds,100,o,Optimized,5,query_35,prepare,206.738,ok
tpcds,100,o,Optimized,5,query_36,explain,7.773,ok
tpcds,100,o,Optimized,5,query_36,prepare,201.266,ok
tpcds,100,o,Optimized,5,query_37,explain,6.771,ok
tpcds,100,o,Optimized,5,query_37,prepare,236.674,ok
tpcds,100,o,Optimized,5,query_38,explain,6.490,ok
tpcds,100,o,Optimized,5,query_38,prepare,74.570,ok
tpcds,100,o,Optimized,5,query_39,explain,8.143,ok
tpcds,100,o,Optimized,5,query_39,prepare,494.644,ok
tpcds,100,o,Optimized,5,query_4,explain,7.766,ok
tpcds,100,o,Optimized,5,query_4,prepare,148.433,ok
tpcds,100,o,Optimized,5,query_40,explain,6.556,ok
tpcds,100,o,Optimized,5,query_40,prepare,62.886,ok
tpcds,100,o,Optimized,5,query_41,explain,7.478,ok
tpcds,100,o,Optimized,5,query_41,prepare,166.660,ok
tpcds,100,o,Optimized,5,query_42,explain,88.770,ok
tpcds,100,o,Optimized,5,query_42,prepare,432.024,ok
tpcds,100,o,Optimized,5,query_43,explain,8.029,ok
tpcds,100,o,Optimized,5,query_43,prepare,105.034,ok
tpcds,100,o,Optimized,5,query_44,explain,6.532,ok
tpcds,100,o,Optimized,5,query_44,prepare,55.599,ok
tpcds,100,o,Optimized,5,query_45,explain,5.741,ok
tpcds,100,o,Optimized,5,query_45,prepare,78.947,ok
tpcds,100,o,Optimized,5,query_46,explain,6.122,ok
tpcds,100,o,Optimized,5,query_46,prepare,236.847,ok
tpcds,100,o,Optimized,5,query_47,explain,7.070,ok
tpcds,100,o,Optimized,5,query_47,prepare,148.990,ok
tpcds,100,o,Optimized,5,query_48,explain,7.891,ok
tpcds,100,o,Optimized,5,query_48,prepare,294.172,ok
tpcds,100,o,Optimized,5,query_49,explain,7.679,ok
tpcds,100,o,Optimized,5,query_49,prepare,127.202,ok
tpcds,100,o,Optimized,5,query_5,explain,6.366,ok
tpcds,100,o,Optimized,5,query_5,prepare,86.552,ok
tpcds,100,o,Optimized,5,query_50,explain,7.396,ok
tpcds,100,o,Optimized,5,query_50,prepare,140.541,ok
tpcds,100,o,Optimized,5,query_51,explain,6.556,ok
tpcds,100,o,Optimized,5,query_51,prepare,227.858,ok
tpcds,100,o,Optimized,5,query_52,explain,6.241,ok
tpcds,100,o,Optimized,5,query_52,prepare,58.175,ok
tpcds,100,o,Optimized,5,query_53,explain,7.008,ok
tpcds,100,o,Optimized,5,query_53,prepare,148.024,ok
tpcds,100,o,Optimized,5,query_54,explain,6.409,ok
tpcds,100,o,Optimized,5,query_54,prepare,120.588,ok
tpcds,100,o,Optimized,5,query_55,explain,5.684,ok
tpcds,100,o,Optimized,5,query_55,prepare,126.340,ok
tpcds,100,o,Optimized,5,query_56,explain,6.611,ok
tpcds,100,o,Optimized,5,query_56,prepare,206.489,ok
tpcds,100,o,Optimized,5,query_57,explain,6.503,ok
tpcds,100,o,Optimized,5,query_57,prepare,76.258,ok
tpcds,100,o,Optimized,5,query_58,explain,6.449,ok
tpcds,100,o,Optimized,5,query_58,prepare,100.770,ok
tpcds,100,o,Optimized,5,query_59,explain,5.868,ok
tpcds,100,o,Optimized,5,query_59,prepare,72.347,ok
tpcds,100,o,Optimized,5,query_6,explain,8.182,ok
tpcds,100,o,Optimized,5,query_6,prepare,301.894,ok
tpcds,100,o,Optimized,5,query_60,explain,7.250,ok
tpcds,100,o,Optimized,5,query_60,prepare,165.432,ok
tpcds,100,o,Optimized,5,query_61,explain,6.059,ok
tpcds,100,o,Optimized,5,query_61,prepare,65.310,ok
tpcds,100,o,Optimized,5,query_62,explain,6.643,ok
tpcds,100,o,Optimized,5,query_62,prepare,80.506,ok
tpcds,100,o,Optimized,5,query_63,explain,7.110,ok
tpcds,100,o,Optimized,5,query_63,prepare,122.808,ok
tpcds,100,o,Optimized,5,query_64,explain,6.416,ok
tpcds,100,o,Optimized,5,query_64,prepare,157.545,ok
tpcds,100,o,Optimized,5,query_65,explain,6.317,ok
tpcds,100,o,Optimized,5,query_65,prepare,157.468,ok
tpcds,100,o,Optimized,5,query_66,explain,10.071,ok
tpcds,100,o,Optimized,5,query_66,prepare,240.024,ok
tpcds,100,o,Optimized,5,query_67,explain,6.417,ok
tpcds,100,o,Optimized,5,query_67,prepare,70.691,ok
tpcds,100,o,Optimized,5,query_68,explain,8.917,ok
tpcds,100,o,Optimized,5,query_68,prepare,157.681,ok
tpcds,100,o,Optimized,5,query_69,explain,10.961,ok
tpcds,100,o,Optimized,5,query_69,prepare,375.305,ok
tpcds,100,o,Optimized,5,query_7,explain,6.886,ok
tpcds,100,o,Optimized,5,query_7,prepare,62.506,ok
tpcds,100,o,Optimized,5,query_70,explain,69.552,ok
tpcds,100,o,Optimized,5,query_70,prepare,362.938,ok
tpcds,100,o,Optimized,5,query_71,explain,7.109,ok
tpcds,100,o,Optimized,5,query_71,prepare,141.543,ok
tpcds,100,o,Optimized,5,query_72,explain,6.921,ok
tpcds,100,o,Optimized,5,query_72,prepare,126.949,ok
tpcds,100,o,Optimized,5,query_73,explain,7.022,ok
tpcds,100,o,Optimized,5,query_73,prepare,71.801,ok
tpcds,100,o,Optimized,5,query_74,explain,7.580,ok
tpcds,100,o,Optimized,5,query_74,prepare,50.358,ok
tpcds,100,o,Optimized,5,query_75,explain,6.364,ok
tpcds,100,o,Optimized,5,query_75,prepare,194.936,ok
tpcds,100,o,Optimized,5,query_76,explain,6.573,ok
tpcds,100,o,Optimized,5,query_76,prepare,182.967,ok
tpcds,100,o,Optimized,5,query_77,explain,6.468,ok
tpcds,100,o,Optimized,5,query_77,prepare,120.671,ok
tpcds,100,o,Optimized,5,query_78,explain,8.375,ok
tpcds,100,o,Optimized,5,query_78,prepare,306.356,ok
tpcds,100,o,Optimized,5,query_79,explain,7.108,ok
tpcds,100,o,Optimized,5,query_79,prepare,78.256,ok
tpcds,100,o,Optimized,5,query_8,explain,6.561,ok
tpcds,100,o,Optimized,5,query_8,prepare,121.512,ok
tpcds,100,o,Optimized,5,query_80,explain,6.412,ok
tpcds,100,o,Optimized,5,query_80,prepare,69.734,ok
tpcds,100,o,Optimized,5,query_81,explain,7.013,ok
tpcds,100,o,Optimized,5,query_81,prepare,167.120,ok
tpcds,100,o,Optimized,5,query_82,explain,5.849,ok
tpcds,100,o,Optimized,5,query_82,prepare,71.960,ok
tpcds,100,o,Optimized,5,query_83,explain,7.700,ok
tpcds,100,o,Optimized,5,query_83,prepare,203.174,ok
tpcds,100,o,Optimized,5,query_84,explain,7.193,ok
tpcds,100,o,Optimized,5,query_84,prepare,103.090,ok
tpcds,100,o,Optimized,5,query_85,explain,6.475,ok
tpcds,100,o,Optimized,5,query_85,prepare,85.820,ok
tpcds,100,o,Optimized,5,query_86,explain,6.343,ok
tpcds,100,o,Optimized,5,query_86,prepare,95.880,ok
tpcds,100,o,Optimized,5,query_87,explain,8.066,ok
tpcds,100,o,Optimized,5,query_87,prepare,148.385,ok
tpcds,100,o,Optimized,5,query_88,explain,6.760,ok
tpcds,100,o,Optimized,5,query_88,prepare,130.637,ok
tpcds,100,o,Optimized,5,query_89,explain,6.618,ok
tpcds,100,o,Optimized,5,query_89,prepare,112.496,ok
tpcds,100,o,Optimized,5,query_9,explain,7.141,ok
tpcds,100,o,Optimized,5,query_9,prepare,126.858,ok
tpcds,100,o,Optimized,5,query_90,explain,7.090,ok
tpcds,100,o,Optimized,5,query_90,prepare,207.404,ok
tpcds,100,o,Optimized,5,query_91,explain,8.328,ok
tpcds,100,o,Optimized,5,query_91,prepare,69.231,ok
tpcds,100,o,Optimized,5,query_92,explain,7.537,ok
tpcds,100,o,Optimized,5,query_92,prepare,191.524,ok
tpcds,100,o,Optimized,5,query_93,explain,7.138,ok
tpcds,100,o,Optimized,5,query_93,prepare,312.789,ok
tpcds,100,o,Optimized,5,query_94,explain,6.954,ok
tpcds,100,o,Optimized,5,query_94,prepare,100.659,ok
tpcds,100,o,Optimized,5,query_95,explain,7.104,ok
tpcds,100,o,Optimized,5,query_95,prepare,112.870,ok
tpcds,100,o,Optimized,5,query_96,explain,7.837,ok
tpcds,100,o,Optimized,5,query_96,prepare,200.646,ok
tpcds,100,o,Optimized,5,query_97,explain,7.781,ok
tpcds,100,o,Optimized,5,query_97,prepare,102.997,ok
tpcds,100,o,Optimized,5,query_98,explain,7.118,ok
tpcds,100,o,Optimized,5,query_98,prepare,274.231,ok
tpcds,100,o,Optimized,5,query_99,explain,6.743,ok
tpcds,100,o,Optimized,5,query_99,prepare,152.493,ok
