variant,tier,engine,query_id,median_ms,n_success
baseline,low,duckdb,query_1,206.5,10
baseline,low,duckdb,query_10,653.5,10
baseline,low,duckdb,query_11,322.5,10
baseline,low,duckdb,query_12,328.5,10
baseline,low,duckdb,query_13,220.5,10
baseline,low,duckdb,query_14,269.5,10
baseline,low,duckdb,query_15,292.0,10
baseline,low,duckdb,query_16,491.0,10
baseline,low,duckdb,query_17,302.5,10
baseline,low,duckdb,query_18,322.0,10
baseline,low,duckdb,query_19,375.0,10
baseline,low,duckdb,query_2,439.0,10
baseline,low,duckdb,query_20,563.5,10
baseline,low,duckdb,query_21,1008.5,10
baseline,low,duckdb,query_22,361.5,10
baseline,low,duckdb,query_23,481.0,10
baseline,low,duckdb,query_24,287.0,10
baseline,low,duckdb,query_25,224.5,10
baseline,low,duckdb,query_26,430.5,10
baseline,low,duckdb,query_27,299.5,10
baseline,low,duckdb,query_28,362.0,10
baseline,low,duckdb,query_29,526.5,10
baseline,low,duckdb,query_3,900.0,10
baseline,low,duckdb,query_30,386.5,10
baseline,low,duckdb,query_31,255.5,10
baseline,low,duckdb,query_32,352.0,10
baseline,low,duckdb,query_33,389.5,10
baseline,low,duckdb,query_34,404.5,10
baseline,low,duckdb,query_35,1335.5,10
baseline,low,duckdb,query_36,385.0,10
baseline,low,duckdb,query_37,352.5,10
baseline,low,duckdb,query_38,504.5,10
baseline,low,duckdb,query_39,465.0,10
baseline,low,duckdb,query_4,185.0,10
baseline,low,duckdb,query_40,192.0,10
baseline,low,duckdb,query_41,498.0,10
baseline,low,duckdb,query_42,595.0,10
baseline,low,duckdb,query_43,471.5,10
baseline,low,duckdb,query_44,260.5,10
baseline,low,duckdb,query_45,374.5,10
baseline,low,duckdb,query_46,1437.0,10
baseline,low,duckdb,query_47,700.5,10
baseline,low,duckdb,query_48,555.5,10
baseline,low,duckdb,query_49,252.0,10
baseline,low,duckdb,query_5,328.5,10
baseline,low,duckdb,query_50,355.0,10
baseline,low,duckdb,query_51,557.5,10
baseline,low,duckdb,query_52,347.5,10
baseline,low,duckdb,query_53,443.0,10
baseline,low,duckdb,query_54,377.0,10
baseline,low,duckdb,query_55,1477.5,10
baseline,low,duckdb,query_56,329.0,10
baseline,low,duckdb,query_57,288.0,10
baseline,low,duckdb,query_58,271.0,10
baseline,low,duckdb,query_59,427.0,10
baseline,low,duckdb,query_6,404.5,10
baseline,low,duckdb,query_60,344.0,10
baseline,low,duckdb,query_61,379.0,10
baseline,low,duckdb,query_62,225.5,10
baseline,low,duckdb,query_63,573.0,10
baseline,low,duckdb,query_64,300.0,10
baseline,low,duckdb,query_65,276.5,10
baseline,low,duckdb,query_66,367.5,10
baseline,low,duckdb,query_67,340.0,10
baseline,low,duckdb,query_68,479.5,10
baseline,low,duckdb,query_69,677.0,10
baseline,low,duckdb,query_7,216.5,10
baseline,low,duckdb,query_70,473.5,10
baseline,low,duckdb,query_71,641.0,10
baseline,low,duckdb,query_72,467.0,10
baseline,low,duckdb,query_73,355.5,10
baseline,low,duckdb,query_74,368.5,10
baseline,low,duckdb,query_75,316.0,10
baseline,low,duckdb,query_76,459.5,10
baseline,low,duckdb,query_77,390.5,10
baseline,low,duckdb,query_78,248.0,10
baseline,low,duckdb,query_79,302.0,10
baseline,low,duckdb,query_8,392.5,10
baseline,low,duckdb,query_80,216.0,10
baseline,low,duckdb,query_81,331.5,10
baseline,low,duckdb,query_82,260.5,10
baseline,low,duckdb,query_83,360.0,10
baseline,low,duckdb,query_84,370.0,10
baseline,low,duckdb,query_85,301.5,10
baseline,low,duckdb,query_86,243.5,10
baseline,low,duckdb,query_87,658.0,10
baseline,low,duckdb,query_88,289.5,10
baseline,low,duckdb,query_89,397.5,10
baseline,low,duckdb,query_9,339.5,10
baseline,low,duckdb,query_90,238.0,10
baseline,low,duckdb,query_91,402.0,10
baseline,low,duckdb,query_92,241.5,10
baseline,low,duckdb,query_93,653.5,10
baseline,low,duckdb,query_94,328.0,10
baseline,low,duckdb,query_95,469.5,10
baseline,low,duckdb,query_96,285.0,10
baseline,low,duckdb,query_97,451.5,10
baseline,low,duckdb,query_98,355.5,10
baseline,low,duckdb,query_99,410.0,10
baseline,low,duckdb,query_union_U10,698.0,10
baseline,low,duckdb,query_union_U2,266.5,10
baseline,low,duckdb,query_union_U20,1495.0,10
baseline,low,duckdb,query_union_U200,11919.5,10
baseline,low,duckdb,query_union_U5,350.5,10
baseline,low,cedardb,query_1,81.5,10
baseline,low,cedardb,query_10,369.0,10
baseline,low,cedardb,query_11,122.0,10
baseline,low,cedardb,query_12,282.0,10
baseline,low,cedardb,query_13,85.5,10
baseline,low,cedardb,query_14,143.0,10
baseline,low,cedardb,query_15,93.0,10
baseline,low,cedardb,query_17,99.5,10
baseline,low,cedardb,query_18,138.5,10
baseline,low,cedardb,query_2,618.0,10
baseline,low,cedardb,query_20,172.0,10
baseline,low,cedardb,query_21,161.0,10
baseline,low,cedardb,query_22,147.5,10
baseline,low,cedardb,query_23,141.5,10
baseline,low,cedardb,query_24,143.0,10
baseline,low,cedardb,query_25,97.0,10
baseline,low,cedardb,query_26,126.0,10
baseline,low,cedardb,query_27,125.0,10
baseline,low,cedardb,query_28,125.5,10
baseline,low,cedardb,query_3,990.0,10
baseline,low,cedardb,query_30,164.0,10
baseline,low,cedardb,query_31,87.0,10
baseline,low,cedardb,query_32,305.0,10
baseline,low,cedardb,query_33,117.0,10
baseline,low,cedardb,query_35,594.5,10
baseline,low,cedardb,query_36,254.0,10
baseline,low,cedardb,query_37,127.5,10
baseline,low,cedardb,query_38,189.0,10
baseline,low,cedardb,query_39,122.5,10
baseline,low,cedardb,query_4,98.0,10
baseline,low,cedardb,query_40,93.0,10
baseline,low,cedardb,query_41,218.0,10
baseline,low,cedardb,query_42,497.0,10
baseline,low,cedardb,query_43,116.5,10
baseline,low,cedardb,query_44,104.5,10
baseline,low,cedardb,query_45,244.5,10
baseline,low,cedardb,query_46,831.5,10
baseline,low,cedardb,query_47,460.5,10
baseline,low,cedardb,query_48,531.0,10
baseline,low,cedardb,query_49,137.5,10
baseline,low,cedardb,query_5,174.5,10
baseline,low,cedardb,query_50,154.5,10
baseline,low,cedardb,query_51,231.5,10
baseline,low,cedardb,query_52,171.5,10
baseline,low,cedardb,query_53,176.0,10
baseline,low,cedardb,query_54,2475.5,10
baseline,low,cedardb,query_55,1748.5,10
baseline,low,cedardb,query_56,197.5,10
baseline,low,cedardb,query_57,124.5,10
baseline,low,cedardb,query_58,94.0,10
baseline,low,cedardb,query_59,207.5,10
baseline,low,cedardb,query_6,144.5,10
baseline,low,cedardb,query_60,77.5,10
baseline,low,cedardb,query_61,115.0,10
baseline,low,cedardb,query_62,120.0,10
baseline,low,cedardb,query_63,146.0,10
baseline,low,cedardb,query_64,124.0,10
baseline,low,cedardb,query_65,126.5,10
baseline,low,cedardb,query_66,132.0,10
baseline,low,cedardb,query_67,111.0,10
baseline,low,cedardb,query_68,176.5,10
baseline,low,cedardb,query_69,3084.0,10
baseline,low,cedardb,query_7,103.0,10
baseline,low,cedardb,query_70,1122.5,10
baseline,low,cedardb,query_71,650.0,10
baseline,low,cedardb,query_73,115.5,10
baseline,low,cedardb,query_74,108.5,10
baseline,low,cedardb,query_75,141.0,10
baseline,low,cedardb,query_76,221.0,10
baseline,low,cedardb,query_77,2213.0,10
baseline,low,cedardb,query_79,94.0,10
baseline,low,cedardb,query_8,201.5,10
baseline,low,cedardb,query_80,87.5,10
baseline,low,cedardb,query_81,108.5,10
baseline,low,cedardb,query_82,93.0,10
baseline,low,cedardb,query_83,141.0,10
baseline,low,cedardb,query_84,194.0,10
baseline,low,cedardb,query_85,222.0,10
baseline,low,cedardb,query_86,117.5,10
baseline,low,cedardb,query_87,221.5,10
baseline,low,cedardb,query_88,102.5,10
baseline,low,cedardb,query_89,144.5,10
baseline,low,cedardb,query_9,193.0,10
baseline,low,cedardb,query_91,96.5,10
baseline,low,cedardb,query_92,88.5,10
baseline,low,cedardb,query_93,319.0,10
baseline,low,cedardb,query_94,150.5,10
baseline,low,cedardb,query_95,121.0,10
baseline,low,cedardb,query_97,134.0,10
baseline,low,cedardb,query_98,186.5,10
baseline,low,cedardb,query_99,122.0,10
baseline,low,cedardb,query_union_U10,6563.5,10
baseline,low,cedardb,query_union_U2,930.0,10
baseline,low,cedardb,query_union_U20,15261.5,10
baseline,low,cedardb,query_union_U200,175282.5,10
baseline,low,cedardb,query_union_U5,2204.5,10
baseline,low,monetdb,query_1,49.5,10
baseline,low,monetdb,query_10,10706.0,10
baseline,low,monetdb,query_11,32.0,10
baseline,low,monetdb,query_12,193.5,10
baseline,low,monetdb,query_13,78.0,10
baseline,low,monetdb,query_14,459.0,10
baseline,low,monetdb,query_15,89.0,10
baseline,low,monetdb,query_16,703.0,10
baseline,low,monetdb,query_17,313.0,10
baseline,low,monetdb,query_18,63.5,10
baseline,low,monetdb,query_2,435.0,10
baseline,low,monetdb,query_20,752.5,10
baseline,low,monetdb,query_21,31.0,10
baseline,low,monetdb,query_22,120.5,10
baseline,low,monetdb,query_23,139.0,10
baseline,low,monetdb,query_25,78.5,10
baseline,low,monetdb,query_26,616.0,10
baseline,low,monetdb,query_27,86.0,10
baseline,low,monetdb,query_28,258.0,10
baseline,low,monetdb,query_29,262.0,10
baseline,low,monetdb,query_3,6950.0,10
baseline,low,monetdb,query_30,286.0,10
baseline,low,monetdb,query_31,62.5,10
baseline,low,monetdb,query_32,218.0,10
baseline,low,monetdb,query_33,153.5,10
baseline,low,monetdb,query_34,2293.0,10
baseline,low,monetdb,query_35,11927.0,10
baseline,low,monetdb,query_36,104.5,10
baseline,low,monetdb,query_37,133.5,10
baseline,low,monetdb,query_38,3206.0,10
baseline,low,monetdb,query_4,45.5,10
baseline,low,monetdb,query_40,59.5,10
baseline,low,monetdb,query_41,1429.0,10
baseline,low,monetdb,query_42,586.0,10
baseline,low,monetdb,query_43,3791.0,10
baseline,low,monetdb,query_44,60.5,10
baseline,low,monetdb,query_45,225.5,10
baseline,low,monetdb,query_46,9820.5,10
baseline,low,monetdb,query_47,908.5,10
baseline,low,monetdb,query_48,2896.0,10
baseline,low,monetdb,query_49,130.0,10
baseline,low,monetdb,query_5,6658.0,10
baseline,low,monetdb,query_50,1027.0,10
baseline,low,monetdb,query_51,1694.5,10
baseline,low,monetdb,query_52,1138.0,10
baseline,low,monetdb,query_53,819.5,10
baseline,low,monetdb,query_54,1461.5,10
baseline,low,monetdb,query_55,7132.5,10
baseline,low,monetdb,query_56,145.0,10
baseline,low,monetdb,query_57,77.0,10
baseline,low,monetdb,query_58,145.5,10
baseline,low,monetdb,query_59,129.0,10
baseline,low,monetdb,query_6,6829.5,10
baseline,low,monetdb,query_61,180.5,10
baseline,low,monetdb,query_62,46.5,10
baseline,low,monetdb,query_63,142.5,10
baseline,low,monetdb,query_64,74.0,10
baseline,low,monetdb,query_65,91.5,10
baseline,low,monetdb,query_66,103.5,10
baseline,low,monetdb,query_67,370.0,10
baseline,low,monetdb,query_68,4607.0,10
baseline,low,monetdb,query_69,9186.0,10
baseline,low,monetdb,query_7,65.0,10
baseline,low,monetdb,query_70,724.5,10
baseline,low,monetdb,query_71,2328.0,10
baseline,low,monetdb,query_72,189.0,10
baseline,low,monetdb,query_73,93.0,10
baseline,low,monetdb,query_74,105.5,10
baseline,low,monetdb,query_75,75.5,10
baseline,low,monetdb,query_76,1537.5,10
baseline,low,monetdb,query_77,1470.0,10
baseline,low,monetdb,query_78,777.5,10
baseline,low,monetdb,query_79,88.5,10
baseline,low,monetdb,query_8,182.5,10
baseline,low,monetdb,query_80,48.5,10
baseline,low,monetdb,query_81,196.5,10
baseline,low,monetdb,query_82,62.0,10
baseline,low,monetdb,query_83,55.0,10
baseline,low,monetdb,query_84,1664.0,10
baseline,low,monetdb,query_85,126.0,10
baseline,low,monetdb,query_86,1084.0,10
baseline,low,monetdb,query_87,463.0,10
baseline,low,monetdb,query_88,88.5,10
baseline,low,monetdb,query_89,185.5,10
baseline,low,monetdb,query_9,797.0,10
baseline,low,monetdb,query_90,350.5,10
baseline,low,monetdb,query_91,121.5,10
baseline,low,monetdb,query_92,97.5,10
baseline,low,monetdb,query_93,3301.5,10
baseline,low,monetdb,query_95,103.0,10
baseline,low,monetdb,query_96,744.0,10
baseline,low,monetdb,query_97,104.5,10
baseline,low,monetdb,query_98,797.0,10
baseline,low,monetdb,query_99,146.5,10
baseline,low,monetdb,query_union_U10,6991.5,10
baseline,low,monetdb,query_union_U2,1097.5,10
baseline,low,monetdb,query_union_U20,14919.5,10
baseline,low,monetdb,query_union_U200,205341.0,10
baseline,low,monetdb,query_union_U5,2572.0,10
sparsity,low,duckdb,query_1,211.0,10
sparsity,low,duckdb,query_10,682.0,10
sparsity,low,duckdb,query_11,316.0,10
sparsity,low,duckdb,query_12,317.0,10
sparsity,low,duckdb,query_13,226.5,10
sparsity,low,duckdb,query_14,270.5,10
sparsity,low,duckdb,query_15,297.5,10
sparsity,low,duckdb,query_16,499.0,10
sparsity,low,duckdb,query_17,309.5,10
sparsity,low,duckdb,query_18,322.0,10
sparsity,low,duckdb,query_19,358.5,10
sparsity,low,duckdb,query_2,431.5,10
sparsity,low,duckdb,query_20,570.5,10
sparsity,low,duckdb,query_21,1019.5,10
sparsity,low,duckdb,query_22,362.0,10
sparsity,low,duckdb,query_23,484.5,10
sparsity,low,duckdb,query_24,292.0,10
sparsity,low,duckdb,query_25,233.5,10
sparsity,low,duckdb,query_26,430.5,10
sparsity,low,duckdb,query_27,304.0,10
sparsity,low,duckdb,query_28,362.5,10
sparsity,low,duckdb,query_29,536.5,10
sparsity,low,duckdb,query_3,914.0,10
sparsity,low,duckdb,query_30,392.0,10
sparsity,low,duckdb,query_31,260.0,10
sparsity,low,duckdb,query_32,369.0,10
sparsity,low,duckdb,query_33,400.0,10
sparsity,low,duckdb,query_34,423.5,10
sparsity,low,duckdb,query_35,1388.0,10
sparsity,low,duckdb,query_36,397.5,10
sparsity,low,duckdb,query_37,357.0,10
sparsity,low,duckdb,query_38,475.0,10
sparsity,low,duckdb,query_39,453.5,10
sparsity,low,duckdb,query_4,196.0,10
sparsity,low,duckdb,query_40,199.5,10
sparsity,low,duckdb,query_41,502.0,10
sparsity,low,duckdb,query_42,609.0,10
sparsity,low,duckdb,query_43,481.0,10
sparsity,low,duckdb,query_44,255.0,10
sparsity,low,duckdb,query_45,385.0,10
sparsity,low,duckdb,query_46,1516.0,10
sparsity,low,duckdb,query_47,720.0,10
sparsity,low,duckdb,query_48,526.5,10
sparsity,low,duckdb,query_49,249.0,10
sparsity,low,duckdb,query_5,344.5,10
sparsity,low,duckdb,query_50,357.0,10
sparsity,low,duckdb,query_51,555.0,10
sparsity,low,duckdb,query_52,349.0,10
sparsity,low,duckdb,query_53,438.0,10
sparsity,low,duckdb,query_54,376.0,10
sparsity,low,duckdb,query_55,1538.0,10
sparsity,low,duckdb,query_56,345.5,10
sparsity,low,duckdb,query_57,281.5,10
sparsity,low,duckdb,query_58,272.5,10
sparsity,low,duckdb,query_59,425.5,10
sparsity,low,duckdb,query_6,420.0,10
sparsity,low,duckdb,query_60,343.5,10
sparsity,low,duckdb,query_61,383.0,10
sparsity,low,duckdb,query_62,220.0,10
sparsity,low,duckdb,query_63,590.0,10
sparsity,low,duckdb,query_64,285.0,10
sparsity,low,duckdb,query_65,260.5,10
sparsity,low,duckdb,query_66,358.5,10
sparsity,low,duckdb,query_67,328.0,10
sparsity,low,duckdb,query_68,495.0,10
sparsity,low,duckdb,query_69,675.0,10
sparsity,low,duckdb,query_7,219.0,10
sparsity,low,duckdb,query_70,473.5,10
sparsity,low,duckdb,query_71,635.5,10
sparsity,low,duckdb,query_72,443.5,10
sparsity,low,duckdb,query_73,355.5,10
sparsity,low,duckdb,query_74,360.0,10
sparsity,low,duckdb,query_75,311.5,10
sparsity,low,duckdb,query_76,463.5,10
sparsity,low,duckdb,query_77,378.5,10
sparsity,low,duckdb,query_78,252.5,10
sparsity,low,duckdb,query_79,301.0,10
sparsity,low,duckdb,query_8,397.0,10
sparsity,low,duckdb,query_80,206.0,10
sparsity,low,duckdb,query_81,319.0,10
sparsity,low,duckdb,query_82,249.0,10
sparsity,low,duckdb,query_83,365.5,10
sparsity,low,duckdb,query_84,354.5,10
sparsity,low,duckdb,query_85,309.0,10
sparsity,low,duckdb,query_86,245.5,10
sparsity,low,duckdb,query_87,663.0,10
sparsity,low,duckdb,query_88,286.5,10
sparsity,low,duckdb,query_89,403.5,10
sparsity,low,duckdb,query_9,338.0,10
sparsity,low,duckdb,query_90,243.0,10
sparsity,low,duckdb,query_91,388.0,10
sparsity,low,duckdb,query_92,240.5,10
sparsity,low,duckdb,query_93,651.0,10
sparsity,low,duckdb,query_94,322.0,10
sparsity,low,duckdb,query_95,484.0,10
sparsity,low,duckdb,query_96,289.0,10
sparsity,low,duckdb,query_97,447.0,10
sparsity,low,duckdb,query_98,345.0,10
sparsity,low,duckdb,query_99,389.5,10
sparsity,low,duckdb,query_union_U10,725.5,10
sparsity,low,duckdb,query_union_U2,278.5,10
sparsity,low,duckdb,query_union_U20,1472.5,10
sparsity,low,duckdb,query_union_U200,12049.5,10
sparsity,low,duckdb,query_union_U5,367.5,10
sparsity,low,cedardb,query_1,80.0,10
sparsity,low,cedardb,query_10,373.0,10
sparsity,low,cedardb,query_11,117.5,10
sparsity,low,cedardb,query_12,283.0,10
sparsity,low,cedardb,query_13,86.5,10
sparsity,low,cedardb,query_14,143.5,10
sparsity,low,cedardb,query_15,94.5,10
sparsity,low,cedardb,query_17,104.0,10
sparsity,low,cedardb,query_18,127.0,10
sparsity,low,cedardb,query_2,626.5,10
sparsity,low,cedardb,query_20,163.5,10
sparsity,low,cedardb,query_21,138.0,10
sparsity,low,cedardb,query_22,145.0,10
sparsity,low,cedardb,query_23,135.5,10
sparsity,low,cedardb,query_24,140.5,10
sparsity,low,cedardb,query_25,98.5,10
sparsity,low,cedardb,query_26,122.5,10
sparsity,low,cedardb,query_27,112.5,10
sparsity,low,cedardb,query_28,122.5,10
sparsity,low,cedardb,query_3,969.0,10
sparsity,low,cedardb,query_30,155.5,10
sparsity,low,cedardb,query_31,81.5,10
sparsity,low,cedardb,query_32,302.0,10
sparsity,low,cedardb,query_33,123.0,10
sparsity,low,cedardb,query_35,576.5,10
sparsity,low,cedardb,query_36,244.0,10
sparsity,low,cedardb,query_37,127.0,10
sparsity,low,cedardb,query_38,180.5,10
sparsity,low,cedardb,query_39,120.0,10
sparsity,low,cedardb,query_4,91.0,10
sparsity,low,cedardb,query_40,89.0,10
sparsity,low,cedardb,query_41,225.0,10
sparsity,low,cedardb,query_42,487.5,10
sparsity,low,cedardb,query_43,114.5,10
sparsity,low,cedardb,query_44,119.0,10
sparsity,low,cedardb,query_45,225.0,10
sparsity,low,cedardb,query_46,813.0,10
sparsity,low,cedardb,query_47,443.5,10
sparsity,low,cedardb,query_48,528.5,10
sparsity,low,cedardb,query_49,132.0,10
sparsity,low,cedardb,query_5,166.5,10
sparsity,low,cedardb,query_50,149.5,10
sparsity,low,cedardb,query_51,236.0,10
sparsity,low,cedardb,query_52,165.5,10
sparsity,low,cedardb,query_53,153.5,10
sparsity,low,cedardb,query_54,2452.0,10
sparsity,low,cedardb,query_55,1706.5,10
sparsity,low,cedardb,query_56,190.5,10
sparsity,low,cedardb,query_57,98.0,10
sparsity,low,cedardb,query_58,83.0,10
sparsity,low,cedardb,query_59,197.5,10
sparsity,low,cedardb,query_6,150.5,10
sparsity,low,cedardb,query_60,82.0,10
sparsity,low,cedardb,query_61,114.5,10
sparsity,low,cedardb,query_62,121.0,10
sparsity,low,cedardb,query_63,142.0,10
sparsity,low,cedardb,query_64,119.5,10
sparsity,low,cedardb,query_65,122.5,10
sparsity,low,cedardb,query_66,128.5,10
sparsity,low,cedardb,query_67,94.0,10
sparsity,low,cedardb,query_68,171.0,10
sparsity,low,cedardb,query_69,3061.5,10
sparsity,low,cedardb,query_7,92.0,10
sparsity,low,cedardb,query_70,1098.5,10
sparsity,low,cedardb,query_71,625.5,10
sparsity,low,cedardb,query_73,114.5,10
sparsity,low,cedardb,query_74,103.0,10
sparsity,low,cedardb,query_75,126.0,10
sparsity,low,cedardb,query_76,224.5,10
sparsity,low,cedardb,query_77,2121.0,10
sparsity,low,cedardb,query_79,95.0,10
sparsity,low,cedardb,query_8,205.5,10
sparsity,low,cedardb,query_80,86.5,10
sparsity,low,cedardb,query_81,102.5,10
sparsity,low,cedardb,query_82,95.0,10
sparsity,low,cedardb,query_83,149.5,10
sparsity,low,cedardb,query_84,173.5,10
sparsity,low,cedardb,query_85,219.0,10
sparsity,low,cedardb,query_86,119.5,10
sparsity,low,cedardb,query_87,201.5,10
sparsity,low,cedardb,query_88,112.5,10
sparsity,low,cedardb,query_89,146.5,10
sparsity,low,cedardb,query_9,158.0,10
sparsity,low,cedardb,query_91,94.5,10
sparsity,low,cedardb,query_92,79.5,10
sparsity,low,cedardb,query_93,313.0,10
sparsity,low,cedardb,query_94,146.5,10
sparsity,low,cedardb,query_95,126.5,10
sparsity,low,cedardb,query_97,133.5,10
sparsity,low,cedardb,query_98,180.0,10
sparsity,low,cedardb,query_99,119.5,10
sparsity,low,cedardb,query_union_U10,6547.5,10
sparsity,low,cedardb,query_union_U2,928.0,10
sparsity,low,cedardb,query_union_U20,15401.5,10
sparsity,low,cedardb,query_union_U200,172376.5,10
sparsity,low,cedardb,query_union_U5,2233.5,10
sparsity,low,monetdb,query_1,50.0,10
sparsity,low,monetdb,query_10,10436.5,10
sparsity,low,monetdb,query_11,32.0,10
sparsity,low,monetdb,query_12,187.5,10
sparsity,low,monetdb,query_13,75.5,10
sparsity,low,monetdb,query_14,438.0,10
sparsity,low,monetdb,query_15,89.0,10
sparsity,low,monetdb,query_16,704.0,10
sparsity,low,monetdb,query_17,302.5,10
sparsity,low,monetdb,query_18,68.5,10
sparsity,low,monetdb,query_2,413.0,10
sparsity,low,monetdb,query_20,750.5,10
sparsity,low,monetdb,query_21,32.0,10
sparsity,low,monetdb,query_22,110.0,10
sparsity,low,monetdb,query_23,138.0,10
sparsity,low,monetdb,query_25,95.0,10
sparsity,low,monetdb,query_26,690.5,10
sparsity,low,monetdb,query_27,95.5,10
sparsity,low,monetdb,query_28,257.0,10
sparsity,low,monetdb,query_29,281.0,10
sparsity,low,monetdb,query_3,7856.0,10
sparsity,low,monetdb,query_30,296.0,10
sparsity,low,monetdb,query_31,62.5,10
sparsity,low,monetdb,query_32,218.0,10
sparsity,low,monetdb,query_33,149.0,10
sparsity,low,monetdb,query_34,2572.5,10
sparsity,low,monetdb,query_35,12362.5,10
sparsity,low,monetdb,query_36,103.0,10
sparsity,low,monetdb,query_37,133.5,10
sparsity,low,monetdb,query_38,3361.5,10
sparsity,low,monetdb,query_4,48.0,10
sparsity,low,monetdb,query_40,55.0,10
sparsity,low,monetdb,query_41,1449.0,10
sparsity,low,monetdb,query_42,593.5,10
sparsity,low,monetdb,query_43,4097.0,10
sparsity,low,monetdb,query_44,55.0,10
sparsity,low,monetdb,query_45,201.5,10
sparsity,low,monetdb,query_46,9100.5,10
sparsity,low,monetdb,query_47,972.0,10
sparsity,low,monetdb,query_48,2882.5,10
sparsity,low,monetdb,query_49,133.5,10
sparsity,low,monetdb,query_5,9092.5,10
sparsity,low,monetdb,query_50,1040.5,10
sparsity,low,monetdb,query_51,1745.5,10
sparsity,low,monetdb,query_52,1141.5,10
sparsity,low,monetdb,query_53,829.5,10
sparsity,low,monetdb,query_54,1338.0,10
sparsity,low,monetdb,query_55,7403.0,10
sparsity,low,monetdb,query_56,140.5,10
sparsity,low,monetdb,query_57,73.5,10
sparsity,low,monetdb,query_58,157.0,10
sparsity,low,monetdb,query_59,141.5,10
sparsity,low,monetdb,query_6,5951.0,10
sparsity,low,monetdb,query_61,176.5,10
sparsity,low,monetdb,query_62,48.5,10
sparsity,low,monetdb,query_63,147.5,10
sparsity,low,monetdb,query_64,73.0,10
sparsity,low,monetdb,query_65,98.5,10
sparsity,low,monetdb,query_66,111.0,10
sparsity,low,monetdb,query_67,361.5,10
sparsity,low,monetdb,query_68,3024.0,10
sparsity,low,monetdb,query_69,12587.0,10
sparsity,low,monetdb,query_7,69.5,10
sparsity,low,monetdb,query_70,765.5,10
sparsity,low,monetdb,query_71,2156.5,10
sparsity,low,monetdb,query_72,191.0,10
sparsity,low,monetdb,query_73,96.0,10
sparsity,low,monetdb,query_74,108.5,10
sparsity,low,monetdb,query_75,75.0,10
sparsity,low,monetdb,query_76,1628.0,10
sparsity,low,monetdb,query_77,1631.0,10
sparsity,low,monetdb,query_78,766.5,10
sparsity,low,monetdb,query_79,83.0,10
sparsity,low,monetdb,query_8,171.5,10
sparsity,low,monetdb,query_80,51.0,10
sparsity,low,monetdb,query_81,195.0,10
sparsity,low,monetdb,query_82,63.0,10
sparsity,low,monetdb,query_83,55.0,10
sparsity,low,monetdb,query_84,1687.5,10
sparsity,low,monetdb,query_85,128.0,10
sparsity,low,monetdb,query_86,1075.5,10
sparsity,low,monetdb,query_87,416.0,10
sparsity,low,monetdb,query_88,83.0,10
sparsity,low,monetdb,query_89,174.5,10
sparsity,low,monetdb,query_9,801.0,10
sparsity,low,monetdb,query_90,349.0,10
sparsity,low,monetdb,query_91,123.0,10
sparsity,low,monetdb,query_92,99.0,10
sparsity,low,monetdb,query_93,3575.5,10
sparsity,low,monetdb,query_95,101.0,10
sparsity,low,monetdb,query_96,659.0,10
sparsity,low,monetdb,query_97,100.0,10
sparsity,low,monetdb,query_98,806.0,10
sparsity,low,monetdb,query_99,158.0,10
sparsity,low,monetdb,query_union_U10,7470.0,10
sparsity,low,monetdb,query_union_U2,1146.5,10
sparsity,low,monetdb,query_union_U20,15900.0,10
sparsity,low,monetdb,query_union_U200,225032.0,10
sparsity,low,monetdb,query_union_U5,2773.5,10
skew,low,duckdb,query_1,217.5,10
skew,low,duckdb,query_10,709.0,10
skew,low,duckdb,query_11,326.5,10
skew,low,duckdb,query_12,344.0,10
skew,low,duckdb,query_13,236.5,10
skew,low,duckdb,query_14,284.5,10
skew,low,duckdb,query_15,287.5,10
skew,low,duckdb,query_16,500.0,10
skew,low,duckdb,query_17,329.5,10
skew,low,duckdb,query_18,333.5,10
skew,low,duckdb,query_19,379.5,10
skew,low,duckdb,query_2,454.0,10
skew,low,duckdb,query_20,535.5,10
skew,low,duckdb,query_21,998.5,10
skew,low,duckdb,query_22,362.0,10
skew,low,duckdb,query_23,498.0,10
skew,low,duckdb,query_24,313.0,10
skew,low,duckdb,query_25,232.0,10
skew,low,duckdb,query_26,437.0,10
skew,low,duckdb,query_27,296.5,10
skew,low,duckdb,query_28,361.5,10
skew,low,duckdb,query_29,480.5,10
skew,low,duckdb,query_3,915.5,10
skew,low,duckdb,query_30,409.0,10
skew,low,duckdb,query_31,265.5,10
skew,low,duckdb,query_32,352.5,10
skew,low,duckdb,query_33,408.0,10
skew,low,duckdb,query_34,398.0,10
skew,low,duckdb,query_35,1416.5,10
skew,low,duckdb,query_36,388.5,10
skew,low,duckdb,query_37,375.5,10
skew,low,duckdb,query_38,493.0,10
skew,low,duckdb,query_39,476.0,10
skew,low,duckdb,query_4,201.5,10
skew,low,duckdb,query_40,199.0,10
skew,low,duckdb,query_41,497.0,10
skew,low,duckdb,query_42,599.5,10
skew,low,duckdb,query_43,477.0,10
skew,low,duckdb,query_44,260.0,10
skew,low,duckdb,query_45,389.5,10
skew,low,duckdb,query_46,1500.0,10
skew,low,duckdb,query_47,737.0,10
skew,low,duckdb,query_48,519.5,10
skew,low,duckdb,query_49,253.5,10
skew,low,duckdb,query_5,362.5,10
skew,low,duckdb,query_50,360.0,10
skew,low,duckdb,query_51,571.5,10
skew,low,duckdb,query_52,356.5,10
skew,low,duckdb,query_53,443.5,10
skew,low,duckdb,query_54,412.0,10
skew,low,duckdb,query_55,1725.0,10
skew,low,duckdb,query_56,368.0,10
skew,low,duckdb,query_57,297.5,10
skew,low,duckdb,query_58,280.0,10
skew,low,duckdb,query_59,434.0,10
skew,low,duckdb,query_6,427.5,10
skew,low,duckdb,query_60,346.5,10
skew,low,duckdb,query_61,373.5,10
skew,low,duckdb,query_62,228.0,10
skew,low,duckdb,query_63,586.5,10
skew,low,duckdb,query_64,303.0,10
skew,low,duckdb,query_65,269.0,10
skew,low,duckdb,query_66,366.0,10
skew,low,duckdb,query_67,342.5,10
skew,low,duckdb,query_68,506.5,10
skew,low,duckdb,query_69,694.0,10
skew,low,duckdb,query_7,227.5,10
skew,low,duckdb,query_70,487.5,10
skew,low,duckdb,query_71,631.0,10
skew,low,duckdb,query_72,462.5,10
skew,low,duckdb,query_73,357.5,10
skew,low,duckdb,query_74,375.0,10
skew,low,duckdb,query_75,317.0,10
skew,low,duckdb,query_76,463.5,10
skew,low,duckdb,query_77,410.0,10
skew,low,duckdb,query_78,257.0,10
skew,low,duckdb,query_79,293.0,10
skew,low,duckdb,query_8,391.0,10
skew,low,duckdb,query_80,213.5,10
skew,low,duckdb,query_81,340.5,10
skew,low,duckdb,query_82,260.5,10
skew,low,duckdb,query_83,391.5,10
skew,low,duckdb,query_84,346.0,10
skew,low,duckdb,query_85,307.5,10
skew,low,duckdb,query_86,240.5,10
skew,low,duckdb,query_87,649.0,10
skew,low,duckdb,query_88,298.0,10
skew,low,duckdb,query_89,377.5,10
skew,low,duckdb,query_9,326.0,10
skew,low,duckdb,query_90,237.0,10
skew,low,duckdb,query_91,393.0,10
skew,low,duckdb,query_92,235.5,10
skew,low,duckdb,query_93,643.5,10
skew,low,duckdb,query_94,327.5,10
skew,low,duckdb,query_95,448.5,10
skew,low,duckdb,query_96,286.5,10
skew,low,duckdb,query_97,417.0,10
skew,low,duckdb,query_98,379.0,10
skew,low,duckdb,query_99,436.0,10
skew,low,duckdb,query_union_U10,628.5,10
skew,low,duckdb,query_union_U2,286.0,10
skew,low,duckdb,query_union_U20,1342.0,10
skew,low,duckdb,query_union_U200,11585.5,10
skew,low,duckdb,query_union_U5,378.0,10
skew,low,cedardb,query_1,81.5,10
skew,low,cedardb,query_10,372.5,10
skew,low,cedardb,query_11,118.0,10
skew,low,cedardb,query_12,285.0,10
skew,low,cedardb,query_13,87.0,10
skew,low,cedardb,query_14,141.0,10
skew,low,cedardb,query_15,93.0,10
skew,low,cedardb,query_17,102.5,10
skew,low,cedardb,query_18,123.0,10
skew,low,cedardb,query_2,634.5,10
skew,low,cedardb,query_20,142.0,10
skew,low,cedardb,query_21,170.5,10
skew,low,cedardb,query_22,144.0,10
skew,low,cedardb,query_23,126.0,10
skew,low,cedardb,query_24,141.0,10
skew,low,cedardb,query_25,101.5,10
skew,low,cedardb,query_26,128.0,10
skew,low,cedardb,query_27,128.5,10
skew,low,cedardb,query_28,125.5,10
skew,low,cedardb,query_3,1010.0,10
skew,low,cedardb,query_30,167.0,10
skew,low,cedardb,query_31,87.0,10
skew,low,cedardb,query_32,310.0,10
skew,low,cedardb,query_33,120.0,10
skew,low,cedardb,query_35,594.5,10
skew,low,cedardb,query_36,252.0,10
skew,low,cedardb,query_37,131.0,10
skew,low,cedardb,query_38,194.0,10
skew,low,cedardb,query_39,122.0,10
skew,low,cedardb,query_4,90.5,10
skew,low,cedardb,query_40,98.5,10
skew,low,cedardb,query_41,189.5,10
skew,low,cedardb,query_42,500.5,10
skew,low,cedardb,query_43,116.0,10
skew,low,cedardb,query_44,98.5,10
skew,low,cedardb,query_45,246.5,10
skew,low,cedardb,query_46,836.5,10
skew,low,cedardb,query_47,465.0,10
skew,low,cedardb,query_48,519.0,10
skew,low,cedardb,query_49,135.0,10
skew,low,cedardb,query_5,174.5,10
skew,low,cedardb,query_50,145.5,10
skew,low,cedardb,query_51,238.0,10
skew,low,cedardb,query_52,170.0,10
skew,low,cedardb,query_53,142.5,10
skew,low,cedardb,query_54,2502.5,10
skew,low,cedardb,query_55,1791.5,10
skew,low,cedardb,query_56,209.0,10
skew,low,cedardb,query_57,100.0,10
skew,low,cedardb,query_58,92.0,10
skew,low,cedardb,query_59,207.0,10
skew,low,cedardb,query_6,148.5,10
skew,low,cedardb,query_60,73.0,10
skew,low,cedardb,query_61,111.0,10
skew,low,cedardb,query_62,119.5,10
skew,low,cedardb,query_63,141.0,10
skew,low,cedardb,query_64,110.5,10
skew,low,cedardb,query_65,123.0,10
skew,low,cedardb,query_66,130.5,10
skew,low,cedardb,query_67,115.5,10
skew,low,cedardb,query_68,176.5,10
skew,low,cedardb,query_69,3099.5,10
skew,low,cedardb,query_7,100.5,10
skew,low,cedardb,query_70,1164.5,10
skew,low,cedardb,query_71,633.0,10
skew,low,cedardb,query_73,116.0,10
skew,low,cedardb,query_74,107.0,10
skew,low,cedardb,query_75,131.0,10
skew,low,cedardb,query_76,234.0,10
skew,low,cedardb,query_77,2214.0,10
skew,low,cedardb,query_79,95.0,10
skew,low,cedardb,query_8,202.5,10
skew,low,cedardb,query_80,91.0,10
skew,low,cedardb,query_81,106.0,10
skew,low,cedardb,query_82,94.0,10
skew,low,cedardb,query_83,152.5,10
skew,low,cedardb,query_84,163.0,10
skew,low,cedardb,query_85,223.0,10
skew,low,cedardb,query_86,119.0,10
skew,low,cedardb,query_87,216.5,10
skew,low,cedardb,query_88,117.0,10
skew,low,cedardb,query_89,148.5,10
skew,low,cedardb,query_9,184.0,10
skew,low,cedardb,query_91,97.0,10
skew,low,cedardb,query_92,87.5,10
skew,low,cedardb,query_93,320.0,10
skew,low,cedardb,query_94,148.0,10
skew,low,cedardb,query_95,126.0,10
skew,low,cedardb,query_97,136.0,10
skew,low,cedardb,query_98,176.0,10
skew,low,cedardb,query_99,127.0,10
skew,low,cedardb,query_union_U10,6287.5,10
skew,low,cedardb,query_union_U2,988.5,10
skew,low,cedardb,query_union_U20,15140.0,10
skew,low,cedardb,query_union_U200,176890.5,10
skew,low,cedardb,query_union_U5,2334.0,10
skew,low,monetdb,query_1,50.0,10
skew,low,monetdb,query_10,11382.0,10
skew,low,monetdb,query_11,30.5,10
skew,low,monetdb,query_12,178.5,10
skew,low,monetdb,query_13,70.5,10
skew,low,monetdb,query_14,449.5,10
skew,low,monetdb,query_15,90.0,10
skew,low,monetdb,query_16,665.5,10
skew,low,monetdb,query_17,271.5,10
skew,low,monetdb,query_18,63.0,10
skew,low,monetdb,query_2,404.5,10
skew,low,monetdb,query_20,713.5,10
skew,low,monetdb,query_21,31.5,10
skew,low,monetdb,query_22,119.0,10
skew,low,monetdb,query_23,143.5,10
skew,low,monetdb,query_25,100.5,10
skew,low,monetdb,query_26,651.0,10
skew,low,monetdb,query_27,98.0,10
skew,low,monetdb,query_28,264.5,10
skew,low,monetdb,query_29,270.0,10
skew,low,monetdb,query_3,7677.5,10
skew,low,monetdb,query_30,271.5,10
skew,low,monetdb,query_31,61.5,10
skew,low,monetdb,query_32,215.5,10
skew,low,monetdb,query_33,149.5,10
skew,low,monetdb,query_34,2261.5,10
skew,low,monetdb,query_35,12093.0,10
skew,low,monetdb,query_36,100.5,10
skew,low,monetdb,query_37,121.5,10
skew,low,monetdb,query_38,2872.5,10
skew,low,monetdb,query_4,46.5,10
skew,low,monetdb,query_40,57.0,10
skew,low,monetdb,query_41,1463.5,10
skew,low,monetdb,query_42,597.5,10
skew,low,monetdb,query_43,4190.0,10
skew,low,monetdb,query_44,61.5,10
skew,low,monetdb,query_45,227.0,10
skew,low,monetdb,query_46,9446.5,10
skew,low,monetdb,query_47,962.0,10
skew,low,monetdb,query_48,2900.5,10
skew,low,monetdb,query_49,132.0,10
skew,low,monetdb,query_5,7118.5,10
skew,low,monetdb,query_50,911.0,10
skew,low,monetdb,query_51,1754.0,10
skew,low,monetdb,query_52,1096.5,10
skew,low,monetdb,query_53,771.0,10
skew,low,monetdb,query_54,1367.5,10
skew,low,monetdb,query_55,6927.5,10
skew,low,monetdb,query_56,144.0,10
skew,low,monetdb,query_57,83.0,10
skew,low,monetdb,query_58,152.5,10
skew,low,monetdb,query_59,142.0,10
skew,low,monetdb,query_6,7495.0,10
skew,low,monetdb,query_61,179.5,10
skew,low,monetdb,query_62,43.5,10
skew,low,monetdb,query_63,148.5,10
skew,low,monetdb,query_64,75.5,10
skew,low,monetdb,query_65,97.5,10
skew,low,monetdb,query_66,106.5,10
skew,low,monetdb,query_67,367.5,10
skew,low,monetdb,query_68,3168.5,10
skew,low,monetdb,query_69,13849.5,10
skew,low,monetdb,query_7,76.0,10
skew,low,monetdb,query_70,716.5,10
skew,low,monetdb,query_71,2013.0,10
skew,low,monetdb,query_72,184.0,10
skew,low,monetdb,query_73,91.5,10
skew,low,monetdb,query_74,99.0,10
skew,low,monetdb,query_75,74.0,10
skew,low,monetdb,query_76,1509.0,10
skew,low,monetdb,query_77,1482.0,10
skew,low,monetdb,query_78,813.0,10
skew,low,monetdb,query_79,75.5,10
skew,low,monetdb,query_8,181.5,10
skew,low,monetdb,query_80,47.0,10
skew,low,monetdb,query_81,187.5,10
skew,low,monetdb,query_82,59.5,10
skew,low,monetdb,query_83,52.5,10
skew,low,monetdb,query_84,1646.0,10
skew,low,monetdb,query_85,119.0,10
skew,low,monetdb,query_86,1104.5,10
skew,low,monetdb,query_87,427.0,10
skew,low,monetdb,query_88,88.0,10
skew,low,monetdb,query_89,184.0,10
skew,low,monetdb,query_9,803.0,10
skew,low,monetdb,query_90,336.0,10
skew,low,monetdb,query_91,118.0,10
skew,low,monetdb,query_92,92.0,10
skew,low,monetdb,query_93,3255.0,10
skew,low,monetdb,query_95,101.0,10
skew,low,monetdb,query_96,868.0,10
skew,low,monetdb,query_97,102.0,10
skew,low,monetdb,query_98,831.0,10
skew,low,monetdb,query_99,109.5,10
skew,low,monetdb,query_union_U10,7027.5,10
skew,low,monetdb,query_union_U2,1070.0,10
skew,low,monetdb,query_union_U20,15154.0,10
skew,low,monetdb,query_union_U200,212379.5,10
skew,low,monetdb,query_union_U5,2492.5,10
combined,low,duckdb,query_1,207.5,10
combined,low,duckdb,query_10,710.0,10
combined,low,duckdb,query_11,319.0,10
combined,low,duckdb,query_12,337.5,10
combined,low,duckdb,query_13,223.5,10
combined,low,duckdb,query_14,265.0,10
combined,low,duckdb,query_15,287.0,10
combined,low,duckdb,query_16,492.5,10
combined,low,duckdb,query_17,301.0,10
combined,low,duckdb,query_18,329.5,10
combined,low,duckdb,query_19,379.0,10
combined,low,duckdb,query_2,453.5,10
combined,low,duckdb,query_20,542.5,10
combined,low,duckdb,query_21,1018.0,10
combined,low,duckdb,query_22,374.0,10
combined,low,duckdb,query_23,469.5,10
combined,low,duckdb,query_24,305.5,10
combined,low,duckdb,query_25,237.0,10
combined,low,duckdb,query_26,443.0,10
combined,low,duckdb,query_27,293.5,10
combined,low,duckdb,query_28,354.5,10
combined,low,duckdb,query_29,505.0,10
combined,low,duckdb,query_3,960.0,10
combined,low,duckdb,query_30,396.5,10
combined,low,duckdb,query_31,255.5,10
combined,low,duckdb,query_32,363.0,10
combined,low,duckdb,query_33,390.5,10
combined,low,duckdb,query_34,391.0,10
combined,low,duckdb,query_35,1474.0,10
combined,low,duckdb,query_36,394.5,10
combined,low,duckdb,query_37,344.0,10
combined,low,duckdb,query_38,475.5,10
combined,low,duckdb,query_39,473.0,10
combined,low,duckdb,query_4,198.5,10
combined,low,duckdb,query_40,197.0,10
combined,low,duckdb,query_41,492.0,10
combined,low,duckdb,query_42,611.5,10
combined,low,duckdb,query_43,479.0,10
combined,low,duckdb,query_44,249.5,10
combined,low,duckdb,query_45,391.5,10
combined,low,duckdb,query_46,1442.0,10
combined,low,duckdb,query_47,730.5,10
combined,low,duckdb,query_48,533.5,10
combined,low,duckdb,query_49,260.0,10
combined,low,duckdb,query_5,356.5,10
combined,low,duckdb,query_50,371.5,10
combined,low,duckdb,query_51,612.5,10
combined,low,duckdb,query_52,362.5,10
combined,low,duckdb,query_53,455.5,10
combined,low,duckdb,query_54,406.5,10
combined,low,duckdb,query_55,1878.5,10
combined,low,duckdb,query_56,342.0,10
combined,low,duckdb,query_57,285.5,10
combined,low,duckdb,query_58,271.5,10
combined,low,duckdb,query_59,423.5,10
combined,low,duckdb,query_6,434.5,10
combined,low,duckdb,query_60,326.0,10
combined,low,duckdb,query_61,397.0,10
combined,low,duckdb,query_62,225.5,10
combined,low,duckdb,query_63,608.5,10
combined,low,duckdb,query_64,294.5,10
combined,low,duckdb,query_65,255.0,10
combined,low,duckdb,query_66,363.5,10
combined,low,duckdb,query_67,329.0,10
combined,low,duckdb,query_68,507.0,10
combined,low,duckdb,query_69,729.5,10
combined,low,duckdb,query_7,224.5,10
combined,low,duckdb,query_70,475.0,10
combined,low,duckdb,query_71,621.5,10
combined,low,duckdb,query_72,465.0,10
combined,low,duckdb,query_73,347.0,10
combined,low,duckdb,query_74,377.0,10
combined,low,duckdb,query_75,325.5,10
combined,low,duckdb,query_76,483.0,10
combined,low,duckdb,query_77,419.0,10
combined,low,duckdb,query_78,267.5,10
combined,low,duckdb,query_79,318.5,10
combined,low,duckdb,query_8,394.5,10
combined,low,duckdb,query_80,220.5,10
combined,low,duckdb,query_81,356.0,10
combined,low,duckdb,query_82,279.5,10
combined,low,duckdb,query_83,397.5,10
combined,low,duckdb,query_84,364.0,10
combined,low,duckdb,query_85,324.0,10
combined,low,duckdb,query_86,259.0,10
combined,low,duckdb,query_87,695.0,10
combined,low,duckdb,query_88,318.5,10
combined,low,duckdb,query_89,377.5,10
combined,low,duckdb,query_9,333.0,10
combined,low,duckdb,query_90,247.5,10
combined,low,duckdb,query_91,406.0,10
combined,low,duckdb,query_92,259.0,10
combined,low,duckdb,query_93,689.0,10
combined,low,duckdb,query_94,348.0,10
combined,low,duckdb,query_95,424.0,10
combined,low,duckdb,query_96,306.0,10
combined,low,duckdb,query_97,436.0,10
combined,low,duckdb,query_98,363.5,10
combined,low,duckdb,query_99,407.5,10
combined,low,duckdb,query_union_U10,649.0,10
combined,low,duckdb,query_union_U2,277.5,10
combined,low,duckdb,query_union_U20,1180.0,10
combined,low,duckdb,query_union_U200,12724.5,10
combined,low,duckdb,query_union_U5,365.5,10
combined,low,cedardb,query_1,80.0,10
combined,low,cedardb,query_10,378.0,10
combined,low,cedardb,query_11,119.0,10
combined,low,cedardb,query_12,281.5,10
combined,low,cedardb,query_13,85.0,10
combined,low,cedardb,query_14,141.0,10
combined,low,cedardb,query_15,92.5,10
combined,low,cedardb,query_17,100.0,10
combined,low,cedardb,query_18,123.5,10
combined,low,cedardb,query_2,630.0,10
combined,low,cedardb,query_20,138.5,10
combined,low,cedardb,query_21,160.0,10
combined,low,cedardb,query_22,148.0,10
combined,low,cedardb,query_23,138.0,10
combined,low,cedardb,query_24,140.0,10
combined,low,cedardb,query_25,95.0,10
combined,low,cedardb,query_26,124.5,10
combined,low,cedardb,query_27,115.0,10
combined,low,cedardb,query_28,123.0,10
combined,low,cedardb,query_3,935.5,10
combined,low,cedardb,query_30,161.0,10
combined,low,cedardb,query_31,79.5,10
combined,low,cedardb,query_32,308.5,10
combined,low,cedardb,query_33,129.0,10
combined,low,cedardb,query_35,589.5,10
combined,low,cedardb,query_36,261.5,10
combined,low,cedardb,query_37,134.5,10
combined,low,cedardb,query_38,186.0,10
combined,low,cedardb,query_39,121.0,10
combined,low,cedardb,query_4,99.0,10
combined,low,cedardb,query_40,89.5,10
combined,low,cedardb,query_41,211.0,10
combined,low,cedardb,query_42,500.5,10
combined,low,cedardb,query_43,116.0,10
combined,low,cedardb,query_44,94.0,10
combined,low,cedardb,query_45,227.0,10
combined,low,cedardb,query_46,816.5,10
combined,low,cedardb,query_47,458.0,10
combined,low,cedardb,query_48,530.0,10
combined,low,cedardb,query_49,132.0,10
combined,low,cedardb,query_5,172.0,10
combined,low,cedardb,query_50,140.0,10
combined,low,cedardb,query_51,243.5,10
combined,low,cedardb,query_52,168.0,10
combined,low,cedardb,query_53,137.0,10
combined,low,cedardb,query_54,2540.0,10
combined,low,cedardb,query_55,1739.0,10
combined,low,cedardb,query_56,192.5,10
combined,low,cedardb,query_57,97.0,10
combined,low,cedardb,query_58,84.5,10
combined,low,cedardb,query_59,195.5,10
combined,low,cedardb,query_6,148.0,10
combined,low,cedardb,query_60,79.5,10
combined,low,cedardb,query_61,114.0,10
combined,low,cedardb,query_62,120.5,10
combined,low,cedardb,query_63,151.5,10
combined,low,cedardb,query_64,122.0,10
combined,low,cedardb,query_65,124.0,10
combined,low,cedardb,query_66,131.5,10
combined,low,cedardb,query_67,112.5,10
combined,low,cedardb,query_68,177.5,10
combined,low,cedardb,query_69,3135.0,10
combined,low,cedardb,query_7,90.5,10
combined,low,cedardb,query_70,1134.0,10
combined,low,cedardb,query_71,638.0,10
combined,low,cedardb,query_73,118.0,10
combined,low,cedardb,query_74,114.0,10
combined,low,cedardb,query_75,129.5,10
combined,low,cedardb,query_76,219.0,10
combined,low,cedardb,query_77,2279.5,10
combined,low,cedardb,query_79,90.0,10
combined,low,cedardb,query_8,205.0,10
combined,low,cedardb,query_80,90.0,10
combined,low,cedardb,query_81,113.0,10
combined,low,cedardb,query_82,95.0,10
combined,low,cedardb,query_83,148.5,10
combined,low,cedardb,query_84,190.0,10
combined,low,cedardb,query_85,225.5,10
combined,low,cedardb,query_86,120.0,10
combined,low,cedardb,query_87,221.0,10
combined,low,cedardb,query_88,123.0,10
combined,low,cedardb,query_89,148.5,10
combined,low,cedardb,query_9,164.0,10
combined,low,cedardb,query_91,93.5,10
combined,low,cedardb,query_92,87.0,10
combined,low,cedardb,query_93,326.0,10
combined,low,cedardb,query_94,147.0,10
combined,low,cedardb,query_95,132.5,10
combined,low,cedardb,query_97,134.5,10
combined,low,cedardb,query_98,169.5,10
combined,low,cedardb,query_99,126.5,10
combined,low,cedardb,query_union_U10,6412.0,10
combined,low,cedardb,query_union_U2,926.5,10
combined,low,cedardb,query_union_U20,15261.5,10
combined,low,cedardb,query_union_U200,175959.0,10
combined,low,cedardb,query_union_U5,2207.0,10
combined,low,monetdb,query_1,50.5,10
combined,low,monetdb,query_10,11920.5,10
combined,low,monetdb,query_11,30.0,10
combined,low,monetdb,query_12,191.5,10
combined,low,monetdb,query_13,68.5,10
combined,low,monetdb,query_14,448.0,10
combined,low,monetdb,query_15,91.0,10
combined,low,monetdb,query_16,670.0,10
combined,low,monetdb,query_17,278.5,10
combined,low,monetdb,query_18,64.5,10
combined,low,monetdb,query_2,428.0,10
combined,low,monetdb,query_20,864.0,10
combined,low,monetdb,query_21,31.5,10
combined,low,monetdb,query_22,123.5,10
combined,low,monetdb,query_23,138.0,10
combined,low,monetdb,query_25,90.0,10
combined,low,monetdb,query_26,615.0,10
combined,low,monetdb,query_27,89.5,10
combined,low,monetdb,query_28,260.0,10
combined,low,monetdb,query_29,276.0,10
combined,low,monetdb,query_3,6972.5,10
combined,low,monetdb,query_30,276.5,10
combined,low,monetdb,query_31,66.5,10
combined,low,monetdb,query_32,220.0,10
combined,low,monetdb,query_33,149.0,10
combined,low,monetdb,query_34,2568.0,10
combined,low,monetdb,query_35,12642.0,10
combined,low,monetdb,query_36,101.0,10
combined,low,monetdb,query_37,138.5,10
combined,low,monetdb,query_38,3098.0,10
combined,low,monetdb,query_4,43.5,10
combined,low,monetdb,query_40,55.5,10
combined,low,monetdb,query_41,1406.0,10
combined,low,monetdb,query_42,578.5,10
combined,low,monetdb,query_43,3834.5,10
combined,low,monetdb,query_44,61.0,10
combined,low,monetdb,query_45,222.5,10
combined,low,monetdb,query_46,9273.5,10
combined,low,monetdb,query_47,924.5,10
combined,low,monetdb,query_48,3044.0,10
combined,low,monetdb,query_49,137.0,10
combined,low,monetdb,query_5,7136.0,10
combined,low,monetdb,query_50,938.0,10
combined,low,monetdb,query_51,1749.5,10
combined,low,monetdb,query_52,1103.0,10
combined,low,monetdb,query_53,790.5,10
combined,low,monetdb,query_54,1337.5,10
combined,low,monetdb,query_55,6899.5,10
combined,low,monetdb,query_56,149.5,10
combined,low,monetdb,query_57,84.0,10
combined,low,monetdb,query_58,148.0,10
combined,low,monetdb,query_59,124.0,10
combined,low,monetdb,query_6,7995.0,10
combined,low,monetdb,query_61,179.5,10
combined,low,monetdb,query_62,47.0,10
combined,low,monetdb,query_63,137.5,10
combined,low,monetdb,query_64,78.0,10
combined,low,monetdb,query_65,97.5,10
combined,low,monetdb,query_66,102.5,10
combined,low,monetdb,query_67,465.5,10
combined,low,monetdb,query_68,3208.0,10
combined,low,monetdb,query_69,11540.0,10
combined,low,monetdb,query_7,75.0,10
combined,low,monetdb,query_70,682.0,10
combined,low,monetdb,query_71,2021.5,10
combined,low,monetdb,query_72,179.5,10
combined,low,monetdb,query_73,90.5,10
combined,low,monetdb,query_74,106.5,10
combined,low,monetdb,query_75,76.0,10
combined,low,monetdb,query_76,1512.5,10
combined,low,monetdb,query_77,1519.0,10
combined,low,monetdb,query_78,793.5,10
combined,low,monetdb,query_79,90.5,10
combined,low,monetdb,query_8,179.0,10
combined,low,monetdb,query_80,50.5,10
combined,low,monetdb,query_81,186.5,10
combined,low,monetdb,query_82,61.5,10
combined,low,monetdb,query_83,56.0,10
combined,low,monetdb,query_84,1633.0,10
combined,low,monetdb,query_85,125.5,10
combined,low,monetdb,query_86,1106.0,10
combined,low,monetdb,query_87,406.5,10
combined,low,monetdb,query_88,87.5,10
combined,low,monetdb,query_89,173.0,10
combined,low,monetdb,query_9,848.5,10
combined,low,monetdb,query_90,328.5,10
combined,low,monetdb,query_91,115.5,10
combined,low,monetdb,query_92,89.0,10
combined,low,monetdb,query_93,3174.0,10
combined,low,monetdb,query_95,102.0,10
combined,low,monetdb,query_96,724.0,10
combined,low,monetdb,query_97,99.0,10
combined,low,monetdb,query_98,821.5,10
combined,low,monetdb,query_99,99.5,10
combined,low,monetdb,query_union_U10,6877.5,10
combined,low,monetdb,query_union_U2,1042.5,10
combined,low,monetdb,query_union_U20,15191.5,10
combined,low,monetdb,query_union_U200,201224.0,10
combined,low,monetdb,query_union_U5,2609.5,10
baseline,medium,duckdb,query_1,200.5,10
baseline,medium,duckdb,query_10,649.0,10
baseline,medium,duckdb,query_11,317.0,10
baseline,medium,duckdb,query_12,319.5,10
baseline,medium,duckdb,query_13,213.0,10
baseline,medium,duckdb,query_14,259.5,10
baseline,medium,duckdb,query_15,285.0,10
baseline,medium,duckdb,query_16,484.0,10
baseline,medium,duckdb,query_17,306.0,10
baseline,medium,duckdb,query_18,312.0,10
baseline,medium,duckdb,query_19,374.5,10
baseline,medium,duckdb,query_2,438.5,10
baseline,medium,duckdb,query_20,558.0,10
baseline,medium,duckdb,query_21,1006.0,10
baseline,medium,duckdb,query_22,345.5,10
baseline,medium,duckdb,query_23,460.5,10
baseline,medium,duckdb,query_24,287.5,10
baseline,medium,duckdb,query_25,235.0,10
baseline,medium,duckdb,query_26,435.5,10
baseline,medium,duckdb,query_27,295.5,10
baseline,medium,duckdb,query_28,349.5,10
baseline,medium,duckdb,query_29,528.5,10
baseline,medium,duckdb,query_3,911.0,10
baseline,medium,duckdb,query_30,382.0,10
baseline,medium,duckdb,query_31,253.0,10
baseline,medium,duckdb,query_32,359.5,10
baseline,medium,duckdb,query_33,388.5,10
baseline,medium,duckdb,query_34,399.5,10
baseline,medium,duckdb,query_35,1297.5,10
baseline,medium,duckdb,query_36,384.0,10
baseline,medium,duckdb,query_37,338.0,10
baseline,medium,duckdb,query_38,460.5,10
baseline,medium,duckdb,query_39,475.0,10
baseline,medium,duckdb,query_4,189.5,10
baseline,medium,duckdb,query_40,191.0,10
baseline,medium,duckdb,query_41,492.0,10
baseline,medium,duckdb,query_42,593.0,10
baseline,medium,duckdb,query_43,480.0,10
baseline,medium,duckdb,query_44,243.5,10
baseline,medium,duckdb,query_45,369.5,10
baseline,medium,duckdb,query_46,1373.0,10
baseline,medium,duckdb,query_47,690.0,10
baseline,medium,duckdb,query_48,521.5,10
baseline,medium,duckdb,query_49,247.0,10
baseline,medium,duckdb,query_5,329.0,10
baseline,medium,duckdb,query_50,338.5,10
baseline,medium,duckdb,query_51,583.5,10
baseline,medium,duckdb,query_52,351.0,10
baseline,medium,duckdb,query_53,444.5,10
baseline,medium,duckdb,query_54,377.5,10
baseline,medium,duckdb,query_55,1417.0,10
baseline,medium,duckdb,query_56,319.0,10
baseline,medium,duckdb,query_57,284.5,10
baseline,medium,duckdb,query_58,260.5,10
baseline,medium,duckdb,query_59,405.5,10
baseline,medium,duckdb,query_6,414.0,10
baseline,medium,duckdb,query_60,336.0,10
baseline,medium,duckdb,query_61,370.0,10
baseline,medium,duckdb,query_62,208.0,10
baseline,medium,duckdb,query_63,589.0,10
baseline,medium,duckdb,query_64,290.5,10
baseline,medium,duckdb,query_65,260.0,10
baseline,medium,duckdb,query_66,354.0,10
baseline,medium,duckdb,query_67,324.0,10
baseline,medium,duckdb,query_68,474.5,10
baseline,medium,duckdb,query_69,675.5,10
baseline,medium,duckdb,query_7,209.5,10
baseline,medium,duckdb,query_70,459.0,10
baseline,medium,duckdb,query_71,621.5,10
baseline,medium,duckdb,query_72,444.0,10
baseline,medium,duckdb,query_73,356.0,10
baseline,medium,duckdb,query_74,364.0,10
baseline,medium,duckdb,query_75,312.5,10
baseline,medium,duckdb,query_76,435.5,10
baseline,medium,duckdb,query_77,387.0,10
baseline,medium,duckdb,query_78,239.5,10
baseline,medium,duckdb,query_79,320.0,10
baseline,medium,duckdb,query_8,372.5,10
baseline,medium,duckdb,query_80,196.0,10
baseline,medium,duckdb,query_81,331.0,10
baseline,medium,duckdb,query_82,254.5,10
baseline,medium,duckdb,query_83,373.5,10
baseline,medium,duckdb,query_84,356.5,10
baseline,medium,duckdb,query_85,293.0,10
baseline,medium,duckdb,query_86,247.5,10
baseline,medium,duckdb,query_87,657.5,10
baseline,medium,duckdb,query_88,278.5,10
baseline,medium,duckdb,query_89,402.0,10
baseline,medium,duckdb,query_9,330.0,10
baseline,medium,duckdb,query_90,227.5,10
baseline,medium,duckdb,query_91,388.5,10
baseline,medium,duckdb,query_92,224.0,10
baseline,medium,duckdb,query_93,612.5,10
baseline,medium,duckdb,query_94,344.0,10
baseline,medium,duckdb,query_95,459.5,10
baseline,medium,duckdb,query_96,281.5,10
baseline,medium,duckdb,query_97,429.0,10
baseline,medium,duckdb,query_98,391.0,10
baseline,medium,duckdb,query_99,406.0,10
baseline,medium,duckdb,query_union_U10,738.5,10
baseline,medium,duckdb,query_union_U2,267.5,10
baseline,medium,duckdb,query_union_U20,1319.0,10
baseline,medium,duckdb,query_union_U200,11791.5,10
baseline,medium,duckdb,query_union_U5,360.0,10
baseline,medium,cedardb,query_1,81.5,10
baseline,medium,cedardb,query_10,376.0,10
baseline,medium,cedardb,query_11,121.5,10
baseline,medium,cedardb,query_12,288.5,10
baseline,medium,cedardb,query_13,85.5,10
baseline,medium,cedardb,query_14,139.0,10
baseline,medium,cedardb,query_15,93.5,10
baseline,medium,cedardb,query_17,104.0,10
baseline,medium,cedardb,query_18,131.5,10
baseline,medium,cedardb,query_2,621.5,10
baseline,medium,cedardb,query_20,148.5,10
baseline,medium,cedardb,query_21,175.5,10
baseline,medium,cedardb,query_22,144.5,10
baseline,medium,cedardb,query_23,136.0,10
baseline,medium,cedardb,query_24,143.0,10
baseline,medium,cedardb,query_25,99.5,10
baseline,medium,cedardb,query_26,129.5,10
baseline,medium,cedardb,query_27,126.5,10
baseline,medium,cedardb,query_28,127.0,10
baseline,medium,cedardb,query_3,942.5,10
baseline,medium,cedardb,query_30,160.5,10
baseline,medium,cedardb,query_31,83.0,10
baseline,medium,cedardb,query_32,303.5,10
baseline,medium,cedardb,query_33,121.0,10
baseline,medium,cedardb,query_35,571.5,10
baseline,medium,cedardb,query_36,263.5,10
baseline,medium,cedardb,query_37,130.5,10
baseline,medium,cedardb,query_38,184.0,10
baseline,medium,cedardb,query_39,120.0,10
baseline,medium,cedardb,query_4,97.5,10
baseline,medium,cedardb,query_40,91.5,10
baseline,medium,cedardb,query_41,223.5,10
baseline,medium,cedardb,query_42,488.0,10
baseline,medium,cedardb,query_43,108.0,10
baseline,medium,cedardb,query_44,109.0,10
baseline,medium,cedardb,query_45,223.5,10
baseline,medium,cedardb,query_46,812.5,10
baseline,medium,cedardb,query_47,451.0,10
baseline,medium,cedardb,query_48,546.0,10
baseline,medium,cedardb,query_49,135.0,10
baseline,medium,cedardb,query_5,171.0,10
baseline,medium,cedardb,query_50,151.0,10
baseline,medium,cedardb,query_51,234.5,10
baseline,medium,cedardb,query_52,169.0,10
baseline,medium,cedardb,query_53,178.5,10
baseline,medium,cedardb,query_54,2494.5,10
baseline,medium,cedardb,query_55,1693.5,10
baseline,medium,cedardb,query_56,198.5,10
baseline,medium,cedardb,query_57,101.5,10
baseline,medium,cedardb,query_58,80.0,10
baseline,medium,cedardb,query_59,205.5,10
baseline,medium,cedardb,query_6,156.0,10
baseline,medium,cedardb,query_60,74.5,10
baseline,medium,cedardb,query_61,119.0,10
baseline,medium,cedardb,query_62,125.0,10
baseline,medium,cedardb,query_63,147.5,10
baseline,medium,cedardb,query_64,109.5,10
baseline,medium,cedardb,query_65,124.5,10
baseline,medium,cedardb,query_66,136.5,10
baseline,medium,cedardb,query_67,107.5,10
baseline,medium,cedardb,query_68,172.0,10
baseline,medium,cedardb,query_69,3120.5,10
baseline,medium,cedardb,query_7,103.5,10
baseline,medium,cedardb,query_70,1134.0,10
baseline,medium,cedardb,query_71,631.5,10
baseline,medium,cedardb,query_73,118.0,10
baseline,medium,cedardb,query_74,115.0,10
baseline,medium,cedardb,query_75,117.5,10
baseline,medium,cedardb,query_76,233.0,10
baseline,medium,cedardb,query_77,2265.5,10
baseline,medium,cedardb,query_79,94.0,10
baseline,medium,cedardb,query_8,207.5,10
baseline,medium,cedardb,query_80,85.5,10
baseline,medium,cedardb,query_81,99.5,10
baseline,medium,cedardb,query_82,95.5,10
baseline,medium,cedardb,query_83,143.5,10
baseline,medium,cedardb,query_84,193.5,10
baseline,medium,cedardb,query_85,224.5,10
baseline,medium,cedardb,query_86,116.5,10
baseline,medium,cedardb,query_87,209.5,10
baseline,medium,cedardb,query_88,108.0,10
baseline,medium,cedardb,query_89,148.0,10
baseline,medium,cedardb,query_9,165.0,10
baseline,medium,cedardb,query_91,94.0,10
baseline,medium,cedardb,query_92,78.5,10
baseline,medium,cedardb,query_93,316.0,10
baseline,medium,cedardb,query_94,147.5,10
baseline,medium,cedardb,query_95,134.0,10
baseline,medium,cedardb,query_97,138.5,10
baseline,medium,cedardb,query_98,179.5,10
baseline,medium,cedardb,query_99,121.5,10
baseline,medium,cedardb,query_union_U10,6647.5,10
baseline,medium,cedardb,query_union_U2,925.0,10
baseline,medium,cedardb,query_union_U20,15469.5,10
baseline,medium,cedardb,query_union_U200,178645.0,10
baseline,medium,cedardb,query_union_U5,2210.5,10
baseline,medium,monetdb,query_1,50.5,10
baseline,medium,monetdb,query_10,10485.5,10
baseline,medium,monetdb,query_11,31.0,10
baseline,medium,monetdb,query_12,198.5,10
baseline,medium,monetdb,query_13,69.0,10
baseline,medium,monetdb,query_14,435.5,10
baseline,medium,monetdb,query_15,89.0,10
baseline,medium,monetdb,query_16,684.5,10
baseline,medium,monetdb,query_17,305.0,10
baseline,medium,monetdb,query_18,65.0,10
baseline,medium,monetdb,query_2,408.0,10
baseline,medium,monetdb,query_20,831.5,10
baseline,medium,monetdb,query_21,30.0,10
baseline,medium,monetdb,query_22,136.5,10
baseline,medium,monetdb,query_23,134.5,10
baseline,medium,monetdb,query_25,94.0,10
baseline,medium,monetdb,query_26,656.0,10
baseline,medium,monetdb,query_27,86.0,10
baseline,medium,monetdb,query_28,268.0,10
baseline,medium,monetdb,query_29,268.5,10
baseline,medium,monetdb,query_3,6268.5,10
baseline,medium,monetdb,query_30,271.0,10
baseline,medium,monetdb,query_31,55.5,10
baseline,medium,monetdb,query_32,214.0,10
baseline,medium,monetdb,query_33,157.0,10
baseline,medium,monetdb,query_34,2252.0,10
baseline,medium,monetdb,query_35,12144.5,10
baseline,medium,monetdb,query_36,102.5,10
baseline,medium,monetdb,query_37,130.5,10
baseline,medium,monetdb,query_38,2934.0,10
baseline,medium,monetdb,query_4,44.5,10
baseline,medium,monetdb,query_40,58.0,10
baseline,medium,monetdb,query_41,1374.5,10
baseline,medium,monetdb,query_42,558.5,10
baseline,medium,monetdb,query_43,3316.5,10
baseline,medium,monetdb,query_44,57.5,10
baseline,medium,monetdb,query_45,203.0,10
baseline,medium,monetdb,query_46,9318.0,10
baseline,medium,monetdb,query_47,982.5,10
baseline,medium,monetdb,query_48,3824.0,10
baseline,medium,monetdb,query_49,129.5,10
baseline,medium,monetdb,query_5,7261.0,10
baseline,medium,monetdb,query_50,982.5,10
baseline,medium,monetdb,query_51,1746.0,10
baseline,medium,monetdb,query_52,1112.5,10
baseline,medium,monetdb,query_53,787.5,10
baseline,medium,monetdb,query_54,1381.0,10
baseline,medium,monetdb,query_55,6977.0,10
baseline,medium,monetdb,query_56,142.5,10
baseline,medium,monetdb,query_57,78.0,10
baseline,medium,monetdb,query_58,149.0,10
baseline,medium,monetdb,query_59,132.0,10
baseline,medium,monetdb,query_6,7365.0,10
baseline,medium,monetdb,query_61,168.0,10
baseline,medium,monetdb,query_62,49.5,10
baseline,medium,monetdb,query_63,149.0,10
baseline,medium,monetdb,query_64,71.5,10
baseline,medium,monetdb,query_65,98.0,10
baseline,medium,monetdb,query_66,100.0,10
baseline,medium,monetdb,query_67,380.5,10
baseline,medium,monetdb,query_68,3125.0,10
baseline,medium,monetdb,query_69,10259.5,10
baseline,medium,monetdb,query_7,73.5,10
baseline,medium,monetdb,query_70,725.5,10
baseline,medium,monetdb,query_71,1899.5,10
baseline,medium,monetdb,query_72,177.0,10
baseline,medium,monetdb,query_73,91.0,10
baseline,medium,monetdb,query_74,99.5,10
baseline,medium,monetdb,query_75,67.0,10
baseline,medium,monetdb,query_76,1541.5,10
baseline,medium,monetdb,query_77,1477.0,10
baseline,medium,monetdb,query_78,767.5,10
baseline,medium,monetdb,query_79,86.0,10
baseline,medium,monetdb,query_8,171.5,10
baseline,medium,monetdb,query_80,46.5,10
baseline,medium,monetdb,query_81,186.0,10
baseline,medium,monetdb,query_82,61.5,10
baseline,medium,monetdb,query_83,52.5,10
baseline,medium,monetdb,query_84,1639.5,10
baseline,medium,monetdb,query_85,121.5,10
baseline,medium,monetdb,query_86,1081.5,10
baseline,medium,monetdb,query_87,406.5,10
baseline,medium,monetdb,query_88,83.5,10
baseline,medium,monetdb,query_89,179.5,10
baseline,medium,monetdb,query_9,792.0,10
baseline,medium,monetdb,query_90,330.0,10
baseline,medium,monetdb,query_91,117.5,10
baseline,medium,monetdb,query_92,91.0,10
baseline,medium,monetdb,query_93,3186.0,10
baseline,medium,monetdb,query_95,101.0,10
baseline,medium,monetdb,query_96,831.5,10
baseline,medium,monetdb,query_97,100.0,10
baseline,medium,monetdb,query_98,787.5,10
baseline,medium,monetdb,query_99,127.5,10
baseline,medium,monetdb,query_union_U10,6903.0,10
baseline,medium,monetdb,query_union_U2,1019.0,10
baseline,medium,monetdb,query_union_U20,14872.5,10
baseline,medium,monetdb,query_union_U200,200702.5,10
baseline,medium,monetdb,query_union_U5,2504.0,10
sparsity,medium,duckdb,query_1,196.5,10
sparsity,medium,duckdb,query_10,652.5,10
sparsity,medium,duckdb,query_11,311.0,10
sparsity,medium,duckdb,query_12,312.5,10
sparsity,medium,duckdb,query_13,216.5,10
sparsity,medium,duckdb,query_14,260.0,10
sparsity,medium,duckdb,query_15,272.0,10
sparsity,medium,duckdb,query_16,459.0,10
sparsity,medium,duckdb,query_17,219.5,10
sparsity,medium,duckdb,query_18,305.0,10
sparsity,medium,duckdb,query_19,367.5,10
sparsity,medium,duckdb,query_2,409.0,10
sparsity,medium,duckdb,query_20,522.5,10
sparsity,medium,duckdb,query_21,998.5,10
sparsity,medium,duckdb,query_22,342.5,10
sparsity,medium,duckdb,query_23,476.5,10
sparsity,medium,duckdb,query_24,284.0,10
sparsity,medium,duckdb,query_25,228.0,10
sparsity,medium,duckdb,query_26,423.0,10
sparsity,medium,duckdb,query_27,279.0,10
sparsity,medium,duckdb,query_28,340.0,10
sparsity,medium,duckdb,query_29,518.0,10
sparsity,medium,duckdb,query_3,857.0,10
sparsity,medium,duckdb,query_30,369.0,10
sparsity,medium,duckdb,query_31,233.5,10
sparsity,medium,duckdb,query_32,334.5,10
sparsity,medium,duckdb,query_33,389.5,10
sparsity,medium,duckdb,query_34,365.0,10
sparsity,medium,duckdb,query_35,1196.0,10
sparsity,medium,duckdb,query_36,368.5,10
sparsity,medium,duckdb,query_37,355.0,10
sparsity,medium,duckdb,query_38,461.0,10
sparsity,medium,duckdb,query_39,489.0,10
sparsity,medium,duckdb,query_4,188.5,10
sparsity,medium,duckdb,query_40,185.0,10
sparsity,medium,duckdb,query_41,463.5,10
sparsity,medium,duckdb,query_42,572.5,10
sparsity,medium,duckdb,query_43,478.5,10
sparsity,medium,duckdb,query_44,234.5,10
sparsity,medium,duckdb,query_45,363.5,10
sparsity,medium,duckdb,query_46,1503.0,10
sparsity,medium,duckdb,query_47,640.0,10
sparsity,medium,duckdb,query_48,483.0,10
sparsity,medium,duckdb,query_49,250.5,10
sparsity,medium,duckdb,query_5,331.5,10
sparsity,medium,duckdb,query_50,340.5,10
sparsity,medium,duckdb,query_51,533.5,10
sparsity,medium,duckdb,query_52,337.5,10
sparsity,medium,duckdb,query_53,409.0,10
sparsity,medium,duckdb,query_54,385.5,10
sparsity,medium,duckdb,query_55,1400.5,10
sparsity,medium,duckdb,query_56,314.5,10
sparsity,medium,duckdb,query_57,284.5,10
sparsity,medium,duckdb,query_58,264.0,10
sparsity,medium,duckdb,query_59,408.5,10
sparsity,medium,duckdb,query_6,375.0,10
sparsity,medium,duckdb,query_60,336.5,10
sparsity,medium,duckdb,query_61,368.0,10
sparsity,medium,duckdb,query_62,215.5,10
sparsity,medium,duckdb,query_63,586.5,10
sparsity,medium,duckdb,query_64,273.5,10
sparsity,medium,duckdb,query_65,238.0,10
sparsity,medium,duckdb,query_66,366.5,10
sparsity,medium,duckdb,query_67,305.5,10
sparsity,medium,duckdb,query_68,519.0,10
sparsity,medium,duckdb,query_69,660.0,10
sparsity,medium,duckdb,query_7,210.0,10
sparsity,medium,duckdb,query_70,460.5,10
sparsity,medium,duckdb,query_71,543.5,10
sparsity,medium,duckdb,query_72,454.0,10
sparsity,medium,duckdb,query_73,355.0,10
sparsity,medium,duckdb,query_74,359.5,10
sparsity,medium,duckdb,query_75,308.5,10
sparsity,medium,duckdb,query_76,452.5,10
sparsity,medium,duckdb,query_77,396.0,10
sparsity,medium,duckdb,query_78,243.0,10
sparsity,medium,duckdb,query_79,308.5,10
sparsity,medium,duckdb,query_8,364.5,10
sparsity,medium,duckdb,query_80,210.0,10
sparsity,medium,duckdb,query_81,318.0,10
sparsity,medium,duckdb,query_82,256.0,10
sparsity,medium,duckdb,query_83,357.0,10
sparsity,medium,duckdb,query_84,355.5,10
sparsity,medium,duckdb,query_85,289.5,10
sparsity,medium,duckdb,query_86,234.5,10
sparsity,medium,duckdb,query_87,580.0,10
sparsity,medium,duckdb,query_88,279.5,10
sparsity,medium,duckdb,query_89,385.5,10
sparsity,medium,duckdb,query_9,335.5,10
sparsity,medium,duckdb,query_90,237.5,10
sparsity,medium,duckdb,query_91,393.0,10
sparsity,medium,duckdb,query_92,236.5,10
sparsity,medium,duckdb,query_93,605.0,10
sparsity,medium,duckdb,query_94,346.0,10
sparsity,medium,duckdb,query_95,457.0,10
sparsity,medium,duckdb,query_96,287.0,10
sparsity,medium,duckdb,query_97,410.5,10
sparsity,medium,duckdb,query_98,288.0,10
sparsity,medium,duckdb,query_99,391.5,10
sparsity,medium,duckdb,query_union_U10,730.0,10
sparsity,medium,duckdb,query_union_U2,270.5,10
sparsity,medium,duckdb,query_union_U20,1352.0,10
sparsity,medium,duckdb,query_union_U200,11968.0,10
sparsity,medium,duckdb,query_union_U5,345.5,10
sparsity,medium,cedardb,query_1,83.5,10
sparsity,medium,cedardb,query_10,377.5,10
sparsity,medium,cedardb,query_11,124.5,10
sparsity,medium,cedardb,query_12,231.5,10
sparsity,medium,cedardb,query_13,87.0,10
sparsity,medium,cedardb,query_14,141.0,10
sparsity,medium,cedardb,query_15,92.0,10
sparsity,medium,cedardb,query_17,76.0,10
sparsity,medium,cedardb,query_18,121.0,10
sparsity,medium,cedardb,query_2,457.5,10
sparsity,medium,cedardb,query_20,158.5,10
sparsity,medium,cedardb,query_21,139.0,10
sparsity,medium,cedardb,query_22,147.0,10
sparsity,medium,cedardb,query_23,136.0,10
sparsity,medium,cedardb,query_24,144.0,10
sparsity,medium,cedardb,query_25,104.5,10
sparsity,medium,cedardb,query_26,127.5,10
sparsity,medium,cedardb,query_27,117.0,10
sparsity,medium,cedardb,query_28,124.0,10
sparsity,medium,cedardb,query_3,914.5,10
sparsity,medium,cedardb,query_30,164.0,10
sparsity,medium,cedardb,query_31,84.5,10
sparsity,medium,cedardb,query_32,246.0,10
sparsity,medium,cedardb,query_33,123.5,10
sparsity,medium,cedardb,query_35,746.0,10
sparsity,medium,cedardb,query_36,244.0,10
sparsity,medium,cedardb,query_37,130.5,10
sparsity,medium,cedardb,query_38,185.0,10
sparsity,medium,cedardb,query_39,122.0,10
sparsity,medium,cedardb,query_4,96.0,10
sparsity,medium,cedardb,query_40,87.0,10
sparsity,medium,cedardb,query_41,220.0,10
sparsity,medium,cedardb,query_42,440.5,10
sparsity,medium,cedardb,query_43,114.0,10
sparsity,medium,cedardb,query_44,99.0,10
sparsity,medium,cedardb,query_45,230.5,10
sparsity,medium,cedardb,query_46,10660.5,10
sparsity,medium,cedardb,query_47,372.5,10
sparsity,medium,cedardb,query_48,482.5,10
sparsity,medium,cedardb,query_49,136.0,10
sparsity,medium,cedardb,query_5,167.5,10
sparsity,medium,cedardb,query_50,145.5,10
sparsity,medium,cedardb,query_51,232.5,10
sparsity,medium,cedardb,query_52,156.5,10
sparsity,medium,cedardb,query_53,172.5,10
sparsity,medium,cedardb,query_54,2492.0,10
sparsity,medium,cedardb,query_55,1677.0,10
sparsity,medium,cedardb,query_56,183.0,10
sparsity,medium,cedardb,query_57,97.5,10
sparsity,medium,cedardb,query_58,77.5,10
sparsity,medium,cedardb,query_59,192.0,10
sparsity,medium,cedardb,query_6,132.5,10
sparsity,medium,cedardb,query_60,75.5,10
sparsity,medium,cedardb,query_61,114.5,10
sparsity,medium,cedardb,query_62,88.5,10
sparsity,medium,cedardb,query_63,139.0,10
sparsity,medium,cedardb,query_64,100.0,10
sparsity,medium,cedardb,query_65,122.0,10
sparsity,medium,cedardb,query_66,125.5,10
sparsity,medium,cedardb,query_67,107.0,10
sparsity,medium,cedardb,query_68,173.0,10
sparsity,medium,cedardb,query_69,3732.5,10
sparsity,medium,cedardb,query_7,99.0,10
sparsity,medium,cedardb,query_70,1096.0,10
sparsity,medium,cedardb,query_71,444.0,10
sparsity,medium,cedardb,query_73,116.0,10
sparsity,medium,cedardb,query_74,97.0,10
sparsity,medium,cedardb,query_75,128.0,10
sparsity,medium,cedardb,query_76,231.0,10
sparsity,medium,cedardb,query_77,2226.5,10
sparsity,medium,cedardb,query_79,91.5,10
sparsity,medium,cedardb,query_8,187.0,10
sparsity,medium,cedardb,query_80,90.5,10
sparsity,medium,cedardb,query_81,106.0,10
sparsity,medium,cedardb,query_82,93.5,10
sparsity,medium,cedardb,query_83,145.5,10
sparsity,medium,cedardb,query_84,176.5,10
sparsity,medium,cedardb,query_85,187.0,10
sparsity,medium,cedardb,query_86,115.0,10
sparsity,medium,cedardb,query_87,199.5,10
sparsity,medium,cedardb,query_88,123.0,10
sparsity,medium,cedardb,query_89,144.0,10
sparsity,medium,cedardb,query_9,191.5,10
sparsity,medium,cedardb,query_91,101.5,10
sparsity,medium,cedardb,query_92,80.5,10
sparsity,medium,cedardb,query_93,316.5,10
sparsity,medium,cedardb,query_94,147.5,10
sparsity,medium,cedardb,query_95,126.0,10
sparsity,medium,cedardb,query_97,132.5,10
sparsity,medium,cedardb,query_98,170.5,10
sparsity,medium,cedardb,query_99,122.5,10
sparsity,medium,cedardb,query_union_U10,6646.0,10
sparsity,medium,cedardb,query_union_U2,929.5,10
sparsity,medium,cedardb,query_union_U20,15595.5,10
sparsity,medium,cedardb,query_union_U200,178996.0,10
sparsity,medium,cedardb,query_union_U5,2221.0,10
sparsity,medium,monetdb,query_1,48.5,10
sparsity,medium,monetdb,query_10,10688.5,10
sparsity,medium,monetdb,query_11,30.0,10
sparsity,medium,monetdb,query_12,186.5,10
sparsity,medium,monetdb,query_13,72.5,10
sparsity,medium,monetdb,query_14,432.0,10
sparsity,medium,monetdb,query_15,87.0,10
sparsity,medium,monetdb,query_16,600.5,10
sparsity,medium,monetdb,query_17,256.0,10
sparsity,medium,monetdb,query_18,62.0,10
sparsity,medium,monetdb,query_2,308.0,10
sparsity,medium,monetdb,query_20,740.0,10
sparsity,medium,monetdb,query_21,30.0,10
sparsity,medium,monetdb,query_22,117.5,10
sparsity,medium,monetdb,query_23,129.5,10
sparsity,medium,monetdb,query_25,94.5,10
sparsity,medium,monetdb,query_26,641.0,10
sparsity,medium,monetdb,query_27,91.5,10
sparsity,medium,monetdb,query_28,254.5,10
sparsity,medium,monetdb,query_29,264.5,10
sparsity,medium,monetdb,query_3,5702.5,10
sparsity,medium,monetdb,query_30,273.0,10
sparsity,medium,monetdb,query_31,60.0,10
sparsity,medium,monetdb,query_32,150.5,10
sparsity,medium,monetdb,query_33,146.0,10
sparsity,medium,monetdb,query_34,967.0,10
sparsity,medium,monetdb,query_35,12043.5,10
sparsity,medium,monetdb,query_36,100.5,10
sparsity,medium,monetdb,query_37,133.0,10
sparsity,medium,monetdb,query_38,2989.5,10
sparsity,medium,monetdb,query_4,43.0,10
sparsity,medium,monetdb,query_40,43.5,10
sparsity,medium,monetdb,query_41,1373.0,10
sparsity,medium,monetdb,query_42,562.5,10
sparsity,medium,monetdb,query_43,3392.0,10
sparsity,medium,monetdb,query_44,56.0,10
sparsity,medium,monetdb,query_45,221.0,10
sparsity,medium,monetdb,query_46,18824.5,10
sparsity,medium,monetdb,query_47,948.5,10
sparsity,medium,monetdb,query_48,1592.5,10
sparsity,medium,monetdb,query_49,128.0,10
sparsity,medium,monetdb,query_5,6599.0,10
sparsity,medium,monetdb,query_50,966.0,10
sparsity,medium,monetdb,query_51,1647.5,10
sparsity,medium,monetdb,query_52,1124.0,10
sparsity,medium,monetdb,query_53,772.5,10
sparsity,medium,monetdb,query_54,1340.0,10
sparsity,medium,monetdb,query_55,6902.0,10
sparsity,medium,monetdb,query_56,129.5,10
sparsity,medium,monetdb,query_57,79.0,10
sparsity,medium,monetdb,query_58,147.0,10
sparsity,medium,monetdb,query_59,137.0,10
sparsity,medium,monetdb,query_6,6259.0,10
sparsity,medium,monetdb,query_61,171.0,10
sparsity,medium,monetdb,query_62,37.5,10
sparsity,medium,monetdb,query_63,146.5,10
sparsity,medium,monetdb,query_64,69.0,10
sparsity,medium,monetdb,query_65,70.5,10
sparsity,medium,monetdb,query_66,106.0,10
sparsity,medium,monetdb,query_67,302.0,10
sparsity,medium,monetdb,query_68,2737.5,10
sparsity,medium,monetdb,query_69,10324.0,10
sparsity,medium,monetdb,query_7,68.5,10
sparsity,medium,monetdb,query_70,716.0,10
sparsity,medium,monetdb,query_71,1857.0,10
sparsity,medium,monetdb,query_72,186.0,10
sparsity,medium,monetdb,query_73,95.0,10
sparsity,medium,monetdb,query_74,102.5,10
sparsity,medium,monetdb,query_75,67.5,10
sparsity,medium,monetdb,query_76,1485.5,10
sparsity,medium,monetdb,query_77,1514.5,10
sparsity,medium,monetdb,query_78,768.5,10
sparsity,medium,monetdb,query_79,91.5,10
sparsity,medium,monetdb,query_8,187.5,10
sparsity,medium,monetdb,query_80,49.5,10
sparsity,medium,monetdb,query_81,173.0,10
sparsity,medium,monetdb,query_82,61.0,10
sparsity,medium,monetdb,query_83,54.5,10
sparsity,medium,monetdb,query_84,1640.0,10
sparsity,medium,monetdb,query_85,98.0,10
sparsity,medium,monetdb,query_86,1082.0,10
sparsity,medium,monetdb,query_87,365.5,10
sparsity,medium,monetdb,query_88,84.5,10
sparsity,medium,monetdb,query_89,176.0,10
sparsity,medium,monetdb,query_9,780.0,10
sparsity,medium,monetdb,query_90,322.0,10
sparsity,medium,monetdb,query_91,121.0,10
sparsity,medium,monetdb,query_92,97.0,10
sparsity,medium,monetdb,query_93,3004.0,10
sparsity,medium,monetdb,query_95,100.5,10
sparsity,medium,monetdb,query_96,971.5,10
sparsity,medium,monetdb,query_97,108.0,10
sparsity,medium,monetdb,query_98,774.0,10
sparsity,medium,monetdb,query_99,128.5,10
sparsity,medium,monetdb,query_union_U10,6969.0,10
sparsity,medium,monetdb,query_union_U2,1026.5,10
sparsity,medium,monetdb,query_union_U20,14831.5,10
sparsity,medium,monetdb,query_union_U200,211196.0,10
sparsity,medium,monetdb,query_union_U5,2525.0,10
skew,medium,duckdb,query_1,198.0,10
skew,medium,duckdb,query_10,679.5,10
skew,medium,duckdb,query_11,309.5,10
skew,medium,duckdb,query_12,323.0,10
skew,medium,duckdb,query_13,207.0,10
skew,medium,duckdb,query_14,256.5,10
skew,medium,duckdb,query_15,279.0,10
skew,medium,duckdb,query_16,473.5,10
skew,medium,duckdb,query_17,293.0,10
skew,medium,duckdb,query_18,313.0,10
skew,medium,duckdb,query_19,364.0,10
skew,medium,duckdb,query_2,433.0,10
skew,medium,duckdb,query_20,552.5,10
skew,medium,duckdb,query_21,1000.0,10
skew,medium,duckdb,query_22,343.5,10
skew,medium,duckdb,query_23,467.0,10
skew,medium,duckdb,query_24,278.0,10
skew,medium,duckdb,query_25,211.5,10
skew,medium,duckdb,query_26,440.5,10
skew,medium,duckdb,query_27,291.5,10
skew,medium,duckdb,query_28,352.5,10
skew,medium,duckdb,query_29,515.0,10
skew,medium,duckdb,query_3,900.0,10
skew,medium,duckdb,query_30,379.0,10
skew,medium,duckdb,query_31,242.0,10
skew,medium,duckdb,query_32,360.5,10
skew,medium,duckdb,query_33,374.5,10
skew,medium,duckdb,query_34,397.0,10
skew,medium,duckdb,query_35,1330.0,10
skew,medium,duckdb,query_36,373.5,10
skew,medium,duckdb,query_37,331.5,10
skew,medium,duckdb,query_38,468.5,10
skew,medium,duckdb,query_39,446.0,10
skew,medium,duckdb,query_4,182.0,10
skew,medium,duckdb,query_40,189.0,10
skew,medium,duckdb,query_41,477.5,10
skew,medium,duckdb,query_42,569.5,10
skew,medium,duckdb,query_43,473.5,10
skew,medium,duckdb,query_44,248.0,10
skew,medium,duckdb,query_45,374.5,10
skew,medium,duckdb,query_46,1351.5,10
skew,medium,duckdb,query_47,678.0,10
skew,medium,duckdb,query_48,527.5,10
skew,medium,duckdb,query_49,242.0,10
skew,medium,duckdb,query_5,341.5,10
skew,medium,duckdb,query_50,344.5,10
skew,medium,duckdb,query_51,572.5,10
skew,medium,duckdb,query_52,344.5,10
skew,medium,duckdb,query_53,449.5,10
skew,medium,duckdb,query_54,383.0,10
skew,medium,duckdb,query_55,1406.5,10
skew,medium,duckdb,query_56,333.0,10
skew,medium,duckdb,query_57,270.0,10
skew,medium,duckdb,query_58,271.0,10
skew,medium,duckdb,query_59,412.0,10
skew,medium,duckdb,query_6,411.0,10
skew,medium,duckdb,query_60,335.0,10
skew,medium,duckdb,query_61,361.5,10
skew,medium,duckdb,query_62,214.5,10
skew,medium,duckdb,query_63,575.0,10
skew,medium,duckdb,query_64,283.0,10
skew,medium,duckdb,query_65,253.0,10
skew,medium,duckdb,query_66,361.5,10
skew,medium,duckdb,query_67,320.5,10
skew,medium,duckdb,query_68,469.0,10
skew,medium,duckdb,query_69,664.5,10
skew,medium,duckdb,query_7,206.5,10
skew,medium,duckdb,query_70,456.5,10
skew,medium,duckdb,query_71,602.0,10
skew,medium,duckdb,query_72,441.5,10
skew,medium,duckdb,query_73,345.0,10
skew,medium,duckdb,query_74,350.0,10
skew,medium,duckdb,query_75,303.5,10
skew,medium,duckdb,query_76,439.0,10
skew,medium,duckdb,query_77,390.0,10
skew,medium,duckdb,query_78,243.0,10
skew,medium,duckdb,query_79,315.5,10
skew,medium,duckdb,query_8,368.5,10
skew,medium,duckdb,query_80,196.0,10
skew,medium,duckdb,query_81,336.5,10
skew,medium,duckdb,query_82,257.5,10
skew,medium,duckdb,query_83,361.5,10
skew,medium,duckdb,query_84,347.0,10
skew,medium,duckdb,query_85,298.5,10
skew,medium,duckdb,query_86,237.5,10
skew,medium,duckdb,query_87,643.5,10
skew,medium,duckdb,query_88,282.5,10
skew,medium,duckdb,query_89,388.5,10
skew,medium,duckdb,query_9,325.5,10
skew,medium,duckdb,query_90,228.5,10
skew,medium,duckdb,query_91,379.5,10
skew,medium,duckdb,query_92,232.5,10
skew,medium,duckdb,query_93,616.5,10
skew,medium,duckdb,query_94,370.5,10
skew,medium,duckdb,query_95,469.0,10
skew,medium,duckdb,query_96,278.5,10
skew,medium,duckdb,query_97,416.0,10
skew,medium,duckdb,query_98,391.0,10
skew,medium,duckdb,query_99,394.5,10
skew,medium,duckdb,query_union_U10,716.5,10
skew,medium,duckdb,query_union_U2,284.0,10
skew,medium,duckdb,query_union_U20,1205.5,10
skew,medium,duckdb,query_union_U200,11564.0,10
skew,medium,duckdb,query_union_U5,350.5,10
skew,medium,cedardb,query_1,80.0,10
skew,medium,cedardb,query_10,374.5,10
skew,medium,cedardb,query_11,120.0,10
skew,medium,cedardb,query_12,275.5,10
skew,medium,cedardb,query_13,95.0,10
skew,medium,cedardb,query_14,140.5,10
skew,medium,cedardb,query_15,95.0,10
skew,medium,cedardb,query_17,102.5,10
skew,medium,cedardb,query_18,127.0,10
skew,medium,cedardb,query_2,615.5,10
skew,medium,cedardb,query_20,138.0,10
skew,medium,cedardb,query_21,139.0,10
skew,medium,cedardb,query_22,149.0,10
skew,medium,cedardb,query_23,130.5,10
skew,medium,cedardb,query_24,139.5,10
skew,medium,cedardb,query_25,99.5,10
skew,medium,cedardb,query_26,122.5,10
skew,medium,cedardb,query_27,118.5,10
skew,medium,cedardb,query_28,126.0,10
skew,medium,cedardb,query_3,916.5,10
skew,medium,cedardb,query_30,166.5,10
skew,medium,cedardb,query_31,84.5,10
skew,medium,cedardb,query_32,309.0,10
skew,medium,cedardb,query_33,116.0,10
skew,medium,cedardb,query_35,584.0,10
skew,medium,cedardb,query_36,245.5,10
skew,medium,cedardb,query_37,127.0,10
skew,medium,cedardb,query_38,185.0,10
skew,medium,cedardb,query_39,120.0,10
skew,medium,cedardb,query_4,96.0,10
skew,medium,cedardb,query_40,93.5,10
skew,medium,cedardb,query_41,209.0,10
skew,medium,cedardb,query_42,474.0,10
skew,medium,cedardb,query_43,122.0,10
skew,medium,cedardb,query_44,99.5,10
skew,medium,cedardb,query_45,235.5,10
skew,medium,cedardb,query_46,807.0,10
skew,medium,cedardb,query_47,446.0,10
skew,medium,cedardb,query_48,506.5,10
skew,medium,cedardb,query_49,136.0,10
skew,medium,cedardb,query_5,166.5,10
skew,medium,cedardb,query_50,143.0,10
skew,medium,cedardb,query_51,231.5,10
skew,medium,cedardb,query_52,175.0,10
skew,medium,cedardb,query_53,166.0,10
skew,medium,cedardb,query_54,2497.5,10
skew,medium,cedardb,query_55,1677.5,10
skew,medium,cedardb,query_56,197.0,10
skew,medium,cedardb,query_57,100.0,10
skew,medium,cedardb,query_58,83.0,10
skew,medium,cedardb,query_59,200.0,10
skew,medium,cedardb,query_6,154.5,10
skew,medium,cedardb,query_60,81.0,10
skew,medium,cedardb,query_61,117.0,10
skew,medium,cedardb,query_62,118.0,10
skew,medium,cedardb,query_63,151.0,10
skew,medium,cedardb,query_64,112.5,10
skew,medium,cedardb,query_65,125.0,10
skew,medium,cedardb,query_66,131.0,10
skew,medium,cedardb,query_67,111.5,10
skew,medium,cedardb,query_68,174.0,10
skew,medium,cedardb,query_69,3840.0,10
skew,medium,cedardb,query_7,98.0,10
skew,medium,cedardb,query_70,1083.0,10
skew,medium,cedardb,query_71,641.5,10
skew,medium,cedardb,query_73,112.5,10
skew,medium,cedardb,query_74,104.0,10
skew,medium,cedardb,query_75,119.0,10
skew,medium,cedardb,query_76,229.5,10
skew,medium,cedardb,query_77,2234.5,10
skew,medium,cedardb,query_79,95.0,10
skew,medium,cedardb,query_8,208.5,10
skew,medium,cedardb,query_80,97.0,10
skew,medium,cedardb,query_81,121.5,10
skew,medium,cedardb,query_82,96.5,10
skew,medium,cedardb,query_83,147.0,10
skew,medium,cedardb,query_84,185.0,10
skew,medium,cedardb,query_85,222.5,10
skew,medium,cedardb,query_86,117.5,10
skew,medium,cedardb,query_87,215.0,10
skew,medium,cedardb,query_88,100.0,10
skew,medium,cedardb,query_89,139.0,10
skew,medium,cedardb,query_9,164.5,10
skew,medium,cedardb,query_91,92.5,10
skew,medium,cedardb,query_92,79.5,10
skew,medium,cedardb,query_93,316.0,10
skew,medium,cedardb,query_94,148.5,10
skew,medium,cedardb,query_95,122.5,10
skew,medium,cedardb,query_97,133.0,10
skew,medium,cedardb,query_98,175.0,10
skew,medium,cedardb,query_99,120.0,10
skew,medium,cedardb,query_union_U10,6730.5,10
skew,medium,cedardb,query_union_U2,928.5,10
skew,medium,cedardb,query_union_U20,15553.5,10
skew,medium,cedardb,query_union_U200,184829.0,10
skew,medium,cedardb,query_union_U5,2223.5,10
skew,medium,monetdb,query_1,48.5,10
skew,medium,monetdb,query_10,11179.5,10
skew,medium,monetdb,query_11,30.5,10
skew,medium,monetdb,query_12,172.5,10
skew,medium,monetdb,query_13,74.5,10
skew,medium,monetdb,query_14,432.0,10
skew,medium,monetdb,query_15,87.5,10
skew,medium,monetdb,query_16,673.5,10
skew,medium,monetdb,query_17,326.5,10
skew,medium,monetdb,query_18,65.0,10
skew,medium,monetdb,query_2,412.5,10
skew,medium,monetdb,query_20,750.0,10
skew,medium,monetdb,query_21,31.0,10
skew,medium,monetdb,query_22,126.5,10
skew,medium,monetdb,query_23,136.5,10
skew,medium,monetdb,query_25,84.5,10
skew,medium,monetdb,query_26,627.0,10
skew,medium,monetdb,query_27,91.5,10
skew,medium,monetdb,query_28,275.0,10
skew,medium,monetdb,query_29,297.0,10
skew,medium,monetdb,query_3,6115.0,10
skew,medium,monetdb,query_30,270.5,10
skew,medium,monetdb,query_31,69.0,10
skew,medium,monetdb,query_32,214.0,10
skew,medium,monetdb,query_33,151.5,10
skew,medium,monetdb,query_34,2232.0,10
skew,medium,monetdb,query_35,16047.0,10
skew,medium,monetdb,query_36,98.0,10
skew,medium,monetdb,query_37,137.5,10
skew,medium,monetdb,query_38,2942.5,10
skew,medium,monetdb,query_4,46.0,10
skew,medium,monetdb,query_40,54.0,10
skew,medium,monetdb,query_41,1378.0,10
skew,medium,monetdb,query_42,578.0,10
skew,medium,monetdb,query_43,3444.0,10
skew,medium,monetdb,query_44,59.5,10
skew,medium,monetdb,query_45,231.5,10
skew,medium,monetdb,query_46,8926.0,10
skew,medium,monetdb,query_47,930.5,10
skew,medium,monetdb,query_48,3400.5,10
skew,medium,monetdb,query_49,133.0,10
skew,medium,monetdb,query_5,6567.5,10
skew,medium,monetdb,query_50,939.5,10
skew,medium,monetdb,query_51,1784.0,10
skew,medium,monetdb,query_52,1159.0,10
skew,medium,monetdb,query_53,775.0,10
skew,medium,monetdb,query_54,1333.5,10
skew,medium,monetdb,query_55,6859.0,10
skew,medium,monetdb,query_56,146.5,10
skew,medium,monetdb,query_57,78.5,10
skew,medium,monetdb,query_58,145.0,10
skew,medium,monetdb,query_59,128.0,10
skew,medium,monetdb,query_6,7230.5,10
skew,medium,monetdb,query_61,175.0,10
skew,medium,monetdb,query_62,45.0,10
skew,medium,monetdb,query_63,137.5,10
skew,medium,monetdb,query_64,80.5,10
skew,medium,monetdb,query_65,102.0,10
skew,medium,monetdb,query_66,103.0,10
skew,medium,monetdb,query_67,388.0,10
skew,medium,monetdb,query_68,3337.0,10
skew,medium,monetdb,query_69,13904.0,10
skew,medium,monetdb,query_7,67.0,10
skew,medium,monetdb,query_70,734.0,10
skew,medium,monetdb,query_71,2033.5,10
skew,medium,monetdb,query_72,181.5,10
skew,medium,monetdb,query_73,94.0,10
skew,medium,monetdb,query_74,103.5,10
skew,medium,monetdb,query_75,78.0,10
skew,medium,monetdb,query_76,1561.5,10
skew,medium,monetdb,query_77,1491.0,10
skew,medium,monetdb,query_78,765.5,10
skew,medium,monetdb,query_79,94.5,10
skew,medium,monetdb,query_8,181.0,10
skew,medium,monetdb,query_80,48.5,10
skew,medium,monetdb,query_81,181.0,10
skew,medium,monetdb,query_82,62.0,10
skew,medium,monetdb,query_83,59.0,10
skew,medium,monetdb,query_84,1594.5,10
skew,medium,monetdb,query_85,126.5,10
skew,medium,monetdb,query_86,1073.0,10
skew,medium,monetdb,query_87,415.5,10
skew,medium,monetdb,query_88,87.0,10
skew,medium,monetdb,query_89,193.5,10
skew,medium,monetdb,query_9,765.0,10
skew,medium,monetdb,query_90,313.5,10
skew,medium,monetdb,query_91,116.0,10
skew,medium,monetdb,query_92,98.0,10
skew,medium,monetdb,query_93,3380.5,10
skew,medium,monetdb,query_95,92.0,10
skew,medium,monetdb,query_96,949.0,10
skew,medium,monetdb,query_97,98.5,10
skew,medium,monetdb,query_98,798.5,10
skew,medium,monetdb,query_99,108.5,10
skew,medium,monetdb,query_union_U10,6877.0,10
skew,medium,monetdb,query_union_U2,1028.0,10
skew,medium,monetdb,query_union_U20,14796.5,10
skew,medium,monetdb,query_union_U200,212186.0,10
skew,medium,monetdb,query_union_U5,2484.0,10
combined,medium,duckdb,query_1,201.0,10
combined,medium,duckdb,query_10,643.0,10
combined,medium,duckdb,query_11,310.0,10
combined,medium,duckdb,query_12,312.0,10
combined,medium,duckdb,query_13,213.0,10
combined,medium,duckdb,query_14,261.0,10
combined,medium,duckdb,query_15,281.5,10
combined,medium,duckdb,query_16,444.0,10
combined,medium,duckdb,query_17,212.0,10
combined,medium,duckdb,query_18,310.5,10
combined,medium,duckdb,query_19,363.0,10
combined,medium,duckdb,query_2,407.0,10
combined,medium,duckdb,query_20,526.5,10
combined,medium,duckdb,query_21,994.5,10
combined,medium,duckdb,query_22,338.5,10
combined,medium,duckdb,query_23,455.0,10
combined,medium,duckdb,query_24,278.5,10
combined,medium,duckdb,query_25,203.5,10
combined,medium,duckdb,query_26,423.5,10
combined,medium,duckdb,query_27,280.5,10
combined,medium,duckdb,query_28,354.5,10
combined,medium,duckdb,query_29,504.5,10
combined,medium,duckdb,query_3,827.5,10
combined,medium,duckdb,query_30,367.5,10
combined,medium,duckdb,query_31,226.0,10
combined,medium,duckdb,query_32,315.0,10
combined,medium,duckdb,query_33,385.0,10
combined,medium,duckdb,query_34,366.5,10
combined,medium,duckdb,query_35,1201.5,10
combined,medium,duckdb,query_36,371.0,10
combined,medium,duckdb,query_37,333.5,10
combined,medium,duckdb,query_38,469.0,10
combined,medium,duckdb,query_39,451.5,10
combined,medium,duckdb,query_4,188.0,10
combined,medium,duckdb,query_40,180.5,10
combined,medium,duckdb,query_41,463.0,10
combined,medium,duckdb,query_42,573.0,10
combined,medium,duckdb,query_43,472.0,10
combined,medium,duckdb,query_44,245.5,10
combined,medium,duckdb,query_45,358.0,10
combined,medium,duckdb,query_46,1509.0,10
combined,medium,duckdb,query_47,669.5,10
combined,medium,duckdb,query_48,503.0,10
combined,medium,duckdb,query_49,250.5,10
combined,medium,duckdb,query_5,334.5,10
combined,medium,duckdb,query_50,338.0,10
combined,medium,duckdb,query_51,533.5,10
combined,medium,duckdb,query_52,344.0,10
combined,medium,duckdb,query_53,399.5,10
combined,medium,duckdb,query_54,388.5,10
combined,medium,duckdb,query_55,1385.0,10
combined,medium,duckdb,query_56,322.5,10
combined,medium,duckdb,query_57,272.0,10
combined,medium,duckdb,query_58,259.5,10
combined,medium,duckdb,query_59,407.0,10
combined,medium,duckdb,query_6,374.0,10
combined,medium,duckdb,query_60,322.5,10
combined,medium,duckdb,query_61,356.5,10
combined,medium,duckdb,query_62,204.0,10
combined,medium,duckdb,query_63,599.0,10
combined,medium,duckdb,query_64,263.0,10
combined,medium,duckdb,query_65,233.5,10
combined,medium,duckdb,query_66,352.5,10
combined,medium,duckdb,query_67,302.5,10
combined,medium,duckdb,query_68,511.5,10
combined,medium,duckdb,query_69,672.0,10
combined,medium,duckdb,query_7,204.0,10
combined,medium,duckdb,query_70,452.0,10
combined,medium,duckdb,query_71,519.5,10
combined,medium,duckdb,query_72,432.5,10
combined,medium,duckdb,query_73,354.0,10
combined,medium,duckdb,query_74,352.5,10
combined,medium,duckdb,query_75,294.0,10
combined,medium,duckdb,query_76,437.5,10
combined,medium,duckdb,query_77,395.0,10
combined,medium,duckdb,query_78,232.5,10
combined,medium,duckdb,query_79,301.0,10
combined,medium,duckdb,query_8,363.0,10
combined,medium,duckdb,query_80,196.0,10
combined,medium,duckdb,query_81,338.0,10
combined,medium,duckdb,query_82,253.5,10
combined,medium,duckdb,query_83,353.5,10
combined,medium,duckdb,query_84,338.0,10
combined,medium,duckdb,query_85,283.5,10
combined,medium,duckdb,query_86,242.0,10
combined,medium,duckdb,query_87,567.5,10
combined,medium,duckdb,query_88,277.5,10
combined,medium,duckdb,query_89,404.0,10
combined,medium,duckdb,query_9,318.0,10
combined,medium,duckdb,query_90,223.5,10
combined,medium,duckdb,query_91,382.0,10
combined,medium,duckdb,query_92,232.0,10
combined,medium,duckdb,query_93,607.5,10
combined,medium,duckdb,query_94,312.0,10
combined,medium,duckdb,query_95,448.0,10
combined,medium,duckdb,query_96,282.0,10
combined,medium,duckdb,query_97,433.0,10
combined,medium,duckdb,query_98,284.5,10
combined,medium,duckdb,query_99,394.0,10
combined,medium,duckdb,query_union_U10,640.5,10
combined,medium,duckdb,query_union_U2,266.5,10
combined,medium,duckdb,query_union_U20,1321.0,10
combined,medium,duckdb,query_union_U200,11630.5,10
combined,medium,duckdb,query_union_U5,346.5,10
combined,medium,cedardb,query_1,80.0,10
combined,medium,cedardb,query_10,377.0,10
combined,medium,cedardb,query_11,115.5,10
combined,medium,cedardb,query_12,233.5,10
combined,medium,cedardb,query_13,86.0,10
combined,medium,cedardb,query_14,143.5,10
combined,medium,cedardb,query_15,93.5,10
combined,medium,cedardb,query_17,78.5,10
combined,medium,cedardb,query_18,128.5,10
combined,medium,cedardb,query_2,455.0,10
combined,medium,cedardb,query_20,143.5,10
combined,medium,cedardb,query_21,137.0,10
combined,medium,cedardb,query_22,144.5,10
combined,medium,cedardb,query_23,128.0,10
combined,medium,cedardb,query_24,137.5,10
combined,medium,cedardb,query_25,98.0,10
combined,medium,cedardb,query_26,126.0,10
combined,medium,cedardb,query_27,119.0,10
combined,medium,cedardb,query_28,124.0,10
combined,medium,cedardb,query_3,928.0,10
combined,medium,cedardb,query_30,162.0,10
combined,medium,cedardb,query_31,80.0,10
combined,medium,cedardb,query_32,246.0,10
combined,medium,cedardb,query_33,126.5,10
combined,medium,cedardb,query_35,755.5,10
combined,medium,cedardb,query_36,251.5,10
combined,medium,cedardb,query_37,130.0,10
combined,medium,cedardb,query_38,182.0,10
combined,medium,cedardb,query_39,123.5,10
combined,medium,cedardb,query_4,90.0,10
combined,medium,cedardb,query_40,86.5,10
combined,medium,cedardb,query_41,211.0,10
combined,medium,cedardb,query_42,437.5,10
combined,medium,cedardb,query_43,114.5,10
combined,medium,cedardb,query_44,104.5,10
combined,medium,cedardb,query_45,228.0,10
combined,medium,cedardb,query_46,11438.0,10
combined,medium,cedardb,query_47,372.0,10
combined,medium,cedardb,query_48,479.0,10
combined,medium,cedardb,query_49,134.0,10
combined,medium,cedardb,query_5,171.5,10
combined,medium,cedardb,query_50,143.0,10
combined,medium,cedardb,query_51,232.5,10
combined,medium,cedardb,query_52,164.0,10
combined,medium,cedardb,query_53,149.0,10
combined,medium,cedardb,query_54,2473.5,10
combined,medium,cedardb,query_55,1691.5,10
combined,medium,cedardb,query_56,175.5,10
combined,medium,cedardb,query_57,95.0,10
combined,medium,cedardb,query_58,78.5,10
combined,medium,cedardb,query_59,191.5,10
combined,medium,cedardb,query_6,130.5,10
combined,medium,cedardb,query_60,83.0,10
combined,medium,cedardb,query_61,112.0,10
combined,medium,cedardb,query_62,105.5,10
combined,medium,cedardb,query_63,151.0,10
combined,medium,cedardb,query_64,112.0,10
combined,medium,cedardb,query_65,122.5,10
combined,medium,cedardb,query_66,139.0,10
combined,medium,cedardb,query_67,111.5,10
combined,medium,cedardb,query_68,173.5,10
combined,medium,cedardb,query_69,3132.0,10
combined,medium,cedardb,query_7,99.0,10
combined,medium,cedardb,query_70,1078.0,10
combined,medium,cedardb,query_71,439.0,10
combined,medium,cedardb,query_73,111.0,10
combined,medium,cedardb,query_74,99.0,10
combined,medium,cedardb,query_75,116.0,10
combined,medium,cedardb,query_76,218.0,10
combined,medium,cedardb,query_77,2238.5,10
combined,medium,cedardb,query_79,97.0,10
combined,medium,cedardb,query_8,188.0,10
combined,medium,cedardb,query_80,87.5,10
combined,medium,cedardb,query_81,110.0,10
combined,medium,cedardb,query_82,94.5,10
combined,medium,cedardb,query_83,149.5,10
combined,medium,cedardb,query_84,179.5,10
combined,medium,cedardb,query_85,189.5,10
combined,medium,cedardb,query_86,119.5,10
combined,medium,cedardb,query_87,205.5,10
combined,medium,cedardb,query_88,101.5,10
combined,medium,cedardb,query_89,141.5,10
combined,medium,cedardb,query_9,186.0,10
combined,medium,cedardb,query_91,108.0,10
combined,medium,cedardb,query_92,84.0,10
combined,medium,cedardb,query_93,319.0,10
combined,medium,cedardb,query_94,150.5,10
combined,medium,cedardb,query_95,131.0,10
combined,medium,cedardb,query_97,136.5,10
combined,medium,cedardb,query_98,169.0,10
combined,medium,cedardb,query_99,119.5,10
combined,medium,cedardb,query_union_U10,6629.5,10
combined,medium,cedardb,query_union_U2,926.0,10
combined,medium,cedardb,query_union_U20,15608.5,10
combined,medium,cedardb,query_union_U200,178565.0,10
combined,medium,cedardb,query_union_U5,2220.5,10
combined,medium,monetdb,query_1,49.0,10
combined,medium,monetdb,query_10,11100.0,10
combined,medium,monetdb,query_11,28.0,10
combined,medium,monetdb,query_12,170.5,10
combined,medium,monetdb,query_13,68.0,10
combined,medium,monetdb,query_14,409.0,10
combined,medium,monetdb,query_15,93.5,10
combined,medium,monetdb,query_16,602.0,10
combined,medium,monetdb,query_17,302.0,10
combined,medium,monetdb,query_18,60.0,10
combined,medium,monetdb,query_2,308.5,10
combined,medium,monetdb,query_20,802.5,10
combined,medium,monetdb,query_21,28.5,10
combined,medium,monetdb,query_22,114.0,10
combined,medium,monetdb,query_23,133.0,10
combined,medium,monetdb,query_25,90.5,10
combined,medium,monetdb,query_26,664.5,10
combined,medium,monetdb,query_27,86.5,10
combined,medium,monetdb,query_28,262.0,10
combined,medium,monetdb,query_29,270.5,10
combined,medium,monetdb,query_3,6032.5,10
combined,medium,monetdb,query_30,258.0,10
combined,medium,monetdb,query_31,53.5,10
combined,medium,monetdb,query_32,142.5,10
combined,medium,monetdb,query_33,151.0,10
combined,medium,monetdb,query_34,958.0,10
combined,medium,monetdb,query_35,13804.0,10
combined,medium,monetdb,query_36,101.0,10
combined,medium,monetdb,query_37,129.5,10
combined,medium,monetdb,query_38,2999.5,10
combined,medium,monetdb,query_4,43.5,10
combined,medium,monetdb,query_40,44.0,10
combined,medium,monetdb,query_41,1388.0,10
combined,medium,monetdb,query_42,547.0,10
combined,medium,monetdb,query_43,3276.5,10
combined,medium,monetdb,query_44,58.0,10
combined,medium,monetdb,query_45,227.0,10
combined,medium,monetdb,query_46,18555.0,10
combined,medium,monetdb,query_47,916.0,10
combined,medium,monetdb,query_48,1619.5,10
combined,medium,monetdb,query_49,123.0,10
combined,medium,monetdb,query_5,6530.5,10
combined,medium,monetdb,query_50,967.5,10
combined,medium,monetdb,query_51,1664.0,10
combined,medium,monetdb,query_52,1094.5,10
combined,medium,monetdb,query_53,783.0,10
combined,medium,monetdb,query_54,1319.0,10
combined,medium,monetdb,query_55,7006.5,10
combined,medium,monetdb,query_56,132.5,10
combined,medium,monetdb,query_57,72.5,10
combined,medium,monetdb,query_58,150.0,10
combined,medium,monetdb,query_59,137.0,10
combined,medium,monetdb,query_6,7471.5,10
combined,medium,monetdb,query_61,175.0,10
combined,medium,monetdb,query_62,38.5,10
combined,medium,monetdb,query_63,142.0,10
combined,medium,monetdb,query_64,65.0,10
combined,medium,monetdb,query_65,72.5,10
combined,medium,monetdb,query_66,102.5,10
combined,medium,monetdb,query_67,331.5,10
combined,medium,monetdb,query_68,2691.0,10
combined,medium,monetdb,query_69,13729.0,10
combined,medium,monetdb,query_7,65.0,10
combined,medium,monetdb,query_70,717.5,10
combined,medium,monetdb,query_71,1843.5,10
combined,medium,monetdb,query_72,175.0,10
combined,medium,monetdb,query_73,92.0,10
combined,medium,monetdb,query_74,102.5,10
combined,medium,monetdb,query_75,73.5,10
combined,medium,monetdb,query_76,1521.5,10
combined,medium,monetdb,query_77,1483.5,10
combined,medium,monetdb,query_78,760.0,10
combined,medium,monetdb,query_79,87.5,10
combined,medium,monetdb,query_8,189.5,10
combined,medium,monetdb,query_80,48.0,10
combined,medium,monetdb,query_81,190.0,10
combined,medium,monetdb,query_82,57.5,10
combined,medium,monetdb,query_83,50.0,10
combined,medium,monetdb,query_84,1595.5,10
combined,medium,monetdb,query_85,100.0,10
combined,medium,monetdb,query_86,1079.5,10
combined,medium,monetdb,query_87,384.0,10
combined,medium,monetdb,query_88,80.5,10
combined,medium,monetdb,query_89,186.5,10
combined,medium,monetdb,query_9,764.0,10
combined,medium,monetdb,query_90,328.0,10
combined,medium,monetdb,query_91,120.0,10
combined,medium,monetdb,query_92,100.0,10
combined,medium,monetdb,query_93,3407.0,10
combined,medium,monetdb,query_95,100.0,10
combined,medium,monetdb,query_96,995.5,10
combined,medium,monetdb,query_97,102.0,10
combined,medium,monetdb,query_98,774.0,10
combined,medium,monetdb,query_99,103.0,10
combined,medium,monetdb,query_union_U10,6980.5,10
combined,medium,monetdb,query_union_U2,1021.0,10
combined,medium,monetdb,query_union_U20,14865.5,10
combined,medium,monetdb,query_union_U200,211312.5,10
combined,medium,monetdb,query_union_U5,2528.5,10
baseline,high,duckdb,query_1,210.5,10
baseline,high,duckdb,query_10,660.5,10
baseline,high,duckdb,query_11,322.0,10
baseline,high,duckdb,query_12,317.0,10
baseline,high,duckdb,query_13,216.0,10
baseline,high,duckdb,query_14,266.0,10
baseline,high,duckdb,query_15,284.0,10
baseline,high,duckdb,query_16,488.5,10
baseline,high,duckdb,query_17,295.0,10
baseline,high,duckdb,query_18,317.5,10
baseline,high,duckdb,query_19,364.5,10
baseline,high,duckdb,query_2,438.5,10
baseline,high,duckdb,query_20,554.5,10
baseline,high,duckdb,query_21,1009.5,10
baseline,high,duckdb,query_22,359.5,10
baseline,high,duckdb,query_23,470.5,10
baseline,high,duckdb,query_24,291.5,10
baseline,high,duckdb,query_25,222.0,10
baseline,high,duckdb,query_26,440.5,10
baseline,high,duckdb,query_27,293.0,10
baseline,high,duckdb,query_28,348.5,10
baseline,high,duckdb,query_29,528.0,10
baseline,high,duckdb,query_3,875.5,10
baseline,high,duckdb,query_30,390.0,10
baseline,high,duckdb,query_31,257.0,10
baseline,high,duckdb,query_32,335.5,10
baseline,high,duckdb,query_33,384.5,10
baseline,high,duckdb,query_34,395.0,10
baseline,high,duckdb,query_35,1320.0,10
baseline,high,duckdb,query_36,380.5,10
baseline,high,duckdb,query_37,334.0,10
baseline,high,duckdb,query_38,467.0,10
baseline,high,duckdb,query_39,473.0,10
baseline,high,duckdb,query_4,192.5,10
baseline,high,duckdb,query_40,191.5,10
baseline,high,duckdb,query_41,482.5,10
baseline,high,duckdb,query_42,577.5,10
baseline,high,duckdb,query_43,466.5,10
baseline,high,duckdb,query_44,242.0,10
baseline,high,duckdb,query_45,361.5,10
baseline,high,duckdb,query_46,1440.0,10
baseline,high,duckdb,query_47,667.5,10
baseline,high,duckdb,query_48,505.5,10
baseline,high,duckdb,query_49,248.5,10
baseline,high,duckdb,query_5,331.0,10
baseline,high,duckdb,query_50,351.0,10
baseline,high,duckdb,query_51,556.5,10
baseline,high,duckdb,query_52,337.5,10
baseline,high,duckdb,query_53,427.0,10
baseline,high,duckdb,query_54,392.0,10
baseline,high,duckdb,query_55,1402.5,10
baseline,high,duckdb,query_56,325.5,10
baseline,high,duckdb,query_57,273.0,10
baseline,high,duckdb,query_58,264.5,10
baseline,high,duckdb,query_59,418.0,10
baseline,high,duckdb,query_6,395.5,10
baseline,high,duckdb,query_60,341.5,10
baseline,high,duckdb,query_61,361.5,10
baseline,high,duckdb,query_62,208.0,10
baseline,high,duckdb,query_63,598.5,10
baseline,high,duckdb,query_64,288.5,10
baseline,high,duckdb,query_65,248.5,10
baseline,high,duckdb,query_66,360.5,10
baseline,high,duckdb,query_67,323.0,10
baseline,high,duckdb,query_68,473.0,10
baseline,high,duckdb,query_69,668.0,10
baseline,high,duckdb,query_7,214.0,10
baseline,high,duckdb,query_70,460.5,10
baseline,high,duckdb,query_71,621.0,10
baseline,high,duckdb,query_72,447.0,10
baseline,high,duckdb,query_73,347.0,10
baseline,high,duckdb,query_74,352.0,10
baseline,high,duckdb,query_75,304.0,10
baseline,high,duckdb,query_76,437.0,10
baseline,high,duckdb,query_77,389.5,10
baseline,high,duckdb,query_78,244.0,10
baseline,high,duckdb,query_79,290.5,10
baseline,high,duckdb,query_8,357.5,10
baseline,high,duckdb,query_80,193.5,10
baseline,high,duckdb,query_81,314.5,10
baseline,high,duckdb,query_82,255.0,10
baseline,high,duckdb,query_83,368.0,10
baseline,high,duckdb,query_84,353.5,10
baseline,high,duckdb,query_85,306.5,10
baseline,high,duckdb,query_86,226.5,10
baseline,high,duckdb,query_87,638.5,10
baseline,high,duckdb,query_88,287.0,10
baseline,high,duckdb,query_89,397.0,10
baseline,high,duckdb,query_9,335.0,10
baseline,high,duckdb,query_90,224.0,10
baseline,high,duckdb,query_91,382.5,10
baseline,high,duckdb,query_92,226.5,10
baseline,high,duckdb,query_93,635.5,10
baseline,high,duckdb,query_94,326.5,10
baseline,high,duckdb,query_95,468.5,10
baseline,high,duckdb,query_96,279.5,10
baseline,high,duckdb,query_97,423.5,10
baseline,high,duckdb,query_98,384.0,10
baseline,high,duckdb,query_99,416.5,10
baseline,high,duckdb,query_union_U10,734.5,10
baseline,high,duckdb,query_union_U2,278.0,10
baseline,high,duckdb,query_union_U20,1350.5,10
baseline,high,duckdb,query_union_U200,11695.5,10
baseline,high,duckdb,query_union_U5,348.0,10
baseline,high,cedardb,query_1,79.5,10
baseline,high,cedardb,query_10,387.5,10
baseline,high,cedardb,query_11,119.0,10
baseline,high,cedardb,query_12,278.0,10
baseline,high,cedardb,query_13,86.0,10
baseline,high,cedardb,query_14,140.0,10
baseline,high,cedardb,query_15,92.0,10
baseline,high,cedardb,query_17,97.5,10
baseline,high,cedardb,query_18,125.5,10
baseline,high,cedardb,query_2,621.0,10
baseline,high,cedardb,query_20,151.5,10
baseline,high,cedardb,query_21,140.5,10
baseline,high,cedardb,query_22,147.5,10
baseline,high,cedardb,query_23,139.5,10
baseline,high,cedardb,query_24,137.0,10
baseline,high,cedardb,query_25,99.5,10
baseline,high,cedardb,query_26,124.5,10
baseline,high,cedardb,query_27,123.0,10
baseline,high,cedardb,query_28,126.0,10
baseline,high,cedardb,query_3,921.0,10
baseline,high,cedardb,query_30,159.5,10
baseline,high,cedardb,query_31,87.0,10
baseline,high,cedardb,query_32,302.0,10
baseline,high,cedardb,query_33,102.0,10
baseline,high,cedardb,query_35,562.5,10
baseline,high,cedardb,query_36,239.0,10
baseline,high,cedardb,query_37,118.5,10
baseline,high,cedardb,query_38,183.5,10
baseline,high,cedardb,query_39,106.5,10
baseline,high,cedardb,query_4,94.5,10
baseline,high,cedardb,query_40,95.0,10
baseline,high,cedardb,query_41,215.0,10
baseline,high,cedardb,query_42,492.0,10
baseline,high,cedardb,query_43,119.5,10
baseline,high,cedardb,query_44,99.5,10
baseline,high,cedardb,query_45,230.0,10
baseline,high,cedardb,query_46,812.5,10
baseline,high,cedardb,query_47,450.0,10
baseline,high,cedardb,query_48,507.5,10
baseline,high,cedardb,query_49,137.0,10
baseline,high,cedardb,query_5,171.0,10
baseline,high,cedardb,query_50,141.0,10
baseline,high,cedardb,query_51,241.5,10
baseline,high,cedardb,query_52,167.0,10
baseline,high,cedardb,query_53,167.0,10
baseline,high,cedardb,query_54,2475.5,10
baseline,high,cedardb,query_55,1684.5,10
baseline,high,cedardb,query_56,190.5,10
baseline,high,cedardb,query_57,99.0,10
baseline,high,cedardb,query_58,79.5,10
baseline,high,cedardb,query_59,193.0,10
baseline,high,cedardb,query_6,143.5,10
baseline,high,cedardb,query_60,74.0,10
baseline,high,cedardb,query_61,111.5,10
baseline,high,cedardb,query_62,132.0,10
baseline,high,cedardb,query_63,147.5,10
baseline,high,cedardb,query_64,100.0,10
baseline,high,cedardb,query_65,120.5,10
baseline,high,cedardb,query_66,123.5,10
baseline,high,cedardb,query_67,92.5,10
baseline,high,cedardb,query_68,170.5,10
baseline,high,cedardb,query_69,3076.0,10
baseline,high,cedardb,query_7,90.5,10
baseline,high,cedardb,query_70,1094.5,10
baseline,high,cedardb,query_71,630.5,10
baseline,high,cedardb,query_73,119.5,10
baseline,high,cedardb,query_74,113.0,10
baseline,high,cedardb,query_75,141.5,10
baseline,high,cedardb,query_76,231.0,10
baseline,high,cedardb,query_77,2071.5,10
baseline,high,cedardb,query_79,98.0,10
baseline,high,cedardb,query_8,202.5,10
baseline,high,cedardb,query_80,88.0,10
baseline,high,cedardb,query_81,109.5,10
baseline,high,cedardb,query_82,96.0,10
baseline,high,cedardb,query_83,145.0,10
baseline,high,cedardb,query_84,201.5,10
baseline,high,cedardb,query_85,221.0,10
baseline,high,cedardb,query_86,121.5,10
baseline,high,cedardb,query_87,221.5,10
baseline,high,cedardb,query_88,108.0,10
baseline,high,cedardb,query_89,142.5,10
baseline,high,cedardb,query_9,163.5,10
baseline,high,cedardb,query_91,95.0,10
baseline,high,cedardb,query_92,89.5,10
baseline,high,cedardb,query_93,315.0,10
baseline,high,cedardb,query_94,145.5,10
baseline,high,cedardb,query_95,123.5,10
baseline,high,cedardb,query_97,133.5,10
baseline,high,cedardb,query_98,175.5,10
baseline,high,cedardb,query_99,120.5,10
baseline,high,cedardb,query_union_U10,6634.0,10
baseline,high,cedardb,query_union_U2,925.5,10
baseline,high,cedardb,query_union_U20,15536.5,10
baseline,high,cedardb,query_union_U200,199700.0,10
baseline,high,cedardb,query_union_U5,2215.0,10
baseline,high,monetdb,query_1,47.5,10
baseline,high,monetdb,query_10,11490.5,10
baseline,high,monetdb,query_11,27.0,10
baseline,high,monetdb,query_12,180.5,10
baseline,high,monetdb,query_13,72.0,10
baseline,high,monetdb,query_14,418.5,10
baseline,high,monetdb,query_15,86.0,10
baseline,high,monetdb,query_16,657.5,10
baseline,high,monetdb,query_17,262.5,10
baseline,high,monetdb,query_18,60.0,10
baseline,high,monetdb,query_2,400.5,10
baseline,high,monetdb,query_20,796.5,10
baseline,high,monetdb,query_21,30.0,10
baseline,high,monetdb,query_22,133.0,10
baseline,high,monetdb,query_23,133.0,10
baseline,high,monetdb,query_25,85.0,10
baseline,high,monetdb,query_26,611.5,10
baseline,high,monetdb,query_27,89.0,10
baseline,high,monetdb,query_28,260.5,10
baseline,high,monetdb,query_29,267.5,10
baseline,high,monetdb,query_3,6338.5,10
baseline,high,monetdb,query_30,262.5,10
baseline,high,monetdb,query_31,64.0,10
baseline,high,monetdb,query_32,201.0,10
baseline,high,monetdb,query_33,144.5,10
baseline,high,monetdb,query_34,2252.0,10
baseline,high,monetdb,query_35,12057.0,10
baseline,high,monetdb,query_36,98.0,10
baseline,high,monetdb,query_37,142.5,10
baseline,high,monetdb,query_38,3006.0,10
baseline,high,monetdb,query_4,39.0,10
baseline,high,monetdb,query_40,57.5,10
baseline,high,monetdb,query_41,1390.0,10
baseline,high,monetdb,query_42,594.0,10
baseline,high,monetdb,query_43,3310.0,10
baseline,high,monetdb,query_44,57.0,10
baseline,high,monetdb,query_45,212.5,10
baseline,high,monetdb,query_46,7688.0,10
baseline,high,monetdb,query_47,951.0,10
baseline,high,monetdb,query_48,3415.5,10
baseline,high,monetdb,query_49,127.0,10
baseline,high,monetdb,query_5,6609.5,10
baseline,high,monetdb,query_50,931.0,10
baseline,high,monetdb,query_51,1737.0,10
baseline,high,monetdb,query_52,1176.5,10
baseline,high,monetdb,query_53,782.5,10
baseline,high,monetdb,query_54,1388.0,10
baseline,high,monetdb,query_55,6875.5,10
baseline,high,monetdb,query_56,136.5,10
baseline,high,monetdb,query_57,73.0,10
baseline,high,monetdb,query_58,148.0,10
baseline,high,monetdb,query_59,130.5,10
baseline,high,monetdb,query_6,6475.0,10
baseline,high,monetdb,query_61,174.0,10
baseline,high,monetdb,query_62,40.5,10
baseline,high,monetdb,query_63,143.0,10
baseline,high,monetdb,query_64,72.5,10
baseline,high,monetdb,query_65,97.0,10
baseline,high,monetdb,query_66,115.0,10
baseline,high,monetdb,query_67,349.0,10
baseline,high,monetdb,query_68,3164.5,10
baseline,high,monetdb,query_69,9331.5,10
baseline,high,monetdb,query_7,62.5,10
baseline,high,monetdb,query_70,713.5,10
baseline,high,monetdb,query_71,2009.5,10
baseline,high,monetdb,query_72,188.0,10
baseline,high,monetdb,query_73,93.5,10
baseline,high,monetdb,query_74,100.5,10
baseline,high,monetdb,query_75,70.5,10
baseline,high,monetdb,query_76,1468.0,10
baseline,high,monetdb,query_77,1473.5,10
baseline,high,monetdb,query_78,766.0,10
baseline,high,monetdb,query_79,85.5,10
baseline,high,monetdb,query_8,163.5,10
baseline,high,monetdb,query_80,46.5,10
baseline,high,monetdb,query_81,187.0,10
baseline,high,monetdb,query_82,59.5,10
baseline,high,monetdb,query_83,53.5,10
baseline,high,monetdb,query_84,1611.5,10
baseline,high,monetdb,query_85,117.0,10
baseline,high,monetdb,query_86,1087.0,10
baseline,high,monetdb,query_87,379.0,10
baseline,high,monetdb,query_88,82.0,10
baseline,high,monetdb,query_89,161.0,10
baseline,high,monetdb,query_9,814.5,10
baseline,high,monetdb,query_90,317.5,10
baseline,high,monetdb,query_91,118.5,10
baseline,high,monetdb,query_92,95.5,10
baseline,high,monetdb,query_93,3185.5,10
baseline,high,monetdb,query_95,99.5,10
baseline,high,monetdb,query_96,887.0,10
baseline,high,monetdb,query_97,94.0,10
baseline,high,monetdb,query_98,790.0,10
baseline,high,monetdb,query_99,146.0,10
baseline,high,monetdb,query_union_U10,6935.0,10
baseline,high,monetdb,query_union_U2,1028.0,10
baseline,high,monetdb,query_union_U20,15026.5,10
baseline,high,monetdb,query_union_U200,204938.0,10
baseline,high,monetdb,query_union_U5,2498.0,10
sparsity,high,duckdb,query_1,194.0,10
sparsity,high,duckdb,query_10,646.5,10
sparsity,high,duckdb,query_11,305.0,10
sparsity,high,duckdb,query_12,300.5,10
sparsity,high,duckdb,query_13,223.0,10
sparsity,high,duckdb,query_14,263.5,10
sparsity,high,duckdb,query_15,277.0,10
sparsity,high,duckdb,query_16,450.5,10
sparsity,high,duckdb,query_17,220.5,10
sparsity,high,duckdb,query_18,310.0,10
sparsity,high,duckdb,query_19,366.5,10
sparsity,high,duckdb,query_2,413.0,10
sparsity,high,duckdb,query_20,411.5,10
sparsity,high,duckdb,query_21,1023.0,10
sparsity,high,duckdb,query_22,364.0,10
sparsity,high,duckdb,query_23,439.5,10
sparsity,high,duckdb,query_24,246.5,10
sparsity,high,duckdb,query_25,217.5,10
sparsity,high,duckdb,query_26,439.0,10
sparsity,high,duckdb,query_27,291.0,10
sparsity,high,duckdb,query_28,355.5,10
sparsity,high,duckdb,query_29,521.0,10
sparsity,high,duckdb,query_3,881.5,10
sparsity,high,duckdb,query_30,369.5,10
sparsity,high,duckdb,query_31,226.5,10
sparsity,high,duckdb,query_32,339.5,10
sparsity,high,duckdb,query_33,379.0,10
sparsity,high,duckdb,query_34,354.0,10
sparsity,high,duckdb,query_35,1174.5,10
sparsity,high,duckdb,query_36,354.0,10
sparsity,high,duckdb,query_37,376.0,10
sparsity,high,duckdb,query_38,489.0,10
sparsity,high,duckdb,query_39,313.5,10
sparsity,high,duckdb,query_4,195.0,10
sparsity,high,duckdb,query_40,183.0,10
sparsity,high,duckdb,query_41,471.5,10
sparsity,high,duckdb,query_42,565.0,10
sparsity,high,duckdb,query_43,475.0,10
sparsity,high,duckdb,query_44,248.0,10
sparsity,high,duckdb,query_45,355.0,10
sparsity,high,duckdb,query_46,1465.0,10
sparsity,high,duckdb,query_47,652.5,10
sparsity,high,duckdb,query_48,518.5,10
sparsity,high,duckdb,query_49,262.5,10
sparsity,high,duckdb,query_5,341.0,10
sparsity,high,duckdb,query_50,362.5,10
sparsity,high,duckdb,query_51,564.5,10
sparsity,high,duckdb,query_52,339.0,10
sparsity,high,duckdb,query_53,423.0,10
sparsity,high,duckdb,query_54,380.0,10
sparsity,high,duckdb,query_55,1408.5,10
sparsity,high,duckdb,query_56,333.5,10
sparsity,high,duckdb,query_57,273.5,10
sparsity,high,duckdb,query_58,265.5,10
sparsity,high,duckdb,query_59,403.5,10
sparsity,high,duckdb,query_6,363.5,10
sparsity,high,duckdb,query_60,338.0,10
sparsity,high,duckdb,query_61,359.0,10
sparsity,high,duckdb,query_62,190.5,10
sparsity,high,duckdb,query_63,586.5,10
sparsity,high,duckdb,query_64,265.0,10
sparsity,high,duckdb,query_65,222.5,10
sparsity,high,duckdb,query_66,366.0,10
sparsity,high,duckdb,query_67,299.5,10
sparsity,high,duckdb,query_68,498.0,10
sparsity,high,duckdb,query_69,670.5,10
sparsity,high,duckdb,query_7,212.0,10
sparsity,high,duckdb,query_70,325.0,10
sparsity,high,duckdb,query_71,532.5,10
sparsity,high,duckdb,query_72,419.5,10
sparsity,high,duckdb,query_73,341.5,10
sparsity,high,duckdb,query_74,367.5,10
sparsity,high,duckdb,query_75,325.0,10
sparsity,high,duckdb,query_76,446.5,10
sparsity,high,duckdb,query_77,374.5,10
sparsity,high,duckdb,query_78,237.0,10
sparsity,high,duckdb,query_79,341.0,10
sparsity,high,duckdb,query_8,379.0,10
sparsity,high,duckdb,query_80,205.0,10
sparsity,high,duckdb,query_81,326.0,10
sparsity,high,duckdb,query_82,253.5,10
sparsity,high,duckdb,query_83,363.5,10
sparsity,high,duckdb,query_84,336.5,10
sparsity,high,duckdb,query_85,283.0,10
sparsity,high,duckdb,query_86,237.5,10
sparsity,high,duckdb,query_87,456.0,10
sparsity,high,duckdb,query_88,285.5,10
sparsity,high,duckdb,query_89,380.0,10
sparsity,high,duckdb,query_9,330.0,10
sparsity,high,duckdb,query_90,232.0,10
sparsity,high,duckdb,query_91,391.5,10
sparsity,high,duckdb,query_92,226.5,10
sparsity,high,duckdb,query_93,628.0,10
sparsity,high,duckdb,query_94,316.0,10
sparsity,high,duckdb,query_95,461.0,10
sparsity,high,duckdb,query_96,286.0,10
sparsity,high,duckdb,query_97,412.0,10
sparsity,high,duckdb,query_98,284.5,10
sparsity,high,duckdb,query_99,413.0,10
sparsity,high,duckdb,query_union_U10,651.0,10
sparsity,high,duckdb,query_union_U2,271.0,10
sparsity,high,duckdb,query_union_U20,1469.5,10
sparsity,high,duckdb,query_union_U200,11543.0,10
sparsity,high,duckdb,query_union_U5,361.5,10
sparsity,high,cedardb,query_1,81.0,10
sparsity,high,cedardb,query_10,373.5,10
sparsity,high,cedardb,query_11,119.0,10
sparsity,high,cedardb,query_12,152.0,10
sparsity,high,cedardb,query_13,87.5,10
sparsity,high,cedardb,query_14,139.0,10
sparsity,high,cedardb,query_15,96.0,10
sparsity,high,cedardb,query_17,83.5,10
sparsity,high,cedardb,query_18,125.0,10
sparsity,high,cedardb,query_2,456.5,10
sparsity,high,cedardb,query_20,133.0,10
sparsity,high,cedardb,query_21,183.5,10
sparsity,high,cedardb,query_22,146.0,10
sparsity,high,cedardb,query_23,125.5,10
sparsity,high,cedardb,query_24,100.5,10
sparsity,high,cedardb,query_25,91.5,10
sparsity,high,cedardb,query_26,120.0,10
sparsity,high,cedardb,query_27,113.0,10
sparsity,high,cedardb,query_28,111.5,10
sparsity,high,cedardb,query_3,933.0,10
sparsity,high,cedardb,query_30,163.5,10
sparsity,high,cedardb,query_31,78.0,10
sparsity,high,cedardb,query_32,244.5,10
sparsity,high,cedardb,query_33,123.0,10
sparsity,high,cedardb,query_35,760.0,10
sparsity,high,cedardb,query_36,265.0,10
sparsity,high,cedardb,query_37,118.5,10
sparsity,high,cedardb,query_38,185.5,10
sparsity,high,cedardb,query_39,124.0,10
sparsity,high,cedardb,query_4,89.5,10
sparsity,high,cedardb,query_40,83.0,10
sparsity,high,cedardb,query_41,214.5,10
sparsity,high,cedardb,query_42,280.0,10
sparsity,high,cedardb,query_43,110.5,10
sparsity,high,cedardb,query_44,93.5,10
sparsity,high,cedardb,query_45,237.5,10
sparsity,high,cedardb,query_46,10932.5,10
sparsity,high,cedardb,query_47,370.5,10
sparsity,high,cedardb,query_48,470.0,10
sparsity,high,cedardb,query_49,139.0,10
sparsity,high,cedardb,query_5,170.5,10
sparsity,high,cedardb,query_50,147.0,10
sparsity,high,cedardb,query_51,251.0,10
sparsity,high,cedardb,query_52,163.0,10
sparsity,high,cedardb,query_53,141.5,10
sparsity,high,cedardb,query_54,2556.5,10
sparsity,high,cedardb,query_55,1687.5,10
sparsity,high,cedardb,query_56,203.5,10
sparsity,high,cedardb,query_57,101.5,10
sparsity,high,cedardb,query_58,84.5,10
sparsity,high,cedardb,query_59,190.0,10
sparsity,high,cedardb,query_6,105.5,10
sparsity,high,cedardb,query_60,76.0,10
sparsity,high,cedardb,query_61,116.5,10
sparsity,high,cedardb,query_62,95.0,10
sparsity,high,cedardb,query_63,141.5,10
sparsity,high,cedardb,query_64,101.0,10
sparsity,high,cedardb,query_65,115.0,10
sparsity,high,cedardb,query_66,129.0,10
sparsity,high,cedardb,query_67,111.5,10
sparsity,high,cedardb,query_68,177.0,10
sparsity,high,cedardb,query_69,3143.5,10
sparsity,high,cedardb,query_7,98.0,10
sparsity,high,cedardb,query_70,199.0,10
sparsity,high,cedardb,query_71,449.5,10
sparsity,high,cedardb,query_73,98.0,10
sparsity,high,cedardb,query_74,100.0,10
sparsity,high,cedardb,query_75,132.5,10
sparsity,high,cedardb,query_76,224.5,10
sparsity,high,cedardb,query_77,2369.0,10
sparsity,high,cedardb,query_79,99.0,10
sparsity,high,cedardb,query_8,182.5,10
sparsity,high,cedardb,query_80,87.0,10
sparsity,high,cedardb,query_81,102.0,10
sparsity,high,cedardb,query_82,93.0,10
sparsity,high,cedardb,query_83,149.5,10
sparsity,high,cedardb,query_84,170.5,10
sparsity,high,cedardb,query_85,194.0,10
sparsity,high,cedardb,query_86,118.0,10
sparsity,high,cedardb,query_87,139.5,10
sparsity,high,cedardb,query_88,124.5,10
sparsity,high,cedardb,query_89,149.5,10
sparsity,high,cedardb,query_9,139.0,10
sparsity,high,cedardb,query_91,90.0,10
sparsity,high,cedardb,query_92,82.5,10
sparsity,high,cedardb,query_93,303.5,10
sparsity,high,cedardb,query_94,134.5,10
sparsity,high,cedardb,query_95,126.0,10
sparsity,high,cedardb,query_97,132.5,10
sparsity,high,cedardb,query_98,145.0,10
sparsity,high,cedardb,query_99,122.5,10
sparsity,high,cedardb,query_union_U10,6609.5,10
sparsity,high,cedardb,query_union_U2,935.0,10
sparsity,high,cedardb,query_union_U20,15339.5,10
sparsity,high,cedardb,query_union_U200,179445.5,10
sparsity,high,cedardb,query_union_U5,2220.5,10
sparsity,high,monetdb,query_1,48.5,10
sparsity,high,monetdb,query_10,10759.5,10
sparsity,high,monetdb,query_11,31.5,10
sparsity,high,monetdb,query_12,188.5,10
sparsity,high,monetdb,query_13,77.0,10
sparsity,high,monetdb,query_14,430.5,10
sparsity,high,monetdb,query_15,93.5,10
sparsity,high,monetdb,query_16,605.5,10
sparsity,high,monetdb,query_17,275.5,10
sparsity,high,monetdb,query_18,65.5,10
sparsity,high,monetdb,query_2,301.0,10
sparsity,high,monetdb,query_20,707.5,10
sparsity,high,monetdb,query_21,31.0,10
sparsity,high,monetdb,query_22,109.0,10
sparsity,high,monetdb,query_23,128.0,10
sparsity,high,monetdb,query_25,91.5,10
sparsity,high,monetdb,query_26,657.5,10
sparsity,high,monetdb,query_27,90.5,10
sparsity,high,monetdb,query_28,276.5,10
sparsity,high,monetdb,query_29,275.5,10
sparsity,high,monetdb,query_3,5939.0,10
sparsity,high,monetdb,query_30,263.0,10
sparsity,high,monetdb,query_31,53.5,10
sparsity,high,monetdb,query_32,144.5,10
sparsity,high,monetdb,query_33,141.5,10
sparsity,high,monetdb,query_34,955.0,10
sparsity,high,monetdb,query_35,14417.5,10
sparsity,high,monetdb,query_36,93.0,10
sparsity,high,monetdb,query_37,133.5,10
sparsity,high,monetdb,query_38,2993.0,10
sparsity,high,monetdb,query_4,45.0,10
sparsity,high,monetdb,query_40,46.0,10
sparsity,high,monetdb,query_41,1412.0,10
sparsity,high,monetdb,query_42,458.5,10
sparsity,high,monetdb,query_43,3443.0,10
sparsity,high,monetdb,query_44,55.0,10
sparsity,high,monetdb,query_45,207.0,10
sparsity,high,monetdb,query_46,20226.0,10
sparsity,high,monetdb,query_47,939.5,10
sparsity,high,monetdb,query_48,1200.5,10
sparsity,high,monetdb,query_49,120.5,10
sparsity,high,monetdb,query_5,6772.5,10
sparsity,high,monetdb,query_50,932.5,10
sparsity,high,monetdb,query_51,1627.5,10
sparsity,high,monetdb,query_52,1138.5,10
sparsity,high,monetdb,query_53,789.0,10
sparsity,high,monetdb,query_54,1178.5,10
sparsity,high,monetdb,query_55,6876.0,10
sparsity,high,monetdb,query_56,146.0,10
sparsity,high,monetdb,query_57,82.5,10
sparsity,high,monetdb,query_58,151.5,10
sparsity,high,monetdb,query_59,133.5,10
sparsity,high,monetdb,query_6,7447.0,10
sparsity,high,monetdb,query_61,181.5,10
sparsity,high,monetdb,query_62,38.0,10
sparsity,high,monetdb,query_63,146.0,10
sparsity,high,monetdb,query_64,71.0,10
sparsity,high,monetdb,query_65,77.5,10
sparsity,high,monetdb,query_66,109.0,10
sparsity,high,monetdb,query_67,333.5,10
sparsity,high,monetdb,query_68,2699.5,10
sparsity,high,monetdb,query_69,12322.5,10
sparsity,high,monetdb,query_7,68.5,10
sparsity,high,monetdb,query_70,135.0,10
sparsity,high,monetdb,query_71,1850.5,10
sparsity,high,monetdb,query_72,183.5,10
sparsity,high,monetdb,query_73,83.0,10
sparsity,high,monetdb,query_74,106.5,10
sparsity,high,monetdb,query_75,81.0,10
sparsity,high,monetdb,query_76,1416.0,10
sparsity,high,monetdb,query_77,1237.0,10
sparsity,high,monetdb,query_78,805.0,10
sparsity,high,monetdb,query_79,89.5,10
sparsity,high,monetdb,query_8,169.5,10
sparsity,high,monetdb,query_80,49.0,10
sparsity,high,monetdb,query_81,167.5,10
sparsity,high,monetdb,query_82,63.5,10
sparsity,high,monetdb,query_83,58.5,10
sparsity,high,monetdb,query_84,1613.0,10
sparsity,high,monetdb,query_85,103.5,10
sparsity,high,monetdb,query_86,1102.5,10
sparsity,high,monetdb,query_87,365.5,10
sparsity,high,monetdb,query_88,76.5,10
sparsity,high,monetdb,query_89,210.5,10
sparsity,high,monetdb,query_9,774.0,10
sparsity,high,monetdb,query_90,328.5,10
sparsity,high,monetdb,query_91,137.5,10
sparsity,high,monetdb,query_92,99.5,10
sparsity,high,monetdb,query_93,2903.5,10
sparsity,high,monetdb,query_95,100.0,10
sparsity,high,monetdb,query_96,928.5,10
sparsity,high,monetdb,query_97,106.0,10
sparsity,high,monetdb,query_98,818.5,10
sparsity,high,monetdb,query_99,161.5,10
sparsity,high,monetdb,query_union_U10,7432.0,10
sparsity,high,monetdb,query_union_U2,1125.0,10
sparsity,high,monetdb,query_union_U20,16165.0,10
sparsity,high,monetdb,query_union_U200,226640.0,10
sparsity,high,monetdb,query_union_U5,2709.5,10
skew,high,duckdb,query_1,196.5,10
skew,high,duckdb,query_10,675.0,10
skew,high,duckdb,query_11,293.5,10
skew,high,duckdb,query_12,320.0,10
skew,high,duckdb,query_13,212.5,10
skew,high,duckdb,query_14,263.0,10
skew,high,duckdb,query_15,286.5,10
skew,high,duckdb,query_16,489.0,10
skew,high,duckdb,query_17,284.0,10
skew,high,duckdb,query_18,314.5,10
skew,high,duckdb,query_19,355.0,10
skew,high,duckdb,query_2,423.0,10
skew,high,duckdb,query_20,540.5,10
skew,high,duckdb,query_21,997.5,10
skew,high,duckdb,query_22,341.0,10
skew,high,duckdb,query_23,469.0,10
skew,high,duckdb,query_24,280.0,10
skew,high,duckdb,query_25,213.5,10
skew,high,duckdb,query_26,433.0,10
skew,high,duckdb,query_27,282.0,10
skew,high,duckdb,query_28,356.0,10
skew,high,duckdb,query_29,498.5,10
skew,high,duckdb,query_3,915.0,10
skew,high,duckdb,query_30,379.0,10
skew,high,duckdb,query_31,250.0,10
skew,high,duckdb,query_32,360.5,10
skew,high,duckdb,query_33,387.5,10
skew,high,duckdb,query_34,391.5,10
skew,high,duckdb,query_35,1284.5,10
skew,high,duckdb,query_36,384.0,10
skew,high,duckdb,query_37,342.5,10
skew,high,duckdb,query_38,445.5,10
skew,high,duckdb,query_39,458.0,10
skew,high,duckdb,query_4,188.5,10
skew,high,duckdb,query_40,186.0,10
skew,high,duckdb,query_41,474.5,10
skew,high,duckdb,query_42,580.5,10
skew,high,duckdb,query_43,467.5,10
skew,high,duckdb,query_44,240.0,10
skew,high,duckdb,query_45,371.0,10
skew,high,duckdb,query_46,1413.5,10
skew,high,duckdb,query_47,672.5,10
skew,high,duckdb,query_48,499.0,10
skew,high,duckdb,query_49,242.5,10
skew,high,duckdb,query_5,338.5,10
skew,high,duckdb,query_50,337.0,10
skew,high,duckdb,query_51,569.0,10
skew,high,duckdb,query_52,343.0,10
skew,high,duckdb,query_53,443.0,10
skew,high,duckdb,query_54,386.0,10
skew,high,duckdb,query_55,1410.5,10
skew,high,duckdb,query_56,319.0,10
skew,high,duckdb,query_57,273.0,10
skew,high,duckdb,query_58,266.0,10
skew,high,duckdb,query_59,417.0,10
skew,high,duckdb,query_6,400.0,10
skew,high,duckdb,query_60,336.0,10
skew,high,duckdb,query_61,372.5,10
skew,high,duckdb,query_62,222.0,10
skew,high,duckdb,query_63,594.0,10
skew,high,duckdb,query_64,295.5,10
skew,high,duckdb,query_65,259.0,10
skew,high,duckdb,query_66,366.5,10
skew,high,duckdb,query_67,327.0,10
skew,high,duckdb,query_68,476.5,10
skew,high,duckdb,query_69,668.0,10
skew,high,duckdb,query_7,210.0,10
skew,high,duckdb,query_70,459.0,10
skew,high,duckdb,query_71,606.5,10
skew,high,duckdb,query_72,447.5,10
skew,high,duckdb,query_73,345.5,10
skew,high,duckdb,query_74,361.5,10
skew,high,duckdb,query_75,311.5,10
skew,high,duckdb,query_76,448.0,10
skew,high,duckdb,query_77,387.5,10
skew,high,duckdb,query_78,245.0,10
skew,high,duckdb,query_79,300.0,10
skew,high,duckdb,query_8,376.5,10
skew,high,duckdb,query_80,205.0,10
skew,high,duckdb,query_81,338.0,10
skew,high,duckdb,query_82,248.0,10
skew,high,duckdb,query_83,355.5,10
skew,high,duckdb,query_84,335.0,10
skew,high,duckdb,query_85,302.0,10
skew,high,duckdb,query_86,237.5,10
skew,high,duckdb,query_87,647.0,10
skew,high,duckdb,query_88,282.5,10
skew,high,duckdb,query_89,384.0,10
skew,high,duckdb,query_9,332.5,10
skew,high,duckdb,query_90,233.0,10
skew,high,duckdb,query_91,387.0,10
skew,high,duckdb,query_92,238.5,10
skew,high,duckdb,query_93,608.0,10
skew,high,duckdb,query_94,331.5,10
skew,high,duckdb,query_95,463.0,10
skew,high,duckdb,query_96,284.5,10
skew,high,duckdb,query_97,425.5,10
skew,high,duckdb,query_98,379.0,10
skew,high,duckdb,query_99,386.0,10
skew,high,duckdb,query_union_U10,648.5,10
skew,high,duckdb,query_union_U2,276.0,10
skew,high,duckdb,query_union_U20,1379.5,10
skew,high,duckdb,query_union_U200,11790.0,10
skew,high,duckdb,query_union_U5,351.5,10
skew,high,cedardb,query_1,84.5,10
skew,high,cedardb,query_10,380.0,10
skew,high,cedardb,query_11,120.0,10
skew,high,cedardb,query_12,286.0,10
skew,high,cedardb,query_13,88.0,10
skew,high,cedardb,query_14,140.5,10
skew,high,cedardb,query_15,94.0,10
skew,high,cedardb,query_17,103.5,10
skew,high,cedardb,query_18,125.0,10
skew,high,cedardb,query_2,621.5,10
skew,high,cedardb,query_20,146.5,10
skew,high,cedardb,query_21,170.5,10
skew,high,cedardb,query_22,146.5,10
skew,high,cedardb,query_23,145.0,10
skew,high,cedardb,query_24,140.5,10
skew,high,cedardb,query_25,97.0,10
skew,high,cedardb,query_26,121.5,10
skew,high,cedardb,query_27,113.0,10
skew,high,cedardb,query_28,119.5,10
skew,high,cedardb,query_3,923.5,10
skew,high,cedardb,query_30,161.0,10
skew,high,cedardb,query_31,81.0,10
skew,high,cedardb,query_32,309.5,10
skew,high,cedardb,query_33,127.0,10
skew,high,cedardb,query_35,578.0,10
skew,high,cedardb,query_36,255.5,10
skew,high,cedardb,query_37,127.5,10
skew,high,cedardb,query_38,186.0,10
skew,high,cedardb,query_39,118.0,10
skew,high,cedardb,query_4,95.5,10
skew,high,cedardb,query_40,91.5,10
skew,high,cedardb,query_41,220.0,10
skew,high,cedardb,query_42,485.0,10
skew,high,cedardb,query_43,115.0,10
skew,high,cedardb,query_44,113.5,10
skew,high,cedardb,query_45,241.5,10
skew,high,cedardb,query_46,809.0,10
skew,high,cedardb,query_47,455.5,10
skew,high,cedardb,query_48,512.5,10
skew,high,cedardb,query_49,150.0,10
skew,high,cedardb,query_5,169.0,10
skew,high,cedardb,query_50,147.0,10
skew,high,cedardb,query_51,245.5,10
skew,high,cedardb,query_52,169.5,10
skew,high,cedardb,query_53,177.0,10
skew,high,cedardb,query_54,2509.0,10
skew,high,cedardb,query_55,1697.0,10
skew,high,cedardb,query_56,191.0,10
skew,high,cedardb,query_57,105.0,10
skew,high,cedardb,query_58,80.0,10
skew,high,cedardb,query_59,197.5,10
skew,high,cedardb,query_6,154.0,10
skew,high,cedardb,query_60,75.0,10
skew,high,cedardb,query_61,116.5,10
skew,high,cedardb,query_62,119.5,10
skew,high,cedardb,query_63,144.5,10
skew,high,cedardb,query_64,118.5,10
skew,high,cedardb,query_65,123.0,10
skew,high,cedardb,query_66,138.0,10
skew,high,cedardb,query_67,107.0,10
skew,high,cedardb,query_68,171.0,10
skew,high,cedardb,query_69,3113.0,10
skew,high,cedardb,query_7,91.5,10
skew,high,cedardb,query_70,1093.0,10
skew,high,cedardb,query_71,637.5,10
skew,high,cedardb,query_73,113.0,10
skew,high,cedardb,query_74,111.0,10
skew,high,cedardb,query_75,134.0,10
skew,high,cedardb,query_76,232.5,10
skew,high,cedardb,query_77,2264.5,10
skew,high,cedardb,query_79,92.5,10
skew,high,cedardb,query_8,209.5,10
skew,high,cedardb,query_80,89.5,10
skew,high,cedardb,query_81,103.0,10
skew,high,cedardb,query_82,93.0,10
skew,high,cedardb,query_83,151.0,10
skew,high,cedardb,query_84,161.5,10
skew,high,cedardb,query_85,228.0,10
skew,high,cedardb,query_86,114.0,10
skew,high,cedardb,query_87,213.0,10
skew,high,cedardb,query_88,109.5,10
skew,high,cedardb,query_89,139.5,10
skew,high,cedardb,query_9,189.5,10
skew,high,cedardb,query_91,91.5,10
skew,high,cedardb,query_92,80.5,10
skew,high,cedardb,query_93,311.5,10
skew,high,cedardb,query_94,150.0,10
skew,high,cedardb,query_95,125.0,10
skew,high,cedardb,query_97,132.5,10
skew,high,cedardb,query_98,177.5,10
skew,high,cedardb,query_99,122.0,10
skew,high,cedardb,query_union_U10,6813.0,10
skew,high,cedardb,query_union_U2,936.0,10
skew,high,cedardb,query_union_U20,15498.0,10
skew,high,cedardb,query_union_U200,178595.5,10
skew,high,cedardb,query_union_U5,2223.5,10
skew,high,monetdb,query_1,48.0,10
skew,high,monetdb,query_10,12431.5,10
skew,high,monetdb,query_11,29.5,10
skew,high,monetdb,query_12,170.0,10
skew,high,monetdb,query_13,72.5,10
skew,high,monetdb,query_14,437.0,10
skew,high,monetdb,query_15,88.0,10
skew,high,monetdb,query_16,686.5,10
skew,high,monetdb,query_17,308.0,10
skew,high,monetdb,query_18,62.0,10
skew,high,monetdb,query_2,413.5,10
skew,high,monetdb,query_20,788.5,10
skew,high,monetdb,query_21,29.0,10
skew,high,monetdb,query_22,108.5,10
skew,high,monetdb,query_23,131.5,10
skew,high,monetdb,query_25,92.0,10
skew,high,monetdb,query_26,640.5,10
skew,high,monetdb,query_27,87.5,10
skew,high,monetdb,query_28,278.0,10
skew,high,monetdb,query_29,264.5,10
skew,high,monetdb,query_3,6492.5,10
skew,high,monetdb,query_30,276.0,10
skew,high,monetdb,query_31,59.5,10
skew,high,monetdb,query_32,211.5,10
skew,high,monetdb,query_33,151.0,10
skew,high,monetdb,query_34,2472.0,10
skew,high,monetdb,query_35,14605.5,10
skew,high,monetdb,query_36,105.5,10
skew,high,monetdb,query_37,142.0,10
skew,high,monetdb,query_38,3347.5,10
skew,high,monetdb,query_4,42.0,10
skew,high,monetdb,query_40,55.0,10
skew,high,monetdb,query_41,1481.0,10
skew,high,monetdb,query_42,574.5,10
skew,high,monetdb,query_43,3745.5,10
skew,high,monetdb,query_44,57.0,10
skew,high,monetdb,query_45,229.0,10
skew,high,monetdb,query_46,7852.0,10
skew,high,monetdb,query_47,925.0,10
skew,high,monetdb,query_48,3621.0,10
skew,high,monetdb,query_49,129.0,10
skew,high,monetdb,query_5,8223.5,10
skew,high,monetdb,query_50,975.0,10
skew,high,monetdb,query_51,1854.5,10
skew,high,monetdb,query_52,1129.0,10
skew,high,monetdb,query_53,812.5,10
skew,high,monetdb,query_54,1408.0,10
skew,high,monetdb,query_55,7272.5,10
skew,high,monetdb,query_56,134.0,10
skew,high,monetdb,query_57,83.0,10
skew,high,monetdb,query_58,145.5,10
skew,high,monetdb,query_59,125.5,10
skew,high,monetdb,query_6,8436.5,10
skew,high,monetdb,query_61,182.0,10
skew,high,monetdb,query_62,42.0,10
skew,high,monetdb,query_63,141.5,10
skew,high,monetdb,query_64,75.0,10
skew,high,monetdb,query_65,95.5,10
skew,high,monetdb,query_66,111.5,10
skew,high,monetdb,query_67,358.5,10
skew,high,monetdb,query_68,3509.5,10
skew,high,monetdb,query_69,12430.5,10
skew,high,monetdb,query_7,68.0,10
skew,high,monetdb,query_70,737.0,10
skew,high,monetdb,query_71,2193.5,10
skew,high,monetdb,query_72,174.5,10
skew,high,monetdb,query_73,94.0,10
skew,high,monetdb,query_74,102.0,10
skew,high,monetdb,query_75,74.0,10
skew,high,monetdb,query_76,1532.5,10
skew,high,monetdb,query_77,1647.0,10
skew,high,monetdb,query_78,820.0,10
skew,high,monetdb,query_79,85.0,10
skew,high,monetdb,query_8,173.5,10
skew,high,monetdb,query_80,43.5,10
skew,high,monetdb,query_81,194.0,10
skew,high,monetdb,query_82,59.5,10
skew,high,monetdb,query_83,51.5,10
skew,high,monetdb,query_84,1699.0,10
skew,high,monetdb,query_85,118.0,10
skew,high,monetdb,query_86,1092.0,10
skew,high,monetdb,query_87,406.5,10
skew,high,monetdb,query_88,86.0,10
skew,high,monetdb,query_89,183.5,10
skew,high,monetdb,query_9,796.5,10
skew,high,monetdb,query_90,343.5,10
skew,high,monetdb,query_91,122.5,10
skew,high,monetdb,query_92,97.0,10
skew,high,monetdb,query_93,3691.5,10
skew,high,monetdb,query_95,100.5,10
skew,high,monetdb,query_96,979.5,10
skew,high,monetdb,query_97,99.5,10
skew,high,monetdb,query_98,824.5,10
skew,high,monetdb,query_99,105.0,10
skew,high,monetdb,query_union_U10,6875.5,10
skew,high,monetdb,query_union_U2,1013.0,10
skew,high,monetdb,query_union_U20,14800.0,10
skew,high,monetdb,query_union_U200,203890.0,10
skew,high,monetdb,query_union_U5,2479.5,10
combined,high,duckdb,query_1,197.0,10
combined,high,duckdb,query_10,650.5,10
combined,high,duckdb,query_11,306.0,10
combined,high,duckdb,query_12,296.0,10
combined,high,duckdb,query_13,215.0,10
combined,high,duckdb,query_14,268.5,10
combined,high,duckdb,query_15,274.0,10
combined,high,duckdb,query_16,456.5,10
combined,high,duckdb,query_17,214.0,10
combined,high,duckdb,query_18,310.5,10
combined,high,duckdb,query_19,354.5,10
combined,high,duckdb,query_2,426.0,10
combined,high,duckdb,query_20,410.0,10
combined,high,duckdb,query_21,998.5,10
combined,high,duckdb,query_22,352.0,10
combined,high,duckdb,query_23,448.5,10
combined,high,duckdb,query_24,254.5,10
combined,high,duckdb,query_25,210.5,10
combined,high,duckdb,query_26,423.5,10
combined,high,duckdb,query_27,283.0,10
combined,high,duckdb,query_28,340.0,10
combined,high,duckdb,query_29,511.0,10
combined,high,duckdb,query_3,885.5,10
combined,high,duckdb,query_30,380.5,10
combined,high,duckdb,query_31,232.0,10
combined,high,duckdb,query_32,329.0,10
combined,high,duckdb,query_33,368.5,10
combined,high,duckdb,query_34,356.5,10
combined,high,duckdb,query_35,1187.5,10
combined,high,duckdb,query_36,350.0,10
combined,high,duckdb,query_37,363.5,10
combined,high,duckdb,query_38,476.0,10
combined,high,duckdb,query_39,317.0,10
combined,high,duckdb,query_4,188.0,10
combined,high,duckdb,query_40,183.0,10
combined,high,duckdb,query_41,463.5,10
combined,high,duckdb,query_42,571.5,10
combined,high,duckdb,query_43,471.0,10
combined,high,duckdb,query_44,250.5,10
combined,high,duckdb,query_45,361.5,10
combined,high,duckdb,query_46,1424.0,10
combined,high,duckdb,query_47,655.5,10
combined,high,duckdb,query_48,483.5,10
combined,high,duckdb,query_49,261.0,10
combined,high,duckdb,query_5,333.5,10
combined,high,duckdb,query_50,352.5,10
combined,high,duckdb,query_51,507.0,10
combined,high,duckdb,query_52,337.0,10
combined,high,duckdb,query_53,418.5,10
combined,high,duckdb,query_54,346.5,10
combined,high,duckdb,query_55,1408.5,10
combined,high,duckdb,query_56,318.5,10
combined,high,duckdb,query_57,268.0,10
combined,high,duckdb,query_58,264.0,10
combined,high,duckdb,query_59,408.5,10
combined,high,duckdb,query_6,377.5,10
combined,high,duckdb,query_60,338.0,10
combined,high,duckdb,query_61,370.0,10
combined,high,duckdb,query_62,199.0,10
combined,high,duckdb,query_63,575.0,10
combined,high,duckdb,query_64,276.0,10
combined,high,duckdb,query_65,244.0,10
combined,high,duckdb,query_66,361.0,10
combined,high,duckdb,query_67,310.5,10
combined,high,duckdb,query_68,484.5,10
combined,high,duckdb,query_69,667.0,10
combined,high,duckdb,query_7,216.0,10
combined,high,duckdb,query_70,321.0,10
combined,high,duckdb,query_71,540.5,10
combined,high,duckdb,query_72,440.5,10
combined,high,duckdb,query_73,336.0,10
combined,high,duckdb,query_74,353.5,10
combined,high,duckdb,query_75,316.5,10
combined,high,duckdb,query_76,442.0,10
combined,high,duckdb,query_77,361.0,10
combined,high,duckdb,query_78,242.5,10
combined,high,duckdb,query_79,326.5,10
combined,high,duckdb,query_8,380.5,10
combined,high,duckdb,query_80,197.5,10
combined,high,duckdb,query_81,330.5,10
combined,high,duckdb,query_82,248.5,10
combined,high,duckdb,query_83,361.0,10
combined,high,duckdb,query_84,345.0,10
combined,high,duckdb,query_85,282.5,10
combined,high,duckdb,query_86,231.0,10
combined,high,duckdb,query_87,451.5,10
combined,high,duckdb,query_88,277.5,10
combined,high,duckdb,query_89,387.0,10
combined,high,duckdb,query_9,324.5,10
combined,high,duckdb,query_90,237.0,10
combined,high,duckdb,query_91,382.5,10
combined,high,duckdb,query_92,228.5,10
combined,high,duckdb,query_93,596.0,10
combined,high,duckdb,query_94,347.0,10
combined,high,duckdb,query_95,459.5,10
combined,high,duckdb,query_96,289.5,10
combined,high,duckdb,query_97,419.0,10
combined,high,duckdb,query_98,291.0,10
combined,high,duckdb,query_99,406.5,10
combined,high,duckdb,query_union_U10,664.0,10
combined,high,duckdb,query_union_U2,264.0,10
combined,high,duckdb,query_union_U20,1275.0,10
combined,high,duckdb,query_union_U200,11859.0,10
combined,high,duckdb,query_union_U5,351.5,10
combined,high,cedardb,query_1,76.5,10
combined,high,cedardb,query_10,378.0,10
combined,high,cedardb,query_11,123.0,10
combined,high,cedardb,query_12,156.5,10
combined,high,cedardb,query_13,85.0,10
combined,high,cedardb,query_14,139.5,10
combined,high,cedardb,query_15,91.5,10
combined,high,cedardb,query_17,77.0,10
combined,high,cedardb,query_18,119.0,10
combined,high,cedardb,query_2,451.5,10
combined,high,cedardb,query_20,141.5,10
combined,high,cedardb,query_21,138.0,10
combined,high,cedardb,query_22,145.0,10
combined,high,cedardb,query_23,141.5,10
combined,high,cedardb,query_24,92.5,10
combined,high,cedardb,query_25,94.0,10
combined,high,cedardb,query_26,118.5,10
combined,high,cedardb,query_27,123.0,10
combined,high,cedardb,query_28,112.5,10
combined,high,cedardb,query_3,933.0,10
combined,high,cedardb,query_30,159.0,10
combined,high,cedardb,query_31,82.0,10
combined,high,cedardb,query_32,249.5,10
combined,high,cedardb,query_33,124.5,10
combined,high,cedardb,query_35,748.0,10
combined,high,cedardb,query_36,240.0,10
combined,high,cedardb,query_37,121.0,10
combined,high,cedardb,query_38,183.0,10
combined,high,cedardb,query_39,106.5,10
combined,high,cedardb,query_4,93.0,10
combined,high,cedardb,query_40,81.5,10
combined,high,cedardb,query_41,212.5,10
combined,high,cedardb,query_42,280.5,10
combined,high,cedardb,query_43,105.0,10
combined,high,cedardb,query_44,98.5,10
combined,high,cedardb,query_45,232.0,10
combined,high,cedardb,query_46,10744.0,10
combined,high,cedardb,query_47,365.0,10
combined,high,cedardb,query_48,485.5,10
combined,high,cedardb,query_49,146.5,10
combined,high,cedardb,query_5,166.5,10
combined,high,cedardb,query_50,146.0,10
combined,high,cedardb,query_51,238.0,10
combined,high,cedardb,query_52,155.0,10
combined,high,cedardb,query_53,151.5,10
combined,high,cedardb,query_54,2569.5,10
combined,high,cedardb,query_55,1683.0,10
combined,high,cedardb,query_56,187.0,10
combined,high,cedardb,query_57,94.5,10
combined,high,cedardb,query_58,77.0,10
combined,high,cedardb,query_59,193.0,10
combined,high,cedardb,query_6,99.5,10
combined,high,cedardb,query_60,79.5,10
combined,high,cedardb,query_61,114.0,10
combined,high,cedardb,query_62,106.5,10
combined,high,cedardb,query_63,149.0,10
combined,high,cedardb,query_64,114.5,10
combined,high,cedardb,query_65,127.0,10
combined,high,cedardb,query_66,136.0,10
combined,high,cedardb,query_67,93.0,10
combined,high,cedardb,query_68,180.0,10
combined,high,cedardb,query_69,3103.0,10
combined,high,cedardb,query_7,91.0,10
combined,high,cedardb,query_70,166.5,10
combined,high,cedardb,query_71,442.5,10
combined,high,cedardb,query_73,103.0,10
combined,high,cedardb,query_74,102.0,10
combined,high,cedardb,query_75,144.0,10
combined,high,cedardb,query_76,223.0,10
combined,high,cedardb,query_77,2325.5,10
combined,high,cedardb,query_79,101.0,10
combined,high,cedardb,query_8,181.5,10
combined,high,cedardb,query_80,84.5,10
combined,high,cedardb,query_81,105.0,10
combined,high,cedardb,query_82,92.0,10
combined,high,cedardb,query_83,146.5,10
combined,high,cedardb,query_84,186.5,10
combined,high,cedardb,query_85,192.5,10
combined,high,cedardb,query_86,118.5,10
combined,high,cedardb,query_87,139.0,10
combined,high,cedardb,query_88,120.5,10
combined,high,cedardb,query_89,152.0,10
combined,high,cedardb,query_9,158.0,10
combined,high,cedardb,query_91,95.0,10
combined,high,cedardb,query_92,88.0,10
combined,high,cedardb,query_93,314.5,10
combined,high,cedardb,query_94,134.0,10
combined,high,cedardb,query_95,122.0,10
combined,high,cedardb,query_97,132.5,10
combined,high,cedardb,query_98,140.5,10
combined,high,cedardb,query_99,121.5,10
combined,high,cedardb,query_union_U10,6644.5,10
combined,high,cedardb,query_union_U2,935.0,10
combined,high,cedardb,query_union_U20,15303.5,10
combined,high,cedardb,query_union_U200,178240.5,10
combined,high,cedardb,query_union_U5,2229.0,10
combined,high,monetdb,query_1,48.5,10
combined,high,monetdb,query_10,11464.0,10
combined,high,monetdb,query_11,29.0,10
combined,high,monetdb,query_12,178.0,10
combined,high,monetdb,query_13,69.5,10
combined,high,monetdb,query_14,466.0,10
combined,high,monetdb,query_15,97.5,10
combined,high,monetdb,query_16,619.5,10
combined,high,monetdb,query_17,294.5,10
combined,high,monetdb,query_18,61.0,10
combined,high,monetdb,query_2,322.0,10
combined,high,monetdb,query_20,665.0,10
combined,high,monetdb,query_21,29.0,10
combined,high,monetdb,query_22,119.0,10
combined,high,monetdb,query_23,137.0,10
combined,high,monetdb,query_25,83.5,10
combined,high,monetdb,query_26,566.0,10
combined,high,monetdb,query_27,86.0,10
combined,high,monetdb,query_28,251.0,10
combined,high,monetdb,query_29,262.5,10
combined,high,monetdb,query_3,6293.0,10
combined,high,monetdb,query_30,283.5,10
combined,high,monetdb,query_31,61.0,10
combined,high,monetdb,query_32,159.0,10
combined,high,monetdb,query_33,150.5,10
combined,high,monetdb,query_34,973.5,10
combined,high,monetdb,query_35,11889.0,10
combined,high,monetdb,query_36,103.0,10
combined,high,monetdb,query_37,132.0,10
combined,high,monetdb,query_38,3240.0,10
combined,high,monetdb,query_4,42.0,10
combined,high,monetdb,query_40,43.5,10
combined,high,monetdb,query_41,1365.0,10
combined,high,monetdb,query_42,455.5,10
combined,high,monetdb,query_43,3682.0,10
combined,high,monetdb,query_44,57.0,10
combined,high,monetdb,query_45,229.0,10
combined,high,monetdb,query_46,19271.5,10
combined,high,monetdb,query_47,899.5,10
combined,high,monetdb,query_48,1199.5,10
combined,high,monetdb,query_49,124.0,10
combined,high,monetdb,query_5,6921.0,10
combined,high,monetdb,query_50,1004.5,10
combined,high,monetdb,query_51,1673.5,10
combined,high,monetdb,query_52,1134.5,10
combined,high,monetdb,query_53,798.5,10
combined,high,monetdb,query_54,1273.5,10
combined,high,monetdb,query_55,7156.5,10
combined,high,monetdb,query_56,137.0,10
combined,high,monetdb,query_57,73.5,10
combined,high,monetdb,query_58,152.0,10
combined,high,monetdb,query_59,127.5,10
combined,high,monetdb,query_6,6516.5,10
combined,high,monetdb,query_61,175.0,10
combined,high,monetdb,query_62,35.0,10
combined,high,monetdb,query_63,143.5,10
combined,high,monetdb,query_64,66.5,10
combined,high,monetdb,query_65,74.0,10
combined,high,monetdb,query_66,101.5,10
combined,high,monetdb,query_67,301.5,10
combined,high,monetdb,query_68,3420.5,10
combined,high,monetdb,query_69,8815.0,10
combined,high,monetdb,query_7,64.5,10
combined,high,monetdb,query_70,129.0,10
combined,high,monetdb,query_71,1933.0,10
combined,high,monetdb,query_72,190.5,10
combined,high,monetdb,query_73,79.5,10
combined,high,monetdb,query_74,100.0,10
combined,high,monetdb,query_75,73.0,10
combined,high,monetdb,query_76,1548.0,10
combined,high,monetdb,query_77,1239.0,10
combined,high,monetdb,query_78,775.5,10
combined,high,monetdb,query_79,89.5,10
combined,high,monetdb,query_8,161.5,10
combined,high,monetdb,query_80,44.0,10
combined,high,monetdb,query_81,178.5,10
combined,high,monetdb,query_82,59.0,10
combined,high,monetdb,query_83,57.0,10
combined,high,monetdb,query_84,1778.5,10
combined,high,monetdb,query_85,99.5,10
combined,high,monetdb,query_86,1078.0,10
combined,high,monetdb,query_87,426.5,10
combined,high,monetdb,query_88,87.0,10
combined,high,monetdb,query_89,210.0,10
combined,high,monetdb,query_9,803.0,10
combined,high,monetdb,query_90,339.5,10
combined,high,monetdb,query_91,117.0,10
combined,high,monetdb,query_92,102.5,10
combined,high,monetdb,query_93,3197.5,10
combined,high,monetdb,query_95,101.0,10
combined,high,monetdb,query_96,817.5,10
combined,high,monetdb,query_97,93.0,10
combined,high,monetdb,query_98,761.5,10
combined,high,monetdb,query_99,108.5,10
combined,high,monetdb,query_union_U10,6871.5,10
combined,high,monetdb,query_union_U2,1014.0,10
combined,high,monetdb,query_union_U20,14553.5,10
combined,high,monetdb,query_union_U200,199414.0,10
combined,high,monetdb,query_union_U5,2504.5,10
